id,month,reference_year,monthly_emissions__tonnes_co2e
ABGP0001007,1,2022,1306.4230258333334
ABGP0001007,2,2022,1306.4230258333334
ABGP0001007,3,2022,1306.4230258333334
ABGP0001007,4,2022,1306.4230258333334
ABGP0001007,5,2022,1306.4230258333334
ABGP0001007,6,2022,1306.4230258333334
ABGP0001007,7,2022,1306.4230258333334
ABGP0001007,8,2022,1306.4230258333334
ABGP0001007,9,2022,1306.4230258333334
ABGP0001007,10,2022,1306.4230258333334
ABGP0001007,11,2022,1306.4230258333334
ABGP0001007,12,2022,1306.4230258333334
ABGP0001007,1,2021,1386.3401716666667
ABGP0001007,2,2021,1386.3401716666667
ABGP0001007,3,2021,1386.3401716666667
ABGP0001007,4,2021,1386.3401716666667
ABGP0001007,5,2021,1386.3401716666667
ABGP0001007,6,2021,1386.3401716666667
ABGP0001007,7,2021,1386.3401716666667
ABGP0001007,8,2021,1386.3401716666667
ABGP0001007,9,2021,1386.3401716666667
ABGP0001007,10,2021,1386.3401716666667
ABGP0001007,11,2021,1386.3401716666667
ABGP0001007,12,2021,1386.3401716666667
ABGP0001007,1,2020,1403.0299816666666
ABGP0001007,2,2020,1403.0299816666666
ABGP0001007,3,2020,1403.0299816666666
ABGP0001007,4,2020,1403.0299816666666
ABGP0001007,5,2020,1403.0299816666666
ABGP0001007,6,2020,1403.0299816666666
ABGP0001007,7,2020,1403.0299816666666
ABGP0001007,8,2020,1403.0299816666666
ABGP0001007,9,2020,1403.0299816666666
ABGP0001007,10,2020,1403.0299816666666
ABGP0001007,11,2020,1403.0299816666666
ABGP0001007,12,2020,1403.0299816666666
ABGP0001007,1,2019,1608.1716241666666
ABGP0001007,2,2019,1608.1716241666666
ABGP0001007,3,2019,1608.1716241666666
ABGP0001007,4,2019,1608.1716241666666
ABGP0001007,5,2019,1608.1716241666666
ABGP0001007,6,2019,1608.1716241666666
ABGP0001007,7,2019,1608.1716241666666
ABGP0001007,8,2019,1608.1716241666666
ABGP0001007,9,2019,1608.1716241666666
ABGP0001007,10,2019,1608.1716241666666
ABGP0001007,11,2019,1608.1716241666666
ABGP0001007,12,2019,1608.1716241666666
ABGP0001007,1,2018,1616.49418
ABGP0001007,2,2018,1616.49418
ABGP0001007,3,2018,1616.49418
ABGP0001007,4,2018,1616.49418
ABGP0001007,5,2018,1616.49418
ABGP0001007,6,2018,1616.49418
ABGP0001007,7,2018,1616.49418
ABGP0001007,8,2018,1616.49418
ABGP0001007,9,2018,1616.49418
ABGP0001007,10,2018,1616.49418
ABGP0001007,11,2018,1616.49418
ABGP0001007,12,2018,1616.49418
ABGP0001007,1,2017,1702.8262083333332
ABGP0001007,2,2017,1702.8262083333332
ABGP0001007,3,2017,1702.8262083333332
ABGP0001007,4,2017,1702.8262083333332
ABGP0001007,5,2017,1702.8262083333332
ABGP0001007,6,2017,1702.8262083333332
ABGP0001007,7,2017,1702.8262083333332
ABGP0001007,8,2017,1702.8262083333332
ABGP0001007,9,2017,1702.8262083333332
ABGP0001007,10,2017,1702.8262083333332
ABGP0001007,11,2017,1702.8262083333332
ABGP0001007,12,2017,1702.8262083333332
ABGP0001012,1,2022,1455.1558758333333
ABGP0001012,2,2022,1455.1558758333333
ABGP0001012,3,2022,1455.1558758333333
ABGP0001012,4,2022,1455.1558758333333
ABGP0001012,5,2022,1455.1558758333333
ABGP0001012,6,2022,1455.1558758333333
ABGP0001012,7,2022,1455.1558758333333
ABGP0001012,8,2022,1455.1558758333333
ABGP0001012,9,2022,1455.1558758333333
ABGP0001012,10,2022,1455.1558758333333
ABGP0001012,11,2022,1455.1558758333333
ABGP0001012,12,2022,1455.1558758333333
ABGP0001012,1,2022,931.1355466666668
ABGP0001012,2,2022,931.1355466666668
ABGP0001012,3,2022,931.1355466666668
ABGP0001012,4,2022,931.1355466666668
ABGP0001012,5,2022,931.1355466666668
ABGP0001012,6,2022,931.1355466666668
ABGP0001012,7,2022,931.1355466666668
ABGP0001012,8,2022,931.1355466666668
ABGP0001012,9,2022,931.1355466666668
ABGP0001012,10,2022,931.1355466666668
ABGP0001012,11,2022,931.1355466666668
ABGP0001012,12,2022,931.1355466666668
ABGP0001012,1,2021,1931.2924999999998
ABGP0001012,2,2021,1931.2924999999998
ABGP0001012,3,2021,1931.2924999999998
ABGP0001012,4,2021,1931.2924999999998
ABGP0001012,5,2021,1931.2924999999998
ABGP0001012,6,2021,1931.2924999999998
ABGP0001012,7,2021,1931.2924999999998
ABGP0001012,8,2021,1931.2924999999998
ABGP0001012,9,2021,1931.2924999999998
ABGP0001012,10,2021,1931.2924999999998
ABGP0001012,11,2021,1931.2924999999998
ABGP0001012,12,2021,1931.2924999999998
ABGP0001012,1,2020,2128.759833333333
ABGP0001012,2,2020,2128.759833333333
ABGP0001012,3,2020,2128.759833333333
ABGP0001012,4,2020,2128.759833333333
ABGP0001012,5,2020,2128.759833333333
ABGP0001012,6,2020,2128.759833333333
ABGP0001012,7,2020,2128.759833333333
ABGP0001012,8,2020,2128.759833333333
ABGP0001012,9,2020,2128.759833333333
ABGP0001012,10,2020,2128.759833333333
ABGP0001012,11,2020,2128.759833333333
ABGP0001012,12,2020,2128.759833333333
ABGP0001012,1,2019,1967.3000833333333
ABGP0001012,2,2019,1967.3000833333333
ABGP0001012,3,2019,1967.3000833333333
ABGP0001012,4,2019,1967.3000833333333
ABGP0001012,5,2019,1967.3000833333333
ABGP0001012,6,2019,1967.3000833333333
ABGP0001012,7,2019,1967.3000833333333
ABGP0001012,8,2019,1967.3000833333333
ABGP0001012,9,2019,1967.3000833333333
ABGP0001012,10,2019,1967.3000833333333
ABGP0001012,11,2019,1967.3000833333333
ABGP0001012,12,2019,1967.3000833333333
ABGP0001012,1,2018,1514.1810833333332
ABGP0001012,2,2018,1514.1810833333332
ABGP0001012,3,2018,1514.1810833333332
ABGP0001012,4,2018,1514.1810833333332
ABGP0001012,5,2018,1514.1810833333332
ABGP0001012,6,2018,1514.1810833333332
ABGP0001012,7,2018,1514.1810833333332
ABGP0001012,8,2018,1514.1810833333332
ABGP0001012,9,2018,1514.1810833333332
ABGP0001012,10,2018,1514.1810833333332
ABGP0001012,11,2018,1514.1810833333332
ABGP0001012,12,2018,1514.1810833333332
ABGP0001012,1,2017,1821.16025
ABGP0001012,2,2017,1821.16025
ABGP0001012,3,2017,1821.16025
ABGP0001012,4,2017,1821.16025
ABGP0001012,5,2017,1821.16025
ABGP0001012,6,2017,1821.16025
ABGP0001012,7,2017,1821.16025
ABGP0001012,8,2017,1821.16025
ABGP0001012,9,2017,1821.16025
ABGP0001012,10,2017,1821.16025
ABGP0001012,11,2017,1821.16025
ABGP0001012,12,2017,1821.16025
ABGP0001013,1,2022,1033.5550916666666
ABGP0001013,2,2022,1033.5550916666666
ABGP0001013,3,2022,1033.5550916666666
ABGP0001013,4,2022,1033.5550916666666
ABGP0001013,5,2022,1033.5550916666666
ABGP0001013,6,2022,1033.5550916666666
ABGP0001013,7,2022,1033.5550916666666
ABGP0001013,8,2022,1033.5550916666666
ABGP0001013,9,2022,1033.5550916666666
ABGP0001013,10,2022,1033.5550916666666
ABGP0001013,11,2022,1033.5550916666666
ABGP0001013,12,2022,1033.5550916666666
ABGP0001013,1,2021,915.5236916666667
ABGP0001013,2,2021,915.5236916666667
ABGP0001013,3,2021,915.5236916666667
ABGP0001013,4,2021,915.5236916666667
ABGP0001013,5,2021,915.5236916666667
ABGP0001013,6,2021,915.5236916666667
ABGP0001013,7,2021,915.5236916666667
ABGP0001013,8,2021,915.5236916666667
ABGP0001013,9,2021,915.5236916666667
ABGP0001013,10,2021,915.5236916666667
ABGP0001013,11,2021,915.5236916666667
ABGP0001013,12,2021,915.5236916666667
ABGP0001013,1,2020,1081.067925
ABGP0001013,2,2020,1081.067925
ABGP0001013,3,2020,1081.067925
ABGP0001013,4,2020,1081.067925
ABGP0001013,5,2020,1081.067925
ABGP0001013,6,2020,1081.067925
ABGP0001013,7,2020,1081.067925
ABGP0001013,8,2020,1081.067925
ABGP0001013,9,2020,1081.067925
ABGP0001013,10,2020,1081.067925
ABGP0001013,11,2020,1081.067925
ABGP0001013,12,2020,1081.067925
ABGP0001013,1,2019,3100.0009166666664
ABGP0001013,2,2019,3100.0009166666664
ABGP0001013,3,2019,3100.0009166666664
ABGP0001013,4,2019,3100.0009166666664
ABGP0001013,5,2019,3100.0009166666664
ABGP0001013,6,2019,3100.0009166666664
ABGP0001013,7,2019,3100.0009166666664
ABGP0001013,8,2019,3100.0009166666664
ABGP0001013,9,2019,3100.0009166666664
ABGP0001013,10,2019,3100.0009166666664
ABGP0001013,11,2019,3100.0009166666664
ABGP0001013,12,2019,3100.0009166666664
ABGP0001013,1,2019,1164.864225
ABGP0001013,2,2019,1164.864225
ABGP0001013,3,2019,1164.864225
ABGP0001013,4,2019,1164.864225
ABGP0001013,5,2019,1164.864225
ABGP0001013,6,2019,1164.864225
ABGP0001013,7,2019,1164.864225
ABGP0001013,8,2019,1164.864225
ABGP0001013,9,2019,1164.864225
ABGP0001013,10,2019,1164.864225
ABGP0001013,11,2019,1164.864225
ABGP0001013,12,2019,1164.864225
ABGP0001013,1,2018,4253.86725
ABGP0001013,2,2018,4253.86725
ABGP0001013,3,2018,4253.86725
ABGP0001013,4,2018,4253.86725
ABGP0001013,5,2018,4253.86725
ABGP0001013,6,2018,4253.86725
ABGP0001013,7,2018,4253.86725
ABGP0001013,8,2018,4253.86725
ABGP0001013,9,2018,4253.86725
ABGP0001013,10,2018,4253.86725
ABGP0001013,11,2018,4253.86725
ABGP0001013,12,2018,4253.86725
ABGP0001013,1,2018,1177.6876166666666
ABGP0001013,2,2018,1177.6876166666666
ABGP0001013,3,2018,1177.6876166666666
ABGP0001013,4,2018,1177.6876166666666
ABGP0001013,5,2018,1177.6876166666666
ABGP0001013,6,2018,1177.6876166666666
ABGP0001013,7,2018,1177.6876166666666
ABGP0001013,8,2018,1177.6876166666666
ABGP0001013,9,2018,1177.6876166666666
ABGP0001013,10,2018,1177.6876166666666
ABGP0001013,11,2018,1177.6876166666666
ABGP0001013,12,2018,1177.6876166666666
ABGP0001013,1,2017,4278.097916666667
ABGP0001013,2,2017,4278.097916666667
ABGP0001013,3,2017,4278.097916666667
ABGP0001013,4,2017,4278.097916666667
ABGP0001013,5,2017,4278.097916666667
ABGP0001013,6,2017,4278.097916666667
ABGP0001013,7,2017,4278.097916666667
ABGP0001013,8,2017,4278.097916666667
ABGP0001013,9,2017,4278.097916666667
ABGP0001013,10,2017,4278.097916666667
ABGP0001013,11,2017,4278.097916666667
ABGP0001013,12,2017,4278.097916666667
ABGP0001013,1,2017,1248.9818166666666
ABGP0001013,2,2017,1248.9818166666666
ABGP0001013,3,2017,1248.9818166666666
ABGP0001013,4,2017,1248.9818166666666
ABGP0001013,5,2017,1248.9818166666666
ABGP0001013,6,2017,1248.9818166666666
ABGP0001013,7,2017,1248.9818166666666
ABGP0001013,8,2017,1248.9818166666666
ABGP0001013,9,2017,1248.9818166666666
ABGP0001013,10,2017,1248.9818166666666
ABGP0001013,11,2017,1248.9818166666666
ABGP0001013,12,2017,1248.9818166666666
ABGP0001013,1,2016,5344.327723333333
ABGP0001013,2,2016,5344.327723333333
ABGP0001013,3,2016,5344.327723333333
ABGP0001013,4,2016,5344.327723333333
ABGP0001013,5,2016,5344.327723333333
ABGP0001013,6,2016,5344.327723333333
ABGP0001013,7,2016,5344.327723333333
ABGP0001013,8,2016,5344.327723333333
ABGP0001013,9,2016,5344.327723333333
ABGP0001013,10,2016,5344.327723333333
ABGP0001013,11,2016,5344.327723333333
ABGP0001013,12,2016,5344.327723333333
ABGP0001013,1,2015,5780.406225833333
ABGP0001013,2,2015,5780.406225833333
ABGP0001013,3,2015,5780.406225833333
ABGP0001013,4,2015,5780.406225833333
ABGP0001013,5,2015,5780.406225833333
ABGP0001013,6,2015,5780.406225833333
ABGP0001013,7,2015,5780.406225833333
ABGP0001013,8,2015,5780.406225833333
ABGP0001013,9,2015,5780.406225833333
ABGP0001013,10,2015,5780.406225833333
ABGP0001013,11,2015,5780.406225833333
ABGP0001013,12,2015,5780.406225833333
ABGP0001013,1,2014,5733.627511666667
ABGP0001013,2,2014,5733.627511666667
ABGP0001013,3,2014,5733.627511666667
ABGP0001013,4,2014,5733.627511666667
ABGP0001013,5,2014,5733.627511666667
ABGP0001013,6,2014,5733.627511666667
ABGP0001013,7,2014,5733.627511666667
ABGP0001013,8,2014,5733.627511666667
ABGP0001013,9,2014,5733.627511666667
ABGP0001013,10,2014,5733.627511666667
ABGP0001013,11,2014,5733.627511666667
ABGP0001013,12,2014,5733.627511666667
ABGP0001013,1,2013,6054.859065000001
ABGP0001013,2,2013,6054.859065000001
ABGP0001013,3,2013,6054.859065000001
ABGP0001013,4,2013,6054.859065000001
ABGP0001013,5,2013,6054.859065000001
ABGP0001013,6,2013,6054.859065000001
ABGP0001013,7,2013,6054.859065000001
ABGP0001013,8,2013,6054.859065000001
ABGP0001013,9,2013,6054.859065000001
ABGP0001013,10,2013,6054.859065000001
ABGP0001013,11,2013,6054.859065000001
ABGP0001013,12,2013,6054.859065000001
ABGP0001013,1,2012,5382.385684166667
ABGP0001013,2,2012,5382.385684166667
ABGP0001013,3,2012,5382.385684166667
ABGP0001013,4,2012,5382.385684166667
ABGP0001013,5,2012,5382.385684166667
ABGP0001013,6,2012,5382.385684166667
ABGP0001013,7,2012,5382.385684166667
ABGP0001013,8,2012,5382.385684166667
ABGP0001013,9,2012,5382.385684166667
ABGP0001013,10,2012,5382.385684166667
ABGP0001013,11,2012,5382.385684166667
ABGP0001013,12,2012,5382.385684166667
ABGP0001013,1,2011,5561.573130833333
ABGP0001013,2,2011,5561.573130833333
ABGP0001013,3,2011,5561.573130833333
ABGP0001013,4,2011,5561.573130833333
ABGP0001013,5,2011,5561.573130833333
ABGP0001013,6,2011,5561.573130833333
ABGP0001013,7,2011,5561.573130833333
ABGP0001013,8,2011,5561.573130833333
ABGP0001013,9,2011,5561.573130833333
ABGP0001013,10,2011,5561.573130833333
ABGP0001013,11,2011,5561.573130833333
ABGP0001013,12,2011,5561.573130833333
ABGP0001013,1,2010,5723.885621666667
ABGP0001013,2,2010,5723.885621666667
ABGP0001013,3,2010,5723.885621666667
ABGP0001013,4,2010,5723.885621666667
ABGP0001013,5,2010,5723.885621666667
ABGP0001013,6,2010,5723.885621666667
ABGP0001013,7,2010,5723.885621666667
ABGP0001013,8,2010,5723.885621666667
ABGP0001013,9,2010,5723.885621666667
ABGP0001013,10,2010,5723.885621666667
ABGP0001013,11,2010,5723.885621666667
ABGP0001013,12,2010,5723.885621666667
ABGP0001013,1,2009,5260.848895
ABGP0001013,2,2009,5260.848895
ABGP0001013,3,2009,5260.848895
ABGP0001013,4,2009,5260.848895
ABGP0001013,5,2009,5260.848895
ABGP0001013,6,2009,5260.848895
ABGP0001013,7,2009,5260.848895
ABGP0001013,8,2009,5260.848895
ABGP0001013,9,2009,5260.848895
ABGP0001013,10,2009,5260.848895
ABGP0001013,11,2009,5260.848895
ABGP0001013,12,2009,5260.848895
ABGP0001014,1,2022,1702.5444916666665
ABGP0001014,2,2022,1702.5444916666665
ABGP0001014,3,2022,1702.5444916666665
ABGP0001014,4,2022,1702.5444916666665
ABGP0001014,5,2022,1702.5444916666665
ABGP0001014,6,2022,1702.5444916666665
ABGP0001014,7,2022,1702.5444916666665
ABGP0001014,8,2022,1702.5444916666665
ABGP0001014,9,2022,1702.5444916666665
ABGP0001014,10,2022,1702.5444916666665
ABGP0001014,11,2022,1702.5444916666665
ABGP0001014,12,2022,1702.5444916666665
ABGP0001014,1,2021,2323.4350916666667
ABGP0001014,2,2021,2323.4350916666667
ABGP0001014,3,2021,2323.4350916666667
ABGP0001014,4,2021,2323.4350916666667
ABGP0001014,5,2021,2323.4350916666667
ABGP0001014,6,2021,2323.4350916666667
ABGP0001014,7,2021,2323.4350916666667
ABGP0001014,8,2021,2323.4350916666667
ABGP0001014,9,2021,2323.4350916666667
ABGP0001014,10,2021,2323.4350916666667
ABGP0001014,11,2021,2323.4350916666667
ABGP0001014,12,2021,2323.4350916666667
ABGP0001014,1,2020,3297.220633333333
ABGP0001014,2,2020,3297.220633333333
ABGP0001014,3,2020,3297.220633333333
ABGP0001014,4,2020,3297.220633333333
ABGP0001014,5,2020,3297.220633333333
ABGP0001014,6,2020,3297.220633333333
ABGP0001014,7,2020,3297.220633333333
ABGP0001014,8,2020,3297.220633333333
ABGP0001014,9,2020,3297.220633333333
ABGP0001014,10,2020,3297.220633333333
ABGP0001014,11,2020,3297.220633333333
ABGP0001014,12,2020,3297.220633333333
ABGP0001014,1,2019,2457.3851666666665
ABGP0001014,2,2019,2457.3851666666665
ABGP0001014,3,2019,2457.3851666666665
ABGP0001014,4,2019,2457.3851666666665
ABGP0001014,5,2019,2457.3851666666665
ABGP0001014,6,2019,2457.3851666666665
ABGP0001014,7,2019,2457.3851666666665
ABGP0001014,8,2019,2457.3851666666665
ABGP0001014,9,2019,2457.3851666666665
ABGP0001014,10,2019,2457.3851666666665
ABGP0001014,11,2019,2457.3851666666665
ABGP0001014,12,2019,2457.3851666666665
ABGP0001014,1,2018,1719.2351166666667
ABGP0001014,2,2018,1719.2351166666667
ABGP0001014,3,2018,1719.2351166666667
ABGP0001014,4,2018,1719.2351166666667
ABGP0001014,5,2018,1719.2351166666667
ABGP0001014,6,2018,1719.2351166666667
ABGP0001014,7,2018,1719.2351166666667
ABGP0001014,8,2018,1719.2351166666667
ABGP0001014,9,2018,1719.2351166666667
ABGP0001014,10,2018,1719.2351166666667
ABGP0001014,11,2018,1719.2351166666667
ABGP0001014,12,2018,1719.2351166666667
ABGP0001014,1,2017,1688.7365916666668
ABGP0001014,2,2017,1688.7365916666668
ABGP0001014,3,2017,1688.7365916666668
ABGP0001014,4,2017,1688.7365916666668
ABGP0001014,5,2017,1688.7365916666668
ABGP0001014,6,2017,1688.7365916666668
ABGP0001014,7,2017,1688.7365916666668
ABGP0001014,8,2017,1688.7365916666668
ABGP0001014,9,2017,1688.7365916666668
ABGP0001014,10,2017,1688.7365916666668
ABGP0001014,11,2017,1688.7365916666668
ABGP0001014,12,2017,1688.7365916666668
ABGP0001021,1,2022,7324.081011666666
ABGP0001021,2,2022,7324.081011666666
ABGP0001021,3,2022,7324.081011666666
ABGP0001021,4,2022,7324.081011666666
ABGP0001021,5,2022,7324.081011666666
ABGP0001021,6,2022,7324.081011666666
ABGP0001021,7,2022,7324.081011666666
ABGP0001021,8,2022,7324.081011666666
ABGP0001021,9,2022,7324.081011666666
ABGP0001021,10,2022,7324.081011666666
ABGP0001021,11,2022,7324.081011666666
ABGP0001021,12,2022,7324.081011666666
ABGP0001021,1,2021,8162.441593333333
ABGP0001021,2,2021,8162.441593333333
ABGP0001021,3,2021,8162.441593333333
ABGP0001021,4,2021,8162.441593333333
ABGP0001021,5,2021,8162.441593333333
ABGP0001021,6,2021,8162.441593333333
ABGP0001021,7,2021,8162.441593333333
ABGP0001021,8,2021,8162.441593333333
ABGP0001021,9,2021,8162.441593333333
ABGP0001021,10,2021,8162.441593333333
ABGP0001021,11,2021,8162.441593333333
ABGP0001021,12,2021,8162.441593333333
ABGP0001021,1,2020,7752.615000000001
ABGP0001021,2,2020,7752.615000000001
ABGP0001021,3,2020,7752.615000000001
ABGP0001021,4,2020,7752.615000000001
ABGP0001021,5,2020,7752.615000000001
ABGP0001021,6,2020,7752.615000000001
ABGP0001021,7,2020,7752.615000000001
ABGP0001021,8,2020,7752.615000000001
ABGP0001021,9,2020,7752.615000000001
ABGP0001021,10,2020,7752.615000000001
ABGP0001021,11,2020,7752.615000000001
ABGP0001021,12,2020,7752.615000000001
ABGP0001021,1,2019,8412.760583333333
ABGP0001021,2,2019,8412.760583333333
ABGP0001021,3,2019,8412.760583333333
ABGP0001021,4,2019,8412.760583333333
ABGP0001021,5,2019,8412.760583333333
ABGP0001021,6,2019,8412.760583333333
ABGP0001021,7,2019,8412.760583333333
ABGP0001021,8,2019,8412.760583333333
ABGP0001021,9,2019,8412.760583333333
ABGP0001021,10,2019,8412.760583333333
ABGP0001021,11,2019,8412.760583333333
ABGP0001021,12,2019,8412.760583333333
ABGP0001021,1,2018,8795.404966666667
ABGP0001021,2,2018,8795.404966666667
ABGP0001021,3,2018,8795.404966666667
ABGP0001021,4,2018,8795.404966666667
ABGP0001021,5,2018,8795.404966666667
ABGP0001021,6,2018,8795.404966666667
ABGP0001021,7,2018,8795.404966666667
ABGP0001021,8,2018,8795.404966666667
ABGP0001021,9,2018,8795.404966666667
ABGP0001021,10,2018,8795.404966666667
ABGP0001021,11,2018,8795.404966666667
ABGP0001021,12,2018,8795.404966666667
ABGP0001021,1,2017,8514.440458333333
ABGP0001021,2,2017,8514.440458333333
ABGP0001021,3,2017,8514.440458333333
ABGP0001021,4,2017,8514.440458333333
ABGP0001021,5,2017,8514.440458333333
ABGP0001021,6,2017,8514.440458333333
ABGP0001021,7,2017,8514.440458333333
ABGP0001021,8,2017,8514.440458333333
ABGP0001021,9,2017,8514.440458333333
ABGP0001021,10,2017,8514.440458333333
ABGP0001021,11,2017,8514.440458333333
ABGP0001021,12,2017,8514.440458333333
ABGP0001021,1,2016,8389.484774999999
ABGP0001021,2,2016,8389.484774999999
ABGP0001021,3,2016,8389.484774999999
ABGP0001021,4,2016,8389.484774999999
ABGP0001021,5,2016,8389.484774999999
ABGP0001021,6,2016,8389.484774999999
ABGP0001021,7,2016,8389.484774999999
ABGP0001021,8,2016,8389.484774999999
ABGP0001021,9,2016,8389.484774999999
ABGP0001021,10,2016,8389.484774999999
ABGP0001021,11,2016,8389.484774999999
ABGP0001021,12,2016,8389.484774999999
ABGP0001021,1,2015,10094.711158333334
ABGP0001021,2,2015,10094.711158333334
ABGP0001021,3,2015,10094.711158333334
ABGP0001021,4,2015,10094.711158333334
ABGP0001021,5,2015,10094.711158333334
ABGP0001021,6,2015,10094.711158333334
ABGP0001021,7,2015,10094.711158333334
ABGP0001021,8,2015,10094.711158333334
ABGP0001021,9,2015,10094.711158333334
ABGP0001021,10,2015,10094.711158333334
ABGP0001021,11,2015,10094.711158333334
ABGP0001021,12,2015,10094.711158333334
ABGP0001021,1,2014,9957.82295
ABGP0001021,2,2014,9957.82295
ABGP0001021,3,2014,9957.82295
ABGP0001021,4,2014,9957.82295
ABGP0001021,5,2014,9957.82295
ABGP0001021,6,2014,9957.82295
ABGP0001021,7,2014,9957.82295
ABGP0001021,8,2014,9957.82295
ABGP0001021,9,2014,9957.82295
ABGP0001021,10,2014,9957.82295
ABGP0001021,11,2014,9957.82295
ABGP0001021,12,2014,9957.82295
ABGP0001021,1,2013,10008.933083333333
ABGP0001021,2,2013,10008.933083333333
ABGP0001021,3,2013,10008.933083333333
ABGP0001021,4,2013,10008.933083333333
ABGP0001021,5,2013,10008.933083333333
ABGP0001021,6,2013,10008.933083333333
ABGP0001021,7,2013,10008.933083333333
ABGP0001021,8,2013,10008.933083333333
ABGP0001021,9,2013,10008.933083333333
ABGP0001021,10,2013,10008.933083333333
ABGP0001021,11,2013,10008.933083333333
ABGP0001021,12,2013,10008.933083333333
ABGP0001021,1,2012,9484.970299999999
ABGP0001021,2,2012,9484.970299999999
ABGP0001021,3,2012,9484.970299999999
ABGP0001021,4,2012,9484.970299999999
ABGP0001021,5,2012,9484.970299999999
ABGP0001021,6,2012,9484.970299999999
ABGP0001021,7,2012,9484.970299999999
ABGP0001021,8,2012,9484.970299999999
ABGP0001021,9,2012,9484.970299999999
ABGP0001021,10,2012,9484.970299999999
ABGP0001021,11,2012,9484.970299999999
ABGP0001021,12,2012,9484.970299999999
ABGP0001021,1,2011,9817.695425
ABGP0001021,2,2011,9817.695425
ABGP0001021,3,2011,9817.695425
ABGP0001021,4,2011,9817.695425
ABGP0001021,5,2011,9817.695425
ABGP0001021,6,2011,9817.695425
ABGP0001021,7,2011,9817.695425
ABGP0001021,8,2011,9817.695425
ABGP0001021,9,2011,9817.695425
ABGP0001021,10,2011,9817.695425
ABGP0001021,11,2011,9817.695425
ABGP0001021,12,2011,9817.695425
ABGP0001021,1,2010,9739.297391666667
ABGP0001021,2,2010,9739.297391666667
ABGP0001021,3,2010,9739.297391666667
ABGP0001021,4,2010,9739.297391666667
ABGP0001021,5,2010,9739.297391666667
ABGP0001021,6,2010,9739.297391666667
ABGP0001021,7,2010,9739.297391666667
ABGP0001021,8,2010,9739.297391666667
ABGP0001021,9,2010,9739.297391666667
ABGP0001021,10,2010,9739.297391666667
ABGP0001021,11,2010,9739.297391666667
ABGP0001021,12,2010,9739.297391666667
ABGP0001021,1,2009,9383.759425
ABGP0001021,2,2009,9383.759425
ABGP0001021,3,2009,9383.759425
ABGP0001021,4,2009,9383.759425
ABGP0001021,5,2009,9383.759425
ABGP0001021,6,2009,9383.759425
ABGP0001021,7,2009,9383.759425
ABGP0001021,8,2009,9383.759425
ABGP0001021,9,2009,9383.759425
ABGP0001021,10,2009,9383.759425
ABGP0001021,11,2009,9383.759425
ABGP0001021,12,2009,9383.759425
ABGP0001021,1,2008,9464.495850000001
ABGP0001021,2,2008,9464.495850000001
ABGP0001021,3,2008,9464.495850000001
ABGP0001021,4,2008,9464.495850000001
ABGP0001021,5,2008,9464.495850000001
ABGP0001021,6,2008,9464.495850000001
ABGP0001021,7,2008,9464.495850000001
ABGP0001021,8,2008,9464.495850000001
ABGP0001021,9,2008,9464.495850000001
ABGP0001021,10,2008,9464.495850000001
ABGP0001021,11,2008,9464.495850000001
ABGP0001021,12,2008,9464.495850000001
ABGP0001021,1,2007,10129.169166666667
ABGP0001021,2,2007,10129.169166666667
ABGP0001021,3,2007,10129.169166666667
ABGP0001021,4,2007,10129.169166666667
ABGP0001021,5,2007,10129.169166666667
ABGP0001021,6,2007,10129.169166666667
ABGP0001021,7,2007,10129.169166666667
ABGP0001021,8,2007,10129.169166666667
ABGP0001021,9,2007,10129.169166666667
ABGP0001021,10,2007,10129.169166666667
ABGP0001021,11,2007,10129.169166666667
ABGP0001021,12,2007,10129.169166666667
ABGP0001021,1,2006,11912.093524999998
ABGP0001021,2,2006,11912.093524999998
ABGP0001021,3,2006,11912.093524999998
ABGP0001021,4,2006,11912.093524999998
ABGP0001021,5,2006,11912.093524999998
ABGP0001021,6,2006,11912.093524999998
ABGP0001021,7,2006,11912.093524999998
ABGP0001021,8,2006,11912.093524999998
ABGP0001021,9,2006,11912.093524999998
ABGP0001021,10,2006,11912.093524999998
ABGP0001021,11,2006,11912.093524999998
ABGP0001021,12,2006,11912.093524999998
ABGP0001022,1,2022,2495.188833333333
ABGP0001022,2,2022,2495.188833333333
ABGP0001022,3,2022,2495.188833333333
ABGP0001022,4,2022,2495.188833333333
ABGP0001022,5,2022,2495.188833333333
ABGP0001022,6,2022,2495.188833333333
ABGP0001022,7,2022,2495.188833333333
ABGP0001022,8,2022,2495.188833333333
ABGP0001022,9,2022,2495.188833333333
ABGP0001022,10,2022,2495.188833333333
ABGP0001022,11,2022,2495.188833333333
ABGP0001022,12,2022,2495.188833333333
ABGP0001022,1,2021,2460.5090933333336
ABGP0001022,2,2021,2460.5090933333336
ABGP0001022,3,2021,2460.5090933333336
ABGP0001022,4,2021,2460.5090933333336
ABGP0001022,5,2021,2460.5090933333336
ABGP0001022,6,2021,2460.5090933333336
ABGP0001022,7,2021,2460.5090933333336
ABGP0001022,8,2021,2460.5090933333336
ABGP0001022,9,2021,2460.5090933333336
ABGP0001022,10,2021,2460.5090933333336
ABGP0001022,11,2021,2460.5090933333336
ABGP0001022,12,2021,2460.5090933333336
ABGP0001022,1,2020,2491.6259166666664
ABGP0001022,2,2020,2491.6259166666664
ABGP0001022,3,2020,2491.6259166666664
ABGP0001022,4,2020,2491.6259166666664
ABGP0001022,5,2020,2491.6259166666664
ABGP0001022,6,2020,2491.6259166666664
ABGP0001022,7,2020,2491.6259166666664
ABGP0001022,8,2020,2491.6259166666664
ABGP0001022,9,2020,2491.6259166666664
ABGP0001022,10,2020,2491.6259166666664
ABGP0001022,11,2020,2491.6259166666664
ABGP0001022,12,2020,2491.6259166666664
ABGP0001022,1,2019,2281.8337500000002
ABGP0001022,2,2019,2281.8337500000002
ABGP0001022,3,2019,2281.8337500000002
ABGP0001022,4,2019,2281.8337500000002
ABGP0001022,5,2019,2281.8337500000002
ABGP0001022,6,2019,2281.8337500000002
ABGP0001022,7,2019,2281.8337500000002
ABGP0001022,8,2019,2281.8337500000002
ABGP0001022,9,2019,2281.8337500000002
ABGP0001022,10,2019,2281.8337500000002
ABGP0001022,11,2019,2281.8337500000002
ABGP0001022,12,2019,2281.8337500000002
ABGP0001022,1,2018,2029.0049166666668
ABGP0001022,2,2018,2029.0049166666668
ABGP0001022,3,2018,2029.0049166666668
ABGP0001022,4,2018,2029.0049166666668
ABGP0001022,5,2018,2029.0049166666668
ABGP0001022,6,2018,2029.0049166666668
ABGP0001022,7,2018,2029.0049166666668
ABGP0001022,8,2018,2029.0049166666668
ABGP0001022,9,2018,2029.0049166666668
ABGP0001022,10,2018,2029.0049166666668
ABGP0001022,11,2018,2029.0049166666668
ABGP0001022,12,2018,2029.0049166666668
ABGP0001042,1,2022,6494.123666666666
ABGP0001042,2,2022,6494.123666666666
ABGP0001042,3,2022,6494.123666666666
ABGP0001042,4,2022,6494.123666666666
ABGP0001042,5,2022,6494.123666666666
ABGP0001042,6,2022,6494.123666666666
ABGP0001042,7,2022,6494.123666666666
ABGP0001042,8,2022,6494.123666666666
ABGP0001042,9,2022,6494.123666666666
ABGP0001042,10,2022,6494.123666666666
ABGP0001042,11,2022,6494.123666666666
ABGP0001042,12,2022,6494.123666666666
ABGP0001042,1,2021,6590.469756666666
ABGP0001042,2,2021,6590.469756666666
ABGP0001042,3,2021,6590.469756666666
ABGP0001042,4,2021,6590.469756666666
ABGP0001042,5,2021,6590.469756666666
ABGP0001042,6,2021,6590.469756666666
ABGP0001042,7,2021,6590.469756666666
ABGP0001042,8,2021,6590.469756666666
ABGP0001042,9,2021,6590.469756666666
ABGP0001042,10,2021,6590.469756666666
ABGP0001042,11,2021,6590.469756666666
ABGP0001042,12,2021,6590.469756666666
ABGP0001042,1,2020,7217.533833333334
ABGP0001042,2,2020,7217.533833333334
ABGP0001042,3,2020,7217.533833333334
ABGP0001042,4,2020,7217.533833333334
ABGP0001042,5,2020,7217.533833333334
ABGP0001042,6,2020,7217.533833333334
ABGP0001042,7,2020,7217.533833333334
ABGP0001042,8,2020,7217.533833333334
ABGP0001042,9,2020,7217.533833333334
ABGP0001042,10,2020,7217.533833333334
ABGP0001042,11,2020,7217.533833333334
ABGP0001042,12,2020,7217.533833333334
ABGP0001042,1,2019,6612.233499999999
ABGP0001042,2,2019,6612.233499999999
ABGP0001042,3,2019,6612.233499999999
ABGP0001042,4,2019,6612.233499999999
ABGP0001042,5,2019,6612.233499999999
ABGP0001042,6,2019,6612.233499999999
ABGP0001042,7,2019,6612.233499999999
ABGP0001042,8,2019,6612.233499999999
ABGP0001042,9,2019,6612.233499999999
ABGP0001042,10,2019,6612.233499999999
ABGP0001042,11,2019,6612.233499999999
ABGP0001042,12,2019,6612.233499999999
ABGP0001042,1,2018,6539.385416666667
ABGP0001042,2,2018,6539.385416666667
ABGP0001042,3,2018,6539.385416666667
ABGP0001042,4,2018,6539.385416666667
ABGP0001042,5,2018,6539.385416666667
ABGP0001042,6,2018,6539.385416666667
ABGP0001042,7,2018,6539.385416666667
ABGP0001042,8,2018,6539.385416666667
ABGP0001042,9,2018,6539.385416666667
ABGP0001042,10,2018,6539.385416666667
ABGP0001042,11,2018,6539.385416666667
ABGP0001042,12,2018,6539.385416666667
ABGP0001042,1,2017,7681.947916666667
ABGP0001042,2,2017,7681.947916666667
ABGP0001042,3,2017,7681.947916666667
ABGP0001042,4,2017,7681.947916666667
ABGP0001042,5,2017,7681.947916666667
ABGP0001042,6,2017,7681.947916666667
ABGP0001042,7,2017,7681.947916666667
ABGP0001042,8,2017,7681.947916666667
ABGP0001042,9,2017,7681.947916666667
ABGP0001042,10,2017,7681.947916666667
ABGP0001042,11,2017,7681.947916666667
ABGP0001042,12,2017,7681.947916666667
ABGP0001042,1,2016,6232.826480833333
ABGP0001042,2,2016,6232.826480833333
ABGP0001042,3,2016,6232.826480833333
ABGP0001042,4,2016,6232.826480833333
ABGP0001042,5,2016,6232.826480833333
ABGP0001042,6,2016,6232.826480833333
ABGP0001042,7,2016,6232.826480833333
ABGP0001042,8,2016,6232.826480833333
ABGP0001042,9,2016,6232.826480833333
ABGP0001042,10,2016,6232.826480833333
ABGP0001042,11,2016,6232.826480833333
ABGP0001042,12,2016,6232.826480833333
ABGP0001042,1,2015,6128.047405833334
ABGP0001042,2,2015,6128.047405833334
ABGP0001042,3,2015,6128.047405833334
ABGP0001042,4,2015,6128.047405833334
ABGP0001042,5,2015,6128.047405833334
ABGP0001042,6,2015,6128.047405833334
ABGP0001042,7,2015,6128.047405833334
ABGP0001042,8,2015,6128.047405833334
ABGP0001042,9,2015,6128.047405833334
ABGP0001042,10,2015,6128.047405833334
ABGP0001042,11,2015,6128.047405833334
ABGP0001042,12,2015,6128.047405833334
ABGP0001042,1,2014,6064.0885616666665
ABGP0001042,2,2014,6064.0885616666665
ABGP0001042,3,2014,6064.0885616666665
ABGP0001042,4,2014,6064.0885616666665
ABGP0001042,5,2014,6064.0885616666665
ABGP0001042,6,2014,6064.0885616666665
ABGP0001042,7,2014,6064.0885616666665
ABGP0001042,8,2014,6064.0885616666665
ABGP0001042,9,2014,6064.0885616666665
ABGP0001042,10,2014,6064.0885616666665
ABGP0001042,11,2014,6064.0885616666665
ABGP0001042,12,2014,6064.0885616666665
ABGP0001042,1,2013,6731.814414166667
ABGP0001042,2,2013,6731.814414166667
ABGP0001042,3,2013,6731.814414166667
ABGP0001042,4,2013,6731.814414166667
ABGP0001042,5,2013,6731.814414166667
ABGP0001042,6,2013,6731.814414166667
ABGP0001042,7,2013,6731.814414166667
ABGP0001042,8,2013,6731.814414166667
ABGP0001042,9,2013,6731.814414166667
ABGP0001042,10,2013,6731.814414166667
ABGP0001042,11,2013,6731.814414166667
ABGP0001042,12,2013,6731.814414166667
ABGP0001042,1,2012,6249.470365833334
ABGP0001042,2,2012,6249.470365833334
ABGP0001042,3,2012,6249.470365833334
ABGP0001042,4,2012,6249.470365833334
ABGP0001042,5,2012,6249.470365833334
ABGP0001042,6,2012,6249.470365833334
ABGP0001042,7,2012,6249.470365833334
ABGP0001042,8,2012,6249.470365833334
ABGP0001042,9,2012,6249.470365833334
ABGP0001042,10,2012,6249.470365833334
ABGP0001042,11,2012,6249.470365833334
ABGP0001042,12,2012,6249.470365833334
ABGP0001042,1,2011,6580.4115366666665
ABGP0001042,2,2011,6580.4115366666665
ABGP0001042,3,2011,6580.4115366666665
ABGP0001042,4,2011,6580.4115366666665
ABGP0001042,5,2011,6580.4115366666665
ABGP0001042,6,2011,6580.4115366666665
ABGP0001042,7,2011,6580.4115366666665
ABGP0001042,8,2011,6580.4115366666665
ABGP0001042,9,2011,6580.4115366666665
ABGP0001042,10,2011,6580.4115366666665
ABGP0001042,11,2011,6580.4115366666665
ABGP0001042,12,2011,6580.4115366666665
ABGP0001042,1,2010,5659.919611666667
ABGP0001042,2,2010,5659.919611666667
ABGP0001042,3,2010,5659.919611666667
ABGP0001042,4,2010,5659.919611666667
ABGP0001042,5,2010,5659.919611666667
ABGP0001042,6,2010,5659.919611666667
ABGP0001042,7,2010,5659.919611666667
ABGP0001042,8,2010,5659.919611666667
ABGP0001042,9,2010,5659.919611666667
ABGP0001042,10,2010,5659.919611666667
ABGP0001042,11,2010,5659.919611666667
ABGP0001042,12,2010,5659.919611666667
ABGP0001042,1,2009,6248.023299166667
ABGP0001042,2,2009,6248.023299166667
ABGP0001042,3,2009,6248.023299166667
ABGP0001042,4,2009,6248.023299166667
ABGP0001042,5,2009,6248.023299166667
ABGP0001042,6,2009,6248.023299166667
ABGP0001042,7,2009,6248.023299166667
ABGP0001042,8,2009,6248.023299166667
ABGP0001042,9,2009,6248.023299166667
ABGP0001042,10,2009,6248.023299166667
ABGP0001042,11,2009,6248.023299166667
ABGP0001042,12,2009,6248.023299166667
ABGP0001042,1,2006,6834.6833308333335
ABGP0001042,2,2006,6834.6833308333335
ABGP0001042,3,2006,6834.6833308333335
ABGP0001042,4,2006,6834.6833308333335
ABGP0001042,5,2006,6834.6833308333335
ABGP0001042,6,2006,6834.6833308333335
ABGP0001042,7,2006,6834.6833308333335
ABGP0001042,8,2006,6834.6833308333335
ABGP0001042,9,2006,6834.6833308333335
ABGP0001042,10,2006,6834.6833308333335
ABGP0001042,11,2006,6834.6833308333335
ABGP0001042,12,2006,6834.6833308333335
ABGP0001042,1,2004,7822.512474166667
ABGP0001042,2,2004,7822.512474166667
ABGP0001042,3,2004,7822.512474166667
ABGP0001042,4,2004,7822.512474166667
ABGP0001042,5,2004,7822.512474166667
ABGP0001042,6,2004,7822.512474166667
ABGP0001042,7,2004,7822.512474166667
ABGP0001042,8,2004,7822.512474166667
ABGP0001042,9,2004,7822.512474166667
ABGP0001042,10,2004,7822.512474166667
ABGP0001042,11,2004,7822.512474166667
ABGP0001042,12,2004,7822.512474166667
ABGP0001047,1,2020,2007.6802500000001
ABGP0001047,2,2020,2007.6802500000001
ABGP0001047,3,2020,2007.6802500000001
ABGP0001047,4,2020,2007.6802500000001
ABGP0001047,5,2020,2007.6802500000001
ABGP0001047,6,2020,2007.6802500000001
ABGP0001047,7,2020,2007.6802500000001
ABGP0001047,8,2020,2007.6802500000001
ABGP0001047,9,2020,2007.6802500000001
ABGP0001047,10,2020,2007.6802500000001
ABGP0001047,11,2020,2007.6802500000001
ABGP0001047,12,2020,2007.6802500000001
ABGP0001047,1,2019,5467.987249999999
ABGP0001047,2,2019,5467.987249999999
ABGP0001047,3,2019,5467.987249999999
ABGP0001047,4,2019,5467.987249999999
ABGP0001047,5,2019,5467.987249999999
ABGP0001047,6,2019,5467.987249999999
ABGP0001047,7,2019,5467.987249999999
ABGP0001047,8,2019,5467.987249999999
ABGP0001047,9,2019,5467.987249999999
ABGP0001047,10,2019,5467.987249999999
ABGP0001047,11,2019,5467.987249999999
ABGP0001047,12,2019,5467.987249999999
ABGP0001047,1,2018,4990.0734999999995
ABGP0001047,2,2018,4990.0734999999995
ABGP0001047,3,2018,4990.0734999999995
ABGP0001047,4,2018,4990.0734999999995
ABGP0001047,5,2018,4990.0734999999995
ABGP0001047,6,2018,4990.0734999999995
ABGP0001047,7,2018,4990.0734999999995
ABGP0001047,8,2018,4990.0734999999995
ABGP0001047,9,2018,4990.0734999999995
ABGP0001047,10,2018,4990.0734999999995
ABGP0001047,11,2018,4990.0734999999995
ABGP0001047,12,2018,4990.0734999999995
ABGP0001047,1,2017,5259.3400833333335
ABGP0001047,2,2017,5259.3400833333335
ABGP0001047,3,2017,5259.3400833333335
ABGP0001047,4,2017,5259.3400833333335
ABGP0001047,5,2017,5259.3400833333335
ABGP0001047,6,2017,5259.3400833333335
ABGP0001047,7,2017,5259.3400833333335
ABGP0001047,8,2017,5259.3400833333335
ABGP0001047,9,2017,5259.3400833333335
ABGP0001047,10,2017,5259.3400833333335
ABGP0001047,11,2017,5259.3400833333335
ABGP0001047,12,2017,5259.3400833333335
ABGP0001047,1,2016,5911.616873
ABGP0001047,2,2016,5911.616873
ABGP0001047,3,2016,5911.616873
ABGP0001047,4,2016,5911.616873
ABGP0001047,5,2016,5911.616873
ABGP0001047,6,2016,5911.616873
ABGP0001047,7,2016,5911.616873
ABGP0001047,8,2016,5911.616873
ABGP0001047,9,2016,5911.616873
ABGP0001047,10,2016,5911.616873
ABGP0001047,11,2016,5911.616873
ABGP0001047,12,2016,5911.616873
ABGP0001047,1,2015,6160.074954166666
ABGP0001047,2,2015,6160.074954166666
ABGP0001047,3,2015,6160.074954166666
ABGP0001047,4,2015,6160.074954166666
ABGP0001047,5,2015,6160.074954166666
ABGP0001047,6,2015,6160.074954166666
ABGP0001047,7,2015,6160.074954166666
ABGP0001047,8,2015,6160.074954166666
ABGP0001047,9,2015,6160.074954166666
ABGP0001047,10,2015,6160.074954166666
ABGP0001047,11,2015,6160.074954166666
ABGP0001047,12,2015,6160.074954166666
ABGP0001047,1,2014,6042.534866666666
ABGP0001047,2,2014,6042.534866666666
ABGP0001047,3,2014,6042.534866666666
ABGP0001047,4,2014,6042.534866666666
ABGP0001047,5,2014,6042.534866666666
ABGP0001047,6,2014,6042.534866666666
ABGP0001047,7,2014,6042.534866666666
ABGP0001047,8,2014,6042.534866666666
ABGP0001047,9,2014,6042.534866666666
ABGP0001047,10,2014,6042.534866666666
ABGP0001047,11,2014,6042.534866666666
ABGP0001047,12,2014,6042.534866666666
ABGP0001047,1,2013,6124.3757049999995
ABGP0001047,2,2013,6124.3757049999995
ABGP0001047,3,2013,6124.3757049999995
ABGP0001047,4,2013,6124.3757049999995
ABGP0001047,5,2013,6124.3757049999995
ABGP0001047,6,2013,6124.3757049999995
ABGP0001047,7,2013,6124.3757049999995
ABGP0001047,8,2013,6124.3757049999995
ABGP0001047,9,2013,6124.3757049999995
ABGP0001047,10,2013,6124.3757049999995
ABGP0001047,11,2013,6124.3757049999995
ABGP0001047,12,2013,6124.3757049999995
ABGP0001047,1,2012,6312.654096666666
ABGP0001047,2,2012,6312.654096666666
ABGP0001047,3,2012,6312.654096666666
ABGP0001047,4,2012,6312.654096666666
ABGP0001047,5,2012,6312.654096666666
ABGP0001047,6,2012,6312.654096666666
ABGP0001047,7,2012,6312.654096666666
ABGP0001047,8,2012,6312.654096666666
ABGP0001047,9,2012,6312.654096666666
ABGP0001047,10,2012,6312.654096666666
ABGP0001047,11,2012,6312.654096666666
ABGP0001047,12,2012,6312.654096666666
ABGP0001047,1,2011,5328.619004166667
ABGP0001047,2,2011,5328.619004166667
ABGP0001047,3,2011,5328.619004166667
ABGP0001047,4,2011,5328.619004166667
ABGP0001047,5,2011,5328.619004166667
ABGP0001047,6,2011,5328.619004166667
ABGP0001047,7,2011,5328.619004166667
ABGP0001047,8,2011,5328.619004166667
ABGP0001047,9,2011,5328.619004166667
ABGP0001047,10,2011,5328.619004166667
ABGP0001047,11,2011,5328.619004166667
ABGP0001047,12,2011,5328.619004166667
ABGP0001047,1,2010,6758.667763
ABGP0001047,2,2010,6758.667763
ABGP0001047,3,2010,6758.667763
ABGP0001047,4,2010,6758.667763
ABGP0001047,5,2010,6758.667763
ABGP0001047,6,2010,6758.667763
ABGP0001047,7,2010,6758.667763
ABGP0001047,8,2010,6758.667763
ABGP0001047,9,2010,6758.667763
ABGP0001047,10,2010,6758.667763
ABGP0001047,11,2010,6758.667763
ABGP0001047,12,2010,6758.667763
ABGP0001047,1,2009,7376.896504166667
ABGP0001047,2,2009,7376.896504166667
ABGP0001047,3,2009,7376.896504166667
ABGP0001047,4,2009,7376.896504166667
ABGP0001047,5,2009,7376.896504166667
ABGP0001047,6,2009,7376.896504166667
ABGP0001047,7,2009,7376.896504166667
ABGP0001047,8,2009,7376.896504166667
ABGP0001047,9,2009,7376.896504166667
ABGP0001047,10,2009,7376.896504166667
ABGP0001047,11,2009,7376.896504166667
ABGP0001047,12,2009,7376.896504166667
ABGP0001049,1,2022,953.3782908333333
ABGP0001049,2,2022,953.3782908333333
ABGP0001049,3,2022,953.3782908333333
ABGP0001049,4,2022,953.3782908333333
ABGP0001049,5,2022,953.3782908333333
ABGP0001049,6,2022,953.3782908333333
ABGP0001049,7,2022,953.3782908333333
ABGP0001049,8,2022,953.3782908333333
ABGP0001049,9,2022,953.3782908333333
ABGP0001049,10,2022,953.3782908333333
ABGP0001049,11,2022,953.3782908333333
ABGP0001049,12,2022,953.3782908333333
ABGP0001049,1,2020,1049.8426666666667
ABGP0001049,2,2020,1049.8426666666667
ABGP0001049,3,2020,1049.8426666666667
ABGP0001049,4,2020,1049.8426666666667
ABGP0001049,5,2020,1049.8426666666667
ABGP0001049,6,2020,1049.8426666666667
ABGP0001049,7,2020,1049.8426666666667
ABGP0001049,8,2020,1049.8426666666667
ABGP0001049,9,2020,1049.8426666666667
ABGP0001049,10,2020,1049.8426666666667
ABGP0001049,11,2020,1049.8426666666667
ABGP0001049,12,2020,1049.8426666666667
ABGP0001049,1,2019,1112.46725
ABGP0001049,2,2019,1112.46725
ABGP0001049,3,2019,1112.46725
ABGP0001049,4,2019,1112.46725
ABGP0001049,5,2019,1112.46725
ABGP0001049,6,2019,1112.46725
ABGP0001049,7,2019,1112.46725
ABGP0001049,8,2019,1112.46725
ABGP0001049,9,2019,1112.46725
ABGP0001049,10,2019,1112.46725
ABGP0001049,11,2019,1112.46725
ABGP0001049,12,2019,1112.46725
ABGP0001049,1,2018,1314.1565
ABGP0001049,2,2018,1314.1565
ABGP0001049,3,2018,1314.1565
ABGP0001049,4,2018,1314.1565
ABGP0001049,5,2018,1314.1565
ABGP0001049,6,2018,1314.1565
ABGP0001049,7,2018,1314.1565
ABGP0001049,8,2018,1314.1565
ABGP0001049,9,2018,1314.1565
ABGP0001049,10,2018,1314.1565
ABGP0001049,11,2018,1314.1565
ABGP0001049,12,2018,1314.1565
ABGP0001049,1,2017,1376.3074166666665
ABGP0001049,2,2017,1376.3074166666665
ABGP0001049,3,2017,1376.3074166666665
ABGP0001049,4,2017,1376.3074166666665
ABGP0001049,5,2017,1376.3074166666665
ABGP0001049,6,2017,1376.3074166666665
ABGP0001049,7,2017,1376.3074166666665
ABGP0001049,8,2017,1376.3074166666665
ABGP0001049,9,2017,1376.3074166666665
ABGP0001049,10,2017,1376.3074166666665
ABGP0001049,11,2017,1376.3074166666665
ABGP0001049,12,2017,1376.3074166666665
ABGP0001050,1,2011,5420.753333333333
ABGP0001050,2,2011,5420.753333333333
ABGP0001050,3,2011,5420.753333333333
ABGP0001050,4,2011,5420.753333333333
ABGP0001050,5,2011,5420.753333333333
ABGP0001050,6,2011,5420.753333333333
ABGP0001050,7,2011,5420.753333333333
ABGP0001050,8,2011,5420.753333333333
ABGP0001050,9,2011,5420.753333333333
ABGP0001050,10,2011,5420.753333333333
ABGP0001050,11,2011,5420.753333333333
ABGP0001050,12,2011,5420.753333333333
ABGP0001050,1,2010,15966.330416666666
ABGP0001050,2,2010,15966.330416666666
ABGP0001050,3,2010,15966.330416666666
ABGP0001050,4,2010,15966.330416666666
ABGP0001050,5,2010,15966.330416666666
ABGP0001050,6,2010,15966.330416666666
ABGP0001050,7,2010,15966.330416666666
ABGP0001050,8,2010,15966.330416666666
ABGP0001050,9,2010,15966.330416666666
ABGP0001050,10,2010,15966.330416666666
ABGP0001050,11,2010,15966.330416666666
ABGP0001050,12,2010,15966.330416666666
ABGP0001050,1,2009,16359.995841666665
ABGP0001050,2,2009,16359.995841666665
ABGP0001050,3,2009,16359.995841666665
ABGP0001050,4,2009,16359.995841666665
ABGP0001050,5,2009,16359.995841666665
ABGP0001050,6,2009,16359.995841666665
ABGP0001050,7,2009,16359.995841666665
ABGP0001050,8,2009,16359.995841666665
ABGP0001050,9,2009,16359.995841666665
ABGP0001050,10,2009,16359.995841666665
ABGP0001050,11,2009,16359.995841666665
ABGP0001050,12,2009,16359.995841666665
ABGP0001050,1,2008,19289.89753
ABGP0001050,2,2008,19289.89753
ABGP0001050,3,2008,19289.89753
ABGP0001050,4,2008,19289.89753
ABGP0001050,5,2008,19289.89753
ABGP0001050,6,2008,19289.89753
ABGP0001050,7,2008,19289.89753
ABGP0001050,8,2008,19289.89753
ABGP0001050,9,2008,19289.89753
ABGP0001050,10,2008,19289.89753
ABGP0001050,11,2008,19289.89753
ABGP0001050,12,2008,19289.89753
ABGP0001050,1,2007,17215.137483333336
ABGP0001050,2,2007,17215.137483333336
ABGP0001050,3,2007,17215.137483333336
ABGP0001050,4,2007,17215.137483333336
ABGP0001050,5,2007,17215.137483333336
ABGP0001050,6,2007,17215.137483333336
ABGP0001050,7,2007,17215.137483333336
ABGP0001050,8,2007,17215.137483333336
ABGP0001050,9,2007,17215.137483333336
ABGP0001050,10,2007,17215.137483333336
ABGP0001050,11,2007,17215.137483333336
ABGP0001050,12,2007,17215.137483333336
ABGP0001050,1,2006,20923.215041666666
ABGP0001050,2,2006,20923.215041666666
ABGP0001050,3,2006,20923.215041666666
ABGP0001050,4,2006,20923.215041666666
ABGP0001050,5,2006,20923.215041666666
ABGP0001050,6,2006,20923.215041666666
ABGP0001050,7,2006,20923.215041666666
ABGP0001050,8,2006,20923.215041666666
ABGP0001050,9,2006,20923.215041666666
ABGP0001050,10,2006,20923.215041666666
ABGP0001050,11,2006,20923.215041666666
ABGP0001050,12,2006,20923.215041666666
ABGP0001050,1,2005,20678.774966666668
ABGP0001050,2,2005,20678.774966666668
ABGP0001050,3,2005,20678.774966666668
ABGP0001050,4,2005,20678.774966666668
ABGP0001050,5,2005,20678.774966666668
ABGP0001050,6,2005,20678.774966666668
ABGP0001050,7,2005,20678.774966666668
ABGP0001050,8,2005,20678.774966666668
ABGP0001050,9,2005,20678.774966666668
ABGP0001050,10,2005,20678.774966666668
ABGP0001050,11,2005,20678.774966666668
ABGP0001050,12,2005,20678.774966666668
ABGP0001050,1,2004,22714.031641666665
ABGP0001050,2,2004,22714.031641666665
ABGP0001050,3,2004,22714.031641666665
ABGP0001050,4,2004,22714.031641666665
ABGP0001050,5,2004,22714.031641666665
ABGP0001050,6,2004,22714.031641666665
ABGP0001050,7,2004,22714.031641666665
ABGP0001050,8,2004,22714.031641666665
ABGP0001050,9,2004,22714.031641666665
ABGP0001050,10,2004,22714.031641666665
ABGP0001050,11,2004,22714.031641666665
ABGP0001050,12,2004,22714.031641666665
ABGP0001051,1,2011,4430.952486666666
ABGP0001051,2,2011,4430.952486666666
ABGP0001051,3,2011,4430.952486666666
ABGP0001051,4,2011,4430.952486666666
ABGP0001051,5,2011,4430.952486666666
ABGP0001051,6,2011,4430.952486666666
ABGP0001051,7,2011,4430.952486666666
ABGP0001051,8,2011,4430.952486666666
ABGP0001051,9,2011,4430.952486666666
ABGP0001051,10,2011,4430.952486666666
ABGP0001051,11,2011,4430.952486666666
ABGP0001051,12,2011,4430.952486666666
ABGP0001051,1,2010,4570.1033683333335
ABGP0001051,2,2010,4570.1033683333335
ABGP0001051,3,2010,4570.1033683333335
ABGP0001051,4,2010,4570.1033683333335
ABGP0001051,5,2010,4570.1033683333335
ABGP0001051,6,2010,4570.1033683333335
ABGP0001051,7,2010,4570.1033683333335
ABGP0001051,8,2010,4570.1033683333335
ABGP0001051,9,2010,4570.1033683333335
ABGP0001051,10,2010,4570.1033683333335
ABGP0001051,11,2010,4570.1033683333335
ABGP0001051,12,2010,4570.1033683333335
ABGP0001051,1,2009,5058.684114166666
ABGP0001051,2,2009,5058.684114166666
ABGP0001051,3,2009,5058.684114166666
ABGP0001051,4,2009,5058.684114166666
ABGP0001051,5,2009,5058.684114166666
ABGP0001051,6,2009,5058.684114166666
ABGP0001051,7,2009,5058.684114166666
ABGP0001051,8,2009,5058.684114166666
ABGP0001051,9,2009,5058.684114166666
ABGP0001051,10,2009,5058.684114166666
ABGP0001051,11,2009,5058.684114166666
ABGP0001051,12,2009,5058.684114166666
ABGP0001054,1,2022,11529.019508333333
ABGP0001054,2,2022,11529.019508333333
ABGP0001054,3,2022,11529.019508333333
ABGP0001054,4,2022,11529.019508333333
ABGP0001054,5,2022,11529.019508333333
ABGP0001054,6,2022,11529.019508333333
ABGP0001054,7,2022,11529.019508333333
ABGP0001054,8,2022,11529.019508333333
ABGP0001054,9,2022,11529.019508333333
ABGP0001054,10,2022,11529.019508333333
ABGP0001054,11,2022,11529.019508333333
ABGP0001054,12,2022,11529.019508333333
ABGP0001054,1,2022,5257.7176
ABGP0001054,2,2022,5257.7176
ABGP0001054,3,2022,5257.7176
ABGP0001054,4,2022,5257.7176
ABGP0001054,5,2022,5257.7176
ABGP0001054,6,2022,5257.7176
ABGP0001054,7,2022,5257.7176
ABGP0001054,8,2022,5257.7176
ABGP0001054,9,2022,5257.7176
ABGP0001054,10,2022,5257.7176
ABGP0001054,11,2022,5257.7176
ABGP0001054,12,2022,5257.7176
ABGP0001054,1,2021,11311.298999999999
ABGP0001054,2,2021,11311.298999999999
ABGP0001054,3,2021,11311.298999999999
ABGP0001054,4,2021,11311.298999999999
ABGP0001054,5,2021,11311.298999999999
ABGP0001054,6,2021,11311.298999999999
ABGP0001054,7,2021,11311.298999999999
ABGP0001054,8,2021,11311.298999999999
ABGP0001054,9,2021,11311.298999999999
ABGP0001054,10,2021,11311.298999999999
ABGP0001054,11,2021,11311.298999999999
ABGP0001054,12,2021,11311.298999999999
ABGP0001054,1,2021,3586.999566666667
ABGP0001054,2,2021,3586.999566666667
ABGP0001054,3,2021,3586.999566666667
ABGP0001054,4,2021,3586.999566666667
ABGP0001054,5,2021,3586.999566666667
ABGP0001054,6,2021,3586.999566666667
ABGP0001054,7,2021,3586.999566666667
ABGP0001054,8,2021,3586.999566666667
ABGP0001054,9,2021,3586.999566666667
ABGP0001054,10,2021,3586.999566666667
ABGP0001054,11,2021,3586.999566666667
ABGP0001054,12,2021,3586.999566666667
ABGP0001054,1,2020,12020.309224999999
ABGP0001054,2,2020,12020.309224999999
ABGP0001054,3,2020,12020.309224999999
ABGP0001054,4,2020,12020.309224999999
ABGP0001054,5,2020,12020.309224999999
ABGP0001054,6,2020,12020.309224999999
ABGP0001054,7,2020,12020.309224999999
ABGP0001054,8,2020,12020.309224999999
ABGP0001054,9,2020,12020.309224999999
ABGP0001054,10,2020,12020.309224999999
ABGP0001054,11,2020,12020.309224999999
ABGP0001054,12,2020,12020.309224999999
ABGP0001054,1,2020,3288.317683333333
ABGP0001054,2,2020,3288.317683333333
ABGP0001054,3,2020,3288.317683333333
ABGP0001054,4,2020,3288.317683333333
ABGP0001054,5,2020,3288.317683333333
ABGP0001054,6,2020,3288.317683333333
ABGP0001054,7,2020,3288.317683333333
ABGP0001054,8,2020,3288.317683333333
ABGP0001054,9,2020,3288.317683333333
ABGP0001054,10,2020,3288.317683333333
ABGP0001054,11,2020,3288.317683333333
ABGP0001054,12,2020,3288.317683333333
ABGP0001054,1,2019,10503.84968
ABGP0001054,2,2019,10503.84968
ABGP0001054,3,2019,10503.84968
ABGP0001054,4,2019,10503.84968
ABGP0001054,5,2019,10503.84968
ABGP0001054,6,2019,10503.84968
ABGP0001054,7,2019,10503.84968
ABGP0001054,8,2019,10503.84968
ABGP0001054,9,2019,10503.84968
ABGP0001054,10,2019,10503.84968
ABGP0001054,11,2019,10503.84968
ABGP0001054,12,2019,10503.84968
ABGP0001054,1,2019,4191.4939
ABGP0001054,2,2019,4191.4939
ABGP0001054,3,2019,4191.4939
ABGP0001054,4,2019,4191.4939
ABGP0001054,5,2019,4191.4939
ABGP0001054,6,2019,4191.4939
ABGP0001054,7,2019,4191.4939
ABGP0001054,8,2019,4191.4939
ABGP0001054,9,2019,4191.4939
ABGP0001054,10,2019,4191.4939
ABGP0001054,11,2019,4191.4939
ABGP0001054,12,2019,4191.4939
ABGP0001054,1,2018,10832.102816666667
ABGP0001054,2,2018,10832.102816666667
ABGP0001054,3,2018,10832.102816666667
ABGP0001054,4,2018,10832.102816666667
ABGP0001054,5,2018,10832.102816666667
ABGP0001054,6,2018,10832.102816666667
ABGP0001054,7,2018,10832.102816666667
ABGP0001054,8,2018,10832.102816666667
ABGP0001054,9,2018,10832.102816666667
ABGP0001054,10,2018,10832.102816666667
ABGP0001054,11,2018,10832.102816666667
ABGP0001054,12,2018,10832.102816666667
ABGP0001054,1,2018,5128.831075
ABGP0001054,2,2018,5128.831075
ABGP0001054,3,2018,5128.831075
ABGP0001054,4,2018,5128.831075
ABGP0001054,5,2018,5128.831075
ABGP0001054,6,2018,5128.831075
ABGP0001054,7,2018,5128.831075
ABGP0001054,8,2018,5128.831075
ABGP0001054,9,2018,5128.831075
ABGP0001054,10,2018,5128.831075
ABGP0001054,11,2018,5128.831075
ABGP0001054,12,2018,5128.831075
ABGP0001054,1,2017,11798.462783333334
ABGP0001054,2,2017,11798.462783333334
ABGP0001054,3,2017,11798.462783333334
ABGP0001054,4,2017,11798.462783333334
ABGP0001054,5,2017,11798.462783333334
ABGP0001054,6,2017,11798.462783333334
ABGP0001054,7,2017,11798.462783333334
ABGP0001054,8,2017,11798.462783333334
ABGP0001054,9,2017,11798.462783333334
ABGP0001054,10,2017,11798.462783333334
ABGP0001054,11,2017,11798.462783333334
ABGP0001054,12,2017,11798.462783333334
ABGP0001054,1,2017,1149.263275
ABGP0001054,2,2017,1149.263275
ABGP0001054,3,2017,1149.263275
ABGP0001054,4,2017,1149.263275
ABGP0001054,5,2017,1149.263275
ABGP0001054,6,2017,1149.263275
ABGP0001054,7,2017,1149.263275
ABGP0001054,8,2017,1149.263275
ABGP0001054,9,2017,1149.263275
ABGP0001054,10,2017,1149.263275
ABGP0001054,11,2017,1149.263275
ABGP0001054,12,2017,1149.263275
ABGP0001054,1,2017,5428.4756333333335
ABGP0001054,2,2017,5428.4756333333335
ABGP0001054,3,2017,5428.4756333333335
ABGP0001054,4,2017,5428.4756333333335
ABGP0001054,5,2017,5428.4756333333335
ABGP0001054,6,2017,5428.4756333333335
ABGP0001054,7,2017,5428.4756333333335
ABGP0001054,8,2017,5428.4756333333335
ABGP0001054,9,2017,5428.4756333333335
ABGP0001054,10,2017,5428.4756333333335
ABGP0001054,11,2017,5428.4756333333335
ABGP0001054,12,2017,5428.4756333333335
ABGP0001054,1,2016,11636.07718
ABGP0001054,2,2016,11636.07718
ABGP0001054,3,2016,11636.07718
ABGP0001054,4,2016,11636.07718
ABGP0001054,5,2016,11636.07718
ABGP0001054,6,2016,11636.07718
ABGP0001054,7,2016,11636.07718
ABGP0001054,8,2016,11636.07718
ABGP0001054,9,2016,11636.07718
ABGP0001054,10,2016,11636.07718
ABGP0001054,11,2016,11636.07718
ABGP0001054,12,2016,11636.07718
ABGP0001054,1,2015,9021.454241666666
ABGP0001054,2,2015,9021.454241666666
ABGP0001054,3,2015,9021.454241666666
ABGP0001054,4,2015,9021.454241666666
ABGP0001054,5,2015,9021.454241666666
ABGP0001054,6,2015,9021.454241666666
ABGP0001054,7,2015,9021.454241666666
ABGP0001054,8,2015,9021.454241666666
ABGP0001054,9,2015,9021.454241666666
ABGP0001054,10,2015,9021.454241666666
ABGP0001054,11,2015,9021.454241666666
ABGP0001054,12,2015,9021.454241666666
ABGP0001054,1,2014,7763.451012500001
ABGP0001054,2,2014,7763.451012500001
ABGP0001054,3,2014,7763.451012500001
ABGP0001054,4,2014,7763.451012500001
ABGP0001054,5,2014,7763.451012500001
ABGP0001054,6,2014,7763.451012500001
ABGP0001054,7,2014,7763.451012500001
ABGP0001054,8,2014,7763.451012500001
ABGP0001054,9,2014,7763.451012500001
ABGP0001054,10,2014,7763.451012500001
ABGP0001054,11,2014,7763.451012500001
ABGP0001054,12,2014,7763.451012500001
ABGP0001054,1,2013,8028.347129166667
ABGP0001054,2,2013,8028.347129166667
ABGP0001054,3,2013,8028.347129166667
ABGP0001054,4,2013,8028.347129166667
ABGP0001054,5,2013,8028.347129166667
ABGP0001054,6,2013,8028.347129166667
ABGP0001054,7,2013,8028.347129166667
ABGP0001054,8,2013,8028.347129166667
ABGP0001054,9,2013,8028.347129166667
ABGP0001054,10,2013,8028.347129166667
ABGP0001054,11,2013,8028.347129166667
ABGP0001054,12,2013,8028.347129166667
ABGP0001054,1,2012,10442.62538
ABGP0001054,2,2012,10442.62538
ABGP0001054,3,2012,10442.62538
ABGP0001054,4,2012,10442.62538
ABGP0001054,5,2012,10442.62538
ABGP0001054,6,2012,10442.62538
ABGP0001054,7,2012,10442.62538
ABGP0001054,8,2012,10442.62538
ABGP0001054,9,2012,10442.62538
ABGP0001054,10,2012,10442.62538
ABGP0001054,11,2012,10442.62538
ABGP0001054,12,2012,10442.62538
ABGP0001054,1,2011,10237.363141666667
ABGP0001054,2,2011,10237.363141666667
ABGP0001054,3,2011,10237.363141666667
ABGP0001054,4,2011,10237.363141666667
ABGP0001054,5,2011,10237.363141666667
ABGP0001054,6,2011,10237.363141666667
ABGP0001054,7,2011,10237.363141666667
ABGP0001054,8,2011,10237.363141666667
ABGP0001054,9,2011,10237.363141666667
ABGP0001054,10,2011,10237.363141666667
ABGP0001054,11,2011,10237.363141666667
ABGP0001054,12,2011,10237.363141666667
ABGP0001054,1,2010,10848.604833333333
ABGP0001054,2,2010,10848.604833333333
ABGP0001054,3,2010,10848.604833333333
ABGP0001054,4,2010,10848.604833333333
ABGP0001054,5,2010,10848.604833333333
ABGP0001054,6,2010,10848.604833333333
ABGP0001054,7,2010,10848.604833333333
ABGP0001054,8,2010,10848.604833333333
ABGP0001054,9,2010,10848.604833333333
ABGP0001054,10,2010,10848.604833333333
ABGP0001054,11,2010,10848.604833333333
ABGP0001054,12,2010,10848.604833333333
ABGP0001054,1,2009,10331.356758333333
ABGP0001054,2,2009,10331.356758333333
ABGP0001054,3,2009,10331.356758333333
ABGP0001054,4,2009,10331.356758333333
ABGP0001054,5,2009,10331.356758333333
ABGP0001054,6,2009,10331.356758333333
ABGP0001054,7,2009,10331.356758333333
ABGP0001054,8,2009,10331.356758333333
ABGP0001054,9,2009,10331.356758333333
ABGP0001054,10,2009,10331.356758333333
ABGP0001054,11,2009,10331.356758333333
ABGP0001054,12,2009,10331.356758333333
ABGP0001054,1,2008,11097.232041666668
ABGP0001054,2,2008,11097.232041666668
ABGP0001054,3,2008,11097.232041666668
ABGP0001054,4,2008,11097.232041666668
ABGP0001054,5,2008,11097.232041666668
ABGP0001054,6,2008,11097.232041666668
ABGP0001054,7,2008,11097.232041666668
ABGP0001054,8,2008,11097.232041666668
ABGP0001054,9,2008,11097.232041666668
ABGP0001054,10,2008,11097.232041666668
ABGP0001054,11,2008,11097.232041666668
ABGP0001054,12,2008,11097.232041666668
ABGP0001054,1,2007,11301.366750000001
ABGP0001054,2,2007,11301.366750000001
ABGP0001054,3,2007,11301.366750000001
ABGP0001054,4,2007,11301.366750000001
ABGP0001054,5,2007,11301.366750000001
ABGP0001054,6,2007,11301.366750000001
ABGP0001054,7,2007,11301.366750000001
ABGP0001054,8,2007,11301.366750000001
ABGP0001054,9,2007,11301.366750000001
ABGP0001054,10,2007,11301.366750000001
ABGP0001054,11,2007,11301.366750000001
ABGP0001054,12,2007,11301.366750000001
ABGP0001054,1,2006,11748.343066666666
ABGP0001054,2,2006,11748.343066666666
ABGP0001054,3,2006,11748.343066666666
ABGP0001054,4,2006,11748.343066666666
ABGP0001054,5,2006,11748.343066666666
ABGP0001054,6,2006,11748.343066666666
ABGP0001054,7,2006,11748.343066666666
ABGP0001054,8,2006,11748.343066666666
ABGP0001054,9,2006,11748.343066666666
ABGP0001054,10,2006,11748.343066666666
ABGP0001054,11,2006,11748.343066666666
ABGP0001054,12,2006,11748.343066666666
ABGP0001054,1,2005,12333.95498
ABGP0001054,2,2005,12333.95498
ABGP0001054,3,2005,12333.95498
ABGP0001054,4,2005,12333.95498
ABGP0001054,5,2005,12333.95498
ABGP0001054,6,2005,12333.95498
ABGP0001054,7,2005,12333.95498
ABGP0001054,8,2005,12333.95498
ABGP0001054,9,2005,12333.95498
ABGP0001054,10,2005,12333.95498
ABGP0001054,11,2005,12333.95498
ABGP0001054,12,2005,12333.95498
ABGP0001054,1,2004,20943.547333333332
ABGP0001054,2,2004,20943.547333333332
ABGP0001054,3,2004,20943.547333333332
ABGP0001054,4,2004,20943.547333333332
ABGP0001054,5,2004,20943.547333333332
ABGP0001054,6,2004,20943.547333333332
ABGP0001054,7,2004,20943.547333333332
ABGP0001054,8,2004,20943.547333333332
ABGP0001054,9,2004,20943.547333333332
ABGP0001054,10,2004,20943.547333333332
ABGP0001054,11,2004,20943.547333333332
ABGP0001054,12,2004,20943.547333333332
ABGP0001062,1,2022,1961.0348158333334
ABGP0001062,2,2022,1961.0348158333334
ABGP0001062,3,2022,1961.0348158333334
ABGP0001062,4,2022,1961.0348158333334
ABGP0001062,5,2022,1961.0348158333334
ABGP0001062,6,2022,1961.0348158333334
ABGP0001062,7,2022,1961.0348158333334
ABGP0001062,8,2022,1961.0348158333334
ABGP0001062,9,2022,1961.0348158333334
ABGP0001062,10,2022,1961.0348158333334
ABGP0001062,11,2022,1961.0348158333334
ABGP0001062,12,2022,1961.0348158333334
ABGP0001062,1,2022,2644.1336991666667
ABGP0001062,2,2022,2644.1336991666667
ABGP0001062,3,2022,2644.1336991666667
ABGP0001062,4,2022,2644.1336991666667
ABGP0001062,5,2022,2644.1336991666667
ABGP0001062,6,2022,2644.1336991666667
ABGP0001062,7,2022,2644.1336991666667
ABGP0001062,8,2022,2644.1336991666667
ABGP0001062,9,2022,2644.1336991666667
ABGP0001062,10,2022,2644.1336991666667
ABGP0001062,11,2022,2644.1336991666667
ABGP0001062,12,2022,2644.1336991666667
ABGP0001062,1,2021,2017.8774083333335
ABGP0001062,2,2021,2017.8774083333335
ABGP0001062,3,2021,2017.8774083333335
ABGP0001062,4,2021,2017.8774083333335
ABGP0001062,5,2021,2017.8774083333335
ABGP0001062,6,2021,2017.8774083333335
ABGP0001062,7,2021,2017.8774083333335
ABGP0001062,8,2021,2017.8774083333335
ABGP0001062,9,2021,2017.8774083333335
ABGP0001062,10,2021,2017.8774083333335
ABGP0001062,11,2021,2017.8774083333335
ABGP0001062,12,2021,2017.8774083333335
ABGP0001062,1,2021,3202.0057366666665
ABGP0001062,2,2021,3202.0057366666665
ABGP0001062,3,2021,3202.0057366666665
ABGP0001062,4,2021,3202.0057366666665
ABGP0001062,5,2021,3202.0057366666665
ABGP0001062,6,2021,3202.0057366666665
ABGP0001062,7,2021,3202.0057366666665
ABGP0001062,8,2021,3202.0057366666665
ABGP0001062,9,2021,3202.0057366666665
ABGP0001062,10,2021,3202.0057366666665
ABGP0001062,11,2021,3202.0057366666665
ABGP0001062,12,2021,3202.0057366666665
ABGP0001062,1,2020,1636.0579166666666
ABGP0001062,2,2020,1636.0579166666666
ABGP0001062,3,2020,1636.0579166666666
ABGP0001062,4,2020,1636.0579166666666
ABGP0001062,5,2020,1636.0579166666666
ABGP0001062,6,2020,1636.0579166666666
ABGP0001062,7,2020,1636.0579166666666
ABGP0001062,8,2020,1636.0579166666666
ABGP0001062,9,2020,1636.0579166666666
ABGP0001062,10,2020,1636.0579166666666
ABGP0001062,11,2020,1636.0579166666666
ABGP0001062,12,2020,1636.0579166666666
ABGP0001062,1,2020,3000.5134999999996
ABGP0001062,2,2020,3000.5134999999996
ABGP0001062,3,2020,3000.5134999999996
ABGP0001062,4,2020,3000.5134999999996
ABGP0001062,5,2020,3000.5134999999996
ABGP0001062,6,2020,3000.5134999999996
ABGP0001062,7,2020,3000.5134999999996
ABGP0001062,8,2020,3000.5134999999996
ABGP0001062,9,2020,3000.5134999999996
ABGP0001062,10,2020,3000.5134999999996
ABGP0001062,11,2020,3000.5134999999996
ABGP0001062,12,2020,3000.5134999999996
ABGP0001062,1,2019,1556.9324166666665
ABGP0001062,2,2019,1556.9324166666665
ABGP0001062,3,2019,1556.9324166666665
ABGP0001062,4,2019,1556.9324166666665
ABGP0001062,5,2019,1556.9324166666665
ABGP0001062,6,2019,1556.9324166666665
ABGP0001062,7,2019,1556.9324166666665
ABGP0001062,8,2019,1556.9324166666665
ABGP0001062,9,2019,1556.9324166666665
ABGP0001062,10,2019,1556.9324166666665
ABGP0001062,11,2019,1556.9324166666665
ABGP0001062,12,2019,1556.9324166666665
ABGP0001062,1,2019,5242.1318
ABGP0001062,2,2019,5242.1318
ABGP0001062,3,2019,5242.1318
ABGP0001062,4,2019,5242.1318
ABGP0001062,5,2019,5242.1318
ABGP0001062,6,2019,5242.1318
ABGP0001062,7,2019,5242.1318
ABGP0001062,8,2019,5242.1318
ABGP0001062,9,2019,5242.1318
ABGP0001062,10,2019,5242.1318
ABGP0001062,11,2019,5242.1318
ABGP0001062,12,2019,5242.1318
ABGP0001062,1,2018,1805.2246666666667
ABGP0001062,2,2018,1805.2246666666667
ABGP0001062,3,2018,1805.2246666666667
ABGP0001062,4,2018,1805.2246666666667
ABGP0001062,5,2018,1805.2246666666667
ABGP0001062,6,2018,1805.2246666666667
ABGP0001062,7,2018,1805.2246666666667
ABGP0001062,8,2018,1805.2246666666667
ABGP0001062,9,2018,1805.2246666666667
ABGP0001062,10,2018,1805.2246666666667
ABGP0001062,11,2018,1805.2246666666667
ABGP0001062,12,2018,1805.2246666666667
ABGP0001062,1,2018,3303.5475
ABGP0001062,2,2018,3303.5475
ABGP0001062,3,2018,3303.5475
ABGP0001062,4,2018,3303.5475
ABGP0001062,5,2018,3303.5475
ABGP0001062,6,2018,3303.5475
ABGP0001062,7,2018,3303.5475
ABGP0001062,8,2018,3303.5475
ABGP0001062,9,2018,3303.5475
ABGP0001062,10,2018,3303.5475
ABGP0001062,11,2018,3303.5475
ABGP0001062,12,2018,3303.5475
ABGP0001062,1,2017,3526.7815416666667
ABGP0001062,2,2017,3526.7815416666667
ABGP0001062,3,2017,3526.7815416666667
ABGP0001062,4,2017,3526.7815416666667
ABGP0001062,5,2017,3526.7815416666667
ABGP0001062,6,2017,3526.7815416666667
ABGP0001062,7,2017,3526.7815416666667
ABGP0001062,8,2017,3526.7815416666667
ABGP0001062,9,2017,3526.7815416666667
ABGP0001062,10,2017,3526.7815416666667
ABGP0001062,11,2017,3526.7815416666667
ABGP0001062,12,2017,3526.7815416666667
ABGP0001062,1,2013,3547.058718333333
ABGP0001062,2,2013,3547.058718333333
ABGP0001062,3,2013,3547.058718333333
ABGP0001062,4,2013,3547.058718333333
ABGP0001062,5,2013,3547.058718333333
ABGP0001062,6,2013,3547.058718333333
ABGP0001062,7,2013,3547.058718333333
ABGP0001062,8,2013,3547.058718333333
ABGP0001062,9,2013,3547.058718333333
ABGP0001062,10,2013,3547.058718333333
ABGP0001062,11,2013,3547.058718333333
ABGP0001062,12,2013,3547.058718333333
ABGP0001062,1,2012,4041.418
ABGP0001062,2,2012,4041.418
ABGP0001062,3,2012,4041.418
ABGP0001062,4,2012,4041.418
ABGP0001062,5,2012,4041.418
ABGP0001062,6,2012,4041.418
ABGP0001062,7,2012,4041.418
ABGP0001062,8,2012,4041.418
ABGP0001062,9,2012,4041.418
ABGP0001062,10,2012,4041.418
ABGP0001062,11,2012,4041.418
ABGP0001062,12,2012,4041.418
ABGP0001062,1,2011,4242.891059166667
ABGP0001062,2,2011,4242.891059166667
ABGP0001062,3,2011,4242.891059166667
ABGP0001062,4,2011,4242.891059166667
ABGP0001062,5,2011,4242.891059166667
ABGP0001062,6,2011,4242.891059166667
ABGP0001062,7,2011,4242.891059166667
ABGP0001062,8,2011,4242.891059166667
ABGP0001062,9,2011,4242.891059166667
ABGP0001062,10,2011,4242.891059166667
ABGP0001062,11,2011,4242.891059166667
ABGP0001062,12,2011,4242.891059166667
ABGP0001062,1,2010,4516.709373333333
ABGP0001062,2,2010,4516.709373333333
ABGP0001062,3,2010,4516.709373333333
ABGP0001062,4,2010,4516.709373333333
ABGP0001062,5,2010,4516.709373333333
ABGP0001062,6,2010,4516.709373333333
ABGP0001062,7,2010,4516.709373333333
ABGP0001062,8,2010,4516.709373333333
ABGP0001062,9,2010,4516.709373333333
ABGP0001062,10,2010,4516.709373333333
ABGP0001062,11,2010,4516.709373333333
ABGP0001062,12,2010,4516.709373333333
ABGP0001067,1,2020,1191.9739841666667
ABGP0001067,2,2020,1191.9739841666667
ABGP0001067,3,2020,1191.9739841666667
ABGP0001067,4,2020,1191.9739841666667
ABGP0001067,5,2020,1191.9739841666667
ABGP0001067,6,2020,1191.9739841666667
ABGP0001067,7,2020,1191.9739841666667
ABGP0001067,8,2020,1191.9739841666667
ABGP0001067,9,2020,1191.9739841666667
ABGP0001067,10,2020,1191.9739841666667
ABGP0001067,11,2020,1191.9739841666667
ABGP0001067,12,2020,1191.9739841666667
ABGP0001067,1,2019,2080.6942166666668
ABGP0001067,2,2019,2080.6942166666668
ABGP0001067,3,2019,2080.6942166666668
ABGP0001067,4,2019,2080.6942166666668
ABGP0001067,5,2019,2080.6942166666668
ABGP0001067,6,2019,2080.6942166666668
ABGP0001067,7,2019,2080.6942166666668
ABGP0001067,8,2019,2080.6942166666668
ABGP0001067,9,2019,2080.6942166666668
ABGP0001067,10,2019,2080.6942166666668
ABGP0001067,11,2019,2080.6942166666668
ABGP0001067,12,2019,2080.6942166666668
ABGP0001067,1,2018,1683.6582683333334
ABGP0001067,2,2018,1683.6582683333334
ABGP0001067,3,2018,1683.6582683333334
ABGP0001067,4,2018,1683.6582683333334
ABGP0001067,5,2018,1683.6582683333334
ABGP0001067,6,2018,1683.6582683333334
ABGP0001067,7,2018,1683.6582683333334
ABGP0001067,8,2018,1683.6582683333334
ABGP0001067,9,2018,1683.6582683333334
ABGP0001067,10,2018,1683.6582683333334
ABGP0001067,11,2018,1683.6582683333334
ABGP0001067,12,2018,1683.6582683333334
ABGP0001067,1,2017,1472.7787
ABGP0001067,2,2017,1472.7787
ABGP0001067,3,2017,1472.7787
ABGP0001067,4,2017,1472.7787
ABGP0001067,5,2017,1472.7787
ABGP0001067,6,2017,1472.7787
ABGP0001067,7,2017,1472.7787
ABGP0001067,8,2017,1472.7787
ABGP0001067,9,2017,1472.7787
ABGP0001067,10,2017,1472.7787
ABGP0001067,11,2017,1472.7787
ABGP0001067,12,2017,1472.7787
ABGP0001069,1,2022,4559.780434166667
ABGP0001069,2,2022,4559.780434166667
ABGP0001069,3,2022,4559.780434166667
ABGP0001069,4,2022,4559.780434166667
ABGP0001069,5,2022,4559.780434166667
ABGP0001069,6,2022,4559.780434166667
ABGP0001069,7,2022,4559.780434166667
ABGP0001069,8,2022,4559.780434166667
ABGP0001069,9,2022,4559.780434166667
ABGP0001069,10,2022,4559.780434166667
ABGP0001069,11,2022,4559.780434166667
ABGP0001069,12,2022,4559.780434166667
ABGP0001069,1,2022,1178.7579133333334
ABGP0001069,2,2022,1178.7579133333334
ABGP0001069,3,2022,1178.7579133333334
ABGP0001069,4,2022,1178.7579133333334
ABGP0001069,5,2022,1178.7579133333334
ABGP0001069,6,2022,1178.7579133333334
ABGP0001069,7,2022,1178.7579133333334
ABGP0001069,8,2022,1178.7579133333334
ABGP0001069,9,2022,1178.7579133333334
ABGP0001069,10,2022,1178.7579133333334
ABGP0001069,11,2022,1178.7579133333334
ABGP0001069,12,2022,1178.7579133333334
ABGP0001069,1,2021,4495.871778
ABGP0001069,2,2021,4495.871778
ABGP0001069,3,2021,4495.871778
ABGP0001069,4,2021,4495.871778
ABGP0001069,5,2021,4495.871778
ABGP0001069,6,2021,4495.871778
ABGP0001069,7,2021,4495.871778
ABGP0001069,8,2021,4495.871778
ABGP0001069,9,2021,4495.871778
ABGP0001069,10,2021,4495.871778
ABGP0001069,11,2021,4495.871778
ABGP0001069,12,2021,4495.871778
ABGP0001069,1,2020,4556.754416666667
ABGP0001069,2,2020,4556.754416666667
ABGP0001069,3,2020,4556.754416666667
ABGP0001069,4,2020,4556.754416666667
ABGP0001069,5,2020,4556.754416666667
ABGP0001069,6,2020,4556.754416666667
ABGP0001069,7,2020,4556.754416666667
ABGP0001069,8,2020,4556.754416666667
ABGP0001069,9,2020,4556.754416666667
ABGP0001069,10,2020,4556.754416666667
ABGP0001069,11,2020,4556.754416666667
ABGP0001069,12,2020,4556.754416666667
ABGP0001069,1,2019,3832.987833333333
ABGP0001069,2,2019,3832.987833333333
ABGP0001069,3,2019,3832.987833333333
ABGP0001069,4,2019,3832.987833333333
ABGP0001069,5,2019,3832.987833333333
ABGP0001069,6,2019,3832.987833333333
ABGP0001069,7,2019,3832.987833333333
ABGP0001069,8,2019,3832.987833333333
ABGP0001069,9,2019,3832.987833333333
ABGP0001069,10,2019,3832.987833333333
ABGP0001069,11,2019,3832.987833333333
ABGP0001069,12,2019,3832.987833333333
ABGP0001069,1,2018,4276.06775
ABGP0001069,2,2018,4276.06775
ABGP0001069,3,2018,4276.06775
ABGP0001069,4,2018,4276.06775
ABGP0001069,5,2018,4276.06775
ABGP0001069,6,2018,4276.06775
ABGP0001069,7,2018,4276.06775
ABGP0001069,8,2018,4276.06775
ABGP0001069,9,2018,4276.06775
ABGP0001069,10,2018,4276.06775
ABGP0001069,11,2018,4276.06775
ABGP0001069,12,2018,4276.06775
ABGP0001069,1,2017,4016.6974916666663
ABGP0001069,2,2017,4016.6974916666663
ABGP0001069,3,2017,4016.6974916666663
ABGP0001069,4,2017,4016.6974916666663
ABGP0001069,5,2017,4016.6974916666663
ABGP0001069,6,2017,4016.6974916666663
ABGP0001069,7,2017,4016.6974916666663
ABGP0001069,8,2017,4016.6974916666663
ABGP0001069,9,2017,4016.6974916666663
ABGP0001069,10,2017,4016.6974916666663
ABGP0001069,11,2017,4016.6974916666663
ABGP0001069,12,2017,4016.6974916666663
ABGP0001069,1,2016,3550.9051
ABGP0001069,2,2016,3550.9051
ABGP0001069,3,2016,3550.9051
ABGP0001069,4,2016,3550.9051
ABGP0001069,5,2016,3550.9051
ABGP0001069,6,2016,3550.9051
ABGP0001069,7,2016,3550.9051
ABGP0001069,8,2016,3550.9051
ABGP0001069,9,2016,3550.9051
ABGP0001069,10,2016,3550.9051
ABGP0001069,11,2016,3550.9051
ABGP0001069,12,2016,3550.9051
ABGP0001069,1,2015,4333.7763700000005
ABGP0001069,2,2015,4333.7763700000005
ABGP0001069,3,2015,4333.7763700000005
ABGP0001069,4,2015,4333.7763700000005
ABGP0001069,5,2015,4333.7763700000005
ABGP0001069,6,2015,4333.7763700000005
ABGP0001069,7,2015,4333.7763700000005
ABGP0001069,8,2015,4333.7763700000005
ABGP0001069,9,2015,4333.7763700000005
ABGP0001069,10,2015,4333.7763700000005
ABGP0001069,11,2015,4333.7763700000005
ABGP0001069,12,2015,4333.7763700000005
ABGP0001069,1,2014,4876.181098
ABGP0001069,2,2014,4876.181098
ABGP0001069,3,2014,4876.181098
ABGP0001069,4,2014,4876.181098
ABGP0001069,5,2014,4876.181098
ABGP0001069,6,2014,4876.181098
ABGP0001069,7,2014,4876.181098
ABGP0001069,8,2014,4876.181098
ABGP0001069,9,2014,4876.181098
ABGP0001069,10,2014,4876.181098
ABGP0001069,11,2014,4876.181098
ABGP0001069,12,2014,4876.181098
ABGP0001069,1,2013,6031.040069166666
ABGP0001069,2,2013,6031.040069166666
ABGP0001069,3,2013,6031.040069166666
ABGP0001069,4,2013,6031.040069166666
ABGP0001069,5,2013,6031.040069166666
ABGP0001069,6,2013,6031.040069166666
ABGP0001069,7,2013,6031.040069166666
ABGP0001069,8,2013,6031.040069166666
ABGP0001069,9,2013,6031.040069166666
ABGP0001069,10,2013,6031.040069166666
ABGP0001069,11,2013,6031.040069166666
ABGP0001069,12,2013,6031.040069166666
ABGP0001069,1,2012,4886.904538
ABGP0001069,2,2012,4886.904538
ABGP0001069,3,2012,4886.904538
ABGP0001069,4,2012,4886.904538
ABGP0001069,5,2012,4886.904538
ABGP0001069,6,2012,4886.904538
ABGP0001069,7,2012,4886.904538
ABGP0001069,8,2012,4886.904538
ABGP0001069,9,2012,4886.904538
ABGP0001069,10,2012,4886.904538
ABGP0001069,11,2012,4886.904538
ABGP0001069,12,2012,4886.904538
ABGP0001069,1,2011,4447.214148
ABGP0001069,2,2011,4447.214148
ABGP0001069,3,2011,4447.214148
ABGP0001069,4,2011,4447.214148
ABGP0001069,5,2011,4447.214148
ABGP0001069,6,2011,4447.214148
ABGP0001069,7,2011,4447.214148
ABGP0001069,8,2011,4447.214148
ABGP0001069,9,2011,4447.214148
ABGP0001069,10,2011,4447.214148
ABGP0001069,11,2011,4447.214148
ABGP0001069,12,2011,4447.214148
ABGP0001069,1,2010,4448.044413333333
ABGP0001069,2,2010,4448.044413333333
ABGP0001069,3,2010,4448.044413333333
ABGP0001069,4,2010,4448.044413333333
ABGP0001069,5,2010,4448.044413333333
ABGP0001069,6,2010,4448.044413333333
ABGP0001069,7,2010,4448.044413333333
ABGP0001069,8,2010,4448.044413333333
ABGP0001069,9,2010,4448.044413333333
ABGP0001069,10,2010,4448.044413333333
ABGP0001069,11,2010,4448.044413333333
ABGP0001069,12,2010,4448.044413333333
ABGP0001069,1,2009,4912.951530833333
ABGP0001069,2,2009,4912.951530833333
ABGP0001069,3,2009,4912.951530833333
ABGP0001069,4,2009,4912.951530833333
ABGP0001069,5,2009,4912.951530833333
ABGP0001069,6,2009,4912.951530833333
ABGP0001069,7,2009,4912.951530833333
ABGP0001069,8,2009,4912.951530833333
ABGP0001069,9,2009,4912.951530833333
ABGP0001069,10,2009,4912.951530833333
ABGP0001069,11,2009,4912.951530833333
ABGP0001069,12,2009,4912.951530833333
ABGP0001069,1,2007,7213.160446666666
ABGP0001069,2,2007,7213.160446666666
ABGP0001069,3,2007,7213.160446666666
ABGP0001069,4,2007,7213.160446666666
ABGP0001069,5,2007,7213.160446666666
ABGP0001069,6,2007,7213.160446666666
ABGP0001069,7,2007,7213.160446666666
ABGP0001069,8,2007,7213.160446666666
ABGP0001069,9,2007,7213.160446666666
ABGP0001069,10,2007,7213.160446666666
ABGP0001069,11,2007,7213.160446666666
ABGP0001069,12,2007,7213.160446666666
ABGP0001069,1,2006,13537.699916666666
ABGP0001069,2,2006,13537.699916666666
ABGP0001069,3,2006,13537.699916666666
ABGP0001069,4,2006,13537.699916666666
ABGP0001069,5,2006,13537.699916666666
ABGP0001069,6,2006,13537.699916666666
ABGP0001069,7,2006,13537.699916666666
ABGP0001069,8,2006,13537.699916666666
ABGP0001069,9,2006,13537.699916666666
ABGP0001069,10,2006,13537.699916666666
ABGP0001069,11,2006,13537.699916666666
ABGP0001069,12,2006,13537.699916666666
ABGP0001069,1,2005,13260.867408333334
ABGP0001069,2,2005,13260.867408333334
ABGP0001069,3,2005,13260.867408333334
ABGP0001069,4,2005,13260.867408333334
ABGP0001069,5,2005,13260.867408333334
ABGP0001069,6,2005,13260.867408333334
ABGP0001069,7,2005,13260.867408333334
ABGP0001069,8,2005,13260.867408333334
ABGP0001069,9,2005,13260.867408333334
ABGP0001069,10,2005,13260.867408333334
ABGP0001069,11,2005,13260.867408333334
ABGP0001069,12,2005,13260.867408333334
ABGP0001069,1,2004,13757.032433333334
ABGP0001069,2,2004,13757.032433333334
ABGP0001069,3,2004,13757.032433333334
ABGP0001069,4,2004,13757.032433333334
ABGP0001069,5,2004,13757.032433333334
ABGP0001069,6,2004,13757.032433333334
ABGP0001069,7,2004,13757.032433333334
ABGP0001069,8,2004,13757.032433333334
ABGP0001069,9,2004,13757.032433333334
ABGP0001069,10,2004,13757.032433333334
ABGP0001069,11,2004,13757.032433333334
ABGP0001069,12,2004,13757.032433333334
ABGP0001070,1,2022,5456.465450000001
ABGP0001070,2,2022,5456.465450000001
ABGP0001070,3,2022,5456.465450000001
ABGP0001070,4,2022,5456.465450000001
ABGP0001070,5,2022,5456.465450000001
ABGP0001070,6,2022,5456.465450000001
ABGP0001070,7,2022,5456.465450000001
ABGP0001070,8,2022,5456.465450000001
ABGP0001070,9,2022,5456.465450000001
ABGP0001070,10,2022,5456.465450000001
ABGP0001070,11,2022,5456.465450000001
ABGP0001070,12,2022,5456.465450000001
ABGP0001070,1,2021,5227.681783333333
ABGP0001070,2,2021,5227.681783333333
ABGP0001070,3,2021,5227.681783333333
ABGP0001070,4,2021,5227.681783333333
ABGP0001070,5,2021,5227.681783333333
ABGP0001070,6,2021,5227.681783333333
ABGP0001070,7,2021,5227.681783333333
ABGP0001070,8,2021,5227.681783333333
ABGP0001070,9,2021,5227.681783333333
ABGP0001070,10,2021,5227.681783333333
ABGP0001070,11,2021,5227.681783333333
ABGP0001070,12,2021,5227.681783333333
ABGP0001070,1,2020,3878.079416666667
ABGP0001070,2,2020,3878.079416666667
ABGP0001070,3,2020,3878.079416666667
ABGP0001070,4,2020,3878.079416666667
ABGP0001070,5,2020,3878.079416666667
ABGP0001070,6,2020,3878.079416666667
ABGP0001070,7,2020,3878.079416666667
ABGP0001070,8,2020,3878.079416666667
ABGP0001070,9,2020,3878.079416666667
ABGP0001070,10,2020,3878.079416666667
ABGP0001070,11,2020,3878.079416666667
ABGP0001070,12,2020,3878.079416666667
ABGP0001070,1,2019,4716.51675
ABGP0001070,2,2019,4716.51675
ABGP0001070,3,2019,4716.51675
ABGP0001070,4,2019,4716.51675
ABGP0001070,5,2019,4716.51675
ABGP0001070,6,2019,4716.51675
ABGP0001070,7,2019,4716.51675
ABGP0001070,8,2019,4716.51675
ABGP0001070,9,2019,4716.51675
ABGP0001070,10,2019,4716.51675
ABGP0001070,11,2019,4716.51675
ABGP0001070,12,2019,4716.51675
ABGP0001070,1,2018,4726.5095833333335
ABGP0001070,2,2018,4726.5095833333335
ABGP0001070,3,2018,4726.5095833333335
ABGP0001070,4,2018,4726.5095833333335
ABGP0001070,5,2018,4726.5095833333335
ABGP0001070,6,2018,4726.5095833333335
ABGP0001070,7,2018,4726.5095833333335
ABGP0001070,8,2018,4726.5095833333335
ABGP0001070,9,2018,4726.5095833333335
ABGP0001070,10,2018,4726.5095833333335
ABGP0001070,11,2018,4726.5095833333335
ABGP0001070,12,2018,4726.5095833333335
ABGP0001070,1,2017,4830.522833333333
ABGP0001070,2,2017,4830.522833333333
ABGP0001070,3,2017,4830.522833333333
ABGP0001070,4,2017,4830.522833333333
ABGP0001070,5,2017,4830.522833333333
ABGP0001070,6,2017,4830.522833333333
ABGP0001070,7,2017,4830.522833333333
ABGP0001070,8,2017,4830.522833333333
ABGP0001070,9,2017,4830.522833333333
ABGP0001070,10,2017,4830.522833333333
ABGP0001070,11,2017,4830.522833333333
ABGP0001070,12,2017,4830.522833333333
ABGP0001070,1,2016,4857.137523
ABGP0001070,2,2016,4857.137523
ABGP0001070,3,2016,4857.137523
ABGP0001070,4,2016,4857.137523
ABGP0001070,5,2016,4857.137523
ABGP0001070,6,2016,4857.137523
ABGP0001070,7,2016,4857.137523
ABGP0001070,8,2016,4857.137523
ABGP0001070,9,2016,4857.137523
ABGP0001070,10,2016,4857.137523
ABGP0001070,11,2016,4857.137523
ABGP0001070,12,2016,4857.137523
ABGP0001070,1,2015,4904.981095
ABGP0001070,2,2015,4904.981095
ABGP0001070,3,2015,4904.981095
ABGP0001070,4,2015,4904.981095
ABGP0001070,5,2015,4904.981095
ABGP0001070,6,2015,4904.981095
ABGP0001070,7,2015,4904.981095
ABGP0001070,8,2015,4904.981095
ABGP0001070,9,2015,4904.981095
ABGP0001070,10,2015,4904.981095
ABGP0001070,11,2015,4904.981095
ABGP0001070,12,2015,4904.981095
ABGP0001070,1,2014,4760.825251666666
ABGP0001070,2,2014,4760.825251666666
ABGP0001070,3,2014,4760.825251666666
ABGP0001070,4,2014,4760.825251666666
ABGP0001070,5,2014,4760.825251666666
ABGP0001070,6,2014,4760.825251666666
ABGP0001070,7,2014,4760.825251666666
ABGP0001070,8,2014,4760.825251666666
ABGP0001070,9,2014,4760.825251666666
ABGP0001070,10,2014,4760.825251666666
ABGP0001070,11,2014,4760.825251666666
ABGP0001070,12,2014,4760.825251666666
ABGP0001070,1,2013,4751.0934
ABGP0001070,2,2013,4751.0934
ABGP0001070,3,2013,4751.0934
ABGP0001070,4,2013,4751.0934
ABGP0001070,5,2013,4751.0934
ABGP0001070,6,2013,4751.0934
ABGP0001070,7,2013,4751.0934
ABGP0001070,8,2013,4751.0934
ABGP0001070,9,2013,4751.0934
ABGP0001070,10,2013,4751.0934
ABGP0001070,11,2013,4751.0934
ABGP0001070,12,2013,4751.0934
ABGP0001070,1,2012,4678.4105549999995
ABGP0001070,2,2012,4678.4105549999995
ABGP0001070,3,2012,4678.4105549999995
ABGP0001070,4,2012,4678.4105549999995
ABGP0001070,5,2012,4678.4105549999995
ABGP0001070,6,2012,4678.4105549999995
ABGP0001070,7,2012,4678.4105549999995
ABGP0001070,8,2012,4678.4105549999995
ABGP0001070,9,2012,4678.4105549999995
ABGP0001070,10,2012,4678.4105549999995
ABGP0001070,11,2012,4678.4105549999995
ABGP0001070,12,2012,4678.4105549999995
ABGP0001070,1,2011,4807.501538333333
ABGP0001070,2,2011,4807.501538333333
ABGP0001070,3,2011,4807.501538333333
ABGP0001070,4,2011,4807.501538333333
ABGP0001070,5,2011,4807.501538333333
ABGP0001070,6,2011,4807.501538333333
ABGP0001070,7,2011,4807.501538333333
ABGP0001070,8,2011,4807.501538333333
ABGP0001070,9,2011,4807.501538333333
ABGP0001070,10,2011,4807.501538333333
ABGP0001070,11,2011,4807.501538333333
ABGP0001070,12,2011,4807.501538333333
ABGP0001070,1,2010,4688.383184166666
ABGP0001070,2,2010,4688.383184166666
ABGP0001070,3,2010,4688.383184166666
ABGP0001070,4,2010,4688.383184166666
ABGP0001070,5,2010,4688.383184166666
ABGP0001070,6,2010,4688.383184166666
ABGP0001070,7,2010,4688.383184166666
ABGP0001070,8,2010,4688.383184166666
ABGP0001070,9,2010,4688.383184166666
ABGP0001070,10,2010,4688.383184166666
ABGP0001070,11,2010,4688.383184166666
ABGP0001070,12,2010,4688.383184166666
ABGP0001070,1,2009,6591.123235
ABGP0001070,2,2009,6591.123235
ABGP0001070,3,2009,6591.123235
ABGP0001070,4,2009,6591.123235
ABGP0001070,5,2009,6591.123235
ABGP0001070,6,2009,6591.123235
ABGP0001070,7,2009,6591.123235
ABGP0001070,8,2009,6591.123235
ABGP0001070,9,2009,6591.123235
ABGP0001070,10,2009,6591.123235
ABGP0001070,11,2009,6591.123235
ABGP0001070,12,2009,6591.123235
ABGP0001075,1,2022,1176.8818241666665
ABGP0001075,2,2022,1176.8818241666665
ABGP0001075,3,2022,1176.8818241666665
ABGP0001075,4,2022,1176.8818241666665
ABGP0001075,5,2022,1176.8818241666665
ABGP0001075,6,2022,1176.8818241666665
ABGP0001075,7,2022,1176.8818241666665
ABGP0001075,8,2022,1176.8818241666665
ABGP0001075,9,2022,1176.8818241666665
ABGP0001075,10,2022,1176.8818241666665
ABGP0001075,11,2022,1176.8818241666665
ABGP0001075,12,2022,1176.8818241666665
ABGP0001075,1,2021,1002.3946766666667
ABGP0001075,2,2021,1002.3946766666667
ABGP0001075,3,2021,1002.3946766666667
ABGP0001075,4,2021,1002.3946766666667
ABGP0001075,5,2021,1002.3946766666667
ABGP0001075,6,2021,1002.3946766666667
ABGP0001075,7,2021,1002.3946766666667
ABGP0001075,8,2021,1002.3946766666667
ABGP0001075,9,2021,1002.3946766666667
ABGP0001075,10,2021,1002.3946766666667
ABGP0001075,11,2021,1002.3946766666667
ABGP0001075,12,2021,1002.3946766666667
ABGP0001075,1,2020,1365.1151666666667
ABGP0001075,2,2020,1365.1151666666667
ABGP0001075,3,2020,1365.1151666666667
ABGP0001075,4,2020,1365.1151666666667
ABGP0001075,5,2020,1365.1151666666667
ABGP0001075,6,2020,1365.1151666666667
ABGP0001075,7,2020,1365.1151666666667
ABGP0001075,8,2020,1365.1151666666667
ABGP0001075,9,2020,1365.1151666666667
ABGP0001075,10,2020,1365.1151666666667
ABGP0001075,11,2020,1365.1151666666667
ABGP0001075,12,2020,1365.1151666666667
ABGP0001075,1,2019,1637.6229166666665
ABGP0001075,2,2019,1637.6229166666665
ABGP0001075,3,2019,1637.6229166666665
ABGP0001075,4,2019,1637.6229166666665
ABGP0001075,5,2019,1637.6229166666665
ABGP0001075,6,2019,1637.6229166666665
ABGP0001075,7,2019,1637.6229166666665
ABGP0001075,8,2019,1637.6229166666665
ABGP0001075,9,2019,1637.6229166666665
ABGP0001075,10,2019,1637.6229166666665
ABGP0001075,11,2019,1637.6229166666665
ABGP0001075,12,2019,1637.6229166666665
ABGP0001075,1,2018,1664.41225
ABGP0001075,2,2018,1664.41225
ABGP0001075,3,2018,1664.41225
ABGP0001075,4,2018,1664.41225
ABGP0001075,5,2018,1664.41225
ABGP0001075,6,2018,1664.41225
ABGP0001075,7,2018,1664.41225
ABGP0001075,8,2018,1664.41225
ABGP0001075,9,2018,1664.41225
ABGP0001075,10,2018,1664.41225
ABGP0001075,11,2018,1664.41225
ABGP0001075,12,2018,1664.41225
ABGP0001075,1,2017,1001.1639166666668
ABGP0001075,2,2017,1001.1639166666668
ABGP0001075,3,2017,1001.1639166666668
ABGP0001075,4,2017,1001.1639166666668
ABGP0001075,5,2017,1001.1639166666668
ABGP0001075,6,2017,1001.1639166666668
ABGP0001075,7,2017,1001.1639166666668
ABGP0001075,8,2017,1001.1639166666668
ABGP0001075,9,2017,1001.1639166666668
ABGP0001075,10,2017,1001.1639166666668
ABGP0001075,11,2017,1001.1639166666668
ABGP0001075,12,2017,1001.1639166666668
ABGP0001079,1,2022,866.3699416666667
ABGP0001079,2,2022,866.3699416666667
ABGP0001079,3,2022,866.3699416666667
ABGP0001079,4,2022,866.3699416666667
ABGP0001079,5,2022,866.3699416666667
ABGP0001079,6,2022,866.3699416666667
ABGP0001079,7,2022,866.3699416666667
ABGP0001079,8,2022,866.3699416666667
ABGP0001079,9,2022,866.3699416666667
ABGP0001079,10,2022,866.3699416666667
ABGP0001079,11,2022,866.3699416666667
ABGP0001079,12,2022,866.3699416666667
ABGP0001086,1,2022,1713.3865400000002
ABGP0001086,2,2022,1713.3865400000002
ABGP0001086,3,2022,1713.3865400000002
ABGP0001086,4,2022,1713.3865400000002
ABGP0001086,5,2022,1713.3865400000002
ABGP0001086,6,2022,1713.3865400000002
ABGP0001086,7,2022,1713.3865400000002
ABGP0001086,8,2022,1713.3865400000002
ABGP0001086,9,2022,1713.3865400000002
ABGP0001086,10,2022,1713.3865400000002
ABGP0001086,11,2022,1713.3865400000002
ABGP0001086,12,2022,1713.3865400000002
ABGP0001086,1,2021,2049.7837999999997
ABGP0001086,2,2021,2049.7837999999997
ABGP0001086,3,2021,2049.7837999999997
ABGP0001086,4,2021,2049.7837999999997
ABGP0001086,5,2021,2049.7837999999997
ABGP0001086,6,2021,2049.7837999999997
ABGP0001086,7,2021,2049.7837999999997
ABGP0001086,8,2021,2049.7837999999997
ABGP0001086,9,2021,2049.7837999999997
ABGP0001086,10,2021,2049.7837999999997
ABGP0001086,11,2021,2049.7837999999997
ABGP0001086,12,2021,2049.7837999999997
ABGP0001086,1,2020,3880.833
ABGP0001086,2,2020,3880.833
ABGP0001086,3,2020,3880.833
ABGP0001086,4,2020,3880.833
ABGP0001086,5,2020,3880.833
ABGP0001086,6,2020,3880.833
ABGP0001086,7,2020,3880.833
ABGP0001086,8,2020,3880.833
ABGP0001086,9,2020,3880.833
ABGP0001086,10,2020,3880.833
ABGP0001086,11,2020,3880.833
ABGP0001086,12,2020,3880.833
ABGP0001086,1,2019,2966.2174166666664
ABGP0001086,2,2019,2966.2174166666664
ABGP0001086,3,2019,2966.2174166666664
ABGP0001086,4,2019,2966.2174166666664
ABGP0001086,5,2019,2966.2174166666664
ABGP0001086,6,2019,2966.2174166666664
ABGP0001086,7,2019,2966.2174166666664
ABGP0001086,8,2019,2966.2174166666664
ABGP0001086,9,2019,2966.2174166666664
ABGP0001086,10,2019,2966.2174166666664
ABGP0001086,11,2019,2966.2174166666664
ABGP0001086,12,2019,2966.2174166666664
ABGP0001086,1,2018,2415.654916666667
ABGP0001086,2,2018,2415.654916666667
ABGP0001086,3,2018,2415.654916666667
ABGP0001086,4,2018,2415.654916666667
ABGP0001086,5,2018,2415.654916666667
ABGP0001086,6,2018,2415.654916666667
ABGP0001086,7,2018,2415.654916666667
ABGP0001086,8,2018,2415.654916666667
ABGP0001086,9,2018,2415.654916666667
ABGP0001086,10,2018,2415.654916666667
ABGP0001086,11,2018,2415.654916666667
ABGP0001086,12,2018,2415.654916666667
ABGP0001088,1,2022,1528.053075
ABGP0001088,2,2022,1528.053075
ABGP0001088,3,2022,1528.053075
ABGP0001088,4,2022,1528.053075
ABGP0001088,5,2022,1528.053075
ABGP0001088,6,2022,1528.053075
ABGP0001088,7,2022,1528.053075
ABGP0001088,8,2022,1528.053075
ABGP0001088,9,2022,1528.053075
ABGP0001088,10,2022,1528.053075
ABGP0001088,11,2022,1528.053075
ABGP0001088,12,2022,1528.053075
ABGP0001088,1,2021,1646.8372499999998
ABGP0001088,2,2021,1646.8372499999998
ABGP0001088,3,2021,1646.8372499999998
ABGP0001088,4,2021,1646.8372499999998
ABGP0001088,5,2021,1646.8372499999998
ABGP0001088,6,2021,1646.8372499999998
ABGP0001088,7,2021,1646.8372499999998
ABGP0001088,8,2021,1646.8372499999998
ABGP0001088,9,2021,1646.8372499999998
ABGP0001088,10,2021,1646.8372499999998
ABGP0001088,11,2021,1646.8372499999998
ABGP0001088,12,2021,1646.8372499999998
ABGP0001088,1,2020,1206.4740583333335
ABGP0001088,2,2020,1206.4740583333335
ABGP0001088,3,2020,1206.4740583333335
ABGP0001088,4,2020,1206.4740583333335
ABGP0001088,5,2020,1206.4740583333335
ABGP0001088,6,2020,1206.4740583333335
ABGP0001088,7,2020,1206.4740583333335
ABGP0001088,8,2020,1206.4740583333335
ABGP0001088,9,2020,1206.4740583333335
ABGP0001088,10,2020,1206.4740583333335
ABGP0001088,11,2020,1206.4740583333335
ABGP0001088,12,2020,1206.4740583333335
ABGP0001088,1,2019,1317.3389166666666
ABGP0001088,2,2019,1317.3389166666666
ABGP0001088,3,2019,1317.3389166666666
ABGP0001088,4,2019,1317.3389166666666
ABGP0001088,5,2019,1317.3389166666666
ABGP0001088,6,2019,1317.3389166666666
ABGP0001088,7,2019,1317.3389166666666
ABGP0001088,8,2019,1317.3389166666666
ABGP0001088,9,2019,1317.3389166666666
ABGP0001088,10,2019,1317.3389166666666
ABGP0001088,11,2019,1317.3389166666666
ABGP0001088,12,2019,1317.3389166666666
ABGP0001089,1,2019,1268.091975
ABGP0001089,2,2019,1268.091975
ABGP0001089,3,2019,1268.091975
ABGP0001089,4,2019,1268.091975
ABGP0001089,5,2019,1268.091975
ABGP0001089,6,2019,1268.091975
ABGP0001089,7,2019,1268.091975
ABGP0001089,8,2019,1268.091975
ABGP0001089,9,2019,1268.091975
ABGP0001089,10,2019,1268.091975
ABGP0001089,11,2019,1268.091975
ABGP0001089,12,2019,1268.091975
ABGP0001089,1,2018,1552.9385249999998
ABGP0001089,2,2018,1552.9385249999998
ABGP0001089,3,2018,1552.9385249999998
ABGP0001089,4,2018,1552.9385249999998
ABGP0001089,5,2018,1552.9385249999998
ABGP0001089,6,2018,1552.9385249999998
ABGP0001089,7,2018,1552.9385249999998
ABGP0001089,8,2018,1552.9385249999998
ABGP0001089,9,2018,1552.9385249999998
ABGP0001089,10,2018,1552.9385249999998
ABGP0001089,11,2018,1552.9385249999998
ABGP0001089,12,2018,1552.9385249999998
ABGP0001089,1,2017,1516.5305
ABGP0001089,2,2017,1516.5305
ABGP0001089,3,2017,1516.5305
ABGP0001089,4,2017,1516.5305
ABGP0001089,5,2017,1516.5305
ABGP0001089,6,2017,1516.5305
ABGP0001089,7,2017,1516.5305
ABGP0001089,8,2017,1516.5305
ABGP0001089,9,2017,1516.5305
ABGP0001089,10,2017,1516.5305
ABGP0001089,11,2017,1516.5305
ABGP0001089,12,2017,1516.5305
ABGP0001091,1,2022,1284.1120250000001
ABGP0001091,2,2022,1284.1120250000001
ABGP0001091,3,2022,1284.1120250000001
ABGP0001091,4,2022,1284.1120250000001
ABGP0001091,5,2022,1284.1120250000001
ABGP0001091,6,2022,1284.1120250000001
ABGP0001091,7,2022,1284.1120250000001
ABGP0001091,8,2022,1284.1120250000001
ABGP0001091,9,2022,1284.1120250000001
ABGP0001091,10,2022,1284.1120250000001
ABGP0001091,11,2022,1284.1120250000001
ABGP0001091,12,2022,1284.1120250000001
ABGP0001091,1,2021,1021.2151333333333
ABGP0001091,2,2021,1021.2151333333333
ABGP0001091,3,2021,1021.2151333333333
ABGP0001091,4,2021,1021.2151333333333
ABGP0001091,5,2021,1021.2151333333333
ABGP0001091,6,2021,1021.2151333333333
ABGP0001091,7,2021,1021.2151333333333
ABGP0001091,8,2021,1021.2151333333333
ABGP0001091,9,2021,1021.2151333333333
ABGP0001091,10,2021,1021.2151333333333
ABGP0001091,11,2021,1021.2151333333333
ABGP0001091,12,2021,1021.2151333333333
ABGP0001091,1,2020,1015.6746666666667
ABGP0001091,2,2020,1015.6746666666667
ABGP0001091,3,2020,1015.6746666666667
ABGP0001091,4,2020,1015.6746666666667
ABGP0001091,5,2020,1015.6746666666667
ABGP0001091,6,2020,1015.6746666666667
ABGP0001091,7,2020,1015.6746666666667
ABGP0001091,8,2020,1015.6746666666667
ABGP0001091,9,2020,1015.6746666666667
ABGP0001091,10,2020,1015.6746666666667
ABGP0001091,11,2020,1015.6746666666667
ABGP0001091,12,2020,1015.6746666666667
ABGP0001094,1,2021,1160.9767141666666
ABGP0001094,2,2021,1160.9767141666666
ABGP0001094,3,2021,1160.9767141666666
ABGP0001094,4,2021,1160.9767141666666
ABGP0001094,5,2021,1160.9767141666666
ABGP0001094,6,2021,1160.9767141666666
ABGP0001094,7,2021,1160.9767141666666
ABGP0001094,8,2021,1160.9767141666666
ABGP0001094,9,2021,1160.9767141666666
ABGP0001094,10,2021,1160.9767141666666
ABGP0001094,11,2021,1160.9767141666666
ABGP0001094,12,2021,1160.9767141666666
ABGP0001105,1,2022,3360.4650383333333
ABGP0001105,2,2022,3360.4650383333333
ABGP0001105,3,2022,3360.4650383333333
ABGP0001105,4,2022,3360.4650383333333
ABGP0001105,5,2022,3360.4650383333333
ABGP0001105,6,2022,3360.4650383333333
ABGP0001105,7,2022,3360.4650383333333
ABGP0001105,8,2022,3360.4650383333333
ABGP0001105,9,2022,3360.4650383333333
ABGP0001105,10,2022,3360.4650383333333
ABGP0001105,11,2022,3360.4650383333333
ABGP0001105,12,2022,3360.4650383333333
ABGP0001105,1,2021,4318.215698
ABGP0001105,2,2021,4318.215698
ABGP0001105,3,2021,4318.215698
ABGP0001105,4,2021,4318.215698
ABGP0001105,5,2021,4318.215698
ABGP0001105,6,2021,4318.215698
ABGP0001105,7,2021,4318.215698
ABGP0001105,8,2021,4318.215698
ABGP0001105,9,2021,4318.215698
ABGP0001105,10,2021,4318.215698
ABGP0001105,11,2021,4318.215698
ABGP0001105,12,2021,4318.215698
ABGP0001105,1,2020,4974.613571666667
ABGP0001105,2,2020,4974.613571666667
ABGP0001105,3,2020,4974.613571666667
ABGP0001105,4,2020,4974.613571666667
ABGP0001105,5,2020,4974.613571666667
ABGP0001105,6,2020,4974.613571666667
ABGP0001105,7,2020,4974.613571666667
ABGP0001105,8,2020,4974.613571666667
ABGP0001105,9,2020,4974.613571666667
ABGP0001105,10,2020,4974.613571666667
ABGP0001105,11,2020,4974.613571666667
ABGP0001105,12,2020,4974.613571666667
ABGP0001105,1,2019,6102.606260833333
ABGP0001105,2,2019,6102.606260833333
ABGP0001105,3,2019,6102.606260833333
ABGP0001105,4,2019,6102.606260833333
ABGP0001105,5,2019,6102.606260833333
ABGP0001105,6,2019,6102.606260833333
ABGP0001105,7,2019,6102.606260833333
ABGP0001105,8,2019,6102.606260833333
ABGP0001105,9,2019,6102.606260833333
ABGP0001105,10,2019,6102.606260833333
ABGP0001105,11,2019,6102.606260833333
ABGP0001105,12,2019,6102.606260833333
ABGP0001105,1,2018,7662.192581666666
ABGP0001105,2,2018,7662.192581666666
ABGP0001105,3,2018,7662.192581666666
ABGP0001105,4,2018,7662.192581666666
ABGP0001105,5,2018,7662.192581666666
ABGP0001105,6,2018,7662.192581666666
ABGP0001105,7,2018,7662.192581666666
ABGP0001105,8,2018,7662.192581666666
ABGP0001105,9,2018,7662.192581666666
ABGP0001105,10,2018,7662.192581666666
ABGP0001105,11,2018,7662.192581666666
ABGP0001105,12,2018,7662.192581666666
ABGP0001105,1,2017,7983.2063941666665
ABGP0001105,2,2017,7983.2063941666665
ABGP0001105,3,2017,7983.2063941666665
ABGP0001105,4,2017,7983.2063941666665
ABGP0001105,5,2017,7983.2063941666665
ABGP0001105,6,2017,7983.2063941666665
ABGP0001105,7,2017,7983.2063941666665
ABGP0001105,8,2017,7983.2063941666665
ABGP0001105,9,2017,7983.2063941666665
ABGP0001105,10,2017,7983.2063941666665
ABGP0001105,11,2017,7983.2063941666665
ABGP0001105,12,2017,7983.2063941666665
ABGP0001105,1,2016,4798.315424166666
ABGP0001105,2,2016,4798.315424166666
ABGP0001105,3,2016,4798.315424166666
ABGP0001105,4,2016,4798.315424166666
ABGP0001105,5,2016,4798.315424166666
ABGP0001105,6,2016,4798.315424166666
ABGP0001105,7,2016,4798.315424166666
ABGP0001105,8,2016,4798.315424166666
ABGP0001105,9,2016,4798.315424166666
ABGP0001105,10,2016,4798.315424166666
ABGP0001105,11,2016,4798.315424166666
ABGP0001105,12,2016,4798.315424166666
ABGP0001105,1,2015,4469.754078
ABGP0001105,2,2015,4469.754078
ABGP0001105,3,2015,4469.754078
ABGP0001105,4,2015,4469.754078
ABGP0001105,5,2015,4469.754078
ABGP0001105,6,2015,4469.754078
ABGP0001105,7,2015,4469.754078
ABGP0001105,8,2015,4469.754078
ABGP0001105,9,2015,4469.754078
ABGP0001105,10,2015,4469.754078
ABGP0001105,11,2015,4469.754078
ABGP0001105,12,2015,4469.754078
ABGP0001105,1,2014,4858.168898333333
ABGP0001105,2,2014,4858.168898333333
ABGP0001105,3,2014,4858.168898333333
ABGP0001105,4,2014,4858.168898333333
ABGP0001105,5,2014,4858.168898333333
ABGP0001105,6,2014,4858.168898333333
ABGP0001105,7,2014,4858.168898333333
ABGP0001105,8,2014,4858.168898333333
ABGP0001105,9,2014,4858.168898333333
ABGP0001105,10,2014,4858.168898333333
ABGP0001105,11,2014,4858.168898333333
ABGP0001105,12,2014,4858.168898333333
ABGP0001105,1,2013,4812.611651666667
ABGP0001105,2,2013,4812.611651666667
ABGP0001105,3,2013,4812.611651666667
ABGP0001105,4,2013,4812.611651666667
ABGP0001105,5,2013,4812.611651666667
ABGP0001105,6,2013,4812.611651666667
ABGP0001105,7,2013,4812.611651666667
ABGP0001105,8,2013,4812.611651666667
ABGP0001105,9,2013,4812.611651666667
ABGP0001105,10,2013,4812.611651666667
ABGP0001105,11,2013,4812.611651666667
ABGP0001105,12,2013,4812.611651666667
ABGP0001105,1,2012,5236.242435
ABGP0001105,2,2012,5236.242435
ABGP0001105,3,2012,5236.242435
ABGP0001105,4,2012,5236.242435
ABGP0001105,5,2012,5236.242435
ABGP0001105,6,2012,5236.242435
ABGP0001105,7,2012,5236.242435
ABGP0001105,8,2012,5236.242435
ABGP0001105,9,2012,5236.242435
ABGP0001105,10,2012,5236.242435
ABGP0001105,11,2012,5236.242435
ABGP0001105,12,2012,5236.242435
ABGP0001105,1,2011,5263.552548
ABGP0001105,2,2011,5263.552548
ABGP0001105,3,2011,5263.552548
ABGP0001105,4,2011,5263.552548
ABGP0001105,5,2011,5263.552548
ABGP0001105,6,2011,5263.552548
ABGP0001105,7,2011,5263.552548
ABGP0001105,8,2011,5263.552548
ABGP0001105,9,2011,5263.552548
ABGP0001105,10,2011,5263.552548
ABGP0001105,11,2011,5263.552548
ABGP0001105,12,2011,5263.552548
ABGP0001105,1,2010,4835.423406666667
ABGP0001105,2,2010,4835.423406666667
ABGP0001105,3,2010,4835.423406666667
ABGP0001105,4,2010,4835.423406666667
ABGP0001105,5,2010,4835.423406666667
ABGP0001105,6,2010,4835.423406666667
ABGP0001105,7,2010,4835.423406666667
ABGP0001105,8,2010,4835.423406666667
ABGP0001105,9,2010,4835.423406666667
ABGP0001105,10,2010,4835.423406666667
ABGP0001105,11,2010,4835.423406666667
ABGP0001105,12,2010,4835.423406666667
ABGP0001105,1,2009,5122.532555833333
ABGP0001105,2,2009,5122.532555833333
ABGP0001105,3,2009,5122.532555833333
ABGP0001105,4,2009,5122.532555833333
ABGP0001105,5,2009,5122.532555833333
ABGP0001105,6,2009,5122.532555833333
ABGP0001105,7,2009,5122.532555833333
ABGP0001105,8,2009,5122.532555833333
ABGP0001105,9,2009,5122.532555833333
ABGP0001105,10,2009,5122.532555833333
ABGP0001105,11,2009,5122.532555833333
ABGP0001105,12,2009,5122.532555833333
ABGP0001110,1,2022,883.929
ABGP0001110,2,2022,883.929
ABGP0001110,3,2022,883.929
ABGP0001110,4,2022,883.929
ABGP0001110,5,2022,883.929
ABGP0001110,6,2022,883.929
ABGP0001110,7,2022,883.929
ABGP0001110,8,2022,883.929
ABGP0001110,9,2022,883.929
ABGP0001110,10,2022,883.929
ABGP0001110,11,2022,883.929
ABGP0001110,12,2022,883.929
ABGP0001110,1,2021,941.9034316666666
ABGP0001110,2,2021,941.9034316666666
ABGP0001110,3,2021,941.9034316666666
ABGP0001110,4,2021,941.9034316666666
ABGP0001110,5,2021,941.9034316666666
ABGP0001110,6,2021,941.9034316666666
ABGP0001110,7,2021,941.9034316666666
ABGP0001110,8,2021,941.9034316666666
ABGP0001110,9,2021,941.9034316666666
ABGP0001110,10,2021,941.9034316666666
ABGP0001110,11,2021,941.9034316666666
ABGP0001110,12,2021,941.9034316666666
ABGP0001110,1,2020,1244.291
ABGP0001110,2,2020,1244.291
ABGP0001110,3,2020,1244.291
ABGP0001110,4,2020,1244.291
ABGP0001110,5,2020,1244.291
ABGP0001110,6,2020,1244.291
ABGP0001110,7,2020,1244.291
ABGP0001110,8,2020,1244.291
ABGP0001110,9,2020,1244.291
ABGP0001110,10,2020,1244.291
ABGP0001110,11,2020,1244.291
ABGP0001110,12,2020,1244.291
ABGP0001110,1,2019,1557.9780833333334
ABGP0001110,2,2019,1557.9780833333334
ABGP0001110,3,2019,1557.9780833333334
ABGP0001110,4,2019,1557.9780833333334
ABGP0001110,5,2019,1557.9780833333334
ABGP0001110,6,2019,1557.9780833333334
ABGP0001110,7,2019,1557.9780833333334
ABGP0001110,8,2019,1557.9780833333334
ABGP0001110,9,2019,1557.9780833333334
ABGP0001110,10,2019,1557.9780833333334
ABGP0001110,11,2019,1557.9780833333334
ABGP0001110,12,2019,1557.9780833333334
ABGP0001110,1,2018,1519.99475
ABGP0001110,2,2018,1519.99475
ABGP0001110,3,2018,1519.99475
ABGP0001110,4,2018,1519.99475
ABGP0001110,5,2018,1519.99475
ABGP0001110,6,2018,1519.99475
ABGP0001110,7,2018,1519.99475
ABGP0001110,8,2018,1519.99475
ABGP0001110,9,2018,1519.99475
ABGP0001110,10,2018,1519.99475
ABGP0001110,11,2018,1519.99475
ABGP0001110,12,2018,1519.99475
ABGP0001110,1,2017,1669.3303333333333
ABGP0001110,2,2017,1669.3303333333333
ABGP0001110,3,2017,1669.3303333333333
ABGP0001110,4,2017,1669.3303333333333
ABGP0001110,5,2017,1669.3303333333333
ABGP0001110,6,2017,1669.3303333333333
ABGP0001110,7,2017,1669.3303333333333
ABGP0001110,8,2017,1669.3303333333333
ABGP0001110,9,2017,1669.3303333333333
ABGP0001110,10,2017,1669.3303333333333
ABGP0001110,11,2017,1669.3303333333333
ABGP0001110,12,2017,1669.3303333333333
ABGP0001112,1,2019,1591.0344166666666
ABGP0001112,2,2019,1591.0344166666666
ABGP0001112,3,2019,1591.0344166666666
ABGP0001112,4,2019,1591.0344166666666
ABGP0001112,5,2019,1591.0344166666666
ABGP0001112,6,2019,1591.0344166666666
ABGP0001112,7,2019,1591.0344166666666
ABGP0001112,8,2019,1591.0344166666666
ABGP0001112,9,2019,1591.0344166666666
ABGP0001112,10,2019,1591.0344166666666
ABGP0001112,11,2019,1591.0344166666666
ABGP0001112,12,2019,1591.0344166666666
ABGP0001112,1,2018,2062.7991666666667
ABGP0001112,2,2018,2062.7991666666667
ABGP0001112,3,2018,2062.7991666666667
ABGP0001112,4,2018,2062.7991666666667
ABGP0001112,5,2018,2062.7991666666667
ABGP0001112,6,2018,2062.7991666666667
ABGP0001112,7,2018,2062.7991666666667
ABGP0001112,8,2018,2062.7991666666667
ABGP0001112,9,2018,2062.7991666666667
ABGP0001112,10,2018,2062.7991666666667
ABGP0001112,11,2018,2062.7991666666667
ABGP0001112,12,2018,2062.7991666666667
ABGP0001112,1,2017,2007.7051666666666
ABGP0001112,2,2017,2007.7051666666666
ABGP0001112,3,2017,2007.7051666666666
ABGP0001112,4,2017,2007.7051666666666
ABGP0001112,5,2017,2007.7051666666666
ABGP0001112,6,2017,2007.7051666666666
ABGP0001112,7,2017,2007.7051666666666
ABGP0001112,8,2017,2007.7051666666666
ABGP0001112,9,2017,2007.7051666666666
ABGP0001112,10,2017,2007.7051666666666
ABGP0001112,11,2017,2007.7051666666666
ABGP0001112,12,2017,2007.7051666666666
ABGP0001113,1,2022,8181.805873333334
ABGP0001113,2,2022,8181.805873333334
ABGP0001113,3,2022,8181.805873333334
ABGP0001113,4,2022,8181.805873333334
ABGP0001113,5,2022,8181.805873333334
ABGP0001113,6,2022,8181.805873333334
ABGP0001113,7,2022,8181.805873333334
ABGP0001113,8,2022,8181.805873333334
ABGP0001113,9,2022,8181.805873333334
ABGP0001113,10,2022,8181.805873333334
ABGP0001113,11,2022,8181.805873333334
ABGP0001113,12,2022,8181.805873333334
ABGP0001113,1,2021,6759.600116666667
ABGP0001113,2,2021,6759.600116666667
ABGP0001113,3,2021,6759.600116666667
ABGP0001113,4,2021,6759.600116666667
ABGP0001113,5,2021,6759.600116666667
ABGP0001113,6,2021,6759.600116666667
ABGP0001113,7,2021,6759.600116666667
ABGP0001113,8,2021,6759.600116666667
ABGP0001113,9,2021,6759.600116666667
ABGP0001113,10,2021,6759.600116666667
ABGP0001113,11,2021,6759.600116666667
ABGP0001113,12,2021,6759.600116666667
ABGP0001113,1,2020,6602.074583333334
ABGP0001113,2,2020,6602.074583333334
ABGP0001113,3,2020,6602.074583333334
ABGP0001113,4,2020,6602.074583333334
ABGP0001113,5,2020,6602.074583333334
ABGP0001113,6,2020,6602.074583333334
ABGP0001113,7,2020,6602.074583333334
ABGP0001113,8,2020,6602.074583333334
ABGP0001113,9,2020,6602.074583333334
ABGP0001113,10,2020,6602.074583333334
ABGP0001113,11,2020,6602.074583333334
ABGP0001113,12,2020,6602.074583333334
ABGP0001113,1,2019,6153.184416666667
ABGP0001113,2,2019,6153.184416666667
ABGP0001113,3,2019,6153.184416666667
ABGP0001113,4,2019,6153.184416666667
ABGP0001113,5,2019,6153.184416666667
ABGP0001113,6,2019,6153.184416666667
ABGP0001113,7,2019,6153.184416666667
ABGP0001113,8,2019,6153.184416666667
ABGP0001113,9,2019,6153.184416666667
ABGP0001113,10,2019,6153.184416666667
ABGP0001113,11,2019,6153.184416666667
ABGP0001113,12,2019,6153.184416666667
ABGP0001113,1,2018,4418.636333333333
ABGP0001113,2,2018,4418.636333333333
ABGP0001113,3,2018,4418.636333333333
ABGP0001113,4,2018,4418.636333333333
ABGP0001113,5,2018,4418.636333333333
ABGP0001113,6,2018,4418.636333333333
ABGP0001113,7,2018,4418.636333333333
ABGP0001113,8,2018,4418.636333333333
ABGP0001113,9,2018,4418.636333333333
ABGP0001113,10,2018,4418.636333333333
ABGP0001113,11,2018,4418.636333333333
ABGP0001113,12,2018,4418.636333333333
ABGP0001113,1,2017,4212.86725
ABGP0001113,2,2017,4212.86725
ABGP0001113,3,2017,4212.86725
ABGP0001113,4,2017,4212.86725
ABGP0001113,5,2017,4212.86725
ABGP0001113,6,2017,4212.86725
ABGP0001113,7,2017,4212.86725
ABGP0001113,8,2017,4212.86725
ABGP0001113,9,2017,4212.86725
ABGP0001113,10,2017,4212.86725
ABGP0001113,11,2017,4212.86725
ABGP0001113,12,2017,4212.86725
ABGP0001113,1,2016,3467.5648349999997
ABGP0001113,2,2016,3467.5648349999997
ABGP0001113,3,2016,3467.5648349999997
ABGP0001113,4,2016,3467.5648349999997
ABGP0001113,5,2016,3467.5648349999997
ABGP0001113,6,2016,3467.5648349999997
ABGP0001113,7,2016,3467.5648349999997
ABGP0001113,8,2016,3467.5648349999997
ABGP0001113,9,2016,3467.5648349999997
ABGP0001113,10,2016,3467.5648349999997
ABGP0001113,11,2016,3467.5648349999997
ABGP0001113,12,2016,3467.5648349999997
ABGP0001113,1,2015,4193.121232500001
ABGP0001113,2,2015,4193.121232500001
ABGP0001113,3,2015,4193.121232500001
ABGP0001113,4,2015,4193.121232500001
ABGP0001113,5,2015,4193.121232500001
ABGP0001113,6,2015,4193.121232500001
ABGP0001113,7,2015,4193.121232500001
ABGP0001113,8,2015,4193.121232500001
ABGP0001113,9,2015,4193.121232500001
ABGP0001113,10,2015,4193.121232500001
ABGP0001113,11,2015,4193.121232500001
ABGP0001113,12,2015,4193.121232500001
ABGP0001113,1,2014,3974.313938333333
ABGP0001113,2,2014,3974.313938333333
ABGP0001113,3,2014,3974.313938333333
ABGP0001113,4,2014,3974.313938333333
ABGP0001113,5,2014,3974.313938333333
ABGP0001113,6,2014,3974.313938333333
ABGP0001113,7,2014,3974.313938333333
ABGP0001113,8,2014,3974.313938333333
ABGP0001113,9,2014,3974.313938333333
ABGP0001113,10,2014,3974.313938333333
ABGP0001113,11,2014,3974.313938333333
ABGP0001113,12,2014,3974.313938333333
ABGP0001113,1,2013,4018.163379166667
ABGP0001113,2,2013,4018.163379166667
ABGP0001113,3,2013,4018.163379166667
ABGP0001113,4,2013,4018.163379166667
ABGP0001113,5,2013,4018.163379166667
ABGP0001113,6,2013,4018.163379166667
ABGP0001113,7,2013,4018.163379166667
ABGP0001113,8,2013,4018.163379166667
ABGP0001113,9,2013,4018.163379166667
ABGP0001113,10,2013,4018.163379166667
ABGP0001113,11,2013,4018.163379166667
ABGP0001113,12,2013,4018.163379166667
ABGP0001113,1,2012,4996.582895833333
ABGP0001113,2,2012,4996.582895833333
ABGP0001113,3,2012,4996.582895833333
ABGP0001113,4,2012,4996.582895833333
ABGP0001113,5,2012,4996.582895833333
ABGP0001113,6,2012,4996.582895833333
ABGP0001113,7,2012,4996.582895833333
ABGP0001113,8,2012,4996.582895833333
ABGP0001113,9,2012,4996.582895833333
ABGP0001113,10,2012,4996.582895833333
ABGP0001113,11,2012,4996.582895833333
ABGP0001113,12,2012,4996.582895833333
ABGP0001113,1,2011,5049.410775
ABGP0001113,2,2011,5049.410775
ABGP0001113,3,2011,5049.410775
ABGP0001113,4,2011,5049.410775
ABGP0001113,5,2011,5049.410775
ABGP0001113,6,2011,5049.410775
ABGP0001113,7,2011,5049.410775
ABGP0001113,8,2011,5049.410775
ABGP0001113,9,2011,5049.410775
ABGP0001113,10,2011,5049.410775
ABGP0001113,11,2011,5049.410775
ABGP0001113,12,2011,5049.410775
ABGP0001113,1,2010,5606.859390833334
ABGP0001113,2,2010,5606.859390833334
ABGP0001113,3,2010,5606.859390833334
ABGP0001113,4,2010,5606.859390833334
ABGP0001113,5,2010,5606.859390833334
ABGP0001113,6,2010,5606.859390833334
ABGP0001113,7,2010,5606.859390833334
ABGP0001113,8,2010,5606.859390833334
ABGP0001113,9,2010,5606.859390833334
ABGP0001113,10,2010,5606.859390833334
ABGP0001113,11,2010,5606.859390833334
ABGP0001113,12,2010,5606.859390833334
ABGP0001113,1,2009,5515.611928333333
ABGP0001113,2,2009,5515.611928333333
ABGP0001113,3,2009,5515.611928333333
ABGP0001113,4,2009,5515.611928333333
ABGP0001113,5,2009,5515.611928333333
ABGP0001113,6,2009,5515.611928333333
ABGP0001113,7,2009,5515.611928333333
ABGP0001113,8,2009,5515.611928333333
ABGP0001113,9,2009,5515.611928333333
ABGP0001113,10,2009,5515.611928333333
ABGP0001113,11,2009,5515.611928333333
ABGP0001113,12,2009,5515.611928333333
ABGP0001114,1,2022,2454.074594166667
ABGP0001114,2,2022,2454.074594166667
ABGP0001114,3,2022,2454.074594166667
ABGP0001114,4,2022,2454.074594166667
ABGP0001114,5,2022,2454.074594166667
ABGP0001114,6,2022,2454.074594166667
ABGP0001114,7,2022,2454.074594166667
ABGP0001114,8,2022,2454.074594166667
ABGP0001114,9,2022,2454.074594166667
ABGP0001114,10,2022,2454.074594166667
ABGP0001114,11,2022,2454.074594166667
ABGP0001114,12,2022,2454.074594166667
ABGP0001114,1,2021,2800.098765
ABGP0001114,2,2021,2800.098765
ABGP0001114,3,2021,2800.098765
ABGP0001114,4,2021,2800.098765
ABGP0001114,5,2021,2800.098765
ABGP0001114,6,2021,2800.098765
ABGP0001114,7,2021,2800.098765
ABGP0001114,8,2021,2800.098765
ABGP0001114,9,2021,2800.098765
ABGP0001114,10,2021,2800.098765
ABGP0001114,11,2021,2800.098765
ABGP0001114,12,2021,2800.098765
ABGP0001114,1,2020,1567.0965833333332
ABGP0001114,2,2020,1567.0965833333332
ABGP0001114,3,2020,1567.0965833333332
ABGP0001114,4,2020,1567.0965833333332
ABGP0001114,5,2020,1567.0965833333332
ABGP0001114,6,2020,1567.0965833333332
ABGP0001114,7,2020,1567.0965833333332
ABGP0001114,8,2020,1567.0965833333332
ABGP0001114,9,2020,1567.0965833333332
ABGP0001114,10,2020,1567.0965833333332
ABGP0001114,11,2020,1567.0965833333332
ABGP0001114,12,2020,1567.0965833333332
ABGP0001114,1,2019,1206.5936666666666
ABGP0001114,2,2019,1206.5936666666666
ABGP0001114,3,2019,1206.5936666666666
ABGP0001114,4,2019,1206.5936666666666
ABGP0001114,5,2019,1206.5936666666666
ABGP0001114,6,2019,1206.5936666666666
ABGP0001114,7,2019,1206.5936666666666
ABGP0001114,8,2019,1206.5936666666666
ABGP0001114,9,2019,1206.5936666666666
ABGP0001114,10,2019,1206.5936666666666
ABGP0001114,11,2019,1206.5936666666666
ABGP0001114,12,2019,1206.5936666666666
ABGP0001114,1,2018,1269.24025
ABGP0001114,2,2018,1269.24025
ABGP0001114,3,2018,1269.24025
ABGP0001114,4,2018,1269.24025
ABGP0001114,5,2018,1269.24025
ABGP0001114,6,2018,1269.24025
ABGP0001114,7,2018,1269.24025
ABGP0001114,8,2018,1269.24025
ABGP0001114,9,2018,1269.24025
ABGP0001114,10,2018,1269.24025
ABGP0001114,11,2018,1269.24025
ABGP0001114,12,2018,1269.24025
ABGP0001114,1,2017,1287.3915833333333
ABGP0001114,2,2017,1287.3915833333333
ABGP0001114,3,2017,1287.3915833333333
ABGP0001114,4,2017,1287.3915833333333
ABGP0001114,5,2017,1287.3915833333333
ABGP0001114,6,2017,1287.3915833333333
ABGP0001114,7,2017,1287.3915833333333
ABGP0001114,8,2017,1287.3915833333333
ABGP0001114,9,2017,1287.3915833333333
ABGP0001114,10,2017,1287.3915833333333
ABGP0001114,11,2017,1287.3915833333333
ABGP0001114,12,2017,1287.3915833333333
ABGP0001115,1,2022,1292.6161916666667
ABGP0001115,2,2022,1292.6161916666667
ABGP0001115,3,2022,1292.6161916666667
ABGP0001115,4,2022,1292.6161916666667
ABGP0001115,5,2022,1292.6161916666667
ABGP0001115,6,2022,1292.6161916666667
ABGP0001115,7,2022,1292.6161916666667
ABGP0001115,8,2022,1292.6161916666667
ABGP0001115,9,2022,1292.6161916666667
ABGP0001115,10,2022,1292.6161916666667
ABGP0001115,11,2022,1292.6161916666667
ABGP0001115,12,2022,1292.6161916666667
ABGP0001115,1,2021,1403.2736508333335
ABGP0001115,2,2021,1403.2736508333335
ABGP0001115,3,2021,1403.2736508333335
ABGP0001115,4,2021,1403.2736508333335
ABGP0001115,5,2021,1403.2736508333335
ABGP0001115,6,2021,1403.2736508333335
ABGP0001115,7,2021,1403.2736508333335
ABGP0001115,8,2021,1403.2736508333335
ABGP0001115,9,2021,1403.2736508333335
ABGP0001115,10,2021,1403.2736508333335
ABGP0001115,11,2021,1403.2736508333335
ABGP0001115,12,2021,1403.2736508333335
ABGP0001115,1,2020,2254.074098333333
ABGP0001115,2,2020,2254.074098333333
ABGP0001115,3,2020,2254.074098333333
ABGP0001115,4,2020,2254.074098333333
ABGP0001115,5,2020,2254.074098333333
ABGP0001115,6,2020,2254.074098333333
ABGP0001115,7,2020,2254.074098333333
ABGP0001115,8,2020,2254.074098333333
ABGP0001115,9,2020,2254.074098333333
ABGP0001115,10,2020,2254.074098333333
ABGP0001115,11,2020,2254.074098333333
ABGP0001115,12,2020,2254.074098333333
ABGP0001115,1,2019,3593.2175
ABGP0001115,2,2019,3593.2175
ABGP0001115,3,2019,3593.2175
ABGP0001115,4,2019,3593.2175
ABGP0001115,5,2019,3593.2175
ABGP0001115,6,2019,3593.2175
ABGP0001115,7,2019,3593.2175
ABGP0001115,8,2019,3593.2175
ABGP0001115,9,2019,3593.2175
ABGP0001115,10,2019,3593.2175
ABGP0001115,11,2019,3593.2175
ABGP0001115,12,2019,3593.2175
ABGP0001115,1,2018,1420.835
ABGP0001115,2,2018,1420.835
ABGP0001115,3,2018,1420.835
ABGP0001115,4,2018,1420.835
ABGP0001115,5,2018,1420.835
ABGP0001115,6,2018,1420.835
ABGP0001115,7,2018,1420.835
ABGP0001115,8,2018,1420.835
ABGP0001115,9,2018,1420.835
ABGP0001115,10,2018,1420.835
ABGP0001115,11,2018,1420.835
ABGP0001115,12,2018,1420.835
ABGP0001115,1,2017,1757.6782333333333
ABGP0001115,2,2017,1757.6782333333333
ABGP0001115,3,2017,1757.6782333333333
ABGP0001115,4,2017,1757.6782333333333
ABGP0001115,5,2017,1757.6782333333333
ABGP0001115,6,2017,1757.6782333333333
ABGP0001115,7,2017,1757.6782333333333
ABGP0001115,8,2017,1757.6782333333333
ABGP0001115,9,2017,1757.6782333333333
ABGP0001115,10,2017,1757.6782333333333
ABGP0001115,11,2017,1757.6782333333333
ABGP0001115,12,2017,1757.6782333333333
ABGP0001116,1,2020,836.3110333333334
ABGP0001116,2,2020,836.3110333333334
ABGP0001116,3,2020,836.3110333333334
ABGP0001116,4,2020,836.3110333333334
ABGP0001116,5,2020,836.3110333333334
ABGP0001116,6,2020,836.3110333333334
ABGP0001116,7,2020,836.3110333333334
ABGP0001116,8,2020,836.3110333333334
ABGP0001116,9,2020,836.3110333333334
ABGP0001116,10,2020,836.3110333333334
ABGP0001116,11,2020,836.3110333333334
ABGP0001116,12,2020,836.3110333333334
ABGP0001116,1,2019,978.548625
ABGP0001116,2,2019,978.548625
ABGP0001116,3,2019,978.548625
ABGP0001116,4,2019,978.548625
ABGP0001116,5,2019,978.548625
ABGP0001116,6,2019,978.548625
ABGP0001116,7,2019,978.548625
ABGP0001116,8,2019,978.548625
ABGP0001116,9,2019,978.548625
ABGP0001116,10,2019,978.548625
ABGP0001116,11,2019,978.548625
ABGP0001116,12,2019,978.548625
ABGP0001118,1,2018,880.3903333333333
ABGP0001118,2,2018,880.3903333333333
ABGP0001118,3,2018,880.3903333333333
ABGP0001118,4,2018,880.3903333333333
ABGP0001118,5,2018,880.3903333333333
ABGP0001118,6,2018,880.3903333333333
ABGP0001118,7,2018,880.3903333333333
ABGP0001118,8,2018,880.3903333333333
ABGP0001118,9,2018,880.3903333333333
ABGP0001118,10,2018,880.3903333333333
ABGP0001118,11,2018,880.3903333333333
ABGP0001118,12,2018,880.3903333333333
ABGP0001118,1,2017,1291.7482499999999
ABGP0001118,2,2017,1291.7482499999999
ABGP0001118,3,2017,1291.7482499999999
ABGP0001118,4,2017,1291.7482499999999
ABGP0001118,5,2017,1291.7482499999999
ABGP0001118,6,2017,1291.7482499999999
ABGP0001118,7,2017,1291.7482499999999
ABGP0001118,8,2017,1291.7482499999999
ABGP0001118,9,2017,1291.7482499999999
ABGP0001118,10,2017,1291.7482499999999
ABGP0001118,11,2017,1291.7482499999999
ABGP0001118,12,2017,1291.7482499999999
ABGP0001119,1,2022,1044.332943
ABGP0001119,2,2022,1044.332943
ABGP0001119,3,2022,1044.332943
ABGP0001119,4,2022,1044.332943
ABGP0001119,5,2022,1044.332943
ABGP0001119,6,2022,1044.332943
ABGP0001119,7,2022,1044.332943
ABGP0001119,8,2022,1044.332943
ABGP0001119,9,2022,1044.332943
ABGP0001119,10,2022,1044.332943
ABGP0001119,11,2022,1044.332943
ABGP0001119,12,2022,1044.332943
ABGP0001119,1,2021,1162.3587850000001
ABGP0001119,2,2021,1162.3587850000001
ABGP0001119,3,2021,1162.3587850000001
ABGP0001119,4,2021,1162.3587850000001
ABGP0001119,5,2021,1162.3587850000001
ABGP0001119,6,2021,1162.3587850000001
ABGP0001119,7,2021,1162.3587850000001
ABGP0001119,8,2021,1162.3587850000001
ABGP0001119,9,2021,1162.3587850000001
ABGP0001119,10,2021,1162.3587850000001
ABGP0001119,11,2021,1162.3587850000001
ABGP0001119,12,2021,1162.3587850000001
ABGP0001119,1,2018,1133.191
ABGP0001119,2,2018,1133.191
ABGP0001119,3,2018,1133.191
ABGP0001119,4,2018,1133.191
ABGP0001119,5,2018,1133.191
ABGP0001119,6,2018,1133.191
ABGP0001119,7,2018,1133.191
ABGP0001119,8,2018,1133.191
ABGP0001119,9,2018,1133.191
ABGP0001119,10,2018,1133.191
ABGP0001119,11,2018,1133.191
ABGP0001119,12,2018,1133.191
ABGP0001119,1,2017,1179.27375
ABGP0001119,2,2017,1179.27375
ABGP0001119,3,2017,1179.27375
ABGP0001119,4,2017,1179.27375
ABGP0001119,5,2017,1179.27375
ABGP0001119,6,2017,1179.27375
ABGP0001119,7,2017,1179.27375
ABGP0001119,8,2017,1179.27375
ABGP0001119,9,2017,1179.27375
ABGP0001119,10,2017,1179.27375
ABGP0001119,11,2017,1179.27375
ABGP0001119,12,2017,1179.27375
ABGP0001122,1,2022,3970.4974583333333
ABGP0001122,2,2022,3970.4974583333333
ABGP0001122,3,2022,3970.4974583333333
ABGP0001122,4,2022,3970.4974583333333
ABGP0001122,5,2022,3970.4974583333333
ABGP0001122,6,2022,3970.4974583333333
ABGP0001122,7,2022,3970.4974583333333
ABGP0001122,8,2022,3970.4974583333333
ABGP0001122,9,2022,3970.4974583333333
ABGP0001122,10,2022,3970.4974583333333
ABGP0001122,11,2022,3970.4974583333333
ABGP0001122,12,2022,3970.4974583333333
ABGP0001122,1,2021,4885.2951416666665
ABGP0001122,2,2021,4885.2951416666665
ABGP0001122,3,2021,4885.2951416666665
ABGP0001122,4,2021,4885.2951416666665
ABGP0001122,5,2021,4885.2951416666665
ABGP0001122,6,2021,4885.2951416666665
ABGP0001122,7,2021,4885.2951416666665
ABGP0001122,8,2021,4885.2951416666665
ABGP0001122,9,2021,4885.2951416666665
ABGP0001122,10,2021,4885.2951416666665
ABGP0001122,11,2021,4885.2951416666665
ABGP0001122,12,2021,4885.2951416666665
ABGP0001122,1,2020,4527.502525
ABGP0001122,2,2020,4527.502525
ABGP0001122,3,2020,4527.502525
ABGP0001122,4,2020,4527.502525
ABGP0001122,5,2020,4527.502525
ABGP0001122,6,2020,4527.502525
ABGP0001122,7,2020,4527.502525
ABGP0001122,8,2020,4527.502525
ABGP0001122,9,2020,4527.502525
ABGP0001122,10,2020,4527.502525
ABGP0001122,11,2020,4527.502525
ABGP0001122,12,2020,4527.502525
ABGP0001122,1,2019,4887.321908333333
ABGP0001122,2,2019,4887.321908333333
ABGP0001122,3,2019,4887.321908333333
ABGP0001122,4,2019,4887.321908333333
ABGP0001122,5,2019,4887.321908333333
ABGP0001122,6,2019,4887.321908333333
ABGP0001122,7,2019,4887.321908333333
ABGP0001122,8,2019,4887.321908333333
ABGP0001122,9,2019,4887.321908333333
ABGP0001122,10,2019,4887.321908333333
ABGP0001122,11,2019,4887.321908333333
ABGP0001122,12,2019,4887.321908333333
ABGP0001122,1,2018,4906.629633333333
ABGP0001122,2,2018,4906.629633333333
ABGP0001122,3,2018,4906.629633333333
ABGP0001122,4,2018,4906.629633333333
ABGP0001122,5,2018,4906.629633333333
ABGP0001122,6,2018,4906.629633333333
ABGP0001122,7,2018,4906.629633333333
ABGP0001122,8,2018,4906.629633333333
ABGP0001122,9,2018,4906.629633333333
ABGP0001122,10,2018,4906.629633333333
ABGP0001122,11,2018,4906.629633333333
ABGP0001122,12,2018,4906.629633333333
ABGP0001122,1,2017,4730.1124666666665
ABGP0001122,2,2017,4730.1124666666665
ABGP0001122,3,2017,4730.1124666666665
ABGP0001122,4,2017,4730.1124666666665
ABGP0001122,5,2017,4730.1124666666665
ABGP0001122,6,2017,4730.1124666666665
ABGP0001122,7,2017,4730.1124666666665
ABGP0001122,8,2017,4730.1124666666665
ABGP0001122,9,2017,4730.1124666666665
ABGP0001122,10,2017,4730.1124666666665
ABGP0001122,11,2017,4730.1124666666665
ABGP0001122,12,2017,4730.1124666666665
ABGP0001122,1,2016,4319.531991666667
ABGP0001122,2,2016,4319.531991666667
ABGP0001122,3,2016,4319.531991666667
ABGP0001122,4,2016,4319.531991666667
ABGP0001122,5,2016,4319.531991666667
ABGP0001122,6,2016,4319.531991666667
ABGP0001122,7,2016,4319.531991666667
ABGP0001122,8,2016,4319.531991666667
ABGP0001122,9,2016,4319.531991666667
ABGP0001122,10,2016,4319.531991666667
ABGP0001122,11,2016,4319.531991666667
ABGP0001122,12,2016,4319.531991666667
ABGP0001122,1,2013,3768.0274833333333
ABGP0001122,2,2013,3768.0274833333333
ABGP0001122,3,2013,3768.0274833333333
ABGP0001122,4,2013,3768.0274833333333
ABGP0001122,5,2013,3768.0274833333333
ABGP0001122,6,2013,3768.0274833333333
ABGP0001122,7,2013,3768.0274833333333
ABGP0001122,8,2013,3768.0274833333333
ABGP0001122,9,2013,3768.0274833333333
ABGP0001122,10,2013,3768.0274833333333
ABGP0001122,11,2013,3768.0274833333333
ABGP0001122,12,2013,3768.0274833333333
ABGP0001122,1,2012,4696.2044166666665
ABGP0001122,2,2012,4696.2044166666665
ABGP0001122,3,2012,4696.2044166666665
ABGP0001122,4,2012,4696.2044166666665
ABGP0001122,5,2012,4696.2044166666665
ABGP0001122,6,2012,4696.2044166666665
ABGP0001122,7,2012,4696.2044166666665
ABGP0001122,8,2012,4696.2044166666665
ABGP0001122,9,2012,4696.2044166666665
ABGP0001122,10,2012,4696.2044166666665
ABGP0001122,11,2012,4696.2044166666665
ABGP0001122,12,2012,4696.2044166666665
ABGP0001122,1,2011,4467.279930833333
ABGP0001122,2,2011,4467.279930833333
ABGP0001122,3,2011,4467.279930833333
ABGP0001122,4,2011,4467.279930833333
ABGP0001122,5,2011,4467.279930833333
ABGP0001122,6,2011,4467.279930833333
ABGP0001122,7,2011,4467.279930833333
ABGP0001122,8,2011,4467.279930833333
ABGP0001122,9,2011,4467.279930833333
ABGP0001122,10,2011,4467.279930833333
ABGP0001122,11,2011,4467.279930833333
ABGP0001122,12,2011,4467.279930833333
ABGP0001122,1,2010,4462.916358333333
ABGP0001122,2,2010,4462.916358333333
ABGP0001122,3,2010,4462.916358333333
ABGP0001122,4,2010,4462.916358333333
ABGP0001122,5,2010,4462.916358333333
ABGP0001122,6,2010,4462.916358333333
ABGP0001122,7,2010,4462.916358333333
ABGP0001122,8,2010,4462.916358333333
ABGP0001122,9,2010,4462.916358333333
ABGP0001122,10,2010,4462.916358333333
ABGP0001122,11,2010,4462.916358333333
ABGP0001122,12,2010,4462.916358333333
ABGP0001122,1,2009,4582.921190833334
ABGP0001122,2,2009,4582.921190833334
ABGP0001122,3,2009,4582.921190833334
ABGP0001122,4,2009,4582.921190833334
ABGP0001122,5,2009,4582.921190833334
ABGP0001122,6,2009,4582.921190833334
ABGP0001122,7,2009,4582.921190833334
ABGP0001122,8,2009,4582.921190833334
ABGP0001122,9,2009,4582.921190833334
ABGP0001122,10,2009,4582.921190833334
ABGP0001122,11,2009,4582.921190833334
ABGP0001122,12,2009,4582.921190833334
ABGP0001123,1,2022,2427.1786183333334
ABGP0001123,2,2022,2427.1786183333334
ABGP0001123,3,2022,2427.1786183333334
ABGP0001123,4,2022,2427.1786183333334
ABGP0001123,5,2022,2427.1786183333334
ABGP0001123,6,2022,2427.1786183333334
ABGP0001123,7,2022,2427.1786183333334
ABGP0001123,8,2022,2427.1786183333334
ABGP0001123,9,2022,2427.1786183333334
ABGP0001123,10,2022,2427.1786183333334
ABGP0001123,11,2022,2427.1786183333334
ABGP0001123,12,2022,2427.1786183333334
ABGP0001123,1,2021,3096.4149866666667
ABGP0001123,2,2021,3096.4149866666667
ABGP0001123,3,2021,3096.4149866666667
ABGP0001123,4,2021,3096.4149866666667
ABGP0001123,5,2021,3096.4149866666667
ABGP0001123,6,2021,3096.4149866666667
ABGP0001123,7,2021,3096.4149866666667
ABGP0001123,8,2021,3096.4149866666667
ABGP0001123,9,2021,3096.4149866666667
ABGP0001123,10,2021,3096.4149866666667
ABGP0001123,11,2021,3096.4149866666667
ABGP0001123,12,2021,3096.4149866666667
ABGP0001123,1,2020,1379.8348433333333
ABGP0001123,2,2020,1379.8348433333333
ABGP0001123,3,2020,1379.8348433333333
ABGP0001123,4,2020,1379.8348433333333
ABGP0001123,5,2020,1379.8348433333333
ABGP0001123,6,2020,1379.8348433333333
ABGP0001123,7,2020,1379.8348433333333
ABGP0001123,8,2020,1379.8348433333333
ABGP0001123,9,2020,1379.8348433333333
ABGP0001123,10,2020,1379.8348433333333
ABGP0001123,11,2020,1379.8348433333333
ABGP0001123,12,2020,1379.8348433333333
ABGP0001123,1,2019,1257.981135
ABGP0001123,2,2019,1257.981135
ABGP0001123,3,2019,1257.981135
ABGP0001123,4,2019,1257.981135
ABGP0001123,5,2019,1257.981135
ABGP0001123,6,2019,1257.981135
ABGP0001123,7,2019,1257.981135
ABGP0001123,8,2019,1257.981135
ABGP0001123,9,2019,1257.981135
ABGP0001123,10,2019,1257.981135
ABGP0001123,11,2019,1257.981135
ABGP0001123,12,2019,1257.981135
ABGP0001123,1,2018,1147.166625
ABGP0001123,2,2018,1147.166625
ABGP0001123,3,2018,1147.166625
ABGP0001123,4,2018,1147.166625
ABGP0001123,5,2018,1147.166625
ABGP0001123,6,2018,1147.166625
ABGP0001123,7,2018,1147.166625
ABGP0001123,8,2018,1147.166625
ABGP0001123,9,2018,1147.166625
ABGP0001123,10,2018,1147.166625
ABGP0001123,11,2018,1147.166625
ABGP0001123,12,2018,1147.166625
ABGP0001123,1,2017,916.3124166666666
ABGP0001123,2,2017,916.3124166666666
ABGP0001123,3,2017,916.3124166666666
ABGP0001123,4,2017,916.3124166666666
ABGP0001123,5,2017,916.3124166666666
ABGP0001123,6,2017,916.3124166666666
ABGP0001123,7,2017,916.3124166666666
ABGP0001123,8,2017,916.3124166666666
ABGP0001123,9,2017,916.3124166666666
ABGP0001123,10,2017,916.3124166666666
ABGP0001123,11,2017,916.3124166666666
ABGP0001123,12,2017,916.3124166666666
ABGP0001125,1,2022,836.2113175
ABGP0001125,2,2022,836.2113175
ABGP0001125,3,2022,836.2113175
ABGP0001125,4,2022,836.2113175
ABGP0001125,5,2022,836.2113175
ABGP0001125,6,2022,836.2113175
ABGP0001125,7,2022,836.2113175
ABGP0001125,8,2022,836.2113175
ABGP0001125,9,2022,836.2113175
ABGP0001125,10,2022,836.2113175
ABGP0001125,11,2022,836.2113175
ABGP0001125,12,2022,836.2113175
ABGP0001127,1,2017,1069.4878333333334
ABGP0001127,2,2017,1069.4878333333334
ABGP0001127,3,2017,1069.4878333333334
ABGP0001127,4,2017,1069.4878333333334
ABGP0001127,5,2017,1069.4878333333334
ABGP0001127,6,2017,1069.4878333333334
ABGP0001127,7,2017,1069.4878333333334
ABGP0001127,8,2017,1069.4878333333334
ABGP0001127,9,2017,1069.4878333333334
ABGP0001127,10,2017,1069.4878333333334
ABGP0001127,11,2017,1069.4878333333334
ABGP0001127,12,2017,1069.4878333333334
ABGP0001130,1,2022,1769.4993083333331
ABGP0001130,2,2022,1769.4993083333331
ABGP0001130,3,2022,1769.4993083333331
ABGP0001130,4,2022,1769.4993083333331
ABGP0001130,5,2022,1769.4993083333331
ABGP0001130,6,2022,1769.4993083333331
ABGP0001130,7,2022,1769.4993083333331
ABGP0001130,8,2022,1769.4993083333331
ABGP0001130,9,2022,1769.4993083333331
ABGP0001130,10,2022,1769.4993083333331
ABGP0001130,11,2022,1769.4993083333331
ABGP0001130,12,2022,1769.4993083333331
ABGP0001130,1,2021,1758.6513666666667
ABGP0001130,2,2021,1758.6513666666667
ABGP0001130,3,2021,1758.6513666666667
ABGP0001130,4,2021,1758.6513666666667
ABGP0001130,5,2021,1758.6513666666667
ABGP0001130,6,2021,1758.6513666666667
ABGP0001130,7,2021,1758.6513666666667
ABGP0001130,8,2021,1758.6513666666667
ABGP0001130,9,2021,1758.6513666666667
ABGP0001130,10,2021,1758.6513666666667
ABGP0001130,11,2021,1758.6513666666667
ABGP0001130,12,2021,1758.6513666666667
ABGP0001130,1,2020,1417.9381083333335
ABGP0001130,2,2020,1417.9381083333335
ABGP0001130,3,2020,1417.9381083333335
ABGP0001130,4,2020,1417.9381083333335
ABGP0001130,5,2020,1417.9381083333335
ABGP0001130,6,2020,1417.9381083333335
ABGP0001130,7,2020,1417.9381083333335
ABGP0001130,8,2020,1417.9381083333335
ABGP0001130,9,2020,1417.9381083333335
ABGP0001130,10,2020,1417.9381083333335
ABGP0001130,11,2020,1417.9381083333335
ABGP0001130,12,2020,1417.9381083333335
ABGP0001130,1,2019,1230.8003416666668
ABGP0001130,2,2019,1230.8003416666668
ABGP0001130,3,2019,1230.8003416666668
ABGP0001130,4,2019,1230.8003416666668
ABGP0001130,5,2019,1230.8003416666668
ABGP0001130,6,2019,1230.8003416666668
ABGP0001130,7,2019,1230.8003416666668
ABGP0001130,8,2019,1230.8003416666668
ABGP0001130,9,2019,1230.8003416666668
ABGP0001130,10,2019,1230.8003416666668
ABGP0001130,11,2019,1230.8003416666668
ABGP0001130,12,2019,1230.8003416666668
ABGP0001130,1,2018,1236.226225
ABGP0001130,2,2018,1236.226225
ABGP0001130,3,2018,1236.226225
ABGP0001130,4,2018,1236.226225
ABGP0001130,5,2018,1236.226225
ABGP0001130,6,2018,1236.226225
ABGP0001130,7,2018,1236.226225
ABGP0001130,8,2018,1236.226225
ABGP0001130,9,2018,1236.226225
ABGP0001130,10,2018,1236.226225
ABGP0001130,11,2018,1236.226225
ABGP0001130,12,2018,1236.226225
ABGP0001130,1,2017,1390.1885
ABGP0001130,2,2017,1390.1885
ABGP0001130,3,2017,1390.1885
ABGP0001130,4,2017,1390.1885
ABGP0001130,5,2017,1390.1885
ABGP0001130,6,2017,1390.1885
ABGP0001130,7,2017,1390.1885
ABGP0001130,8,2017,1390.1885
ABGP0001130,9,2017,1390.1885
ABGP0001130,10,2017,1390.1885
ABGP0001130,11,2017,1390.1885
ABGP0001130,12,2017,1390.1885
ABGP0001131,1,2022,1193.1773
ABGP0001131,2,2022,1193.1773
ABGP0001131,3,2022,1193.1773
ABGP0001131,4,2022,1193.1773
ABGP0001131,5,2022,1193.1773
ABGP0001131,6,2022,1193.1773
ABGP0001131,7,2022,1193.1773
ABGP0001131,8,2022,1193.1773
ABGP0001131,9,2022,1193.1773
ABGP0001131,10,2022,1193.1773
ABGP0001131,11,2022,1193.1773
ABGP0001131,12,2022,1193.1773
ABGP0001131,1,2019,1003.8856666666667
ABGP0001131,2,2019,1003.8856666666667
ABGP0001131,3,2019,1003.8856666666667
ABGP0001131,4,2019,1003.8856666666667
ABGP0001131,5,2019,1003.8856666666667
ABGP0001131,6,2019,1003.8856666666667
ABGP0001131,7,2019,1003.8856666666667
ABGP0001131,8,2019,1003.8856666666667
ABGP0001131,9,2019,1003.8856666666667
ABGP0001131,10,2019,1003.8856666666667
ABGP0001131,11,2019,1003.8856666666667
ABGP0001131,12,2019,1003.8856666666667
ABGP0001131,1,2014,5020.214558333333
ABGP0001131,2,2014,5020.214558333333
ABGP0001131,3,2014,5020.214558333333
ABGP0001131,4,2014,5020.214558333333
ABGP0001131,5,2014,5020.214558333333
ABGP0001131,6,2014,5020.214558333333
ABGP0001131,7,2014,5020.214558333333
ABGP0001131,8,2014,5020.214558333333
ABGP0001131,9,2014,5020.214558333333
ABGP0001131,10,2014,5020.214558333333
ABGP0001131,11,2014,5020.214558333333
ABGP0001131,12,2014,5020.214558333333
ABGP0001131,1,2013,13485.41748
ABGP0001131,2,2013,13485.41748
ABGP0001131,3,2013,13485.41748
ABGP0001131,4,2013,13485.41748
ABGP0001131,5,2013,13485.41748
ABGP0001131,6,2013,13485.41748
ABGP0001131,7,2013,13485.41748
ABGP0001131,8,2013,13485.41748
ABGP0001131,9,2013,13485.41748
ABGP0001131,10,2013,13485.41748
ABGP0001131,11,2013,13485.41748
ABGP0001131,12,2013,13485.41748
ABGP0001131,1,2012,14600.740425000002
ABGP0001131,2,2012,14600.740425000002
ABGP0001131,3,2012,14600.740425000002
ABGP0001131,4,2012,14600.740425000002
ABGP0001131,5,2012,14600.740425000002
ABGP0001131,6,2012,14600.740425000002
ABGP0001131,7,2012,14600.740425000002
ABGP0001131,8,2012,14600.740425000002
ABGP0001131,9,2012,14600.740425000002
ABGP0001131,10,2012,14600.740425000002
ABGP0001131,11,2012,14600.740425000002
ABGP0001131,12,2012,14600.740425000002
ABGP0001131,1,2011,15403.33715
ABGP0001131,2,2011,15403.33715
ABGP0001131,3,2011,15403.33715
ABGP0001131,4,2011,15403.33715
ABGP0001131,5,2011,15403.33715
ABGP0001131,6,2011,15403.33715
ABGP0001131,7,2011,15403.33715
ABGP0001131,8,2011,15403.33715
ABGP0001131,9,2011,15403.33715
ABGP0001131,10,2011,15403.33715
ABGP0001131,11,2011,15403.33715
ABGP0001131,12,2011,15403.33715
ABGP0001131,1,2010,15039.459983333334
ABGP0001131,2,2010,15039.459983333334
ABGP0001131,3,2010,15039.459983333334
ABGP0001131,4,2010,15039.459983333334
ABGP0001131,5,2010,15039.459983333334
ABGP0001131,6,2010,15039.459983333334
ABGP0001131,7,2010,15039.459983333334
ABGP0001131,8,2010,15039.459983333334
ABGP0001131,9,2010,15039.459983333334
ABGP0001131,10,2010,15039.459983333334
ABGP0001131,11,2010,15039.459983333334
ABGP0001131,12,2010,15039.459983333334
ABGP0001131,1,2009,15479.946533333334
ABGP0001131,2,2009,15479.946533333334
ABGP0001131,3,2009,15479.946533333334
ABGP0001131,4,2009,15479.946533333334
ABGP0001131,5,2009,15479.946533333334
ABGP0001131,6,2009,15479.946533333334
ABGP0001131,7,2009,15479.946533333334
ABGP0001131,8,2009,15479.946533333334
ABGP0001131,9,2009,15479.946533333334
ABGP0001131,10,2009,15479.946533333334
ABGP0001131,11,2009,15479.946533333334
ABGP0001131,12,2009,15479.946533333334
ABGP0001131,1,2008,14829.889141666667
ABGP0001131,2,2008,14829.889141666667
ABGP0001131,3,2008,14829.889141666667
ABGP0001131,4,2008,14829.889141666667
ABGP0001131,5,2008,14829.889141666667
ABGP0001131,6,2008,14829.889141666667
ABGP0001131,7,2008,14829.889141666667
ABGP0001131,8,2008,14829.889141666667
ABGP0001131,9,2008,14829.889141666667
ABGP0001131,10,2008,14829.889141666667
ABGP0001131,11,2008,14829.889141666667
ABGP0001131,12,2008,14829.889141666667
ABGP0001131,1,2007,13846.508166666667
ABGP0001131,2,2007,13846.508166666667
ABGP0001131,3,2007,13846.508166666667
ABGP0001131,4,2007,13846.508166666667
ABGP0001131,5,2007,13846.508166666667
ABGP0001131,6,2007,13846.508166666667
ABGP0001131,7,2007,13846.508166666667
ABGP0001131,8,2007,13846.508166666667
ABGP0001131,9,2007,13846.508166666667
ABGP0001131,10,2007,13846.508166666667
ABGP0001131,11,2007,13846.508166666667
ABGP0001131,12,2007,13846.508166666667
ABGP0001131,1,2006,20543.333333333332
ABGP0001131,2,2006,20543.333333333332
ABGP0001131,3,2006,20543.333333333332
ABGP0001131,4,2006,20543.333333333332
ABGP0001131,5,2006,20543.333333333332
ABGP0001131,6,2006,20543.333333333332
ABGP0001131,7,2006,20543.333333333332
ABGP0001131,8,2006,20543.333333333332
ABGP0001131,9,2006,20543.333333333332
ABGP0001131,10,2006,20543.333333333332
ABGP0001131,11,2006,20543.333333333332
ABGP0001131,12,2006,20543.333333333332
ABGP0001131,1,2005,24551.666666666668
ABGP0001131,2,2005,24551.666666666668
ABGP0001131,3,2005,24551.666666666668
ABGP0001131,4,2005,24551.666666666668
ABGP0001131,5,2005,24551.666666666668
ABGP0001131,6,2005,24551.666666666668
ABGP0001131,7,2005,24551.666666666668
ABGP0001131,8,2005,24551.666666666668
ABGP0001131,9,2005,24551.666666666668
ABGP0001131,10,2005,24551.666666666668
ABGP0001131,11,2005,24551.666666666668
ABGP0001131,12,2005,24551.666666666668
ABGP0001131,1,2004,23579.083333333332
ABGP0001131,2,2004,23579.083333333332
ABGP0001131,3,2004,23579.083333333332
ABGP0001131,4,2004,23579.083333333332
ABGP0001131,5,2004,23579.083333333332
ABGP0001131,6,2004,23579.083333333332
ABGP0001131,7,2004,23579.083333333332
ABGP0001131,8,2004,23579.083333333332
ABGP0001131,9,2004,23579.083333333332
ABGP0001131,10,2004,23579.083333333332
ABGP0001131,11,2004,23579.083333333332
ABGP0001131,12,2004,23579.083333333332
ABGP0001134,1,2022,6814.968099999999
ABGP0001134,2,2022,6814.968099999999
ABGP0001134,3,2022,6814.968099999999
ABGP0001134,4,2022,6814.968099999999
ABGP0001134,5,2022,6814.968099999999
ABGP0001134,6,2022,6814.968099999999
ABGP0001134,7,2022,6814.968099999999
ABGP0001134,8,2022,6814.968099999999
ABGP0001134,9,2022,6814.968099999999
ABGP0001134,10,2022,6814.968099999999
ABGP0001134,11,2022,6814.968099999999
ABGP0001134,12,2022,6814.968099999999
ABGP0001134,1,2021,6914.220708333333
ABGP0001134,2,2021,6914.220708333333
ABGP0001134,3,2021,6914.220708333333
ABGP0001134,4,2021,6914.220708333333
ABGP0001134,5,2021,6914.220708333333
ABGP0001134,6,2021,6914.220708333333
ABGP0001134,7,2021,6914.220708333333
ABGP0001134,8,2021,6914.220708333333
ABGP0001134,9,2021,6914.220708333333
ABGP0001134,10,2021,6914.220708333333
ABGP0001134,11,2021,6914.220708333333
ABGP0001134,12,2021,6914.220708333333
ABGP0001134,1,2020,7171.586475
ABGP0001134,2,2020,7171.586475
ABGP0001134,3,2020,7171.586475
ABGP0001134,4,2020,7171.586475
ABGP0001134,5,2020,7171.586475
ABGP0001134,6,2020,7171.586475
ABGP0001134,7,2020,7171.586475
ABGP0001134,8,2020,7171.586475
ABGP0001134,9,2020,7171.586475
ABGP0001134,10,2020,7171.586475
ABGP0001134,11,2020,7171.586475
ABGP0001134,12,2020,7171.586475
ABGP0001134,1,2019,7038.3947499999995
ABGP0001134,2,2019,7038.3947499999995
ABGP0001134,3,2019,7038.3947499999995
ABGP0001134,4,2019,7038.3947499999995
ABGP0001134,5,2019,7038.3947499999995
ABGP0001134,6,2019,7038.3947499999995
ABGP0001134,7,2019,7038.3947499999995
ABGP0001134,8,2019,7038.3947499999995
ABGP0001134,9,2019,7038.3947499999995
ABGP0001134,10,2019,7038.3947499999995
ABGP0001134,11,2019,7038.3947499999995
ABGP0001134,12,2019,7038.3947499999995
ABGP0001134,1,2018,7256.3164
ABGP0001134,2,2018,7256.3164
ABGP0001134,3,2018,7256.3164
ABGP0001134,4,2018,7256.3164
ABGP0001134,5,2018,7256.3164
ABGP0001134,6,2018,7256.3164
ABGP0001134,7,2018,7256.3164
ABGP0001134,8,2018,7256.3164
ABGP0001134,9,2018,7256.3164
ABGP0001134,10,2018,7256.3164
ABGP0001134,11,2018,7256.3164
ABGP0001134,12,2018,7256.3164
ABGP0001134,1,2017,7609.1452500000005
ABGP0001134,2,2017,7609.1452500000005
ABGP0001134,3,2017,7609.1452500000005
ABGP0001134,4,2017,7609.1452500000005
ABGP0001134,5,2017,7609.1452500000005
ABGP0001134,6,2017,7609.1452500000005
ABGP0001134,7,2017,7609.1452500000005
ABGP0001134,8,2017,7609.1452500000005
ABGP0001134,9,2017,7609.1452500000005
ABGP0001134,10,2017,7609.1452500000005
ABGP0001134,11,2017,7609.1452500000005
ABGP0001134,12,2017,7609.1452500000005
ABGP0001134,1,2016,7811.296328333334
ABGP0001134,2,2016,7811.296328333334
ABGP0001134,3,2016,7811.296328333334
ABGP0001134,4,2016,7811.296328333334
ABGP0001134,5,2016,7811.296328333334
ABGP0001134,6,2016,7811.296328333334
ABGP0001134,7,2016,7811.296328333334
ABGP0001134,8,2016,7811.296328333334
ABGP0001134,9,2016,7811.296328333334
ABGP0001134,10,2016,7811.296328333334
ABGP0001134,11,2016,7811.296328333334
ABGP0001134,12,2016,7811.296328333334
ABGP0001134,1,2015,8937.6919
ABGP0001134,2,2015,8937.6919
ABGP0001134,3,2015,8937.6919
ABGP0001134,4,2015,8937.6919
ABGP0001134,5,2015,8937.6919
ABGP0001134,6,2015,8937.6919
ABGP0001134,7,2015,8937.6919
ABGP0001134,8,2015,8937.6919
ABGP0001134,9,2015,8937.6919
ABGP0001134,10,2015,8937.6919
ABGP0001134,11,2015,8937.6919
ABGP0001134,12,2015,8937.6919
ABGP0001134,1,2014,8552.977233333333
ABGP0001134,2,2014,8552.977233333333
ABGP0001134,3,2014,8552.977233333333
ABGP0001134,4,2014,8552.977233333333
ABGP0001134,5,2014,8552.977233333333
ABGP0001134,6,2014,8552.977233333333
ABGP0001134,7,2014,8552.977233333333
ABGP0001134,8,2014,8552.977233333333
ABGP0001134,9,2014,8552.977233333333
ABGP0001134,10,2014,8552.977233333333
ABGP0001134,11,2014,8552.977233333333
ABGP0001134,12,2014,8552.977233333333
ABGP0001134,1,2013,10520.461641666667
ABGP0001134,2,2013,10520.461641666667
ABGP0001134,3,2013,10520.461641666667
ABGP0001134,4,2013,10520.461641666667
ABGP0001134,5,2013,10520.461641666667
ABGP0001134,6,2013,10520.461641666667
ABGP0001134,7,2013,10520.461641666667
ABGP0001134,8,2013,10520.461641666667
ABGP0001134,9,2013,10520.461641666667
ABGP0001134,10,2013,10520.461641666667
ABGP0001134,11,2013,10520.461641666667
ABGP0001134,12,2013,10520.461641666667
ABGP0001134,1,2012,10199.233341666666
ABGP0001134,2,2012,10199.233341666666
ABGP0001134,3,2012,10199.233341666666
ABGP0001134,4,2012,10199.233341666666
ABGP0001134,5,2012,10199.233341666666
ABGP0001134,6,2012,10199.233341666666
ABGP0001134,7,2012,10199.233341666666
ABGP0001134,8,2012,10199.233341666666
ABGP0001134,9,2012,10199.233341666666
ABGP0001134,10,2012,10199.233341666666
ABGP0001134,11,2012,10199.233341666666
ABGP0001134,12,2012,10199.233341666666
ABGP0001134,1,2011,11180.964791666667
ABGP0001134,2,2011,11180.964791666667
ABGP0001134,3,2011,11180.964791666667
ABGP0001134,4,2011,11180.964791666667
ABGP0001134,5,2011,11180.964791666667
ABGP0001134,6,2011,11180.964791666667
ABGP0001134,7,2011,11180.964791666667
ABGP0001134,8,2011,11180.964791666667
ABGP0001134,9,2011,11180.964791666667
ABGP0001134,10,2011,11180.964791666667
ABGP0001134,11,2011,11180.964791666667
ABGP0001134,12,2011,11180.964791666667
ABGP0001134,1,2010,11891.786258333334
ABGP0001134,2,2010,11891.786258333334
ABGP0001134,3,2010,11891.786258333334
ABGP0001134,4,2010,11891.786258333334
ABGP0001134,5,2010,11891.786258333334
ABGP0001134,6,2010,11891.786258333334
ABGP0001134,7,2010,11891.786258333334
ABGP0001134,8,2010,11891.786258333334
ABGP0001134,9,2010,11891.786258333334
ABGP0001134,10,2010,11891.786258333334
ABGP0001134,11,2010,11891.786258333334
ABGP0001134,12,2010,11891.786258333334
ABGP0001134,1,2009,11915.222116666666
ABGP0001134,2,2009,11915.222116666666
ABGP0001134,3,2009,11915.222116666666
ABGP0001134,4,2009,11915.222116666666
ABGP0001134,5,2009,11915.222116666666
ABGP0001134,6,2009,11915.222116666666
ABGP0001134,7,2009,11915.222116666666
ABGP0001134,8,2009,11915.222116666666
ABGP0001134,9,2009,11915.222116666666
ABGP0001134,10,2009,11915.222116666666
ABGP0001134,11,2009,11915.222116666666
ABGP0001134,12,2009,11915.222116666666
ABGP0001134,1,2008,7874.741762500001
ABGP0001134,2,2008,7874.741762500001
ABGP0001134,3,2008,7874.741762500001
ABGP0001134,4,2008,7874.741762500001
ABGP0001134,5,2008,7874.741762500001
ABGP0001134,6,2008,7874.741762500001
ABGP0001134,7,2008,7874.741762500001
ABGP0001134,8,2008,7874.741762500001
ABGP0001134,9,2008,7874.741762500001
ABGP0001134,10,2008,7874.741762500001
ABGP0001134,11,2008,7874.741762500001
ABGP0001134,12,2008,7874.741762500001
ABGP0001134,1,2007,8241.533659166666
ABGP0001134,2,2007,8241.533659166666
ABGP0001134,3,2007,8241.533659166666
ABGP0001134,4,2007,8241.533659166666
ABGP0001134,5,2007,8241.533659166666
ABGP0001134,6,2007,8241.533659166666
ABGP0001134,7,2007,8241.533659166666
ABGP0001134,8,2007,8241.533659166666
ABGP0001134,9,2007,8241.533659166666
ABGP0001134,10,2007,8241.533659166666
ABGP0001134,11,2007,8241.533659166666
ABGP0001134,12,2007,8241.533659166666
ABGP0001134,1,2006,12188.2791
ABGP0001134,2,2006,12188.2791
ABGP0001134,3,2006,12188.2791
ABGP0001134,4,2006,12188.2791
ABGP0001134,5,2006,12188.2791
ABGP0001134,6,2006,12188.2791
ABGP0001134,7,2006,12188.2791
ABGP0001134,8,2006,12188.2791
ABGP0001134,9,2006,12188.2791
ABGP0001134,10,2006,12188.2791
ABGP0001134,11,2006,12188.2791
ABGP0001134,12,2006,12188.2791
ABGP0001134,1,2005,11472.624958333334
ABGP0001134,2,2005,11472.624958333334
ABGP0001134,3,2005,11472.624958333334
ABGP0001134,4,2005,11472.624958333334
ABGP0001134,5,2005,11472.624958333334
ABGP0001134,6,2005,11472.624958333334
ABGP0001134,7,2005,11472.624958333334
ABGP0001134,8,2005,11472.624958333334
ABGP0001134,9,2005,11472.624958333334
ABGP0001134,10,2005,11472.624958333334
ABGP0001134,11,2005,11472.624958333334
ABGP0001134,12,2005,11472.624958333334
ABGP0001134,1,2004,10838.333333333334
ABGP0001134,2,2004,10838.333333333334
ABGP0001134,3,2004,10838.333333333334
ABGP0001134,4,2004,10838.333333333334
ABGP0001134,5,2004,10838.333333333334
ABGP0001134,6,2004,10838.333333333334
ABGP0001134,7,2004,10838.333333333334
ABGP0001134,8,2004,10838.333333333334
ABGP0001134,9,2004,10838.333333333334
ABGP0001134,10,2004,10838.333333333334
ABGP0001134,11,2004,10838.333333333334
ABGP0001134,12,2004,10838.333333333334
ABGP0001139,1,2011,4568.304521666667
ABGP0001139,2,2011,4568.304521666667
ABGP0001139,3,2011,4568.304521666667
ABGP0001139,4,2011,4568.304521666667
ABGP0001139,5,2011,4568.304521666667
ABGP0001139,6,2011,4568.304521666667
ABGP0001139,7,2011,4568.304521666667
ABGP0001139,8,2011,4568.304521666667
ABGP0001139,9,2011,4568.304521666667
ABGP0001139,10,2011,4568.304521666667
ABGP0001139,11,2011,4568.304521666667
ABGP0001139,12,2011,4568.304521666667
ABGP0001139,1,2010,4644.8101891666665
ABGP0001139,2,2010,4644.8101891666665
ABGP0001139,3,2010,4644.8101891666665
ABGP0001139,4,2010,4644.8101891666665
ABGP0001139,5,2010,4644.8101891666665
ABGP0001139,6,2010,4644.8101891666665
ABGP0001139,7,2010,4644.8101891666665
ABGP0001139,8,2010,4644.8101891666665
ABGP0001139,9,2010,4644.8101891666665
ABGP0001139,10,2010,4644.8101891666665
ABGP0001139,11,2010,4644.8101891666665
ABGP0001139,12,2010,4644.8101891666665
ABGP0001139,1,2009,4536.765061666667
ABGP0001139,2,2009,4536.765061666667
ABGP0001139,3,2009,4536.765061666667
ABGP0001139,4,2009,4536.765061666667
ABGP0001139,5,2009,4536.765061666667
ABGP0001139,6,2009,4536.765061666667
ABGP0001139,7,2009,4536.765061666667
ABGP0001139,8,2009,4536.765061666667
ABGP0001139,9,2009,4536.765061666667
ABGP0001139,10,2009,4536.765061666667
ABGP0001139,11,2009,4536.765061666667
ABGP0001139,12,2009,4536.765061666667
ABGP0001141,1,2022,23256.606150000003
ABGP0001141,2,2022,23256.606150000003
ABGP0001141,3,2022,23256.606150000003
ABGP0001141,4,2022,23256.606150000003
ABGP0001141,5,2022,23256.606150000003
ABGP0001141,6,2022,23256.606150000003
ABGP0001141,7,2022,23256.606150000003
ABGP0001141,8,2022,23256.606150000003
ABGP0001141,9,2022,23256.606150000003
ABGP0001141,10,2022,23256.606150000003
ABGP0001141,11,2022,23256.606150000003
ABGP0001141,12,2022,23256.606150000003
ABGP0001141,1,2021,25613.196225000003
ABGP0001141,2,2021,25613.196225000003
ABGP0001141,3,2021,25613.196225000003
ABGP0001141,4,2021,25613.196225000003
ABGP0001141,5,2021,25613.196225000003
ABGP0001141,6,2021,25613.196225000003
ABGP0001141,7,2021,25613.196225000003
ABGP0001141,8,2021,25613.196225000003
ABGP0001141,9,2021,25613.196225000003
ABGP0001141,10,2021,25613.196225000003
ABGP0001141,11,2021,25613.196225000003
ABGP0001141,12,2021,25613.196225000003
ABGP0001141,1,2020,27176.033916666667
ABGP0001141,2,2020,27176.033916666667
ABGP0001141,3,2020,27176.033916666667
ABGP0001141,4,2020,27176.033916666667
ABGP0001141,5,2020,27176.033916666667
ABGP0001141,6,2020,27176.033916666667
ABGP0001141,7,2020,27176.033916666667
ABGP0001141,8,2020,27176.033916666667
ABGP0001141,9,2020,27176.033916666667
ABGP0001141,10,2020,27176.033916666667
ABGP0001141,11,2020,27176.033916666667
ABGP0001141,12,2020,27176.033916666667
ABGP0001141,1,2019,28297.709966666665
ABGP0001141,2,2019,28297.709966666665
ABGP0001141,3,2019,28297.709966666665
ABGP0001141,4,2019,28297.709966666665
ABGP0001141,5,2019,28297.709966666665
ABGP0001141,6,2019,28297.709966666665
ABGP0001141,7,2019,28297.709966666665
ABGP0001141,8,2019,28297.709966666665
ABGP0001141,9,2019,28297.709966666665
ABGP0001141,10,2019,28297.709966666665
ABGP0001141,11,2019,28297.709966666665
ABGP0001141,12,2019,28297.709966666665
ABGP0001141,1,2018,25201.571216666667
ABGP0001141,2,2018,25201.571216666667
ABGP0001141,3,2018,25201.571216666667
ABGP0001141,4,2018,25201.571216666667
ABGP0001141,5,2018,25201.571216666667
ABGP0001141,6,2018,25201.571216666667
ABGP0001141,7,2018,25201.571216666667
ABGP0001141,8,2018,25201.571216666667
ABGP0001141,9,2018,25201.571216666667
ABGP0001141,10,2018,25201.571216666667
ABGP0001141,11,2018,25201.571216666667
ABGP0001141,12,2018,25201.571216666667
ABGP0001141,1,2017,23437.283841666667
ABGP0001141,2,2017,23437.283841666667
ABGP0001141,3,2017,23437.283841666667
ABGP0001141,4,2017,23437.283841666667
ABGP0001141,5,2017,23437.283841666667
ABGP0001141,6,2017,23437.283841666667
ABGP0001141,7,2017,23437.283841666667
ABGP0001141,8,2017,23437.283841666667
ABGP0001141,9,2017,23437.283841666667
ABGP0001141,10,2017,23437.283841666667
ABGP0001141,11,2017,23437.283841666667
ABGP0001141,12,2017,23437.283841666667
ABGP0001141,1,2016,25641.669299999998
ABGP0001141,2,2016,25641.669299999998
ABGP0001141,3,2016,25641.669299999998
ABGP0001141,4,2016,25641.669299999998
ABGP0001141,5,2016,25641.669299999998
ABGP0001141,6,2016,25641.669299999998
ABGP0001141,7,2016,25641.669299999998
ABGP0001141,8,2016,25641.669299999998
ABGP0001141,9,2016,25641.669299999998
ABGP0001141,10,2016,25641.669299999998
ABGP0001141,11,2016,25641.669299999998
ABGP0001141,12,2016,25641.669299999998
ABGP0001141,1,2015,29777.764258333333
ABGP0001141,2,2015,29777.764258333333
ABGP0001141,3,2015,29777.764258333333
ABGP0001141,4,2015,29777.764258333333
ABGP0001141,5,2015,29777.764258333333
ABGP0001141,6,2015,29777.764258333333
ABGP0001141,7,2015,29777.764258333333
ABGP0001141,8,2015,29777.764258333333
ABGP0001141,9,2015,29777.764258333333
ABGP0001141,10,2015,29777.764258333333
ABGP0001141,11,2015,29777.764258333333
ABGP0001141,12,2015,29777.764258333333
ABGP0001141,1,2014,30577.905766666667
ABGP0001141,2,2014,30577.905766666667
ABGP0001141,3,2014,30577.905766666667
ABGP0001141,4,2014,30577.905766666667
ABGP0001141,5,2014,30577.905766666667
ABGP0001141,6,2014,30577.905766666667
ABGP0001141,7,2014,30577.905766666667
ABGP0001141,8,2014,30577.905766666667
ABGP0001141,9,2014,30577.905766666667
ABGP0001141,10,2014,30577.905766666667
ABGP0001141,11,2014,30577.905766666667
ABGP0001141,12,2014,30577.905766666667
ABGP0001141,1,2013,30864.59188333333
ABGP0001141,2,2013,30864.59188333333
ABGP0001141,3,2013,30864.59188333333
ABGP0001141,4,2013,30864.59188333333
ABGP0001141,5,2013,30864.59188333333
ABGP0001141,6,2013,30864.59188333333
ABGP0001141,7,2013,30864.59188333333
ABGP0001141,8,2013,30864.59188333333
ABGP0001141,9,2013,30864.59188333333
ABGP0001141,10,2013,30864.59188333333
ABGP0001141,11,2013,30864.59188333333
ABGP0001141,12,2013,30864.59188333333
ABGP0001141,1,2012,34588.09818
ABGP0001141,2,2012,34588.09818
ABGP0001141,3,2012,34588.09818
ABGP0001141,4,2012,34588.09818
ABGP0001141,5,2012,34588.09818
ABGP0001141,6,2012,34588.09818
ABGP0001141,7,2012,34588.09818
ABGP0001141,8,2012,34588.09818
ABGP0001141,9,2012,34588.09818
ABGP0001141,10,2012,34588.09818
ABGP0001141,11,2012,34588.09818
ABGP0001141,12,2012,34588.09818
ABGP0001141,1,2011,37827.26879166667
ABGP0001141,2,2011,37827.26879166667
ABGP0001141,3,2011,37827.26879166667
ABGP0001141,4,2011,37827.26879166667
ABGP0001141,5,2011,37827.26879166667
ABGP0001141,6,2011,37827.26879166667
ABGP0001141,7,2011,37827.26879166667
ABGP0001141,8,2011,37827.26879166667
ABGP0001141,9,2011,37827.26879166667
ABGP0001141,10,2011,37827.26879166667
ABGP0001141,11,2011,37827.26879166667
ABGP0001141,12,2011,37827.26879166667
ABGP0001141,1,2010,36541.99408
ABGP0001141,2,2010,36541.99408
ABGP0001141,3,2010,36541.99408
ABGP0001141,4,2010,36541.99408
ABGP0001141,5,2010,36541.99408
ABGP0001141,6,2010,36541.99408
ABGP0001141,7,2010,36541.99408
ABGP0001141,8,2010,36541.99408
ABGP0001141,9,2010,36541.99408
ABGP0001141,10,2010,36541.99408
ABGP0001141,11,2010,36541.99408
ABGP0001141,12,2010,36541.99408
ABGP0001141,1,2009,45030.02015833333
ABGP0001141,2,2009,45030.02015833333
ABGP0001141,3,2009,45030.02015833333
ABGP0001141,4,2009,45030.02015833333
ABGP0001141,5,2009,45030.02015833333
ABGP0001141,6,2009,45030.02015833333
ABGP0001141,7,2009,45030.02015833333
ABGP0001141,8,2009,45030.02015833333
ABGP0001141,9,2009,45030.02015833333
ABGP0001141,10,2009,45030.02015833333
ABGP0001141,11,2009,45030.02015833333
ABGP0001141,12,2009,45030.02015833333
ABGP0001141,1,2008,55311.511991666666
ABGP0001141,2,2008,55311.511991666666
ABGP0001141,3,2008,55311.511991666666
ABGP0001141,4,2008,55311.511991666666
ABGP0001141,5,2008,55311.511991666666
ABGP0001141,6,2008,55311.511991666666
ABGP0001141,7,2008,55311.511991666666
ABGP0001141,8,2008,55311.511991666666
ABGP0001141,9,2008,55311.511991666666
ABGP0001141,10,2008,55311.511991666666
ABGP0001141,11,2008,55311.511991666666
ABGP0001141,12,2008,55311.511991666666
ABGP0001141,1,2007,63478.55724166666
ABGP0001141,2,2007,63478.55724166666
ABGP0001141,3,2007,63478.55724166666
ABGP0001141,4,2007,63478.55724166666
ABGP0001141,5,2007,63478.55724166666
ABGP0001141,6,2007,63478.55724166666
ABGP0001141,7,2007,63478.55724166666
ABGP0001141,8,2007,63478.55724166666
ABGP0001141,9,2007,63478.55724166666
ABGP0001141,10,2007,63478.55724166666
ABGP0001141,11,2007,63478.55724166666
ABGP0001141,12,2007,63478.55724166666
ABGP0001141,1,2006,72899.42083333334
ABGP0001141,2,2006,72899.42083333334
ABGP0001141,3,2006,72899.42083333334
ABGP0001141,4,2006,72899.42083333334
ABGP0001141,5,2006,72899.42083333334
ABGP0001141,6,2006,72899.42083333334
ABGP0001141,7,2006,72899.42083333334
ABGP0001141,8,2006,72899.42083333334
ABGP0001141,9,2006,72899.42083333334
ABGP0001141,10,2006,72899.42083333334
ABGP0001141,11,2006,72899.42083333334
ABGP0001141,12,2006,72899.42083333334
ABGP0001141,1,2005,73570.44166666667
ABGP0001141,2,2005,73570.44166666667
ABGP0001141,3,2005,73570.44166666667
ABGP0001141,4,2005,73570.44166666667
ABGP0001141,5,2005,73570.44166666667
ABGP0001141,6,2005,73570.44166666667
ABGP0001141,7,2005,73570.44166666667
ABGP0001141,8,2005,73570.44166666667
ABGP0001141,9,2005,73570.44166666667
ABGP0001141,10,2005,73570.44166666667
ABGP0001141,11,2005,73570.44166666667
ABGP0001141,12,2005,73570.44166666667
ABGP0001141,1,2004,72593.7775
ABGP0001141,2,2004,72593.7775
ABGP0001141,3,2004,72593.7775
ABGP0001141,4,2004,72593.7775
ABGP0001141,5,2004,72593.7775
ABGP0001141,6,2004,72593.7775
ABGP0001141,7,2004,72593.7775
ABGP0001141,8,2004,72593.7775
ABGP0001141,9,2004,72593.7775
ABGP0001141,10,2004,72593.7775
ABGP0001141,11,2004,72593.7775
ABGP0001141,12,2004,72593.7775
ABGP0001152,1,2022,8181.805873333334
ABGP0001152,2,2022,8181.805873333334
ABGP0001152,3,2022,8181.805873333334
ABGP0001152,4,2022,8181.805873333334
ABGP0001152,5,2022,8181.805873333334
ABGP0001152,6,2022,8181.805873333334
ABGP0001152,7,2022,8181.805873333334
ABGP0001152,8,2022,8181.805873333334
ABGP0001152,9,2022,8181.805873333334
ABGP0001152,10,2022,8181.805873333334
ABGP0001152,11,2022,8181.805873333334
ABGP0001152,12,2022,8181.805873333334
ABGP0001152,1,2021,6759.600116666667
ABGP0001152,2,2021,6759.600116666667
ABGP0001152,3,2021,6759.600116666667
ABGP0001152,4,2021,6759.600116666667
ABGP0001152,5,2021,6759.600116666667
ABGP0001152,6,2021,6759.600116666667
ABGP0001152,7,2021,6759.600116666667
ABGP0001152,8,2021,6759.600116666667
ABGP0001152,9,2021,6759.600116666667
ABGP0001152,10,2021,6759.600116666667
ABGP0001152,11,2021,6759.600116666667
ABGP0001152,12,2021,6759.600116666667
ABGP0001152,1,2020,6602.074583333334
ABGP0001152,2,2020,6602.074583333334
ABGP0001152,3,2020,6602.074583333334
ABGP0001152,4,2020,6602.074583333334
ABGP0001152,5,2020,6602.074583333334
ABGP0001152,6,2020,6602.074583333334
ABGP0001152,7,2020,6602.074583333334
ABGP0001152,8,2020,6602.074583333334
ABGP0001152,9,2020,6602.074583333334
ABGP0001152,10,2020,6602.074583333334
ABGP0001152,11,2020,6602.074583333334
ABGP0001152,12,2020,6602.074583333334
ABGP0001152,1,2019,6153.184416666667
ABGP0001152,2,2019,6153.184416666667
ABGP0001152,3,2019,6153.184416666667
ABGP0001152,4,2019,6153.184416666667
ABGP0001152,5,2019,6153.184416666667
ABGP0001152,6,2019,6153.184416666667
ABGP0001152,7,2019,6153.184416666667
ABGP0001152,8,2019,6153.184416666667
ABGP0001152,9,2019,6153.184416666667
ABGP0001152,10,2019,6153.184416666667
ABGP0001152,11,2019,6153.184416666667
ABGP0001152,12,2019,6153.184416666667
ABGP0001152,1,2018,4418.636333333333
ABGP0001152,2,2018,4418.636333333333
ABGP0001152,3,2018,4418.636333333333
ABGP0001152,4,2018,4418.636333333333
ABGP0001152,5,2018,4418.636333333333
ABGP0001152,6,2018,4418.636333333333
ABGP0001152,7,2018,4418.636333333333
ABGP0001152,8,2018,4418.636333333333
ABGP0001152,9,2018,4418.636333333333
ABGP0001152,10,2018,4418.636333333333
ABGP0001152,11,2018,4418.636333333333
ABGP0001152,12,2018,4418.636333333333
ABGP0001152,1,2017,4212.86725
ABGP0001152,2,2017,4212.86725
ABGP0001152,3,2017,4212.86725
ABGP0001152,4,2017,4212.86725
ABGP0001152,5,2017,4212.86725
ABGP0001152,6,2017,4212.86725
ABGP0001152,7,2017,4212.86725
ABGP0001152,8,2017,4212.86725
ABGP0001152,9,2017,4212.86725
ABGP0001152,10,2017,4212.86725
ABGP0001152,11,2017,4212.86725
ABGP0001152,12,2017,4212.86725
ABGP0001152,1,2016,3467.5648349999997
ABGP0001152,2,2016,3467.5648349999997
ABGP0001152,3,2016,3467.5648349999997
ABGP0001152,4,2016,3467.5648349999997
ABGP0001152,5,2016,3467.5648349999997
ABGP0001152,6,2016,3467.5648349999997
ABGP0001152,7,2016,3467.5648349999997
ABGP0001152,8,2016,3467.5648349999997
ABGP0001152,9,2016,3467.5648349999997
ABGP0001152,10,2016,3467.5648349999997
ABGP0001152,11,2016,3467.5648349999997
ABGP0001152,12,2016,3467.5648349999997
ABGP0001152,1,2015,4193.121232500001
ABGP0001152,2,2015,4193.121232500001
ABGP0001152,3,2015,4193.121232500001
ABGP0001152,4,2015,4193.121232500001
ABGP0001152,5,2015,4193.121232500001
ABGP0001152,6,2015,4193.121232500001
ABGP0001152,7,2015,4193.121232500001
ABGP0001152,8,2015,4193.121232500001
ABGP0001152,9,2015,4193.121232500001
ABGP0001152,10,2015,4193.121232500001
ABGP0001152,11,2015,4193.121232500001
ABGP0001152,12,2015,4193.121232500001
ABGP0001152,1,2014,3974.313938333333
ABGP0001152,2,2014,3974.313938333333
ABGP0001152,3,2014,3974.313938333333
ABGP0001152,4,2014,3974.313938333333
ABGP0001152,5,2014,3974.313938333333
ABGP0001152,6,2014,3974.313938333333
ABGP0001152,7,2014,3974.313938333333
ABGP0001152,8,2014,3974.313938333333
ABGP0001152,9,2014,3974.313938333333
ABGP0001152,10,2014,3974.313938333333
ABGP0001152,11,2014,3974.313938333333
ABGP0001152,12,2014,3974.313938333333
ABGP0001152,1,2013,4018.163379166667
ABGP0001152,2,2013,4018.163379166667
ABGP0001152,3,2013,4018.163379166667
ABGP0001152,4,2013,4018.163379166667
ABGP0001152,5,2013,4018.163379166667
ABGP0001152,6,2013,4018.163379166667
ABGP0001152,7,2013,4018.163379166667
ABGP0001152,8,2013,4018.163379166667
ABGP0001152,9,2013,4018.163379166667
ABGP0001152,10,2013,4018.163379166667
ABGP0001152,11,2013,4018.163379166667
ABGP0001152,12,2013,4018.163379166667
ABGP0001152,1,2012,4996.582895833333
ABGP0001152,2,2012,4996.582895833333
ABGP0001152,3,2012,4996.582895833333
ABGP0001152,4,2012,4996.582895833333
ABGP0001152,5,2012,4996.582895833333
ABGP0001152,6,2012,4996.582895833333
ABGP0001152,7,2012,4996.582895833333
ABGP0001152,8,2012,4996.582895833333
ABGP0001152,9,2012,4996.582895833333
ABGP0001152,10,2012,4996.582895833333
ABGP0001152,11,2012,4996.582895833333
ABGP0001152,12,2012,4996.582895833333
ABGP0001152,1,2011,5049.410775
ABGP0001152,2,2011,5049.410775
ABGP0001152,3,2011,5049.410775
ABGP0001152,4,2011,5049.410775
ABGP0001152,5,2011,5049.410775
ABGP0001152,6,2011,5049.410775
ABGP0001152,7,2011,5049.410775
ABGP0001152,8,2011,5049.410775
ABGP0001152,9,2011,5049.410775
ABGP0001152,10,2011,5049.410775
ABGP0001152,11,2011,5049.410775
ABGP0001152,12,2011,5049.410775
ABGP0001152,1,2010,5606.859390833334
ABGP0001152,2,2010,5606.859390833334
ABGP0001152,3,2010,5606.859390833334
ABGP0001152,4,2010,5606.859390833334
ABGP0001152,5,2010,5606.859390833334
ABGP0001152,6,2010,5606.859390833334
ABGP0001152,7,2010,5606.859390833334
ABGP0001152,8,2010,5606.859390833334
ABGP0001152,9,2010,5606.859390833334
ABGP0001152,10,2010,5606.859390833334
ABGP0001152,11,2010,5606.859390833334
ABGP0001152,12,2010,5606.859390833334
ABGP0001152,1,2009,5515.611928333333
ABGP0001152,2,2009,5515.611928333333
ABGP0001152,3,2009,5515.611928333333
ABGP0001152,4,2009,5515.611928333333
ABGP0001152,5,2009,5515.611928333333
ABGP0001152,6,2009,5515.611928333333
ABGP0001152,7,2009,5515.611928333333
ABGP0001152,8,2009,5515.611928333333
ABGP0001152,9,2009,5515.611928333333
ABGP0001152,10,2009,5515.611928333333
ABGP0001152,11,2009,5515.611928333333
ABGP0001152,12,2009,5515.611928333333
ABGP0001158,1,2022,1024.051665
ABGP0001158,2,2022,1024.051665
ABGP0001158,3,2022,1024.051665
ABGP0001158,4,2022,1024.051665
ABGP0001158,5,2022,1024.051665
ABGP0001158,6,2022,1024.051665
ABGP0001158,7,2022,1024.051665
ABGP0001158,8,2022,1024.051665
ABGP0001158,9,2022,1024.051665
ABGP0001158,10,2022,1024.051665
ABGP0001158,11,2022,1024.051665
ABGP0001158,12,2022,1024.051665
ABGP0001158,1,2021,1677.0290933333333
ABGP0001158,2,2021,1677.0290933333333
ABGP0001158,3,2021,1677.0290933333333
ABGP0001158,4,2021,1677.0290933333333
ABGP0001158,5,2021,1677.0290933333333
ABGP0001158,6,2021,1677.0290933333333
ABGP0001158,7,2021,1677.0290933333333
ABGP0001158,8,2021,1677.0290933333333
ABGP0001158,9,2021,1677.0290933333333
ABGP0001158,10,2021,1677.0290933333333
ABGP0001158,11,2021,1677.0290933333333
ABGP0001158,12,2021,1677.0290933333333
ABGP0001158,1,2020,1761.2026666666668
ABGP0001158,2,2020,1761.2026666666668
ABGP0001158,3,2020,1761.2026666666668
ABGP0001158,4,2020,1761.2026666666668
ABGP0001158,5,2020,1761.2026666666668
ABGP0001158,6,2020,1761.2026666666668
ABGP0001158,7,2020,1761.2026666666668
ABGP0001158,8,2020,1761.2026666666668
ABGP0001158,9,2020,1761.2026666666668
ABGP0001158,10,2020,1761.2026666666668
ABGP0001158,11,2020,1761.2026666666668
ABGP0001158,12,2020,1761.2026666666668
ABGP0001158,1,2019,870.9750833333333
ABGP0001158,2,2019,870.9750833333333
ABGP0001158,3,2019,870.9750833333333
ABGP0001158,4,2019,870.9750833333333
ABGP0001158,5,2019,870.9750833333333
ABGP0001158,6,2019,870.9750833333333
ABGP0001158,7,2019,870.9750833333333
ABGP0001158,8,2019,870.9750833333333
ABGP0001158,9,2019,870.9750833333333
ABGP0001158,10,2019,870.9750833333333
ABGP0001158,11,2019,870.9750833333333
ABGP0001158,12,2019,870.9750833333333
ABGP0001158,1,2018,896.5870833333333
ABGP0001158,2,2018,896.5870833333333
ABGP0001158,3,2018,896.5870833333333
ABGP0001158,4,2018,896.5870833333333
ABGP0001158,5,2018,896.5870833333333
ABGP0001158,6,2018,896.5870833333333
ABGP0001158,7,2018,896.5870833333333
ABGP0001158,8,2018,896.5870833333333
ABGP0001158,9,2018,896.5870833333333
ABGP0001158,10,2018,896.5870833333333
ABGP0001158,11,2018,896.5870833333333
ABGP0001158,12,2018,896.5870833333333
ABGP0001158,1,2017,996.4885833333333
ABGP0001158,2,2017,996.4885833333333
ABGP0001158,3,2017,996.4885833333333
ABGP0001158,4,2017,996.4885833333333
ABGP0001158,5,2017,996.4885833333333
ABGP0001158,6,2017,996.4885833333333
ABGP0001158,7,2017,996.4885833333333
ABGP0001158,8,2017,996.4885833333333
ABGP0001158,9,2017,996.4885833333333
ABGP0001158,10,2017,996.4885833333333
ABGP0001158,11,2017,996.4885833333333
ABGP0001158,12,2017,996.4885833333333
ABGP0001159,1,2022,1766.3200083333334
ABGP0001159,2,2022,1766.3200083333334
ABGP0001159,3,2022,1766.3200083333334
ABGP0001159,4,2022,1766.3200083333334
ABGP0001159,5,2022,1766.3200083333334
ABGP0001159,6,2022,1766.3200083333334
ABGP0001159,7,2022,1766.3200083333334
ABGP0001159,8,2022,1766.3200083333334
ABGP0001159,9,2022,1766.3200083333334
ABGP0001159,10,2022,1766.3200083333334
ABGP0001159,11,2022,1766.3200083333334
ABGP0001159,12,2022,1766.3200083333334
ABGP0001159,1,2021,1733.8731500000001
ABGP0001159,2,2021,1733.8731500000001
ABGP0001159,3,2021,1733.8731500000001
ABGP0001159,4,2021,1733.8731500000001
ABGP0001159,5,2021,1733.8731500000001
ABGP0001159,6,2021,1733.8731500000001
ABGP0001159,7,2021,1733.8731500000001
ABGP0001159,8,2021,1733.8731500000001
ABGP0001159,9,2021,1733.8731500000001
ABGP0001159,10,2021,1733.8731500000001
ABGP0001159,11,2021,1733.8731500000001
ABGP0001159,12,2021,1733.8731500000001
ABGP0001159,1,2020,1338.8462916666667
ABGP0001159,2,2020,1338.8462916666667
ABGP0001159,3,2020,1338.8462916666667
ABGP0001159,4,2020,1338.8462916666667
ABGP0001159,5,2020,1338.8462916666667
ABGP0001159,6,2020,1338.8462916666667
ABGP0001159,7,2020,1338.8462916666667
ABGP0001159,8,2020,1338.8462916666667
ABGP0001159,9,2020,1338.8462916666667
ABGP0001159,10,2020,1338.8462916666667
ABGP0001159,11,2020,1338.8462916666667
ABGP0001159,12,2020,1338.8462916666667
ABGP0001159,1,2019,1172.4277916666667
ABGP0001159,2,2019,1172.4277916666667
ABGP0001159,3,2019,1172.4277916666667
ABGP0001159,4,2019,1172.4277916666667
ABGP0001159,5,2019,1172.4277916666667
ABGP0001159,6,2019,1172.4277916666667
ABGP0001159,7,2019,1172.4277916666667
ABGP0001159,8,2019,1172.4277916666667
ABGP0001159,9,2019,1172.4277916666667
ABGP0001159,10,2019,1172.4277916666667
ABGP0001159,11,2019,1172.4277916666667
ABGP0001159,12,2019,1172.4277916666667
ABGP0001167,1,2022,999.9390266666666
ABGP0001167,2,2022,999.9390266666666
ABGP0001167,3,2022,999.9390266666666
ABGP0001167,4,2022,999.9390266666666
ABGP0001167,5,2022,999.9390266666666
ABGP0001167,6,2022,999.9390266666666
ABGP0001167,7,2022,999.9390266666666
ABGP0001167,8,2022,999.9390266666666
ABGP0001167,9,2022,999.9390266666666
ABGP0001167,10,2022,999.9390266666666
ABGP0001167,11,2022,999.9390266666666
ABGP0001167,12,2022,999.9390266666666
ABGP0001167,1,2021,1058.771865
ABGP0001167,2,2021,1058.771865
ABGP0001167,3,2021,1058.771865
ABGP0001167,4,2021,1058.771865
ABGP0001167,5,2021,1058.771865
ABGP0001167,6,2021,1058.771865
ABGP0001167,7,2021,1058.771865
ABGP0001167,8,2021,1058.771865
ABGP0001167,9,2021,1058.771865
ABGP0001167,10,2021,1058.771865
ABGP0001167,11,2021,1058.771865
ABGP0001167,12,2021,1058.771865
ABGP0001167,1,2020,1130.0662166666666
ABGP0001167,2,2020,1130.0662166666666
ABGP0001167,3,2020,1130.0662166666666
ABGP0001167,4,2020,1130.0662166666666
ABGP0001167,5,2020,1130.0662166666666
ABGP0001167,6,2020,1130.0662166666666
ABGP0001167,7,2020,1130.0662166666666
ABGP0001167,8,2020,1130.0662166666666
ABGP0001167,9,2020,1130.0662166666666
ABGP0001167,10,2020,1130.0662166666666
ABGP0001167,11,2020,1130.0662166666666
ABGP0001167,12,2020,1130.0662166666666
ABGP0001167,1,2019,1774.5290666666667
ABGP0001167,2,2019,1774.5290666666667
ABGP0001167,3,2019,1774.5290666666667
ABGP0001167,4,2019,1774.5290666666667
ABGP0001167,5,2019,1774.5290666666667
ABGP0001167,6,2019,1774.5290666666667
ABGP0001167,7,2019,1774.5290666666667
ABGP0001167,8,2019,1774.5290666666667
ABGP0001167,9,2019,1774.5290666666667
ABGP0001167,10,2019,1774.5290666666667
ABGP0001167,11,2019,1774.5290666666667
ABGP0001167,12,2019,1774.5290666666667
ABGP0001167,1,2018,1202.7091666666668
ABGP0001167,2,2018,1202.7091666666668
ABGP0001167,3,2018,1202.7091666666668
ABGP0001167,4,2018,1202.7091666666668
ABGP0001167,5,2018,1202.7091666666668
ABGP0001167,6,2018,1202.7091666666668
ABGP0001167,7,2018,1202.7091666666668
ABGP0001167,8,2018,1202.7091666666668
ABGP0001167,9,2018,1202.7091666666668
ABGP0001167,10,2018,1202.7091666666668
ABGP0001167,11,2018,1202.7091666666668
ABGP0001167,12,2018,1202.7091666666668
ABGP0001169,1,2022,1888.1576216666665
ABGP0001169,2,2022,1888.1576216666665
ABGP0001169,3,2022,1888.1576216666665
ABGP0001169,4,2022,1888.1576216666665
ABGP0001169,5,2022,1888.1576216666665
ABGP0001169,6,2022,1888.1576216666665
ABGP0001169,7,2022,1888.1576216666665
ABGP0001169,8,2022,1888.1576216666665
ABGP0001169,9,2022,1888.1576216666665
ABGP0001169,10,2022,1888.1576216666665
ABGP0001169,11,2022,1888.1576216666665
ABGP0001169,12,2022,1888.1576216666665
ABGP0001169,1,2021,2182.0741091666664
ABGP0001169,2,2021,2182.0741091666664
ABGP0001169,3,2021,2182.0741091666664
ABGP0001169,4,2021,2182.0741091666664
ABGP0001169,5,2021,2182.0741091666664
ABGP0001169,6,2021,2182.0741091666664
ABGP0001169,7,2021,2182.0741091666664
ABGP0001169,8,2021,2182.0741091666664
ABGP0001169,9,2021,2182.0741091666664
ABGP0001169,10,2021,2182.0741091666664
ABGP0001169,11,2021,2182.0741091666664
ABGP0001169,12,2021,2182.0741091666664
ABGP0001169,1,2019,1451.5379999999998
ABGP0001169,2,2019,1451.5379999999998
ABGP0001169,3,2019,1451.5379999999998
ABGP0001169,4,2019,1451.5379999999998
ABGP0001169,5,2019,1451.5379999999998
ABGP0001169,6,2019,1451.5379999999998
ABGP0001169,7,2019,1451.5379999999998
ABGP0001169,8,2019,1451.5379999999998
ABGP0001169,9,2019,1451.5379999999998
ABGP0001169,10,2019,1451.5379999999998
ABGP0001169,11,2019,1451.5379999999998
ABGP0001169,12,2019,1451.5379999999998
ABGP0001169,1,2018,3780.2582500000003
ABGP0001169,2,2018,3780.2582500000003
ABGP0001169,3,2018,3780.2582500000003
ABGP0001169,4,2018,3780.2582500000003
ABGP0001169,5,2018,3780.2582500000003
ABGP0001169,6,2018,3780.2582500000003
ABGP0001169,7,2018,3780.2582500000003
ABGP0001169,8,2018,3780.2582500000003
ABGP0001169,9,2018,3780.2582500000003
ABGP0001169,10,2018,3780.2582500000003
ABGP0001169,11,2018,3780.2582500000003
ABGP0001169,12,2018,3780.2582500000003
ABGP0001169,1,2017,2349.3905
ABGP0001169,2,2017,2349.3905
ABGP0001169,3,2017,2349.3905
ABGP0001169,4,2017,2349.3905
ABGP0001169,5,2017,2349.3905
ABGP0001169,6,2017,2349.3905
ABGP0001169,7,2017,2349.3905
ABGP0001169,8,2017,2349.3905
ABGP0001169,9,2017,2349.3905
ABGP0001169,10,2017,2349.3905
ABGP0001169,11,2017,2349.3905
ABGP0001169,12,2017,2349.3905
ABGP0001174,1,2022,839.57951
ABGP0001174,2,2022,839.57951
ABGP0001174,3,2022,839.57951
ABGP0001174,4,2022,839.57951
ABGP0001174,5,2022,839.57951
ABGP0001174,6,2022,839.57951
ABGP0001174,7,2022,839.57951
ABGP0001174,8,2022,839.57951
ABGP0001174,9,2022,839.57951
ABGP0001174,10,2022,839.57951
ABGP0001174,11,2022,839.57951
ABGP0001174,12,2022,839.57951
ABGP0001174,1,2020,2123.7194999999997
ABGP0001174,2,2020,2123.7194999999997
ABGP0001174,3,2020,2123.7194999999997
ABGP0001174,4,2020,2123.7194999999997
ABGP0001174,5,2020,2123.7194999999997
ABGP0001174,6,2020,2123.7194999999997
ABGP0001174,7,2020,2123.7194999999997
ABGP0001174,8,2020,2123.7194999999997
ABGP0001174,9,2020,2123.7194999999997
ABGP0001174,10,2020,2123.7194999999997
ABGP0001174,11,2020,2123.7194999999997
ABGP0001174,12,2020,2123.7194999999997
ABGP0001174,1,2019,2035.10425
ABGP0001174,2,2019,2035.10425
ABGP0001174,3,2019,2035.10425
ABGP0001174,4,2019,2035.10425
ABGP0001174,5,2019,2035.10425
ABGP0001174,6,2019,2035.10425
ABGP0001174,7,2019,2035.10425
ABGP0001174,8,2019,2035.10425
ABGP0001174,9,2019,2035.10425
ABGP0001174,10,2019,2035.10425
ABGP0001174,11,2019,2035.10425
ABGP0001174,12,2019,2035.10425
ABGP0001174,1,2018,2037.691
ABGP0001174,2,2018,2037.691
ABGP0001174,3,2018,2037.691
ABGP0001174,4,2018,2037.691
ABGP0001174,5,2018,2037.691
ABGP0001174,6,2018,2037.691
ABGP0001174,7,2018,2037.691
ABGP0001174,8,2018,2037.691
ABGP0001174,9,2018,2037.691
ABGP0001174,10,2018,2037.691
ABGP0001174,11,2018,2037.691
ABGP0001174,12,2018,2037.691
ABGP0001174,1,2017,941.5425833333334
ABGP0001174,2,2017,941.5425833333334
ABGP0001174,3,2017,941.5425833333334
ABGP0001174,4,2017,941.5425833333334
ABGP0001174,5,2017,941.5425833333334
ABGP0001174,6,2017,941.5425833333334
ABGP0001174,7,2017,941.5425833333334
ABGP0001174,8,2017,941.5425833333334
ABGP0001174,9,2017,941.5425833333334
ABGP0001174,10,2017,941.5425833333334
ABGP0001174,11,2017,941.5425833333334
ABGP0001174,12,2017,941.5425833333334
ABGP0001174,1,2017,1827.5144166666666
ABGP0001174,2,2017,1827.5144166666666
ABGP0001174,3,2017,1827.5144166666666
ABGP0001174,4,2017,1827.5144166666666
ABGP0001174,5,2017,1827.5144166666666
ABGP0001174,6,2017,1827.5144166666666
ABGP0001174,7,2017,1827.5144166666666
ABGP0001174,8,2017,1827.5144166666666
ABGP0001174,9,2017,1827.5144166666666
ABGP0001174,10,2017,1827.5144166666666
ABGP0001174,11,2017,1827.5144166666666
ABGP0001174,12,2017,1827.5144166666666
ABGP0001177,1,2018,931.3275
ABGP0001177,2,2018,931.3275
ABGP0001177,3,2018,931.3275
ABGP0001177,4,2018,931.3275
ABGP0001177,5,2018,931.3275
ABGP0001177,6,2018,931.3275
ABGP0001177,7,2018,931.3275
ABGP0001177,8,2018,931.3275
ABGP0001177,9,2018,931.3275
ABGP0001177,10,2018,931.3275
ABGP0001177,11,2018,931.3275
ABGP0001177,12,2018,931.3275
ABGP0001183,1,2019,896.3446666666667
ABGP0001183,2,2019,896.3446666666667
ABGP0001183,3,2019,896.3446666666667
ABGP0001183,4,2019,896.3446666666667
ABGP0001183,5,2019,896.3446666666667
ABGP0001183,6,2019,896.3446666666667
ABGP0001183,7,2019,896.3446666666667
ABGP0001183,8,2019,896.3446666666667
ABGP0001183,9,2019,896.3446666666667
ABGP0001183,10,2019,896.3446666666667
ABGP0001183,11,2019,896.3446666666667
ABGP0001183,12,2019,896.3446666666667
ABGP0001183,1,2017,1214.9556666666667
ABGP0001183,2,2017,1214.9556666666667
ABGP0001183,3,2017,1214.9556666666667
ABGP0001183,4,2017,1214.9556666666667
ABGP0001183,5,2017,1214.9556666666667
ABGP0001183,6,2017,1214.9556666666667
ABGP0001183,7,2017,1214.9556666666667
ABGP0001183,8,2017,1214.9556666666667
ABGP0001183,9,2017,1214.9556666666667
ABGP0001183,10,2017,1214.9556666666667
ABGP0001183,11,2017,1214.9556666666667
ABGP0001183,12,2017,1214.9556666666667
ABGP0001184,1,2022,2396.0973333333336
ABGP0001184,2,2022,2396.0973333333336
ABGP0001184,3,2022,2396.0973333333336
ABGP0001184,4,2022,2396.0973333333336
ABGP0001184,5,2022,2396.0973333333336
ABGP0001184,6,2022,2396.0973333333336
ABGP0001184,7,2022,2396.0973333333336
ABGP0001184,8,2022,2396.0973333333336
ABGP0001184,9,2022,2396.0973333333336
ABGP0001184,10,2022,2396.0973333333336
ABGP0001184,11,2022,2396.0973333333336
ABGP0001184,12,2022,2396.0973333333336
ABGP0001184,1,2021,2171.9675700000003
ABGP0001184,2,2021,2171.9675700000003
ABGP0001184,3,2021,2171.9675700000003
ABGP0001184,4,2021,2171.9675700000003
ABGP0001184,5,2021,2171.9675700000003
ABGP0001184,6,2021,2171.9675700000003
ABGP0001184,7,2021,2171.9675700000003
ABGP0001184,8,2021,2171.9675700000003
ABGP0001184,9,2021,2171.9675700000003
ABGP0001184,10,2021,2171.9675700000003
ABGP0001184,11,2021,2171.9675700000003
ABGP0001184,12,2021,2171.9675700000003
ABGP0001184,1,2020,1961.9457499999999
ABGP0001184,2,2020,1961.9457499999999
ABGP0001184,3,2020,1961.9457499999999
ABGP0001184,4,2020,1961.9457499999999
ABGP0001184,5,2020,1961.9457499999999
ABGP0001184,6,2020,1961.9457499999999
ABGP0001184,7,2020,1961.9457499999999
ABGP0001184,8,2020,1961.9457499999999
ABGP0001184,9,2020,1961.9457499999999
ABGP0001184,10,2020,1961.9457499999999
ABGP0001184,11,2020,1961.9457499999999
ABGP0001184,12,2020,1961.9457499999999
ABGP0001184,1,2019,1894.8069166666667
ABGP0001184,2,2019,1894.8069166666667
ABGP0001184,3,2019,1894.8069166666667
ABGP0001184,4,2019,1894.8069166666667
ABGP0001184,5,2019,1894.8069166666667
ABGP0001184,6,2019,1894.8069166666667
ABGP0001184,7,2019,1894.8069166666667
ABGP0001184,8,2019,1894.8069166666667
ABGP0001184,9,2019,1894.8069166666667
ABGP0001184,10,2019,1894.8069166666667
ABGP0001184,11,2019,1894.8069166666667
ABGP0001184,12,2019,1894.8069166666667
ABGP0001184,1,2018,1884.4972500000001
ABGP0001184,2,2018,1884.4972500000001
ABGP0001184,3,2018,1884.4972500000001
ABGP0001184,4,2018,1884.4972500000001
ABGP0001184,5,2018,1884.4972500000001
ABGP0001184,6,2018,1884.4972500000001
ABGP0001184,7,2018,1884.4972500000001
ABGP0001184,8,2018,1884.4972500000001
ABGP0001184,9,2018,1884.4972500000001
ABGP0001184,10,2018,1884.4972500000001
ABGP0001184,11,2018,1884.4972500000001
ABGP0001184,12,2018,1884.4972500000001
ABGP0001184,1,2017,2378.609
ABGP0001184,2,2017,2378.609
ABGP0001184,3,2017,2378.609
ABGP0001184,4,2017,2378.609
ABGP0001184,5,2017,2378.609
ABGP0001184,6,2017,2378.609
ABGP0001184,7,2017,2378.609
ABGP0001184,8,2017,2378.609
ABGP0001184,9,2017,2378.609
ABGP0001184,10,2017,2378.609
ABGP0001184,11,2017,2378.609
ABGP0001184,12,2017,2378.609
ABGP0001185,1,2022,869.65
ABGP0001185,2,2022,869.65
ABGP0001185,3,2022,869.65
ABGP0001185,4,2022,869.65
ABGP0001185,5,2022,869.65
ABGP0001185,6,2022,869.65
ABGP0001185,7,2022,869.65
ABGP0001185,8,2022,869.65
ABGP0001185,9,2022,869.65
ABGP0001185,10,2022,869.65
ABGP0001185,11,2022,869.65
ABGP0001185,12,2022,869.65
ABGP0001185,1,2021,946.4250000000001
ABGP0001185,2,2021,946.4250000000001
ABGP0001185,3,2021,946.4250000000001
ABGP0001185,4,2021,946.4250000000001
ABGP0001185,5,2021,946.4250000000001
ABGP0001185,6,2021,946.4250000000001
ABGP0001185,7,2021,946.4250000000001
ABGP0001185,8,2021,946.4250000000001
ABGP0001185,9,2021,946.4250000000001
ABGP0001185,10,2021,946.4250000000001
ABGP0001185,11,2021,946.4250000000001
ABGP0001185,12,2021,946.4250000000001
ABGP0001185,1,2019,1310.9944041666665
ABGP0001185,2,2019,1310.9944041666665
ABGP0001185,3,2019,1310.9944041666665
ABGP0001185,4,2019,1310.9944041666665
ABGP0001185,5,2019,1310.9944041666665
ABGP0001185,6,2019,1310.9944041666665
ABGP0001185,7,2019,1310.9944041666665
ABGP0001185,8,2019,1310.9944041666665
ABGP0001185,9,2019,1310.9944041666665
ABGP0001185,10,2019,1310.9944041666665
ABGP0001185,11,2019,1310.9944041666665
ABGP0001185,12,2019,1310.9944041666665
ABGP0001185,1,2018,2304.126395
ABGP0001185,2,2018,2304.126395
ABGP0001185,3,2018,2304.126395
ABGP0001185,4,2018,2304.126395
ABGP0001185,5,2018,2304.126395
ABGP0001185,6,2018,2304.126395
ABGP0001185,7,2018,2304.126395
ABGP0001185,8,2018,2304.126395
ABGP0001185,9,2018,2304.126395
ABGP0001185,10,2018,2304.126395
ABGP0001185,11,2018,2304.126395
ABGP0001185,12,2018,2304.126395
ABGP0001185,1,2017,1194.016563
ABGP0001185,2,2017,1194.016563
ABGP0001185,3,2017,1194.016563
ABGP0001185,4,2017,1194.016563
ABGP0001185,5,2017,1194.016563
ABGP0001185,6,2017,1194.016563
ABGP0001185,7,2017,1194.016563
ABGP0001185,8,2017,1194.016563
ABGP0001185,9,2017,1194.016563
ABGP0001185,10,2017,1194.016563
ABGP0001185,11,2017,1194.016563
ABGP0001185,12,2017,1194.016563
ABGP0001192,1,2022,944.0859866666666
ABGP0001192,2,2022,944.0859866666666
ABGP0001192,3,2022,944.0859866666666
ABGP0001192,4,2022,944.0859866666666
ABGP0001192,5,2022,944.0859866666666
ABGP0001192,6,2022,944.0859866666666
ABGP0001192,7,2022,944.0859866666666
ABGP0001192,8,2022,944.0859866666666
ABGP0001192,9,2022,944.0859866666666
ABGP0001192,10,2022,944.0859866666666
ABGP0001192,11,2022,944.0859866666666
ABGP0001192,12,2022,944.0859866666666
ABGP0001192,1,2021,1046.4173241666667
ABGP0001192,2,2021,1046.4173241666667
ABGP0001192,3,2021,1046.4173241666667
ABGP0001192,4,2021,1046.4173241666667
ABGP0001192,5,2021,1046.4173241666667
ABGP0001192,6,2021,1046.4173241666667
ABGP0001192,7,2021,1046.4173241666667
ABGP0001192,8,2021,1046.4173241666667
ABGP0001192,9,2021,1046.4173241666667
ABGP0001192,10,2021,1046.4173241666667
ABGP0001192,11,2021,1046.4173241666667
ABGP0001192,12,2021,1046.4173241666667
ABGP0001192,1,2020,1024.9192666666665
ABGP0001192,2,2020,1024.9192666666665
ABGP0001192,3,2020,1024.9192666666665
ABGP0001192,4,2020,1024.9192666666665
ABGP0001192,5,2020,1024.9192666666665
ABGP0001192,6,2020,1024.9192666666665
ABGP0001192,7,2020,1024.9192666666665
ABGP0001192,8,2020,1024.9192666666665
ABGP0001192,9,2020,1024.9192666666665
ABGP0001192,10,2020,1024.9192666666665
ABGP0001192,11,2020,1024.9192666666665
ABGP0001192,12,2020,1024.9192666666665
ABGP0001192,1,2019,1261.9432416666666
ABGP0001192,2,2019,1261.9432416666666
ABGP0001192,3,2019,1261.9432416666666
ABGP0001192,4,2019,1261.9432416666666
ABGP0001192,5,2019,1261.9432416666666
ABGP0001192,6,2019,1261.9432416666666
ABGP0001192,7,2019,1261.9432416666666
ABGP0001192,8,2019,1261.9432416666666
ABGP0001192,9,2019,1261.9432416666666
ABGP0001192,10,2019,1261.9432416666666
ABGP0001192,11,2019,1261.9432416666666
ABGP0001192,12,2019,1261.9432416666666
ABGP0001192,1,2018,1454.8685500000001
ABGP0001192,2,2018,1454.8685500000001
ABGP0001192,3,2018,1454.8685500000001
ABGP0001192,4,2018,1454.8685500000001
ABGP0001192,5,2018,1454.8685500000001
ABGP0001192,6,2018,1454.8685500000001
ABGP0001192,7,2018,1454.8685500000001
ABGP0001192,8,2018,1454.8685500000001
ABGP0001192,9,2018,1454.8685500000001
ABGP0001192,10,2018,1454.8685500000001
ABGP0001192,11,2018,1454.8685500000001
ABGP0001192,12,2018,1454.8685500000001
ABGP0001192,1,2017,1387.1606
ABGP0001192,2,2017,1387.1606
ABGP0001192,3,2017,1387.1606
ABGP0001192,4,2017,1387.1606
ABGP0001192,5,2017,1387.1606
ABGP0001192,6,2017,1387.1606
ABGP0001192,7,2017,1387.1606
ABGP0001192,8,2017,1387.1606
ABGP0001192,9,2017,1387.1606
ABGP0001192,10,2017,1387.1606
ABGP0001192,11,2017,1387.1606
ABGP0001192,12,2017,1387.1606
ABGP0001220,1,2022,2208.3266666666664
ABGP0001220,2,2022,2208.3266666666664
ABGP0001220,3,2022,2208.3266666666664
ABGP0001220,4,2022,2208.3266666666664
ABGP0001220,5,2022,2208.3266666666664
ABGP0001220,6,2022,2208.3266666666664
ABGP0001220,7,2022,2208.3266666666664
ABGP0001220,8,2022,2208.3266666666664
ABGP0001220,9,2022,2208.3266666666664
ABGP0001220,10,2022,2208.3266666666664
ABGP0001220,11,2022,2208.3266666666664
ABGP0001220,12,2022,2208.3266666666664
ABGP0001220,1,2021,2445.5666666666666
ABGP0001220,2,2021,2445.5666666666666
ABGP0001220,3,2021,2445.5666666666666
ABGP0001220,4,2021,2445.5666666666666
ABGP0001220,5,2021,2445.5666666666666
ABGP0001220,6,2021,2445.5666666666666
ABGP0001220,7,2021,2445.5666666666666
ABGP0001220,8,2021,2445.5666666666666
ABGP0001220,9,2021,2445.5666666666666
ABGP0001220,10,2021,2445.5666666666666
ABGP0001220,11,2021,2445.5666666666666
ABGP0001220,12,2021,2445.5666666666666
ABGP0001220,1,2020,2626.3166666666666
ABGP0001220,2,2020,2626.3166666666666
ABGP0001220,3,2020,2626.3166666666666
ABGP0001220,4,2020,2626.3166666666666
ABGP0001220,5,2020,2626.3166666666666
ABGP0001220,6,2020,2626.3166666666666
ABGP0001220,7,2020,2626.3166666666666
ABGP0001220,8,2020,2626.3166666666666
ABGP0001220,9,2020,2626.3166666666666
ABGP0001220,10,2020,2626.3166666666666
ABGP0001220,11,2020,2626.3166666666666
ABGP0001220,12,2020,2626.3166666666666
ABGP0001235,1,2018,1930.5741858333333
ABGP0001235,2,2018,1930.5741858333333
ABGP0001235,3,2018,1930.5741858333333
ABGP0001235,4,2018,1930.5741858333333
ABGP0001235,5,2018,1930.5741858333333
ABGP0001235,6,2018,1930.5741858333333
ABGP0001235,7,2018,1930.5741858333333
ABGP0001235,8,2018,1930.5741858333333
ABGP0001235,9,2018,1930.5741858333333
ABGP0001235,10,2018,1930.5741858333333
ABGP0001235,11,2018,1930.5741858333333
ABGP0001235,12,2018,1930.5741858333333
ABGP0001235,1,2017,961.36613
ABGP0001235,2,2017,961.36613
ABGP0001235,3,2017,961.36613
ABGP0001235,4,2017,961.36613
ABGP0001235,5,2017,961.36613
ABGP0001235,6,2017,961.36613
ABGP0001235,7,2017,961.36613
ABGP0001235,8,2017,961.36613
ABGP0001235,9,2017,961.36613
ABGP0001235,10,2017,961.36613
ABGP0001235,11,2017,961.36613
ABGP0001235,12,2017,961.36613
ABGP0001243,1,2017,1035.7921666666666
ABGP0001243,2,2017,1035.7921666666666
ABGP0001243,3,2017,1035.7921666666666
ABGP0001243,4,2017,1035.7921666666666
ABGP0001243,5,2017,1035.7921666666666
ABGP0001243,6,2017,1035.7921666666666
ABGP0001243,7,2017,1035.7921666666666
ABGP0001243,8,2017,1035.7921666666666
ABGP0001243,9,2017,1035.7921666666666
ABGP0001243,10,2017,1035.7921666666666
ABGP0001243,11,2017,1035.7921666666666
ABGP0001243,12,2017,1035.7921666666666
ABGP0001256,1,2022,906.1519091666668
ABGP0001256,2,2022,906.1519091666668
ABGP0001256,3,2022,906.1519091666668
ABGP0001256,4,2022,906.1519091666668
ABGP0001256,5,2022,906.1519091666668
ABGP0001256,6,2022,906.1519091666668
ABGP0001256,7,2022,906.1519091666668
ABGP0001256,8,2022,906.1519091666668
ABGP0001256,9,2022,906.1519091666668
ABGP0001256,10,2022,906.1519091666668
ABGP0001256,11,2022,906.1519091666668
ABGP0001256,12,2022,906.1519091666668
ABGP0001267,1,2022,1340.303823
ABGP0001267,2,2022,1340.303823
ABGP0001267,3,2022,1340.303823
ABGP0001267,4,2022,1340.303823
ABGP0001267,5,2022,1340.303823
ABGP0001267,6,2022,1340.303823
ABGP0001267,7,2022,1340.303823
ABGP0001267,8,2022,1340.303823
ABGP0001267,9,2022,1340.303823
ABGP0001267,10,2022,1340.303823
ABGP0001267,11,2022,1340.303823
ABGP0001267,12,2022,1340.303823
ABGP0001267,1,2021,937.5364341666667
ABGP0001267,2,2021,937.5364341666667
ABGP0001267,3,2021,937.5364341666667
ABGP0001267,4,2021,937.5364341666667
ABGP0001267,5,2021,937.5364341666667
ABGP0001267,6,2021,937.5364341666667
ABGP0001267,7,2021,937.5364341666667
ABGP0001267,8,2021,937.5364341666667
ABGP0001267,9,2021,937.5364341666667
ABGP0001267,10,2021,937.5364341666667
ABGP0001267,11,2021,937.5364341666667
ABGP0001267,12,2021,937.5364341666667
ABGP0001267,1,2020,997.4684166666666
ABGP0001267,2,2020,997.4684166666666
ABGP0001267,3,2020,997.4684166666666
ABGP0001267,4,2020,997.4684166666666
ABGP0001267,5,2020,997.4684166666666
ABGP0001267,6,2020,997.4684166666666
ABGP0001267,7,2020,997.4684166666666
ABGP0001267,8,2020,997.4684166666666
ABGP0001267,9,2020,997.4684166666666
ABGP0001267,10,2020,997.4684166666666
ABGP0001267,11,2020,997.4684166666666
ABGP0001267,12,2020,997.4684166666666
ABGP0001267,1,2019,1092.6849166666666
ABGP0001267,2,2019,1092.6849166666666
ABGP0001267,3,2019,1092.6849166666666
ABGP0001267,4,2019,1092.6849166666666
ABGP0001267,5,2019,1092.6849166666666
ABGP0001267,6,2019,1092.6849166666666
ABGP0001267,7,2019,1092.6849166666666
ABGP0001267,8,2019,1092.6849166666666
ABGP0001267,9,2019,1092.6849166666666
ABGP0001267,10,2019,1092.6849166666666
ABGP0001267,11,2019,1092.6849166666666
ABGP0001267,12,2019,1092.6849166666666
ABGP0001267,1,2018,2225.9443333333334
ABGP0001267,2,2018,2225.9443333333334
ABGP0001267,3,2018,2225.9443333333334
ABGP0001267,4,2018,2225.9443333333334
ABGP0001267,5,2018,2225.9443333333334
ABGP0001267,6,2018,2225.9443333333334
ABGP0001267,7,2018,2225.9443333333334
ABGP0001267,8,2018,2225.9443333333334
ABGP0001267,9,2018,2225.9443333333334
ABGP0001267,10,2018,2225.9443333333334
ABGP0001267,11,2018,2225.9443333333334
ABGP0001267,12,2018,2225.9443333333334
ABGP0001267,1,2017,2206.663916666667
ABGP0001267,2,2017,2206.663916666667
ABGP0001267,3,2017,2206.663916666667
ABGP0001267,4,2017,2206.663916666667
ABGP0001267,5,2017,2206.663916666667
ABGP0001267,6,2017,2206.663916666667
ABGP0001267,7,2017,2206.663916666667
ABGP0001267,8,2017,2206.663916666667
ABGP0001267,9,2017,2206.663916666667
ABGP0001267,10,2017,2206.663916666667
ABGP0001267,11,2017,2206.663916666667
ABGP0001267,12,2017,2206.663916666667
ABGP0001292,1,2022,1365.2815
ABGP0001292,2,2022,1365.2815
ABGP0001292,3,2022,1365.2815
ABGP0001292,4,2022,1365.2815
ABGP0001292,5,2022,1365.2815
ABGP0001292,6,2022,1365.2815
ABGP0001292,7,2022,1365.2815
ABGP0001292,8,2022,1365.2815
ABGP0001292,9,2022,1365.2815
ABGP0001292,10,2022,1365.2815
ABGP0001292,11,2022,1365.2815
ABGP0001292,12,2022,1365.2815
ABGP0001292,1,2021,1166.7616391666668
ABGP0001292,2,2021,1166.7616391666668
ABGP0001292,3,2021,1166.7616391666668
ABGP0001292,4,2021,1166.7616391666668
ABGP0001292,5,2021,1166.7616391666668
ABGP0001292,6,2021,1166.7616391666668
ABGP0001292,7,2021,1166.7616391666668
ABGP0001292,8,2021,1166.7616391666668
ABGP0001292,9,2021,1166.7616391666668
ABGP0001292,10,2021,1166.7616391666668
ABGP0001292,11,2021,1166.7616391666668
ABGP0001292,12,2021,1166.7616391666668
ABGP0001292,1,2020,1136.3578333333332
ABGP0001292,2,2020,1136.3578333333332
ABGP0001292,3,2020,1136.3578333333332
ABGP0001292,4,2020,1136.3578333333332
ABGP0001292,5,2020,1136.3578333333332
ABGP0001292,6,2020,1136.3578333333332
ABGP0001292,7,2020,1136.3578333333332
ABGP0001292,8,2020,1136.3578333333332
ABGP0001292,9,2020,1136.3578333333332
ABGP0001292,10,2020,1136.3578333333332
ABGP0001292,11,2020,1136.3578333333332
ABGP0001292,12,2020,1136.3578333333332
ABGP0001292,1,2019,1156.5401666666667
ABGP0001292,2,2019,1156.5401666666667
ABGP0001292,3,2019,1156.5401666666667
ABGP0001292,4,2019,1156.5401666666667
ABGP0001292,5,2019,1156.5401666666667
ABGP0001292,6,2019,1156.5401666666667
ABGP0001292,7,2019,1156.5401666666667
ABGP0001292,8,2019,1156.5401666666667
ABGP0001292,9,2019,1156.5401666666667
ABGP0001292,10,2019,1156.5401666666667
ABGP0001292,11,2019,1156.5401666666667
ABGP0001292,12,2019,1156.5401666666667
ABGP0001292,1,2018,918.3759166666667
ABGP0001292,2,2018,918.3759166666667
ABGP0001292,3,2018,918.3759166666667
ABGP0001292,4,2018,918.3759166666667
ABGP0001292,5,2018,918.3759166666667
ABGP0001292,6,2018,918.3759166666667
ABGP0001292,7,2018,918.3759166666667
ABGP0001292,8,2018,918.3759166666667
ABGP0001292,9,2018,918.3759166666667
ABGP0001292,10,2018,918.3759166666667
ABGP0001292,11,2018,918.3759166666667
ABGP0001292,12,2018,918.3759166666667
ABGP0001292,1,2017,1068.6431666666667
ABGP0001292,2,2017,1068.6431666666667
ABGP0001292,3,2017,1068.6431666666667
ABGP0001292,4,2017,1068.6431666666667
ABGP0001292,5,2017,1068.6431666666667
ABGP0001292,6,2017,1068.6431666666667
ABGP0001292,7,2017,1068.6431666666667
ABGP0001292,8,2017,1068.6431666666667
ABGP0001292,9,2017,1068.6431666666667
ABGP0001292,10,2017,1068.6431666666667
ABGP0001292,11,2017,1068.6431666666667
ABGP0001292,12,2017,1068.6431666666667
ABGP0001293,1,2017,897.61775
ABGP0001293,2,2017,897.61775
ABGP0001293,3,2017,897.61775
ABGP0001293,4,2017,897.61775
ABGP0001293,5,2017,897.61775
ABGP0001293,6,2017,897.61775
ABGP0001293,7,2017,897.61775
ABGP0001293,8,2017,897.61775
ABGP0001293,9,2017,897.61775
ABGP0001293,10,2017,897.61775
ABGP0001293,11,2017,897.61775
ABGP0001293,12,2017,897.61775
ABGP0001312,1,2017,1073.6503741666668
ABGP0001312,2,2017,1073.6503741666668
ABGP0001312,3,2017,1073.6503741666668
ABGP0001312,4,2017,1073.6503741666668
ABGP0001312,5,2017,1073.6503741666668
ABGP0001312,6,2017,1073.6503741666668
ABGP0001312,7,2017,1073.6503741666668
ABGP0001312,8,2017,1073.6503741666668
ABGP0001312,9,2017,1073.6503741666668
ABGP0001312,10,2017,1073.6503741666668
ABGP0001312,11,2017,1073.6503741666668
ABGP0001312,12,2017,1073.6503741666668
ABGP0001334,1,2018,796.1736255000001
ABGP0001334,2,2018,796.1736255000001
ABGP0001334,3,2018,796.1736255000001
ABGP0001334,4,2018,796.1736255000001
ABGP0001334,5,2018,796.1736255000001
ABGP0001334,6,2018,796.1736255000001
ABGP0001334,7,2018,796.1736255000001
ABGP0001334,8,2018,796.1736255000001
ABGP0001334,9,2018,796.1736255000001
ABGP0001334,10,2018,796.1736255000001
ABGP0001334,11,2018,796.1736255000001
ABGP0001334,12,2018,796.1736255000001
ABGP0001350,1,2022,15277.401333333333
ABGP0001350,2,2022,15277.401333333333
ABGP0001350,3,2022,15277.401333333333
ABGP0001350,4,2022,15277.401333333333
ABGP0001350,5,2022,15277.401333333333
ABGP0001350,6,2022,15277.401333333333
ABGP0001350,7,2022,15277.401333333333
ABGP0001350,8,2022,15277.401333333333
ABGP0001350,9,2022,15277.401333333333
ABGP0001350,10,2022,15277.401333333333
ABGP0001350,11,2022,15277.401333333333
ABGP0001350,12,2022,15277.401333333333
ABGP0001350,1,2022,5756.077140833334
ABGP0001350,2,2022,5756.077140833334
ABGP0001350,3,2022,5756.077140833334
ABGP0001350,4,2022,5756.077140833334
ABGP0001350,5,2022,5756.077140833334
ABGP0001350,6,2022,5756.077140833334
ABGP0001350,7,2022,5756.077140833334
ABGP0001350,8,2022,5756.077140833334
ABGP0001350,9,2022,5756.077140833334
ABGP0001350,10,2022,5756.077140833334
ABGP0001350,11,2022,5756.077140833334
ABGP0001350,12,2022,5756.077140833334
ABGP0001350,1,2021,14901.162933333333
ABGP0001350,2,2021,14901.162933333333
ABGP0001350,3,2021,14901.162933333333
ABGP0001350,4,2021,14901.162933333333
ABGP0001350,5,2021,14901.162933333333
ABGP0001350,6,2021,14901.162933333333
ABGP0001350,7,2021,14901.162933333333
ABGP0001350,8,2021,14901.162933333333
ABGP0001350,9,2021,14901.162933333333
ABGP0001350,10,2021,14901.162933333333
ABGP0001350,11,2021,14901.162933333333
ABGP0001350,12,2021,14901.162933333333
ABGP0001350,1,2020,16428.05875
ABGP0001350,2,2020,16428.05875
ABGP0001350,3,2020,16428.05875
ABGP0001350,4,2020,16428.05875
ABGP0001350,5,2020,16428.05875
ABGP0001350,6,2020,16428.05875
ABGP0001350,7,2020,16428.05875
ABGP0001350,8,2020,16428.05875
ABGP0001350,9,2020,16428.05875
ABGP0001350,10,2020,16428.05875
ABGP0001350,11,2020,16428.05875
ABGP0001350,12,2020,16428.05875
ABGP0001350,1,2019,17270.876083333333
ABGP0001350,2,2019,17270.876083333333
ABGP0001350,3,2019,17270.876083333333
ABGP0001350,4,2019,17270.876083333333
ABGP0001350,5,2019,17270.876083333333
ABGP0001350,6,2019,17270.876083333333
ABGP0001350,7,2019,17270.876083333333
ABGP0001350,8,2019,17270.876083333333
ABGP0001350,9,2019,17270.876083333333
ABGP0001350,10,2019,17270.876083333333
ABGP0001350,11,2019,17270.876083333333
ABGP0001350,12,2019,17270.876083333333
ABGP0001350,1,2018,16923.0825
ABGP0001350,2,2018,16923.0825
ABGP0001350,3,2018,16923.0825
ABGP0001350,4,2018,16923.0825
ABGP0001350,5,2018,16923.0825
ABGP0001350,6,2018,16923.0825
ABGP0001350,7,2018,16923.0825
ABGP0001350,8,2018,16923.0825
ABGP0001350,9,2018,16923.0825
ABGP0001350,10,2018,16923.0825
ABGP0001350,11,2018,16923.0825
ABGP0001350,12,2018,16923.0825
ABGP0001350,1,2017,20742.681
ABGP0001350,2,2017,20742.681
ABGP0001350,3,2017,20742.681
ABGP0001350,4,2017,20742.681
ABGP0001350,5,2017,20742.681
ABGP0001350,6,2017,20742.681
ABGP0001350,7,2017,20742.681
ABGP0001350,8,2017,20742.681
ABGP0001350,9,2017,20742.681
ABGP0001350,10,2017,20742.681
ABGP0001350,11,2017,20742.681
ABGP0001350,12,2017,20742.681
ABGP0001350,1,2016,21401.35908
ABGP0001350,2,2016,21401.35908
ABGP0001350,3,2016,21401.35908
ABGP0001350,4,2016,21401.35908
ABGP0001350,5,2016,21401.35908
ABGP0001350,6,2016,21401.35908
ABGP0001350,7,2016,21401.35908
ABGP0001350,8,2016,21401.35908
ABGP0001350,9,2016,21401.35908
ABGP0001350,10,2016,21401.35908
ABGP0001350,11,2016,21401.35908
ABGP0001350,12,2016,21401.35908
ABGP0001350,1,2015,21868.346858333334
ABGP0001350,2,2015,21868.346858333334
ABGP0001350,3,2015,21868.346858333334
ABGP0001350,4,2015,21868.346858333334
ABGP0001350,5,2015,21868.346858333334
ABGP0001350,6,2015,21868.346858333334
ABGP0001350,7,2015,21868.346858333334
ABGP0001350,8,2015,21868.346858333334
ABGP0001350,9,2015,21868.346858333334
ABGP0001350,10,2015,21868.346858333334
ABGP0001350,11,2015,21868.346858333334
ABGP0001350,12,2015,21868.346858333334
ABGP0001350,1,2014,22659.56303
ABGP0001350,2,2014,22659.56303
ABGP0001350,3,2014,22659.56303
ABGP0001350,4,2014,22659.56303
ABGP0001350,5,2014,22659.56303
ABGP0001350,6,2014,22659.56303
ABGP0001350,7,2014,22659.56303
ABGP0001350,8,2014,22659.56303
ABGP0001350,9,2014,22659.56303
ABGP0001350,10,2014,22659.56303
ABGP0001350,11,2014,22659.56303
ABGP0001350,12,2014,22659.56303
ABGP0001350,1,2013,20345.118208333333
ABGP0001350,2,2013,20345.118208333333
ABGP0001350,3,2013,20345.118208333333
ABGP0001350,4,2013,20345.118208333333
ABGP0001350,5,2013,20345.118208333333
ABGP0001350,6,2013,20345.118208333333
ABGP0001350,7,2013,20345.118208333333
ABGP0001350,8,2013,20345.118208333333
ABGP0001350,9,2013,20345.118208333333
ABGP0001350,10,2013,20345.118208333333
ABGP0001350,11,2013,20345.118208333333
ABGP0001350,12,2013,20345.118208333333
ABGP0001350,1,2012,19118.45403333333
ABGP0001350,2,2012,19118.45403333333
ABGP0001350,3,2012,19118.45403333333
ABGP0001350,4,2012,19118.45403333333
ABGP0001350,5,2012,19118.45403333333
ABGP0001350,6,2012,19118.45403333333
ABGP0001350,7,2012,19118.45403333333
ABGP0001350,8,2012,19118.45403333333
ABGP0001350,9,2012,19118.45403333333
ABGP0001350,10,2012,19118.45403333333
ABGP0001350,11,2012,19118.45403333333
ABGP0001350,12,2012,19118.45403333333
ABGP0001350,1,2011,17497.91748
ABGP0001350,2,2011,17497.91748
ABGP0001350,3,2011,17497.91748
ABGP0001350,4,2011,17497.91748
ABGP0001350,5,2011,17497.91748
ABGP0001350,6,2011,17497.91748
ABGP0001350,7,2011,17497.91748
ABGP0001350,8,2011,17497.91748
ABGP0001350,9,2011,17497.91748
ABGP0001350,10,2011,17497.91748
ABGP0001350,11,2011,17497.91748
ABGP0001350,12,2011,17497.91748
ABGP0001350,1,2010,17758.622574999998
ABGP0001350,2,2010,17758.622574999998
ABGP0001350,3,2010,17758.622574999998
ABGP0001350,4,2010,17758.622574999998
ABGP0001350,5,2010,17758.622574999998
ABGP0001350,6,2010,17758.622574999998
ABGP0001350,7,2010,17758.622574999998
ABGP0001350,8,2010,17758.622574999998
ABGP0001350,9,2010,17758.622574999998
ABGP0001350,10,2010,17758.622574999998
ABGP0001350,11,2010,17758.622574999998
ABGP0001350,12,2010,17758.622574999998
ABGP0001350,1,2009,19768.480191666666
ABGP0001350,2,2009,19768.480191666666
ABGP0001350,3,2009,19768.480191666666
ABGP0001350,4,2009,19768.480191666666
ABGP0001350,5,2009,19768.480191666666
ABGP0001350,6,2009,19768.480191666666
ABGP0001350,7,2009,19768.480191666666
ABGP0001350,8,2009,19768.480191666666
ABGP0001350,9,2009,19768.480191666666
ABGP0001350,10,2009,19768.480191666666
ABGP0001350,11,2009,19768.480191666666
ABGP0001350,12,2009,19768.480191666666
ABGP0001350,1,2008,20802.756833333333
ABGP0001350,2,2008,20802.756833333333
ABGP0001350,3,2008,20802.756833333333
ABGP0001350,4,2008,20802.756833333333
ABGP0001350,5,2008,20802.756833333333
ABGP0001350,6,2008,20802.756833333333
ABGP0001350,7,2008,20802.756833333333
ABGP0001350,8,2008,20802.756833333333
ABGP0001350,9,2008,20802.756833333333
ABGP0001350,10,2008,20802.756833333333
ABGP0001350,11,2008,20802.756833333333
ABGP0001350,12,2008,20802.756833333333
ABGP0001350,1,2007,16367.081716666667
ABGP0001350,2,2007,16367.081716666667
ABGP0001350,3,2007,16367.081716666667
ABGP0001350,4,2007,16367.081716666667
ABGP0001350,5,2007,16367.081716666667
ABGP0001350,6,2007,16367.081716666667
ABGP0001350,7,2007,16367.081716666667
ABGP0001350,8,2007,16367.081716666667
ABGP0001350,9,2007,16367.081716666667
ABGP0001350,10,2007,16367.081716666667
ABGP0001350,11,2007,16367.081716666667
ABGP0001350,12,2007,16367.081716666667
ABGP0001350,1,2006,14956.651958333334
ABGP0001350,2,2006,14956.651958333334
ABGP0001350,3,2006,14956.651958333334
ABGP0001350,4,2006,14956.651958333334
ABGP0001350,5,2006,14956.651958333334
ABGP0001350,6,2006,14956.651958333334
ABGP0001350,7,2006,14956.651958333334
ABGP0001350,8,2006,14956.651958333334
ABGP0001350,9,2006,14956.651958333334
ABGP0001350,10,2006,14956.651958333334
ABGP0001350,11,2006,14956.651958333334
ABGP0001350,12,2006,14956.651958333334
ABGP0001350,1,2005,14869.77303
ABGP0001350,2,2005,14869.77303
ABGP0001350,3,2005,14869.77303
ABGP0001350,4,2005,14869.77303
ABGP0001350,5,2005,14869.77303
ABGP0001350,6,2005,14869.77303
ABGP0001350,7,2005,14869.77303
ABGP0001350,8,2005,14869.77303
ABGP0001350,9,2005,14869.77303
ABGP0001350,10,2005,14869.77303
ABGP0001350,11,2005,14869.77303
ABGP0001350,12,2005,14869.77303
ABGP0001350,1,2004,14890.670783333333
ABGP0001350,2,2004,14890.670783333333
ABGP0001350,3,2004,14890.670783333333
ABGP0001350,4,2004,14890.670783333333
ABGP0001350,5,2004,14890.670783333333
ABGP0001350,6,2004,14890.670783333333
ABGP0001350,7,2004,14890.670783333333
ABGP0001350,8,2004,14890.670783333333
ABGP0001350,9,2004,14890.670783333333
ABGP0001350,10,2004,14890.670783333333
ABGP0001350,11,2004,14890.670783333333
ABGP0001350,12,2004,14890.670783333333
ABGP0001353,1,2022,1386.5936250000002
ABGP0001353,2,2022,1386.5936250000002
ABGP0001353,3,2022,1386.5936250000002
ABGP0001353,4,2022,1386.5936250000002
ABGP0001353,5,2022,1386.5936250000002
ABGP0001353,6,2022,1386.5936250000002
ABGP0001353,7,2022,1386.5936250000002
ABGP0001353,8,2022,1386.5936250000002
ABGP0001353,9,2022,1386.5936250000002
ABGP0001353,10,2022,1386.5936250000002
ABGP0001353,11,2022,1386.5936250000002
ABGP0001353,12,2022,1386.5936250000002
ABGP0001353,1,2021,1510.567218
ABGP0001353,2,2021,1510.567218
ABGP0001353,3,2021,1510.567218
ABGP0001353,4,2021,1510.567218
ABGP0001353,5,2021,1510.567218
ABGP0001353,6,2021,1510.567218
ABGP0001353,7,2021,1510.567218
ABGP0001353,8,2021,1510.567218
ABGP0001353,9,2021,1510.567218
ABGP0001353,10,2021,1510.567218
ABGP0001353,11,2021,1510.567218
ABGP0001353,12,2021,1510.567218
ABGP0001353,1,2020,1788.0055833333333
ABGP0001353,2,2020,1788.0055833333333
ABGP0001353,3,2020,1788.0055833333333
ABGP0001353,4,2020,1788.0055833333333
ABGP0001353,5,2020,1788.0055833333333
ABGP0001353,6,2020,1788.0055833333333
ABGP0001353,7,2020,1788.0055833333333
ABGP0001353,8,2020,1788.0055833333333
ABGP0001353,9,2020,1788.0055833333333
ABGP0001353,10,2020,1788.0055833333333
ABGP0001353,11,2020,1788.0055833333333
ABGP0001353,12,2020,1788.0055833333333
ABGP0001353,1,2019,1560.3945
ABGP0001353,2,2019,1560.3945
ABGP0001353,3,2019,1560.3945
ABGP0001353,4,2019,1560.3945
ABGP0001353,5,2019,1560.3945
ABGP0001353,6,2019,1560.3945
ABGP0001353,7,2019,1560.3945
ABGP0001353,8,2019,1560.3945
ABGP0001353,9,2019,1560.3945
ABGP0001353,10,2019,1560.3945
ABGP0001353,11,2019,1560.3945
ABGP0001353,12,2019,1560.3945
ABGP0001353,1,2018,1700.5258166666665
ABGP0001353,2,2018,1700.5258166666665
ABGP0001353,3,2018,1700.5258166666665
ABGP0001353,4,2018,1700.5258166666665
ABGP0001353,5,2018,1700.5258166666665
ABGP0001353,6,2018,1700.5258166666665
ABGP0001353,7,2018,1700.5258166666665
ABGP0001353,8,2018,1700.5258166666665
ABGP0001353,9,2018,1700.5258166666665
ABGP0001353,10,2018,1700.5258166666665
ABGP0001353,11,2018,1700.5258166666665
ABGP0001353,12,2018,1700.5258166666665
ABGP0001353,1,2017,1771.709675
ABGP0001353,2,2017,1771.709675
ABGP0001353,3,2017,1771.709675
ABGP0001353,4,2017,1771.709675
ABGP0001353,5,2017,1771.709675
ABGP0001353,6,2017,1771.709675
ABGP0001353,7,2017,1771.709675
ABGP0001353,8,2017,1771.709675
ABGP0001353,9,2017,1771.709675
ABGP0001353,10,2017,1771.709675
ABGP0001353,11,2017,1771.709675
ABGP0001353,12,2017,1771.709675
ABGP0001360,1,2022,12798.001300000002
ABGP0001360,2,2022,12798.001300000002
ABGP0001360,3,2022,12798.001300000002
ABGP0001360,4,2022,12798.001300000002
ABGP0001360,5,2022,12798.001300000002
ABGP0001360,6,2022,12798.001300000002
ABGP0001360,7,2022,12798.001300000002
ABGP0001360,8,2022,12798.001300000002
ABGP0001360,9,2022,12798.001300000002
ABGP0001360,10,2022,12798.001300000002
ABGP0001360,11,2022,12798.001300000002
ABGP0001360,12,2022,12798.001300000002
ABGP0001360,1,2022,2308.8428916666667
ABGP0001360,2,2022,2308.8428916666667
ABGP0001360,3,2022,2308.8428916666667
ABGP0001360,4,2022,2308.8428916666667
ABGP0001360,5,2022,2308.8428916666667
ABGP0001360,6,2022,2308.8428916666667
ABGP0001360,7,2022,2308.8428916666667
ABGP0001360,8,2022,2308.8428916666667
ABGP0001360,9,2022,2308.8428916666667
ABGP0001360,10,2022,2308.8428916666667
ABGP0001360,11,2022,2308.8428916666667
ABGP0001360,12,2022,2308.8428916666667
ABGP0001360,1,2021,13819.244666666666
ABGP0001360,2,2021,13819.244666666666
ABGP0001360,3,2021,13819.244666666666
ABGP0001360,4,2021,13819.244666666666
ABGP0001360,5,2021,13819.244666666666
ABGP0001360,6,2021,13819.244666666666
ABGP0001360,7,2021,13819.244666666666
ABGP0001360,8,2021,13819.244666666666
ABGP0001360,9,2021,13819.244666666666
ABGP0001360,10,2021,13819.244666666666
ABGP0001360,11,2021,13819.244666666666
ABGP0001360,12,2021,13819.244666666666
ABGP0001360,1,2021,2458.1013
ABGP0001360,2,2021,2458.1013
ABGP0001360,3,2021,2458.1013
ABGP0001360,4,2021,2458.1013
ABGP0001360,5,2021,2458.1013
ABGP0001360,6,2021,2458.1013
ABGP0001360,7,2021,2458.1013
ABGP0001360,8,2021,2458.1013
ABGP0001360,9,2021,2458.1013
ABGP0001360,10,2021,2458.1013
ABGP0001360,11,2021,2458.1013
ABGP0001360,12,2021,2458.1013
ABGP0001360,1,2020,12417.017133333333
ABGP0001360,2,2020,12417.017133333333
ABGP0001360,3,2020,12417.017133333333
ABGP0001360,4,2020,12417.017133333333
ABGP0001360,5,2020,12417.017133333333
ABGP0001360,6,2020,12417.017133333333
ABGP0001360,7,2020,12417.017133333333
ABGP0001360,8,2020,12417.017133333333
ABGP0001360,9,2020,12417.017133333333
ABGP0001360,10,2020,12417.017133333333
ABGP0001360,11,2020,12417.017133333333
ABGP0001360,12,2020,12417.017133333333
ABGP0001360,1,2020,1543.8313583333331
ABGP0001360,2,2020,1543.8313583333331
ABGP0001360,3,2020,1543.8313583333331
ABGP0001360,4,2020,1543.8313583333331
ABGP0001360,5,2020,1543.8313583333331
ABGP0001360,6,2020,1543.8313583333331
ABGP0001360,7,2020,1543.8313583333331
ABGP0001360,8,2020,1543.8313583333331
ABGP0001360,9,2020,1543.8313583333331
ABGP0001360,10,2020,1543.8313583333331
ABGP0001360,11,2020,1543.8313583333331
ABGP0001360,12,2020,1543.8313583333331
ABGP0001360,1,2019,13363.338808333334
ABGP0001360,2,2019,13363.338808333334
ABGP0001360,3,2019,13363.338808333334
ABGP0001360,4,2019,13363.338808333334
ABGP0001360,5,2019,13363.338808333334
ABGP0001360,6,2019,13363.338808333334
ABGP0001360,7,2019,13363.338808333334
ABGP0001360,8,2019,13363.338808333334
ABGP0001360,9,2019,13363.338808333334
ABGP0001360,10,2019,13363.338808333334
ABGP0001360,11,2019,13363.338808333334
ABGP0001360,12,2019,13363.338808333334
ABGP0001360,1,2019,887.7143166666666
ABGP0001360,2,2019,887.7143166666666
ABGP0001360,3,2019,887.7143166666666
ABGP0001360,4,2019,887.7143166666666
ABGP0001360,5,2019,887.7143166666666
ABGP0001360,6,2019,887.7143166666666
ABGP0001360,7,2019,887.7143166666666
ABGP0001360,8,2019,887.7143166666666
ABGP0001360,9,2019,887.7143166666666
ABGP0001360,10,2019,887.7143166666666
ABGP0001360,11,2019,887.7143166666666
ABGP0001360,12,2019,887.7143166666666
ABGP0001360,1,2018,13019.577883333333
ABGP0001360,2,2018,13019.577883333333
ABGP0001360,3,2018,13019.577883333333
ABGP0001360,4,2018,13019.577883333333
ABGP0001360,5,2018,13019.577883333333
ABGP0001360,6,2018,13019.577883333333
ABGP0001360,7,2018,13019.577883333333
ABGP0001360,8,2018,13019.577883333333
ABGP0001360,9,2018,13019.577883333333
ABGP0001360,10,2018,13019.577883333333
ABGP0001360,11,2018,13019.577883333333
ABGP0001360,12,2018,13019.577883333333
ABGP0001360,1,2017,15969.967358333333
ABGP0001360,2,2017,15969.967358333333
ABGP0001360,3,2017,15969.967358333333
ABGP0001360,4,2017,15969.967358333333
ABGP0001360,5,2017,15969.967358333333
ABGP0001360,6,2017,15969.967358333333
ABGP0001360,7,2017,15969.967358333333
ABGP0001360,8,2017,15969.967358333333
ABGP0001360,9,2017,15969.967358333333
ABGP0001360,10,2017,15969.967358333333
ABGP0001360,11,2017,15969.967358333333
ABGP0001360,12,2017,15969.967358333333
ABGP0001360,1,2016,18406.4441
ABGP0001360,2,2016,18406.4441
ABGP0001360,3,2016,18406.4441
ABGP0001360,4,2016,18406.4441
ABGP0001360,5,2016,18406.4441
ABGP0001360,6,2016,18406.4441
ABGP0001360,7,2016,18406.4441
ABGP0001360,8,2016,18406.4441
ABGP0001360,9,2016,18406.4441
ABGP0001360,10,2016,18406.4441
ABGP0001360,11,2016,18406.4441
ABGP0001360,12,2016,18406.4441
ABGP0001360,1,2015,17249.76533
ABGP0001360,2,2015,17249.76533
ABGP0001360,3,2015,17249.76533
ABGP0001360,4,2015,17249.76533
ABGP0001360,5,2015,17249.76533
ABGP0001360,6,2015,17249.76533
ABGP0001360,7,2015,17249.76533
ABGP0001360,8,2015,17249.76533
ABGP0001360,9,2015,17249.76533
ABGP0001360,10,2015,17249.76533
ABGP0001360,11,2015,17249.76533
ABGP0001360,12,2015,17249.76533
ABGP0001360,1,2014,17908.779916666666
ABGP0001360,2,2014,17908.779916666666
ABGP0001360,3,2014,17908.779916666666
ABGP0001360,4,2014,17908.779916666666
ABGP0001360,5,2014,17908.779916666666
ABGP0001360,6,2014,17908.779916666666
ABGP0001360,7,2014,17908.779916666666
ABGP0001360,8,2014,17908.779916666666
ABGP0001360,9,2014,17908.779916666666
ABGP0001360,10,2014,17908.779916666666
ABGP0001360,11,2014,17908.779916666666
ABGP0001360,12,2014,17908.779916666666
ABGP0001360,1,2013,20712.9312
ABGP0001360,2,2013,20712.9312
ABGP0001360,3,2013,20712.9312
ABGP0001360,4,2013,20712.9312
ABGP0001360,5,2013,20712.9312
ABGP0001360,6,2013,20712.9312
ABGP0001360,7,2013,20712.9312
ABGP0001360,8,2013,20712.9312
ABGP0001360,9,2013,20712.9312
ABGP0001360,10,2013,20712.9312
ABGP0001360,11,2013,20712.9312
ABGP0001360,12,2013,20712.9312
ABGP0001360,1,2012,22085.3956
ABGP0001360,2,2012,22085.3956
ABGP0001360,3,2012,22085.3956
ABGP0001360,4,2012,22085.3956
ABGP0001360,5,2012,22085.3956
ABGP0001360,6,2012,22085.3956
ABGP0001360,7,2012,22085.3956
ABGP0001360,8,2012,22085.3956
ABGP0001360,9,2012,22085.3956
ABGP0001360,10,2012,22085.3956
ABGP0001360,11,2012,22085.3956
ABGP0001360,12,2012,22085.3956
ABGP0001360,1,2011,23948.55793
ABGP0001360,2,2011,23948.55793
ABGP0001360,3,2011,23948.55793
ABGP0001360,4,2011,23948.55793
ABGP0001360,5,2011,23948.55793
ABGP0001360,6,2011,23948.55793
ABGP0001360,7,2011,23948.55793
ABGP0001360,8,2011,23948.55793
ABGP0001360,9,2011,23948.55793
ABGP0001360,10,2011,23948.55793
ABGP0001360,11,2011,23948.55793
ABGP0001360,12,2011,23948.55793
ABGP0001360,1,2010,27241.53495
ABGP0001360,2,2010,27241.53495
ABGP0001360,3,2010,27241.53495
ABGP0001360,4,2010,27241.53495
ABGP0001360,5,2010,27241.53495
ABGP0001360,6,2010,27241.53495
ABGP0001360,7,2010,27241.53495
ABGP0001360,8,2010,27241.53495
ABGP0001360,9,2010,27241.53495
ABGP0001360,10,2010,27241.53495
ABGP0001360,11,2010,27241.53495
ABGP0001360,12,2010,27241.53495
ABGP0001360,1,2009,32563.321041666666
ABGP0001360,2,2009,32563.321041666666
ABGP0001360,3,2009,32563.321041666666
ABGP0001360,4,2009,32563.321041666666
ABGP0001360,5,2009,32563.321041666666
ABGP0001360,6,2009,32563.321041666666
ABGP0001360,7,2009,32563.321041666666
ABGP0001360,8,2009,32563.321041666666
ABGP0001360,9,2009,32563.321041666666
ABGP0001360,10,2009,32563.321041666666
ABGP0001360,11,2009,32563.321041666666
ABGP0001360,12,2009,32563.321041666666
ABGP0001360,1,2008,34440.08403333333
ABGP0001360,2,2008,34440.08403333333
ABGP0001360,3,2008,34440.08403333333
ABGP0001360,4,2008,34440.08403333333
ABGP0001360,5,2008,34440.08403333333
ABGP0001360,6,2008,34440.08403333333
ABGP0001360,7,2008,34440.08403333333
ABGP0001360,8,2008,34440.08403333333
ABGP0001360,9,2008,34440.08403333333
ABGP0001360,10,2008,34440.08403333333
ABGP0001360,11,2008,34440.08403333333
ABGP0001360,12,2008,34440.08403333333
ABGP0001360,1,2007,38015.5204
ABGP0001360,2,2007,38015.5204
ABGP0001360,3,2007,38015.5204
ABGP0001360,4,2007,38015.5204
ABGP0001360,5,2007,38015.5204
ABGP0001360,6,2007,38015.5204
ABGP0001360,7,2007,38015.5204
ABGP0001360,8,2007,38015.5204
ABGP0001360,9,2007,38015.5204
ABGP0001360,10,2007,38015.5204
ABGP0001360,11,2007,38015.5204
ABGP0001360,12,2007,38015.5204
ABGP0001360,1,2006,39767.058208333336
ABGP0001360,2,2006,39767.058208333336
ABGP0001360,3,2006,39767.058208333336
ABGP0001360,4,2006,39767.058208333336
ABGP0001360,5,2006,39767.058208333336
ABGP0001360,6,2006,39767.058208333336
ABGP0001360,7,2006,39767.058208333336
ABGP0001360,8,2006,39767.058208333336
ABGP0001360,9,2006,39767.058208333336
ABGP0001360,10,2006,39767.058208333336
ABGP0001360,11,2006,39767.058208333336
ABGP0001360,12,2006,39767.058208333336
ABGP0001360,1,2005,41758.98626666667
ABGP0001360,2,2005,41758.98626666667
ABGP0001360,3,2005,41758.98626666667
ABGP0001360,4,2005,41758.98626666667
ABGP0001360,5,2005,41758.98626666667
ABGP0001360,6,2005,41758.98626666667
ABGP0001360,7,2005,41758.98626666667
ABGP0001360,8,2005,41758.98626666667
ABGP0001360,9,2005,41758.98626666667
ABGP0001360,10,2005,41758.98626666667
ABGP0001360,11,2005,41758.98626666667
ABGP0001360,12,2005,41758.98626666667
ABGP0001360,1,2004,64506.45491666667
ABGP0001360,2,2004,64506.45491666667
ABGP0001360,3,2004,64506.45491666667
ABGP0001360,4,2004,64506.45491666667
ABGP0001360,5,2004,64506.45491666667
ABGP0001360,6,2004,64506.45491666667
ABGP0001360,7,2004,64506.45491666667
ABGP0001360,8,2004,64506.45491666667
ABGP0001360,9,2004,64506.45491666667
ABGP0001360,10,2004,64506.45491666667
ABGP0001360,11,2004,64506.45491666667
ABGP0001360,12,2004,64506.45491666667
ABGP0001370,1,2021,854.1968608333333
ABGP0001370,2,2021,854.1968608333333
ABGP0001370,3,2021,854.1968608333333
ABGP0001370,4,2021,854.1968608333333
ABGP0001370,5,2021,854.1968608333333
ABGP0001370,6,2021,854.1968608333333
ABGP0001370,7,2021,854.1968608333333
ABGP0001370,8,2021,854.1968608333333
ABGP0001370,9,2021,854.1968608333333
ABGP0001370,10,2021,854.1968608333333
ABGP0001370,11,2021,854.1968608333333
ABGP0001370,12,2021,854.1968608333333
ABGP0001370,1,2020,1609.2728333333334
ABGP0001370,2,2020,1609.2728333333334
ABGP0001370,3,2020,1609.2728333333334
ABGP0001370,4,2020,1609.2728333333334
ABGP0001370,5,2020,1609.2728333333334
ABGP0001370,6,2020,1609.2728333333334
ABGP0001370,7,2020,1609.2728333333334
ABGP0001370,8,2020,1609.2728333333334
ABGP0001370,9,2020,1609.2728333333334
ABGP0001370,10,2020,1609.2728333333334
ABGP0001370,11,2020,1609.2728333333334
ABGP0001370,12,2020,1609.2728333333334
ABGP0001370,1,2019,1716.7363333333333
ABGP0001370,2,2019,1716.7363333333333
ABGP0001370,3,2019,1716.7363333333333
ABGP0001370,4,2019,1716.7363333333333
ABGP0001370,5,2019,1716.7363333333333
ABGP0001370,6,2019,1716.7363333333333
ABGP0001370,7,2019,1716.7363333333333
ABGP0001370,8,2019,1716.7363333333333
ABGP0001370,9,2019,1716.7363333333333
ABGP0001370,10,2019,1716.7363333333333
ABGP0001370,11,2019,1716.7363333333333
ABGP0001370,12,2019,1716.7363333333333
ABGP0001370,1,2018,1454.1698333333334
ABGP0001370,2,2018,1454.1698333333334
ABGP0001370,3,2018,1454.1698333333334
ABGP0001370,4,2018,1454.1698333333334
ABGP0001370,5,2018,1454.1698333333334
ABGP0001370,6,2018,1454.1698333333334
ABGP0001370,7,2018,1454.1698333333334
ABGP0001370,8,2018,1454.1698333333334
ABGP0001370,9,2018,1454.1698333333334
ABGP0001370,10,2018,1454.1698333333334
ABGP0001370,11,2018,1454.1698333333334
ABGP0001370,12,2018,1454.1698333333334
ABGP0001370,1,2017,1318.0854166666666
ABGP0001370,2,2017,1318.0854166666666
ABGP0001370,3,2017,1318.0854166666666
ABGP0001370,4,2017,1318.0854166666666
ABGP0001370,5,2017,1318.0854166666666
ABGP0001370,6,2017,1318.0854166666666
ABGP0001370,7,2017,1318.0854166666666
ABGP0001370,8,2017,1318.0854166666666
ABGP0001370,9,2017,1318.0854166666666
ABGP0001370,10,2017,1318.0854166666666
ABGP0001370,11,2017,1318.0854166666666
ABGP0001370,12,2017,1318.0854166666666
ABGP0001375,1,2022,1861.519288
ABGP0001375,2,2022,1861.519288
ABGP0001375,3,2022,1861.519288
ABGP0001375,4,2022,1861.519288
ABGP0001375,5,2022,1861.519288
ABGP0001375,6,2022,1861.519288
ABGP0001375,7,2022,1861.519288
ABGP0001375,8,2022,1861.519288
ABGP0001375,9,2022,1861.519288
ABGP0001375,10,2022,1861.519288
ABGP0001375,11,2022,1861.519288
ABGP0001375,12,2022,1861.519288
ABGP0001375,1,2021,1212.0114133333334
ABGP0001375,2,2021,1212.0114133333334
ABGP0001375,3,2021,1212.0114133333334
ABGP0001375,4,2021,1212.0114133333334
ABGP0001375,5,2021,1212.0114133333334
ABGP0001375,6,2021,1212.0114133333334
ABGP0001375,7,2021,1212.0114133333334
ABGP0001375,8,2021,1212.0114133333334
ABGP0001375,9,2021,1212.0114133333334
ABGP0001375,10,2021,1212.0114133333334
ABGP0001375,11,2021,1212.0114133333334
ABGP0001375,12,2021,1212.0114133333334
ABGP0001375,1,2020,1152.3855791666667
ABGP0001375,2,2020,1152.3855791666667
ABGP0001375,3,2020,1152.3855791666667
ABGP0001375,4,2020,1152.3855791666667
ABGP0001375,5,2020,1152.3855791666667
ABGP0001375,6,2020,1152.3855791666667
ABGP0001375,7,2020,1152.3855791666667
ABGP0001375,8,2020,1152.3855791666667
ABGP0001375,9,2020,1152.3855791666667
ABGP0001375,10,2020,1152.3855791666667
ABGP0001375,11,2020,1152.3855791666667
ABGP0001375,12,2020,1152.3855791666667
ABGP0001377,1,2022,1323.2756933333333
ABGP0001377,2,2022,1323.2756933333333
ABGP0001377,3,2022,1323.2756933333333
ABGP0001377,4,2022,1323.2756933333333
ABGP0001377,5,2022,1323.2756933333333
ABGP0001377,6,2022,1323.2756933333333
ABGP0001377,7,2022,1323.2756933333333
ABGP0001377,8,2022,1323.2756933333333
ABGP0001377,9,2022,1323.2756933333333
ABGP0001377,10,2022,1323.2756933333333
ABGP0001377,11,2022,1323.2756933333333
ABGP0001377,12,2022,1323.2756933333333
ABGP0001377,1,2021,1326.8910858333334
ABGP0001377,2,2021,1326.8910858333334
ABGP0001377,3,2021,1326.8910858333334
ABGP0001377,4,2021,1326.8910858333334
ABGP0001377,5,2021,1326.8910858333334
ABGP0001377,6,2021,1326.8910858333334
ABGP0001377,7,2021,1326.8910858333334
ABGP0001377,8,2021,1326.8910858333334
ABGP0001377,9,2021,1326.8910858333334
ABGP0001377,10,2021,1326.8910858333334
ABGP0001377,11,2021,1326.8910858333334
ABGP0001377,12,2021,1326.8910858333334
ABGP0001377,1,2020,1062.43
ABGP0001377,2,2020,1062.43
ABGP0001377,3,2020,1062.43
ABGP0001377,4,2020,1062.43
ABGP0001377,5,2020,1062.43
ABGP0001377,6,2020,1062.43
ABGP0001377,7,2020,1062.43
ABGP0001377,8,2020,1062.43
ABGP0001377,9,2020,1062.43
ABGP0001377,10,2020,1062.43
ABGP0001377,11,2020,1062.43
ABGP0001377,12,2020,1062.43
ABGP0001377,1,2019,1317.8605833333334
ABGP0001377,2,2019,1317.8605833333334
ABGP0001377,3,2019,1317.8605833333334
ABGP0001377,4,2019,1317.8605833333334
ABGP0001377,5,2019,1317.8605833333334
ABGP0001377,6,2019,1317.8605833333334
ABGP0001377,7,2019,1317.8605833333334
ABGP0001377,8,2019,1317.8605833333334
ABGP0001377,9,2019,1317.8605833333334
ABGP0001377,10,2019,1317.8605833333334
ABGP0001377,11,2019,1317.8605833333334
ABGP0001377,12,2019,1317.8605833333334
ABGP0001377,1,2018,1057.1025833333333
ABGP0001377,2,2018,1057.1025833333333
ABGP0001377,3,2018,1057.1025833333333
ABGP0001377,4,2018,1057.1025833333333
ABGP0001377,5,2018,1057.1025833333333
ABGP0001377,6,2018,1057.1025833333333
ABGP0001377,7,2018,1057.1025833333333
ABGP0001377,8,2018,1057.1025833333333
ABGP0001377,9,2018,1057.1025833333333
ABGP0001377,10,2018,1057.1025833333333
ABGP0001377,11,2018,1057.1025833333333
ABGP0001377,12,2018,1057.1025833333333
ABGP0001377,1,2017,1187.6009999999999
ABGP0001377,2,2017,1187.6009999999999
ABGP0001377,3,2017,1187.6009999999999
ABGP0001377,4,2017,1187.6009999999999
ABGP0001377,5,2017,1187.6009999999999
ABGP0001377,6,2017,1187.6009999999999
ABGP0001377,7,2017,1187.6009999999999
ABGP0001377,8,2017,1187.6009999999999
ABGP0001377,9,2017,1187.6009999999999
ABGP0001377,10,2017,1187.6009999999999
ABGP0001377,11,2017,1187.6009999999999
ABGP0001377,12,2017,1187.6009999999999
ABGP0001379,1,2022,1360.3793333333333
ABGP0001379,2,2022,1360.3793333333333
ABGP0001379,3,2022,1360.3793333333333
ABGP0001379,4,2022,1360.3793333333333
ABGP0001379,5,2022,1360.3793333333333
ABGP0001379,6,2022,1360.3793333333333
ABGP0001379,7,2022,1360.3793333333333
ABGP0001379,8,2022,1360.3793333333333
ABGP0001379,9,2022,1360.3793333333333
ABGP0001379,10,2022,1360.3793333333333
ABGP0001379,11,2022,1360.3793333333333
ABGP0001379,12,2022,1360.3793333333333
ABGP0001379,1,2021,1275.1574316666668
ABGP0001379,2,2021,1275.1574316666668
ABGP0001379,3,2021,1275.1574316666668
ABGP0001379,4,2021,1275.1574316666668
ABGP0001379,5,2021,1275.1574316666668
ABGP0001379,6,2021,1275.1574316666668
ABGP0001379,7,2021,1275.1574316666668
ABGP0001379,8,2021,1275.1574316666668
ABGP0001379,9,2021,1275.1574316666668
ABGP0001379,10,2021,1275.1574316666668
ABGP0001379,11,2021,1275.1574316666668
ABGP0001379,12,2021,1275.1574316666668
ABGP0001379,1,2020,1245.9545833333334
ABGP0001379,2,2020,1245.9545833333334
ABGP0001379,3,2020,1245.9545833333334
ABGP0001379,4,2020,1245.9545833333334
ABGP0001379,5,2020,1245.9545833333334
ABGP0001379,6,2020,1245.9545833333334
ABGP0001379,7,2020,1245.9545833333334
ABGP0001379,8,2020,1245.9545833333334
ABGP0001379,9,2020,1245.9545833333334
ABGP0001379,10,2020,1245.9545833333334
ABGP0001379,11,2020,1245.9545833333334
ABGP0001379,12,2020,1245.9545833333334
ABGP0001379,1,2019,1448.5236666666667
ABGP0001379,2,2019,1448.5236666666667
ABGP0001379,3,2019,1448.5236666666667
ABGP0001379,4,2019,1448.5236666666667
ABGP0001379,5,2019,1448.5236666666667
ABGP0001379,6,2019,1448.5236666666667
ABGP0001379,7,2019,1448.5236666666667
ABGP0001379,8,2019,1448.5236666666667
ABGP0001379,9,2019,1448.5236666666667
ABGP0001379,10,2019,1448.5236666666667
ABGP0001379,11,2019,1448.5236666666667
ABGP0001379,12,2019,1448.5236666666667
ABGP0001379,1,2018,1291.401
ABGP0001379,2,2018,1291.401
ABGP0001379,3,2018,1291.401
ABGP0001379,4,2018,1291.401
ABGP0001379,5,2018,1291.401
ABGP0001379,6,2018,1291.401
ABGP0001379,7,2018,1291.401
ABGP0001379,8,2018,1291.401
ABGP0001379,9,2018,1291.401
ABGP0001379,10,2018,1291.401
ABGP0001379,11,2018,1291.401
ABGP0001379,12,2018,1291.401
ABGP0001379,1,2017,1151.7631666666666
ABGP0001379,2,2017,1151.7631666666666
ABGP0001379,3,2017,1151.7631666666666
ABGP0001379,4,2017,1151.7631666666666
ABGP0001379,5,2017,1151.7631666666666
ABGP0001379,6,2017,1151.7631666666666
ABGP0001379,7,2017,1151.7631666666666
ABGP0001379,8,2017,1151.7631666666666
ABGP0001379,9,2017,1151.7631666666666
ABGP0001379,10,2017,1151.7631666666666
ABGP0001379,11,2017,1151.7631666666666
ABGP0001379,12,2017,1151.7631666666666
ABGP0001380,1,2022,1627.7955
ABGP0001380,2,2022,1627.7955
ABGP0001380,3,2022,1627.7955
ABGP0001380,4,2022,1627.7955
ABGP0001380,5,2022,1627.7955
ABGP0001380,6,2022,1627.7955
ABGP0001380,7,2022,1627.7955
ABGP0001380,8,2022,1627.7955
ABGP0001380,9,2022,1627.7955
ABGP0001380,10,2022,1627.7955
ABGP0001380,11,2022,1627.7955
ABGP0001380,12,2022,1627.7955
ABGP0001380,1,2021,1665.4802008333334
ABGP0001380,2,2021,1665.4802008333334
ABGP0001380,3,2021,1665.4802008333334
ABGP0001380,4,2021,1665.4802008333334
ABGP0001380,5,2021,1665.4802008333334
ABGP0001380,6,2021,1665.4802008333334
ABGP0001380,7,2021,1665.4802008333334
ABGP0001380,8,2021,1665.4802008333334
ABGP0001380,9,2021,1665.4802008333334
ABGP0001380,10,2021,1665.4802008333334
ABGP0001380,11,2021,1665.4802008333334
ABGP0001380,12,2021,1665.4802008333334
ABGP0001380,1,2020,1081.6094166666667
ABGP0001380,2,2020,1081.6094166666667
ABGP0001380,3,2020,1081.6094166666667
ABGP0001380,4,2020,1081.6094166666667
ABGP0001380,5,2020,1081.6094166666667
ABGP0001380,6,2020,1081.6094166666667
ABGP0001380,7,2020,1081.6094166666667
ABGP0001380,8,2020,1081.6094166666667
ABGP0001380,9,2020,1081.6094166666667
ABGP0001380,10,2020,1081.6094166666667
ABGP0001380,11,2020,1081.6094166666667
ABGP0001380,12,2020,1081.6094166666667
ABGP0001380,1,2019,1320.1271666666667
ABGP0001380,2,2019,1320.1271666666667
ABGP0001380,3,2019,1320.1271666666667
ABGP0001380,4,2019,1320.1271666666667
ABGP0001380,5,2019,1320.1271666666667
ABGP0001380,6,2019,1320.1271666666667
ABGP0001380,7,2019,1320.1271666666667
ABGP0001380,8,2019,1320.1271666666667
ABGP0001380,9,2019,1320.1271666666667
ABGP0001380,10,2019,1320.1271666666667
ABGP0001380,11,2019,1320.1271666666667
ABGP0001380,12,2019,1320.1271666666667
ABGP0001380,1,2018,1369.6665833333334
ABGP0001380,2,2018,1369.6665833333334
ABGP0001380,3,2018,1369.6665833333334
ABGP0001380,4,2018,1369.6665833333334
ABGP0001380,5,2018,1369.6665833333334
ABGP0001380,6,2018,1369.6665833333334
ABGP0001380,7,2018,1369.6665833333334
ABGP0001380,8,2018,1369.6665833333334
ABGP0001380,9,2018,1369.6665833333334
ABGP0001380,10,2018,1369.6665833333334
ABGP0001380,11,2018,1369.6665833333334
ABGP0001380,12,2018,1369.6665833333334
ABGP0001380,1,2017,2083.074
ABGP0001380,2,2017,2083.074
ABGP0001380,3,2017,2083.074
ABGP0001380,4,2017,2083.074
ABGP0001380,5,2017,2083.074
ABGP0001380,6,2017,2083.074
ABGP0001380,7,2017,2083.074
ABGP0001380,8,2017,2083.074
ABGP0001380,9,2017,2083.074
ABGP0001380,10,2017,2083.074
ABGP0001380,11,2017,2083.074
ABGP0001380,12,2017,2083.074
ABGP0001381,1,2022,2083.9741833333333
ABGP0001381,2,2022,2083.9741833333333
ABGP0001381,3,2022,2083.9741833333333
ABGP0001381,4,2022,2083.9741833333333
ABGP0001381,5,2022,2083.9741833333333
ABGP0001381,6,2022,2083.9741833333333
ABGP0001381,7,2022,2083.9741833333333
ABGP0001381,8,2022,2083.9741833333333
ABGP0001381,9,2022,2083.9741833333333
ABGP0001381,10,2022,2083.9741833333333
ABGP0001381,11,2022,2083.9741833333333
ABGP0001381,12,2022,2083.9741833333333
ABGP0001381,1,2021,1645.28875
ABGP0001381,2,2021,1645.28875
ABGP0001381,3,2021,1645.28875
ABGP0001381,4,2021,1645.28875
ABGP0001381,5,2021,1645.28875
ABGP0001381,6,2021,1645.28875
ABGP0001381,7,2021,1645.28875
ABGP0001381,8,2021,1645.28875
ABGP0001381,9,2021,1645.28875
ABGP0001381,10,2021,1645.28875
ABGP0001381,11,2021,1645.28875
ABGP0001381,12,2021,1645.28875
ABGP0001381,1,2020,1972.1075
ABGP0001381,2,2020,1972.1075
ABGP0001381,3,2020,1972.1075
ABGP0001381,4,2020,1972.1075
ABGP0001381,5,2020,1972.1075
ABGP0001381,6,2020,1972.1075
ABGP0001381,7,2020,1972.1075
ABGP0001381,8,2020,1972.1075
ABGP0001381,9,2020,1972.1075
ABGP0001381,10,2020,1972.1075
ABGP0001381,11,2020,1972.1075
ABGP0001381,12,2020,1972.1075
ABGP0001381,1,2019,1627.9768641666667
ABGP0001381,2,2019,1627.9768641666667
ABGP0001381,3,2019,1627.9768641666667
ABGP0001381,4,2019,1627.9768641666667
ABGP0001381,5,2019,1627.9768641666667
ABGP0001381,6,2019,1627.9768641666667
ABGP0001381,7,2019,1627.9768641666667
ABGP0001381,8,2019,1627.9768641666667
ABGP0001381,9,2019,1627.9768641666667
ABGP0001381,10,2019,1627.9768641666667
ABGP0001381,11,2019,1627.9768641666667
ABGP0001381,12,2019,1627.9768641666667
ABGP0001381,1,2018,1994.26475
ABGP0001381,2,2018,1994.26475
ABGP0001381,3,2018,1994.26475
ABGP0001381,4,2018,1994.26475
ABGP0001381,5,2018,1994.26475
ABGP0001381,6,2018,1994.26475
ABGP0001381,7,2018,1994.26475
ABGP0001381,8,2018,1994.26475
ABGP0001381,9,2018,1994.26475
ABGP0001381,10,2018,1994.26475
ABGP0001381,11,2018,1994.26475
ABGP0001381,12,2018,1994.26475
ABGP0001386,1,2022,838.2981
ABGP0001386,2,2022,838.2981
ABGP0001386,3,2022,838.2981
ABGP0001386,4,2022,838.2981
ABGP0001386,5,2022,838.2981
ABGP0001386,6,2022,838.2981
ABGP0001386,7,2022,838.2981
ABGP0001386,8,2022,838.2981
ABGP0001386,9,2022,838.2981
ABGP0001386,10,2022,838.2981
ABGP0001386,11,2022,838.2981
ABGP0001386,12,2022,838.2981
ABGP0001386,1,2021,1284.8970366666667
ABGP0001386,2,2021,1284.8970366666667
ABGP0001386,3,2021,1284.8970366666667
ABGP0001386,4,2021,1284.8970366666667
ABGP0001386,5,2021,1284.8970366666667
ABGP0001386,6,2021,1284.8970366666667
ABGP0001386,7,2021,1284.8970366666667
ABGP0001386,8,2021,1284.8970366666667
ABGP0001386,9,2021,1284.8970366666667
ABGP0001386,10,2021,1284.8970366666667
ABGP0001386,11,2021,1284.8970366666667
ABGP0001386,12,2021,1284.8970366666667
ABGP0001386,1,2020,1571.2591666666667
ABGP0001386,2,2020,1571.2591666666667
ABGP0001386,3,2020,1571.2591666666667
ABGP0001386,4,2020,1571.2591666666667
ABGP0001386,5,2020,1571.2591666666667
ABGP0001386,6,2020,1571.2591666666667
ABGP0001386,7,2020,1571.2591666666667
ABGP0001386,8,2020,1571.2591666666667
ABGP0001386,9,2020,1571.2591666666667
ABGP0001386,10,2020,1571.2591666666667
ABGP0001386,11,2020,1571.2591666666667
ABGP0001386,12,2020,1571.2591666666667
ABGP0001386,1,2018,1765.5465000000002
ABGP0001386,2,2018,1765.5465000000002
ABGP0001386,3,2018,1765.5465000000002
ABGP0001386,4,2018,1765.5465000000002
ABGP0001386,5,2018,1765.5465000000002
ABGP0001386,6,2018,1765.5465000000002
ABGP0001386,7,2018,1765.5465000000002
ABGP0001386,8,2018,1765.5465000000002
ABGP0001386,9,2018,1765.5465000000002
ABGP0001386,10,2018,1765.5465000000002
ABGP0001386,11,2018,1765.5465000000002
ABGP0001386,12,2018,1765.5465000000002
ABGP0001397,1,2022,997.1525316666666
ABGP0001397,2,2022,997.1525316666666
ABGP0001397,3,2022,997.1525316666666
ABGP0001397,4,2022,997.1525316666666
ABGP0001397,5,2022,997.1525316666666
ABGP0001397,6,2022,997.1525316666666
ABGP0001397,7,2022,997.1525316666666
ABGP0001397,8,2022,997.1525316666666
ABGP0001397,9,2022,997.1525316666666
ABGP0001397,10,2022,997.1525316666666
ABGP0001397,11,2022,997.1525316666666
ABGP0001397,12,2022,997.1525316666666
ABGP0001402,1,2022,2018.936165
ABGP0001402,2,2022,2018.936165
ABGP0001402,3,2022,2018.936165
ABGP0001402,4,2022,2018.936165
ABGP0001402,5,2022,2018.936165
ABGP0001402,6,2022,2018.936165
ABGP0001402,7,2022,2018.936165
ABGP0001402,8,2022,2018.936165
ABGP0001402,9,2022,2018.936165
ABGP0001402,10,2022,2018.936165
ABGP0001402,11,2022,2018.936165
ABGP0001402,12,2022,2018.936165
ABGP0001402,1,2021,2081.989853
ABGP0001402,2,2021,2081.989853
ABGP0001402,3,2021,2081.989853
ABGP0001402,4,2021,2081.989853
ABGP0001402,5,2021,2081.989853
ABGP0001402,6,2021,2081.989853
ABGP0001402,7,2021,2081.989853
ABGP0001402,8,2021,2081.989853
ABGP0001402,9,2021,2081.989853
ABGP0001402,10,2021,2081.989853
ABGP0001402,11,2021,2081.989853
ABGP0001402,12,2021,2081.989853
ABGP0001402,1,2020,2103.1225833333333
ABGP0001402,2,2020,2103.1225833333333
ABGP0001402,3,2020,2103.1225833333333
ABGP0001402,4,2020,2103.1225833333333
ABGP0001402,5,2020,2103.1225833333333
ABGP0001402,6,2020,2103.1225833333333
ABGP0001402,7,2020,2103.1225833333333
ABGP0001402,8,2020,2103.1225833333333
ABGP0001402,9,2020,2103.1225833333333
ABGP0001402,10,2020,2103.1225833333333
ABGP0001402,11,2020,2103.1225833333333
ABGP0001402,12,2020,2103.1225833333333
ABGP0001402,1,2019,2332.9954166666666
ABGP0001402,2,2019,2332.9954166666666
ABGP0001402,3,2019,2332.9954166666666
ABGP0001402,4,2019,2332.9954166666666
ABGP0001402,5,2019,2332.9954166666666
ABGP0001402,6,2019,2332.9954166666666
ABGP0001402,7,2019,2332.9954166666666
ABGP0001402,8,2019,2332.9954166666666
ABGP0001402,9,2019,2332.9954166666666
ABGP0001402,10,2019,2332.9954166666666
ABGP0001402,11,2019,2332.9954166666666
ABGP0001402,12,2019,2332.9954166666666
ABGP0001402,1,2018,2220.78825
ABGP0001402,2,2018,2220.78825
ABGP0001402,3,2018,2220.78825
ABGP0001402,4,2018,2220.78825
ABGP0001402,5,2018,2220.78825
ABGP0001402,6,2018,2220.78825
ABGP0001402,7,2018,2220.78825
ABGP0001402,8,2018,2220.78825
ABGP0001402,9,2018,2220.78825
ABGP0001402,10,2018,2220.78825
ABGP0001402,11,2018,2220.78825
ABGP0001402,12,2018,2220.78825
ABGP0001402,1,2017,1854.8983333333333
ABGP0001402,2,2017,1854.8983333333333
ABGP0001402,3,2017,1854.8983333333333
ABGP0001402,4,2017,1854.8983333333333
ABGP0001402,5,2017,1854.8983333333333
ABGP0001402,6,2017,1854.8983333333333
ABGP0001402,7,2017,1854.8983333333333
ABGP0001402,8,2017,1854.8983333333333
ABGP0001402,9,2017,1854.8983333333333
ABGP0001402,10,2017,1854.8983333333333
ABGP0001402,11,2017,1854.8983333333333
ABGP0001402,12,2017,1854.8983333333333
ABGP0001417,1,2022,5004.2908333333335
ABGP0001417,2,2022,5004.2908333333335
ABGP0001417,3,2022,5004.2908333333335
ABGP0001417,4,2022,5004.2908333333335
ABGP0001417,5,2022,5004.2908333333335
ABGP0001417,6,2022,5004.2908333333335
ABGP0001417,7,2022,5004.2908333333335
ABGP0001417,8,2022,5004.2908333333335
ABGP0001417,9,2022,5004.2908333333335
ABGP0001417,10,2022,5004.2908333333335
ABGP0001417,11,2022,5004.2908333333335
ABGP0001417,12,2022,5004.2908333333335
ABGP0001417,1,2021,4556.765330833333
ABGP0001417,2,2021,4556.765330833333
ABGP0001417,3,2021,4556.765330833333
ABGP0001417,4,2021,4556.765330833333
ABGP0001417,5,2021,4556.765330833333
ABGP0001417,6,2021,4556.765330833333
ABGP0001417,7,2021,4556.765330833333
ABGP0001417,8,2021,4556.765330833333
ABGP0001417,9,2021,4556.765330833333
ABGP0001417,10,2021,4556.765330833333
ABGP0001417,11,2021,4556.765330833333
ABGP0001417,12,2021,4556.765330833333
ABGP0001417,1,2020,4249.526916666667
ABGP0001417,2,2020,4249.526916666667
ABGP0001417,3,2020,4249.526916666667
ABGP0001417,4,2020,4249.526916666667
ABGP0001417,5,2020,4249.526916666667
ABGP0001417,6,2020,4249.526916666667
ABGP0001417,7,2020,4249.526916666667
ABGP0001417,8,2020,4249.526916666667
ABGP0001417,9,2020,4249.526916666667
ABGP0001417,10,2020,4249.526916666667
ABGP0001417,11,2020,4249.526916666667
ABGP0001417,12,2020,4249.526916666667
ABGP0001417,1,2019,3929.111833333333
ABGP0001417,2,2019,3929.111833333333
ABGP0001417,3,2019,3929.111833333333
ABGP0001417,4,2019,3929.111833333333
ABGP0001417,5,2019,3929.111833333333
ABGP0001417,6,2019,3929.111833333333
ABGP0001417,7,2019,3929.111833333333
ABGP0001417,8,2019,3929.111833333333
ABGP0001417,9,2019,3929.111833333333
ABGP0001417,10,2019,3929.111833333333
ABGP0001417,11,2019,3929.111833333333
ABGP0001417,12,2019,3929.111833333333
ABGP0001417,1,2018,4373.162416666667
ABGP0001417,2,2018,4373.162416666667
ABGP0001417,3,2018,4373.162416666667
ABGP0001417,4,2018,4373.162416666667
ABGP0001417,5,2018,4373.162416666667
ABGP0001417,6,2018,4373.162416666667
ABGP0001417,7,2018,4373.162416666667
ABGP0001417,8,2018,4373.162416666667
ABGP0001417,9,2018,4373.162416666667
ABGP0001417,10,2018,4373.162416666667
ABGP0001417,11,2018,4373.162416666667
ABGP0001417,12,2018,4373.162416666667
ABGP0001417,1,2017,5022.734833333333
ABGP0001417,2,2017,5022.734833333333
ABGP0001417,3,2017,5022.734833333333
ABGP0001417,4,2017,5022.734833333333
ABGP0001417,5,2017,5022.734833333333
ABGP0001417,6,2017,5022.734833333333
ABGP0001417,7,2017,5022.734833333333
ABGP0001417,8,2017,5022.734833333333
ABGP0001417,9,2017,5022.734833333333
ABGP0001417,10,2017,5022.734833333333
ABGP0001417,11,2017,5022.734833333333
ABGP0001417,12,2017,5022.734833333333
ABGP0001417,1,2016,5371.336106666667
ABGP0001417,2,2016,5371.336106666667
ABGP0001417,3,2016,5371.336106666667
ABGP0001417,4,2016,5371.336106666667
ABGP0001417,5,2016,5371.336106666667
ABGP0001417,6,2016,5371.336106666667
ABGP0001417,7,2016,5371.336106666667
ABGP0001417,8,2016,5371.336106666667
ABGP0001417,9,2016,5371.336106666667
ABGP0001417,10,2016,5371.336106666667
ABGP0001417,11,2016,5371.336106666667
ABGP0001417,12,2016,5371.336106666667
ABGP0001417,1,2015,4632.81394
ABGP0001417,2,2015,4632.81394
ABGP0001417,3,2015,4632.81394
ABGP0001417,4,2015,4632.81394
ABGP0001417,5,2015,4632.81394
ABGP0001417,6,2015,4632.81394
ABGP0001417,7,2015,4632.81394
ABGP0001417,8,2015,4632.81394
ABGP0001417,9,2015,4632.81394
ABGP0001417,10,2015,4632.81394
ABGP0001417,11,2015,4632.81394
ABGP0001417,12,2015,4632.81394
ABGP0001417,1,2014,4804.808503333333
ABGP0001417,2,2014,4804.808503333333
ABGP0001417,3,2014,4804.808503333333
ABGP0001417,4,2014,4804.808503333333
ABGP0001417,5,2014,4804.808503333333
ABGP0001417,6,2014,4804.808503333333
ABGP0001417,7,2014,4804.808503333333
ABGP0001417,8,2014,4804.808503333333
ABGP0001417,9,2014,4804.808503333333
ABGP0001417,10,2014,4804.808503333333
ABGP0001417,11,2014,4804.808503333333
ABGP0001417,12,2014,4804.808503333333
ABGP0001417,1,2013,5224.285695
ABGP0001417,2,2013,5224.285695
ABGP0001417,3,2013,5224.285695
ABGP0001417,4,2013,5224.285695
ABGP0001417,5,2013,5224.285695
ABGP0001417,6,2013,5224.285695
ABGP0001417,7,2013,5224.285695
ABGP0001417,8,2013,5224.285695
ABGP0001417,9,2013,5224.285695
ABGP0001417,10,2013,5224.285695
ABGP0001417,11,2013,5224.285695
ABGP0001417,12,2013,5224.285695
ABGP0001417,1,2012,6091.614743333333
ABGP0001417,2,2012,6091.614743333333
ABGP0001417,3,2012,6091.614743333333
ABGP0001417,4,2012,6091.614743333333
ABGP0001417,5,2012,6091.614743333333
ABGP0001417,6,2012,6091.614743333333
ABGP0001417,7,2012,6091.614743333333
ABGP0001417,8,2012,6091.614743333333
ABGP0001417,9,2012,6091.614743333333
ABGP0001417,10,2012,6091.614743333333
ABGP0001417,11,2012,6091.614743333333
ABGP0001417,12,2012,6091.614743333333
ABGP0001417,1,2011,5987.685294166667
ABGP0001417,2,2011,5987.685294166667
ABGP0001417,3,2011,5987.685294166667
ABGP0001417,4,2011,5987.685294166667
ABGP0001417,5,2011,5987.685294166667
ABGP0001417,6,2011,5987.685294166667
ABGP0001417,7,2011,5987.685294166667
ABGP0001417,8,2011,5987.685294166667
ABGP0001417,9,2011,5987.685294166667
ABGP0001417,10,2011,5987.685294166667
ABGP0001417,11,2011,5987.685294166667
ABGP0001417,12,2011,5987.685294166667
ABGP0001417,1,2010,5866.732783333333
ABGP0001417,2,2010,5866.732783333333
ABGP0001417,3,2010,5866.732783333333
ABGP0001417,4,2010,5866.732783333333
ABGP0001417,5,2010,5866.732783333333
ABGP0001417,6,2010,5866.732783333333
ABGP0001417,7,2010,5866.732783333333
ABGP0001417,8,2010,5866.732783333333
ABGP0001417,9,2010,5866.732783333333
ABGP0001417,10,2010,5866.732783333333
ABGP0001417,11,2010,5866.732783333333
ABGP0001417,12,2010,5866.732783333333
ABGP0001417,1,2009,6072.087463
ABGP0001417,2,2009,6072.087463
ABGP0001417,3,2009,6072.087463
ABGP0001417,4,2009,6072.087463
ABGP0001417,5,2009,6072.087463
ABGP0001417,6,2009,6072.087463
ABGP0001417,7,2009,6072.087463
ABGP0001417,8,2009,6072.087463
ABGP0001417,9,2009,6072.087463
ABGP0001417,10,2009,6072.087463
ABGP0001417,11,2009,6072.087463
ABGP0001417,12,2009,6072.087463
ABGP0001418,1,2018,915.1314166666666
ABGP0001418,2,2018,915.1314166666666
ABGP0001418,3,2018,915.1314166666666
ABGP0001418,4,2018,915.1314166666666
ABGP0001418,5,2018,915.1314166666666
ABGP0001418,6,2018,915.1314166666666
ABGP0001418,7,2018,915.1314166666666
ABGP0001418,8,2018,915.1314166666666
ABGP0001418,9,2018,915.1314166666666
ABGP0001418,10,2018,915.1314166666666
ABGP0001418,11,2018,915.1314166666666
ABGP0001418,12,2018,915.1314166666666
ABGP0001418,1,2017,947.5514166666667
ABGP0001418,2,2017,947.5514166666667
ABGP0001418,3,2017,947.5514166666667
ABGP0001418,4,2017,947.5514166666667
ABGP0001418,5,2017,947.5514166666667
ABGP0001418,6,2017,947.5514166666667
ABGP0001418,7,2017,947.5514166666667
ABGP0001418,8,2017,947.5514166666667
ABGP0001418,9,2017,947.5514166666667
ABGP0001418,10,2017,947.5514166666667
ABGP0001418,11,2017,947.5514166666667
ABGP0001418,12,2017,947.5514166666667
ABGP0001426,1,2017,919.0092500000001
ABGP0001426,2,2017,919.0092500000001
ABGP0001426,3,2017,919.0092500000001
ABGP0001426,4,2017,919.0092500000001
ABGP0001426,5,2017,919.0092500000001
ABGP0001426,6,2017,919.0092500000001
ABGP0001426,7,2017,919.0092500000001
ABGP0001426,8,2017,919.0092500000001
ABGP0001426,9,2017,919.0092500000001
ABGP0001426,10,2017,919.0092500000001
ABGP0001426,11,2017,919.0092500000001
ABGP0001426,12,2017,919.0092500000001
ABGP0001429,1,2018,1930.5741858333333
ABGP0001429,2,2018,1930.5741858333333
ABGP0001429,3,2018,1930.5741858333333
ABGP0001429,4,2018,1930.5741858333333
ABGP0001429,5,2018,1930.5741858333333
ABGP0001429,6,2018,1930.5741858333333
ABGP0001429,7,2018,1930.5741858333333
ABGP0001429,8,2018,1930.5741858333333
ABGP0001429,9,2018,1930.5741858333333
ABGP0001429,10,2018,1930.5741858333333
ABGP0001429,11,2018,1930.5741858333333
ABGP0001429,12,2018,1930.5741858333333
ABGP0001429,1,2017,961.36613
ABGP0001429,2,2017,961.36613
ABGP0001429,3,2017,961.36613
ABGP0001429,4,2017,961.36613
ABGP0001429,5,2017,961.36613
ABGP0001429,6,2017,961.36613
ABGP0001429,7,2017,961.36613
ABGP0001429,8,2017,961.36613
ABGP0001429,9,2017,961.36613
ABGP0001429,10,2017,961.36613
ABGP0001429,11,2017,961.36613
ABGP0001429,12,2017,961.36613
ABGP0001433,1,2022,982.367975
ABGP0001433,2,2022,982.367975
ABGP0001433,3,2022,982.367975
ABGP0001433,4,2022,982.367975
ABGP0001433,5,2022,982.367975
ABGP0001433,6,2022,982.367975
ABGP0001433,7,2022,982.367975
ABGP0001433,8,2022,982.367975
ABGP0001433,9,2022,982.367975
ABGP0001433,10,2022,982.367975
ABGP0001433,11,2022,982.367975
ABGP0001433,12,2022,982.367975
ABGP0001433,1,2021,945.5711666666666
ABGP0001433,2,2021,945.5711666666666
ABGP0001433,3,2021,945.5711666666666
ABGP0001433,4,2021,945.5711666666666
ABGP0001433,5,2021,945.5711666666666
ABGP0001433,6,2021,945.5711666666666
ABGP0001433,7,2021,945.5711666666666
ABGP0001433,8,2021,945.5711666666666
ABGP0001433,9,2021,945.5711666666666
ABGP0001433,10,2021,945.5711666666666
ABGP0001433,11,2021,945.5711666666666
ABGP0001433,12,2021,945.5711666666666
ABGP0001433,1,2020,1033.7914166666667
ABGP0001433,2,2020,1033.7914166666667
ABGP0001433,3,2020,1033.7914166666667
ABGP0001433,4,2020,1033.7914166666667
ABGP0001433,5,2020,1033.7914166666667
ABGP0001433,6,2020,1033.7914166666667
ABGP0001433,7,2020,1033.7914166666667
ABGP0001433,8,2020,1033.7914166666667
ABGP0001433,9,2020,1033.7914166666667
ABGP0001433,10,2020,1033.7914166666667
ABGP0001433,11,2020,1033.7914166666667
ABGP0001433,12,2020,1033.7914166666667
ABGP0001433,1,2019,1427.4465
ABGP0001433,2,2019,1427.4465
ABGP0001433,3,2019,1427.4465
ABGP0001433,4,2019,1427.4465
ABGP0001433,5,2019,1427.4465
ABGP0001433,6,2019,1427.4465
ABGP0001433,7,2019,1427.4465
ABGP0001433,8,2019,1427.4465
ABGP0001433,9,2019,1427.4465
ABGP0001433,10,2019,1427.4465
ABGP0001433,11,2019,1427.4465
ABGP0001433,12,2019,1427.4465
ABGP0001433,1,2018,1695.84225
ABGP0001433,2,2018,1695.84225
ABGP0001433,3,2018,1695.84225
ABGP0001433,4,2018,1695.84225
ABGP0001433,5,2018,1695.84225
ABGP0001433,6,2018,1695.84225
ABGP0001433,7,2018,1695.84225
ABGP0001433,8,2018,1695.84225
ABGP0001433,9,2018,1695.84225
ABGP0001433,10,2018,1695.84225
ABGP0001433,11,2018,1695.84225
ABGP0001433,12,2018,1695.84225
ABGP0001433,1,2017,2086.72737
ABGP0001433,2,2017,2086.72737
ABGP0001433,3,2017,2086.72737
ABGP0001433,4,2017,2086.72737
ABGP0001433,5,2017,2086.72737
ABGP0001433,6,2017,2086.72737
ABGP0001433,7,2017,2086.72737
ABGP0001433,8,2017,2086.72737
ABGP0001433,9,2017,2086.72737
ABGP0001433,10,2017,2086.72737
ABGP0001433,11,2017,2086.72737
ABGP0001433,12,2017,2086.72737
ABGP0001434,1,2022,1306.0016916666666
ABGP0001434,2,2022,1306.0016916666666
ABGP0001434,3,2022,1306.0016916666666
ABGP0001434,4,2022,1306.0016916666666
ABGP0001434,5,2022,1306.0016916666666
ABGP0001434,6,2022,1306.0016916666666
ABGP0001434,7,2022,1306.0016916666666
ABGP0001434,8,2022,1306.0016916666666
ABGP0001434,9,2022,1306.0016916666666
ABGP0001434,10,2022,1306.0016916666666
ABGP0001434,11,2022,1306.0016916666666
ABGP0001434,12,2022,1306.0016916666666
ABGP0001434,1,2021,1497.06845
ABGP0001434,2,2021,1497.06845
ABGP0001434,3,2021,1497.06845
ABGP0001434,4,2021,1497.06845
ABGP0001434,5,2021,1497.06845
ABGP0001434,6,2021,1497.06845
ABGP0001434,7,2021,1497.06845
ABGP0001434,8,2021,1497.06845
ABGP0001434,9,2021,1497.06845
ABGP0001434,10,2021,1497.06845
ABGP0001434,11,2021,1497.06845
ABGP0001434,12,2021,1497.06845
ABGP0001434,1,2020,1622.3874916666666
ABGP0001434,2,2020,1622.3874916666666
ABGP0001434,3,2020,1622.3874916666666
ABGP0001434,4,2020,1622.3874916666666
ABGP0001434,5,2020,1622.3874916666666
ABGP0001434,6,2020,1622.3874916666666
ABGP0001434,7,2020,1622.3874916666666
ABGP0001434,8,2020,1622.3874916666666
ABGP0001434,9,2020,1622.3874916666666
ABGP0001434,10,2020,1622.3874916666666
ABGP0001434,11,2020,1622.3874916666666
ABGP0001434,12,2020,1622.3874916666666
ABGP0001434,1,2019,1663.6387583333333
ABGP0001434,2,2019,1663.6387583333333
ABGP0001434,3,2019,1663.6387583333333
ABGP0001434,4,2019,1663.6387583333333
ABGP0001434,5,2019,1663.6387583333333
ABGP0001434,6,2019,1663.6387583333333
ABGP0001434,7,2019,1663.6387583333333
ABGP0001434,8,2019,1663.6387583333333
ABGP0001434,9,2019,1663.6387583333333
ABGP0001434,10,2019,1663.6387583333333
ABGP0001434,11,2019,1663.6387583333333
ABGP0001434,12,2019,1663.6387583333333
ABGP0001434,1,2018,2945.340808
ABGP0001434,2,2018,2945.340808
ABGP0001434,3,2018,2945.340808
ABGP0001434,4,2018,2945.340808
ABGP0001434,5,2018,2945.340808
ABGP0001434,6,2018,2945.340808
ABGP0001434,7,2018,2945.340808
ABGP0001434,8,2018,2945.340808
ABGP0001434,9,2018,2945.340808
ABGP0001434,10,2018,2945.340808
ABGP0001434,11,2018,2945.340808
ABGP0001434,12,2018,2945.340808
ABGP0001434,1,2017,2148.9483333333333
ABGP0001434,2,2017,2148.9483333333333
ABGP0001434,3,2017,2148.9483333333333
ABGP0001434,4,2017,2148.9483333333333
ABGP0001434,5,2017,2148.9483333333333
ABGP0001434,6,2017,2148.9483333333333
ABGP0001434,7,2017,2148.9483333333333
ABGP0001434,8,2017,2148.9483333333333
ABGP0001434,9,2017,2148.9483333333333
ABGP0001434,10,2017,2148.9483333333333
ABGP0001434,11,2017,2148.9483333333333
ABGP0001434,12,2017,2148.9483333333333
ABGP0001441,1,2020,1615.2387500000002
ABGP0001441,2,2020,1615.2387500000002
ABGP0001441,3,2020,1615.2387500000002
ABGP0001441,4,2020,1615.2387500000002
ABGP0001441,5,2020,1615.2387500000002
ABGP0001441,6,2020,1615.2387500000002
ABGP0001441,7,2020,1615.2387500000002
ABGP0001441,8,2020,1615.2387500000002
ABGP0001441,9,2020,1615.2387500000002
ABGP0001441,10,2020,1615.2387500000002
ABGP0001441,11,2020,1615.2387500000002
ABGP0001441,12,2020,1615.2387500000002
ABGP0001441,1,2019,2531.26575
ABGP0001441,2,2019,2531.26575
ABGP0001441,3,2019,2531.26575
ABGP0001441,4,2019,2531.26575
ABGP0001441,5,2019,2531.26575
ABGP0001441,6,2019,2531.26575
ABGP0001441,7,2019,2531.26575
ABGP0001441,8,2019,2531.26575
ABGP0001441,9,2019,2531.26575
ABGP0001441,10,2019,2531.26575
ABGP0001441,11,2019,2531.26575
ABGP0001441,12,2019,2531.26575
ABGP0001441,1,2018,1505.2006666666666
ABGP0001441,2,2018,1505.2006666666666
ABGP0001441,3,2018,1505.2006666666666
ABGP0001441,4,2018,1505.2006666666666
ABGP0001441,5,2018,1505.2006666666666
ABGP0001441,6,2018,1505.2006666666666
ABGP0001441,7,2018,1505.2006666666666
ABGP0001441,8,2018,1505.2006666666666
ABGP0001441,9,2018,1505.2006666666666
ABGP0001441,10,2018,1505.2006666666666
ABGP0001441,11,2018,1505.2006666666666
ABGP0001441,12,2018,1505.2006666666666
ABGP0001441,1,2017,922.3030833333333
ABGP0001441,2,2017,922.3030833333333
ABGP0001441,3,2017,922.3030833333333
ABGP0001441,4,2017,922.3030833333333
ABGP0001441,5,2017,922.3030833333333
ABGP0001441,6,2017,922.3030833333333
ABGP0001441,7,2017,922.3030833333333
ABGP0001441,8,2017,922.3030833333333
ABGP0001441,9,2017,922.3030833333333
ABGP0001441,10,2017,922.3030833333333
ABGP0001441,11,2017,922.3030833333333
ABGP0001441,12,2017,922.3030833333333
ABGP0001445,1,2022,1055.0835433333334
ABGP0001445,2,2022,1055.0835433333334
ABGP0001445,3,2022,1055.0835433333334
ABGP0001445,4,2022,1055.0835433333334
ABGP0001445,5,2022,1055.0835433333334
ABGP0001445,6,2022,1055.0835433333334
ABGP0001445,7,2022,1055.0835433333334
ABGP0001445,8,2022,1055.0835433333334
ABGP0001445,9,2022,1055.0835433333334
ABGP0001445,10,2022,1055.0835433333334
ABGP0001445,11,2022,1055.0835433333334
ABGP0001445,12,2022,1055.0835433333334
ABGP0001445,1,2021,1136.0564366666667
ABGP0001445,2,2021,1136.0564366666667
ABGP0001445,3,2021,1136.0564366666667
ABGP0001445,4,2021,1136.0564366666667
ABGP0001445,5,2021,1136.0564366666667
ABGP0001445,6,2021,1136.0564366666667
ABGP0001445,7,2021,1136.0564366666667
ABGP0001445,8,2021,1136.0564366666667
ABGP0001445,9,2021,1136.0564366666667
ABGP0001445,10,2021,1136.0564366666667
ABGP0001445,11,2021,1136.0564366666667
ABGP0001445,12,2021,1136.0564366666667
ABGP0001445,1,2020,1287.6070833333333
ABGP0001445,2,2020,1287.6070833333333
ABGP0001445,3,2020,1287.6070833333333
ABGP0001445,4,2020,1287.6070833333333
ABGP0001445,5,2020,1287.6070833333333
ABGP0001445,6,2020,1287.6070833333333
ABGP0001445,7,2020,1287.6070833333333
ABGP0001445,8,2020,1287.6070833333333
ABGP0001445,9,2020,1287.6070833333333
ABGP0001445,10,2020,1287.6070833333333
ABGP0001445,11,2020,1287.6070833333333
ABGP0001445,12,2020,1287.6070833333333
ABGP0001455,1,2018,899.7253508333333
ABGP0001455,2,2018,899.7253508333333
ABGP0001455,3,2018,899.7253508333333
ABGP0001455,4,2018,899.7253508333333
ABGP0001455,5,2018,899.7253508333333
ABGP0001455,6,2018,899.7253508333333
ABGP0001455,7,2018,899.7253508333333
ABGP0001455,8,2018,899.7253508333333
ABGP0001455,9,2018,899.7253508333333
ABGP0001455,10,2018,899.7253508333333
ABGP0001455,11,2018,899.7253508333333
ABGP0001455,12,2018,899.7253508333333
ABGP0001475,1,2022,1289.728173
ABGP0001475,2,2022,1289.728173
ABGP0001475,3,2022,1289.728173
ABGP0001475,4,2022,1289.728173
ABGP0001475,5,2022,1289.728173
ABGP0001475,6,2022,1289.728173
ABGP0001475,7,2022,1289.728173
ABGP0001475,8,2022,1289.728173
ABGP0001475,9,2022,1289.728173
ABGP0001475,10,2022,1289.728173
ABGP0001475,11,2022,1289.728173
ABGP0001475,12,2022,1289.728173
ABGP0001479,1,2022,1757.1689999999999
ABGP0001479,2,2022,1757.1689999999999
ABGP0001479,3,2022,1757.1689999999999
ABGP0001479,4,2022,1757.1689999999999
ABGP0001479,5,2022,1757.1689999999999
ABGP0001479,6,2022,1757.1689999999999
ABGP0001479,7,2022,1757.1689999999999
ABGP0001479,8,2022,1757.1689999999999
ABGP0001479,9,2022,1757.1689999999999
ABGP0001479,10,2022,1757.1689999999999
ABGP0001479,11,2022,1757.1689999999999
ABGP0001479,12,2022,1757.1689999999999
ABGP0001479,1,2021,1370.933638
ABGP0001479,2,2021,1370.933638
ABGP0001479,3,2021,1370.933638
ABGP0001479,4,2021,1370.933638
ABGP0001479,5,2021,1370.933638
ABGP0001479,6,2021,1370.933638
ABGP0001479,7,2021,1370.933638
ABGP0001479,8,2021,1370.933638
ABGP0001479,9,2021,1370.933638
ABGP0001479,10,2021,1370.933638
ABGP0001479,11,2021,1370.933638
ABGP0001479,12,2021,1370.933638
ABGP0001479,1,2020,1641.3399166666668
ABGP0001479,2,2020,1641.3399166666668
ABGP0001479,3,2020,1641.3399166666668
ABGP0001479,4,2020,1641.3399166666668
ABGP0001479,5,2020,1641.3399166666668
ABGP0001479,6,2020,1641.3399166666668
ABGP0001479,7,2020,1641.3399166666668
ABGP0001479,8,2020,1641.3399166666668
ABGP0001479,9,2020,1641.3399166666668
ABGP0001479,10,2020,1641.3399166666668
ABGP0001479,11,2020,1641.3399166666668
ABGP0001479,12,2020,1641.3399166666668
ABGP0001479,1,2019,1983.5359166666667
ABGP0001479,2,2019,1983.5359166666667
ABGP0001479,3,2019,1983.5359166666667
ABGP0001479,4,2019,1983.5359166666667
ABGP0001479,5,2019,1983.5359166666667
ABGP0001479,6,2019,1983.5359166666667
ABGP0001479,7,2019,1983.5359166666667
ABGP0001479,8,2019,1983.5359166666667
ABGP0001479,9,2019,1983.5359166666667
ABGP0001479,10,2019,1983.5359166666667
ABGP0001479,11,2019,1983.5359166666667
ABGP0001479,12,2019,1983.5359166666667
ABGP0001479,1,2018,2004.2468333333334
ABGP0001479,2,2018,2004.2468333333334
ABGP0001479,3,2018,2004.2468333333334
ABGP0001479,4,2018,2004.2468333333334
ABGP0001479,5,2018,2004.2468333333334
ABGP0001479,6,2018,2004.2468333333334
ABGP0001479,7,2018,2004.2468333333334
ABGP0001479,8,2018,2004.2468333333334
ABGP0001479,9,2018,2004.2468333333334
ABGP0001479,10,2018,2004.2468333333334
ABGP0001479,11,2018,2004.2468333333334
ABGP0001479,12,2018,2004.2468333333334
ABGP0001479,1,2017,1586.7940833333332
ABGP0001479,2,2017,1586.7940833333332
ABGP0001479,3,2017,1586.7940833333332
ABGP0001479,4,2017,1586.7940833333332
ABGP0001479,5,2017,1586.7940833333332
ABGP0001479,6,2017,1586.7940833333332
ABGP0001479,7,2017,1586.7940833333332
ABGP0001479,8,2017,1586.7940833333332
ABGP0001479,9,2017,1586.7940833333332
ABGP0001479,10,2017,1586.7940833333332
ABGP0001479,11,2017,1586.7940833333332
ABGP0001479,12,2017,1586.7940833333332
ABGP0001506,1,2022,2576.4461666666666
ABGP0001506,2,2022,2576.4461666666666
ABGP0001506,3,2022,2576.4461666666666
ABGP0001506,4,2022,2576.4461666666666
ABGP0001506,5,2022,2576.4461666666666
ABGP0001506,6,2022,2576.4461666666666
ABGP0001506,7,2022,2576.4461666666666
ABGP0001506,8,2022,2576.4461666666666
ABGP0001506,9,2022,2576.4461666666666
ABGP0001506,10,2022,2576.4461666666666
ABGP0001506,11,2022,2576.4461666666666
ABGP0001506,12,2022,2576.4461666666666
ABGP0001506,1,2021,2103.463568333333
ABGP0001506,2,2021,2103.463568333333
ABGP0001506,3,2021,2103.463568333333
ABGP0001506,4,2021,2103.463568333333
ABGP0001506,5,2021,2103.463568333333
ABGP0001506,6,2021,2103.463568333333
ABGP0001506,7,2021,2103.463568333333
ABGP0001506,8,2021,2103.463568333333
ABGP0001506,9,2021,2103.463568333333
ABGP0001506,10,2021,2103.463568333333
ABGP0001506,11,2021,2103.463568333333
ABGP0001506,12,2021,2103.463568333333
ABGP0001506,1,2020,2505.1953333333336
ABGP0001506,2,2020,2505.1953333333336
ABGP0001506,3,2020,2505.1953333333336
ABGP0001506,4,2020,2505.1953333333336
ABGP0001506,5,2020,2505.1953333333336
ABGP0001506,6,2020,2505.1953333333336
ABGP0001506,7,2020,2505.1953333333336
ABGP0001506,8,2020,2505.1953333333336
ABGP0001506,9,2020,2505.1953333333336
ABGP0001506,10,2020,2505.1953333333336
ABGP0001506,11,2020,2505.1953333333336
ABGP0001506,12,2020,2505.1953333333336
ABGP0001506,1,2019,2983.7173333333335
ABGP0001506,2,2019,2983.7173333333335
ABGP0001506,3,2019,2983.7173333333335
ABGP0001506,4,2019,2983.7173333333335
ABGP0001506,5,2019,2983.7173333333335
ABGP0001506,6,2019,2983.7173333333335
ABGP0001506,7,2019,2983.7173333333335
ABGP0001506,8,2019,2983.7173333333335
ABGP0001506,9,2019,2983.7173333333335
ABGP0001506,10,2019,2983.7173333333335
ABGP0001506,11,2019,2983.7173333333335
ABGP0001506,12,2019,2983.7173333333335
ABGP0001506,1,2018,2659.40775
ABGP0001506,2,2018,2659.40775
ABGP0001506,3,2018,2659.40775
ABGP0001506,4,2018,2659.40775
ABGP0001506,5,2018,2659.40775
ABGP0001506,6,2018,2659.40775
ABGP0001506,7,2018,2659.40775
ABGP0001506,8,2018,2659.40775
ABGP0001506,9,2018,2659.40775
ABGP0001506,10,2018,2659.40775
ABGP0001506,11,2018,2659.40775
ABGP0001506,12,2018,2659.40775
ABGP0001506,1,2017,2519.9216666666666
ABGP0001506,2,2017,2519.9216666666666
ABGP0001506,3,2017,2519.9216666666666
ABGP0001506,4,2017,2519.9216666666666
ABGP0001506,5,2017,2519.9216666666666
ABGP0001506,6,2017,2519.9216666666666
ABGP0001506,7,2017,2519.9216666666666
ABGP0001506,8,2017,2519.9216666666666
ABGP0001506,9,2017,2519.9216666666666
ABGP0001506,10,2017,2519.9216666666666
ABGP0001506,11,2017,2519.9216666666666
ABGP0001506,12,2017,2519.9216666666666
ABGP0001506,1,2005,5194.799653
ABGP0001506,2,2005,5194.799653
ABGP0001506,3,2005,5194.799653
ABGP0001506,4,2005,5194.799653
ABGP0001506,5,2005,5194.799653
ABGP0001506,6,2005,5194.799653
ABGP0001506,7,2005,5194.799653
ABGP0001506,8,2005,5194.799653
ABGP0001506,9,2005,5194.799653
ABGP0001506,10,2005,5194.799653
ABGP0001506,11,2005,5194.799653
ABGP0001506,12,2005,5194.799653
ABGP0001506,1,2004,4753.491664166667
ABGP0001506,2,2004,4753.491664166667
ABGP0001506,3,2004,4753.491664166667
ABGP0001506,4,2004,4753.491664166667
ABGP0001506,5,2004,4753.491664166667
ABGP0001506,6,2004,4753.491664166667
ABGP0001506,7,2004,4753.491664166667
ABGP0001506,8,2004,4753.491664166667
ABGP0001506,9,2004,4753.491664166667
ABGP0001506,10,2004,4753.491664166667
ABGP0001506,11,2004,4753.491664166667
ABGP0001506,12,2004,4753.491664166667
ABGP0001511,1,2022,2977.9174808333332
ABGP0001511,2,2022,2977.9174808333332
ABGP0001511,3,2022,2977.9174808333332
ABGP0001511,4,2022,2977.9174808333332
ABGP0001511,5,2022,2977.9174808333332
ABGP0001511,6,2022,2977.9174808333332
ABGP0001511,7,2022,2977.9174808333332
ABGP0001511,8,2022,2977.9174808333332
ABGP0001511,9,2022,2977.9174808333332
ABGP0001511,10,2022,2977.9174808333332
ABGP0001511,11,2022,2977.9174808333332
ABGP0001511,12,2022,2977.9174808333332
ABGP0001511,1,2022,1481.5366291666667
ABGP0001511,2,2022,1481.5366291666667
ABGP0001511,3,2022,1481.5366291666667
ABGP0001511,4,2022,1481.5366291666667
ABGP0001511,5,2022,1481.5366291666667
ABGP0001511,6,2022,1481.5366291666667
ABGP0001511,7,2022,1481.5366291666667
ABGP0001511,8,2022,1481.5366291666667
ABGP0001511,9,2022,1481.5366291666667
ABGP0001511,10,2022,1481.5366291666667
ABGP0001511,11,2022,1481.5366291666667
ABGP0001511,12,2022,1481.5366291666667
ABGP0001511,1,2021,2712.259978333333
ABGP0001511,2,2021,2712.259978333333
ABGP0001511,3,2021,2712.259978333333
ABGP0001511,4,2021,2712.259978333333
ABGP0001511,5,2021,2712.259978333333
ABGP0001511,6,2021,2712.259978333333
ABGP0001511,7,2021,2712.259978333333
ABGP0001511,8,2021,2712.259978333333
ABGP0001511,9,2021,2712.259978333333
ABGP0001511,10,2021,2712.259978333333
ABGP0001511,11,2021,2712.259978333333
ABGP0001511,12,2021,2712.259978333333
ABGP0001511,1,2021,1799.441438
ABGP0001511,2,2021,1799.441438
ABGP0001511,3,2021,1799.441438
ABGP0001511,4,2021,1799.441438
ABGP0001511,5,2021,1799.441438
ABGP0001511,6,2021,1799.441438
ABGP0001511,7,2021,1799.441438
ABGP0001511,8,2021,1799.441438
ABGP0001511,9,2021,1799.441438
ABGP0001511,10,2021,1799.441438
ABGP0001511,11,2021,1799.441438
ABGP0001511,12,2021,1799.441438
ABGP0001511,1,2020,2717.6009166666668
ABGP0001511,2,2020,2717.6009166666668
ABGP0001511,3,2020,2717.6009166666668
ABGP0001511,4,2020,2717.6009166666668
ABGP0001511,5,2020,2717.6009166666668
ABGP0001511,6,2020,2717.6009166666668
ABGP0001511,7,2020,2717.6009166666668
ABGP0001511,8,2020,2717.6009166666668
ABGP0001511,9,2020,2717.6009166666668
ABGP0001511,10,2020,2717.6009166666668
ABGP0001511,11,2020,2717.6009166666668
ABGP0001511,12,2020,2717.6009166666668
ABGP0001511,1,2020,2237.499333333333
ABGP0001511,2,2020,2237.499333333333
ABGP0001511,3,2020,2237.499333333333
ABGP0001511,4,2020,2237.499333333333
ABGP0001511,5,2020,2237.499333333333
ABGP0001511,6,2020,2237.499333333333
ABGP0001511,7,2020,2237.499333333333
ABGP0001511,8,2020,2237.499333333333
ABGP0001511,9,2020,2237.499333333333
ABGP0001511,10,2020,2237.499333333333
ABGP0001511,11,2020,2237.499333333333
ABGP0001511,12,2020,2237.499333333333
ABGP0001511,1,2019,2840.5279166666664
ABGP0001511,2,2019,2840.5279166666664
ABGP0001511,3,2019,2840.5279166666664
ABGP0001511,4,2019,2840.5279166666664
ABGP0001511,5,2019,2840.5279166666664
ABGP0001511,6,2019,2840.5279166666664
ABGP0001511,7,2019,2840.5279166666664
ABGP0001511,8,2019,2840.5279166666664
ABGP0001511,9,2019,2840.5279166666664
ABGP0001511,10,2019,2840.5279166666664
ABGP0001511,11,2019,2840.5279166666664
ABGP0001511,12,2019,2840.5279166666664
ABGP0001511,1,2019,1567.4695
ABGP0001511,2,2019,1567.4695
ABGP0001511,3,2019,1567.4695
ABGP0001511,4,2019,1567.4695
ABGP0001511,5,2019,1567.4695
ABGP0001511,6,2019,1567.4695
ABGP0001511,7,2019,1567.4695
ABGP0001511,8,2019,1567.4695
ABGP0001511,9,2019,1567.4695
ABGP0001511,10,2019,1567.4695
ABGP0001511,11,2019,1567.4695
ABGP0001511,12,2019,1567.4695
ABGP0001511,1,2018,3213.0701666666664
ABGP0001511,2,2018,3213.0701666666664
ABGP0001511,3,2018,3213.0701666666664
ABGP0001511,4,2018,3213.0701666666664
ABGP0001511,5,2018,3213.0701666666664
ABGP0001511,6,2018,3213.0701666666664
ABGP0001511,7,2018,3213.0701666666664
ABGP0001511,8,2018,3213.0701666666664
ABGP0001511,9,2018,3213.0701666666664
ABGP0001511,10,2018,3213.0701666666664
ABGP0001511,11,2018,3213.0701666666664
ABGP0001511,12,2018,3213.0701666666664
ABGP0001511,1,2017,3174.20825
ABGP0001511,2,2017,3174.20825
ABGP0001511,3,2017,3174.20825
ABGP0001511,4,2017,3174.20825
ABGP0001511,5,2017,3174.20825
ABGP0001511,6,2017,3174.20825
ABGP0001511,7,2017,3174.20825
ABGP0001511,8,2017,3174.20825
ABGP0001511,9,2017,3174.20825
ABGP0001511,10,2017,3174.20825
ABGP0001511,11,2017,3174.20825
ABGP0001511,12,2017,3174.20825
ABGP0001520,1,2022,4064.770826666667
ABGP0001520,2,2022,4064.770826666667
ABGP0001520,3,2022,4064.770826666667
ABGP0001520,4,2022,4064.770826666667
ABGP0001520,5,2022,4064.770826666667
ABGP0001520,6,2022,4064.770826666667
ABGP0001520,7,2022,4064.770826666667
ABGP0001520,8,2022,4064.770826666667
ABGP0001520,9,2022,4064.770826666667
ABGP0001520,10,2022,4064.770826666667
ABGP0001520,11,2022,4064.770826666667
ABGP0001520,12,2022,4064.770826666667
ABGP0001520,1,2021,3940.8082566666667
ABGP0001520,2,2021,3940.8082566666667
ABGP0001520,3,2021,3940.8082566666667
ABGP0001520,4,2021,3940.8082566666667
ABGP0001520,5,2021,3940.8082566666667
ABGP0001520,6,2021,3940.8082566666667
ABGP0001520,7,2021,3940.8082566666667
ABGP0001520,8,2021,3940.8082566666667
ABGP0001520,9,2021,3940.8082566666667
ABGP0001520,10,2021,3940.8082566666667
ABGP0001520,11,2021,3940.8082566666667
ABGP0001520,12,2021,3940.8082566666667
ABGP0001520,1,2020,4520.35575
ABGP0001520,2,2020,4520.35575
ABGP0001520,3,2020,4520.35575
ABGP0001520,4,2020,4520.35575
ABGP0001520,5,2020,4520.35575
ABGP0001520,6,2020,4520.35575
ABGP0001520,7,2020,4520.35575
ABGP0001520,8,2020,4520.35575
ABGP0001520,9,2020,4520.35575
ABGP0001520,10,2020,4520.35575
ABGP0001520,11,2020,4520.35575
ABGP0001520,12,2020,4520.35575
ABGP0001520,1,2019,3949.3920833333336
ABGP0001520,2,2019,3949.3920833333336
ABGP0001520,3,2019,3949.3920833333336
ABGP0001520,4,2019,3949.3920833333336
ABGP0001520,5,2019,3949.3920833333336
ABGP0001520,6,2019,3949.3920833333336
ABGP0001520,7,2019,3949.3920833333336
ABGP0001520,8,2019,3949.3920833333336
ABGP0001520,9,2019,3949.3920833333336
ABGP0001520,10,2019,3949.3920833333336
ABGP0001520,11,2019,3949.3920833333336
ABGP0001520,12,2019,3949.3920833333336
ABGP0001520,1,2018,3987.9515833333335
ABGP0001520,2,2018,3987.9515833333335
ABGP0001520,3,2018,3987.9515833333335
ABGP0001520,4,2018,3987.9515833333335
ABGP0001520,5,2018,3987.9515833333335
ABGP0001520,6,2018,3987.9515833333335
ABGP0001520,7,2018,3987.9515833333335
ABGP0001520,8,2018,3987.9515833333335
ABGP0001520,9,2018,3987.9515833333335
ABGP0001520,10,2018,3987.9515833333335
ABGP0001520,11,2018,3987.9515833333335
ABGP0001520,12,2018,3987.9515833333335
ABGP0001520,1,2017,3203.2977499999997
ABGP0001520,2,2017,3203.2977499999997
ABGP0001520,3,2017,3203.2977499999997
ABGP0001520,4,2017,3203.2977499999997
ABGP0001520,5,2017,3203.2977499999997
ABGP0001520,6,2017,3203.2977499999997
ABGP0001520,7,2017,3203.2977499999997
ABGP0001520,8,2017,3203.2977499999997
ABGP0001520,9,2017,3203.2977499999997
ABGP0001520,10,2017,3203.2977499999997
ABGP0001520,11,2017,3203.2977499999997
ABGP0001520,12,2017,3203.2977499999997
ABGP0001520,1,2014,4367.795033333333
ABGP0001520,2,2014,4367.795033333333
ABGP0001520,3,2014,4367.795033333333
ABGP0001520,4,2014,4367.795033333333
ABGP0001520,5,2014,4367.795033333333
ABGP0001520,6,2014,4367.795033333333
ABGP0001520,7,2014,4367.795033333333
ABGP0001520,8,2014,4367.795033333333
ABGP0001520,9,2014,4367.795033333333
ABGP0001520,10,2014,4367.795033333333
ABGP0001520,11,2014,4367.795033333333
ABGP0001520,12,2014,4367.795033333333
ABGP0001524,1,2018,996.9625
ABGP0001524,2,2018,996.9625
ABGP0001524,3,2018,996.9625
ABGP0001524,4,2018,996.9625
ABGP0001524,5,2018,996.9625
ABGP0001524,6,2018,996.9625
ABGP0001524,7,2018,996.9625
ABGP0001524,8,2018,996.9625
ABGP0001524,9,2018,996.9625
ABGP0001524,10,2018,996.9625
ABGP0001524,11,2018,996.9625
ABGP0001524,12,2018,996.9625
ABGP0001534,1,2018,1002.8122083333333
ABGP0001534,2,2018,1002.8122083333333
ABGP0001534,3,2018,1002.8122083333333
ABGP0001534,4,2018,1002.8122083333333
ABGP0001534,5,2018,1002.8122083333333
ABGP0001534,6,2018,1002.8122083333333
ABGP0001534,7,2018,1002.8122083333333
ABGP0001534,8,2018,1002.8122083333333
ABGP0001534,9,2018,1002.8122083333333
ABGP0001534,10,2018,1002.8122083333333
ABGP0001534,11,2018,1002.8122083333333
ABGP0001534,12,2018,1002.8122083333333
ABGP0001541,1,2021,876.9934758333334
ABGP0001541,2,2021,876.9934758333334
ABGP0001541,3,2021,876.9934758333334
ABGP0001541,4,2021,876.9934758333334
ABGP0001541,5,2021,876.9934758333334
ABGP0001541,6,2021,876.9934758333334
ABGP0001541,7,2021,876.9934758333334
ABGP0001541,8,2021,876.9934758333334
ABGP0001541,9,2021,876.9934758333334
ABGP0001541,10,2021,876.9934758333334
ABGP0001541,11,2021,876.9934758333334
ABGP0001541,12,2021,876.9934758333334
ABGP0001561,1,2020,676.6396794166667
ABGP0001561,2,2020,676.6396794166667
ABGP0001561,3,2020,676.6396794166667
ABGP0001561,4,2020,676.6396794166667
ABGP0001561,5,2020,676.6396794166667
ABGP0001561,6,2020,676.6396794166667
ABGP0001561,7,2020,676.6396794166667
ABGP0001561,8,2020,676.6396794166667
ABGP0001561,9,2020,676.6396794166667
ABGP0001561,10,2020,676.6396794166667
ABGP0001561,11,2020,676.6396794166667
ABGP0001561,12,2020,676.6396794166667
ABGP0001575,1,2022,722.8298884999999
ABGP0001575,2,2022,722.8298884999999
ABGP0001575,3,2022,722.8298884999999
ABGP0001575,4,2022,722.8298884999999
ABGP0001575,5,2022,722.8298884999999
ABGP0001575,6,2022,722.8298884999999
ABGP0001575,7,2022,722.8298884999999
ABGP0001575,8,2022,722.8298884999999
ABGP0001575,9,2022,722.8298884999999
ABGP0001575,10,2022,722.8298884999999
ABGP0001575,11,2022,722.8298884999999
ABGP0001575,12,2022,722.8298884999999
ABGP0001575,1,2021,1116.9813541666667
ABGP0001575,2,2021,1116.9813541666667
ABGP0001575,3,2021,1116.9813541666667
ABGP0001575,4,2021,1116.9813541666667
ABGP0001575,5,2021,1116.9813541666667
ABGP0001575,6,2021,1116.9813541666667
ABGP0001575,7,2021,1116.9813541666667
ABGP0001575,8,2021,1116.9813541666667
ABGP0001575,9,2021,1116.9813541666667
ABGP0001575,10,2021,1116.9813541666667
ABGP0001575,11,2021,1116.9813541666667
ABGP0001575,12,2021,1116.9813541666667
ABGP0001575,1,2020,632.6981818333334
ABGP0001575,2,2020,632.6981818333334
ABGP0001575,3,2020,632.6981818333334
ABGP0001575,4,2020,632.6981818333334
ABGP0001575,5,2020,632.6981818333334
ABGP0001575,6,2020,632.6981818333334
ABGP0001575,7,2020,632.6981818333334
ABGP0001575,8,2020,632.6981818333334
ABGP0001575,9,2020,632.6981818333334
ABGP0001575,10,2020,632.6981818333334
ABGP0001575,11,2020,632.6981818333334
ABGP0001575,12,2020,632.6981818333334
ABGP0001575,1,2019,1260.2158383333333
ABGP0001575,2,2019,1260.2158383333333
ABGP0001575,3,2019,1260.2158383333333
ABGP0001575,4,2019,1260.2158383333333
ABGP0001575,5,2019,1260.2158383333333
ABGP0001575,6,2019,1260.2158383333333
ABGP0001575,7,2019,1260.2158383333333
ABGP0001575,8,2019,1260.2158383333333
ABGP0001575,9,2019,1260.2158383333333
ABGP0001575,10,2019,1260.2158383333333
ABGP0001575,11,2019,1260.2158383333333
ABGP0001575,12,2019,1260.2158383333333
ABGP0001575,1,2018,1249.358375
ABGP0001575,2,2018,1249.358375
ABGP0001575,3,2018,1249.358375
ABGP0001575,4,2018,1249.358375
ABGP0001575,5,2018,1249.358375
ABGP0001575,6,2018,1249.358375
ABGP0001575,7,2018,1249.358375
ABGP0001575,8,2018,1249.358375
ABGP0001575,9,2018,1249.358375
ABGP0001575,10,2018,1249.358375
ABGP0001575,11,2018,1249.358375
ABGP0001575,12,2018,1249.358375
ABGP0001575,1,2017,1162.7782833333333
ABGP0001575,2,2017,1162.7782833333333
ABGP0001575,3,2017,1162.7782833333333
ABGP0001575,4,2017,1162.7782833333333
ABGP0001575,5,2017,1162.7782833333333
ABGP0001575,6,2017,1162.7782833333333
ABGP0001575,7,2017,1162.7782833333333
ABGP0001575,8,2017,1162.7782833333333
ABGP0001575,9,2017,1162.7782833333333
ABGP0001575,10,2017,1162.7782833333333
ABGP0001575,11,2017,1162.7782833333333
ABGP0001575,12,2017,1162.7782833333333
ABGP0001582,1,2022,985.3052250000001
ABGP0001582,2,2022,985.3052250000001
ABGP0001582,3,2022,985.3052250000001
ABGP0001582,4,2022,985.3052250000001
ABGP0001582,5,2022,985.3052250000001
ABGP0001582,6,2022,985.3052250000001
ABGP0001582,7,2022,985.3052250000001
ABGP0001582,8,2022,985.3052250000001
ABGP0001582,9,2022,985.3052250000001
ABGP0001582,10,2022,985.3052250000001
ABGP0001582,11,2022,985.3052250000001
ABGP0001582,12,2022,985.3052250000001
ABGP0001582,1,2019,1739.8944166666668
ABGP0001582,2,2019,1739.8944166666668
ABGP0001582,3,2019,1739.8944166666668
ABGP0001582,4,2019,1739.8944166666668
ABGP0001582,5,2019,1739.8944166666668
ABGP0001582,6,2019,1739.8944166666668
ABGP0001582,7,2019,1739.8944166666668
ABGP0001582,8,2019,1739.8944166666668
ABGP0001582,9,2019,1739.8944166666668
ABGP0001582,10,2019,1739.8944166666668
ABGP0001582,11,2019,1739.8944166666668
ABGP0001582,12,2019,1739.8944166666668
ABGP0001582,1,2018,1423.0916666666665
ABGP0001582,2,2018,1423.0916666666665
ABGP0001582,3,2018,1423.0916666666665
ABGP0001582,4,2018,1423.0916666666665
ABGP0001582,5,2018,1423.0916666666665
ABGP0001582,6,2018,1423.0916666666665
ABGP0001582,7,2018,1423.0916666666665
ABGP0001582,8,2018,1423.0916666666665
ABGP0001582,9,2018,1423.0916666666665
ABGP0001582,10,2018,1423.0916666666665
ABGP0001582,11,2018,1423.0916666666665
ABGP0001582,12,2018,1423.0916666666665
ABGP0001583,1,2019,897.5519166666667
ABGP0001583,2,2019,897.5519166666667
ABGP0001583,3,2019,897.5519166666667
ABGP0001583,4,2019,897.5519166666667
ABGP0001583,5,2019,897.5519166666667
ABGP0001583,6,2019,897.5519166666667
ABGP0001583,7,2019,897.5519166666667
ABGP0001583,8,2019,897.5519166666667
ABGP0001583,9,2019,897.5519166666667
ABGP0001583,10,2019,897.5519166666667
ABGP0001583,11,2019,897.5519166666667
ABGP0001583,12,2019,897.5519166666667
ABGP0001583,1,2018,1109.9595833333333
ABGP0001583,2,2018,1109.9595833333333
ABGP0001583,3,2018,1109.9595833333333
ABGP0001583,4,2018,1109.9595833333333
ABGP0001583,5,2018,1109.9595833333333
ABGP0001583,6,2018,1109.9595833333333
ABGP0001583,7,2018,1109.9595833333333
ABGP0001583,8,2018,1109.9595833333333
ABGP0001583,9,2018,1109.9595833333333
ABGP0001583,10,2018,1109.9595833333333
ABGP0001583,11,2018,1109.9595833333333
ABGP0001583,12,2018,1109.9595833333333
ABGP0001583,1,2017,1318.5154166666666
ABGP0001583,2,2017,1318.5154166666666
ABGP0001583,3,2017,1318.5154166666666
ABGP0001583,4,2017,1318.5154166666666
ABGP0001583,5,2017,1318.5154166666666
ABGP0001583,6,2017,1318.5154166666666
ABGP0001583,7,2017,1318.5154166666666
ABGP0001583,8,2017,1318.5154166666666
ABGP0001583,9,2017,1318.5154166666666
ABGP0001583,10,2017,1318.5154166666666
ABGP0001583,11,2017,1318.5154166666666
ABGP0001583,12,2017,1318.5154166666666
ABGP0001585,1,2022,3092.552333333333
ABGP0001585,2,2022,3092.552333333333
ABGP0001585,3,2022,3092.552333333333
ABGP0001585,4,2022,3092.552333333333
ABGP0001585,5,2022,3092.552333333333
ABGP0001585,6,2022,3092.552333333333
ABGP0001585,7,2022,3092.552333333333
ABGP0001585,8,2022,3092.552333333333
ABGP0001585,9,2022,3092.552333333333
ABGP0001585,10,2022,3092.552333333333
ABGP0001585,11,2022,3092.552333333333
ABGP0001585,12,2022,3092.552333333333
ABGP0001585,1,2021,3131.1585358333336
ABGP0001585,2,2021,3131.1585358333336
ABGP0001585,3,2021,3131.1585358333336
ABGP0001585,4,2021,3131.1585358333336
ABGP0001585,5,2021,3131.1585358333336
ABGP0001585,6,2021,3131.1585358333336
ABGP0001585,7,2021,3131.1585358333336
ABGP0001585,8,2021,3131.1585358333336
ABGP0001585,9,2021,3131.1585358333336
ABGP0001585,10,2021,3131.1585358333336
ABGP0001585,11,2021,3131.1585358333336
ABGP0001585,12,2021,3131.1585358333336
ABGP0001585,1,2020,3057.30625
ABGP0001585,2,2020,3057.30625
ABGP0001585,3,2020,3057.30625
ABGP0001585,4,2020,3057.30625
ABGP0001585,5,2020,3057.30625
ABGP0001585,6,2020,3057.30625
ABGP0001585,7,2020,3057.30625
ABGP0001585,8,2020,3057.30625
ABGP0001585,9,2020,3057.30625
ABGP0001585,10,2020,3057.30625
ABGP0001585,11,2020,3057.30625
ABGP0001585,12,2020,3057.30625
ABGP0001585,1,2019,3518.172475
ABGP0001585,2,2019,3518.172475
ABGP0001585,3,2019,3518.172475
ABGP0001585,4,2019,3518.172475
ABGP0001585,5,2019,3518.172475
ABGP0001585,6,2019,3518.172475
ABGP0001585,7,2019,3518.172475
ABGP0001585,8,2019,3518.172475
ABGP0001585,9,2019,3518.172475
ABGP0001585,10,2019,3518.172475
ABGP0001585,11,2019,3518.172475
ABGP0001585,12,2019,3518.172475
ABGP0001585,1,2018,3362.578933
ABGP0001585,2,2018,3362.578933
ABGP0001585,3,2018,3362.578933
ABGP0001585,4,2018,3362.578933
ABGP0001585,5,2018,3362.578933
ABGP0001585,6,2018,3362.578933
ABGP0001585,7,2018,3362.578933
ABGP0001585,8,2018,3362.578933
ABGP0001585,9,2018,3362.578933
ABGP0001585,10,2018,3362.578933
ABGP0001585,11,2018,3362.578933
ABGP0001585,12,2018,3362.578933
ABGP0001585,1,2017,4893.091291666667
ABGP0001585,2,2017,4893.091291666667
ABGP0001585,3,2017,4893.091291666667
ABGP0001585,4,2017,4893.091291666667
ABGP0001585,5,2017,4893.091291666667
ABGP0001585,6,2017,4893.091291666667
ABGP0001585,7,2017,4893.091291666667
ABGP0001585,8,2017,4893.091291666667
ABGP0001585,9,2017,4893.091291666667
ABGP0001585,10,2017,4893.091291666667
ABGP0001585,11,2017,4893.091291666667
ABGP0001585,12,2017,4893.091291666667
ABGP0001585,1,2016,5120.802501666666
ABGP0001585,2,2016,5120.802501666666
ABGP0001585,3,2016,5120.802501666666
ABGP0001585,4,2016,5120.802501666666
ABGP0001585,5,2016,5120.802501666666
ABGP0001585,6,2016,5120.802501666666
ABGP0001585,7,2016,5120.802501666666
ABGP0001585,8,2016,5120.802501666666
ABGP0001585,9,2016,5120.802501666666
ABGP0001585,10,2016,5120.802501666666
ABGP0001585,11,2016,5120.802501666666
ABGP0001585,12,2016,5120.802501666666
ABGP0001585,1,2015,5571.389624166666
ABGP0001585,2,2015,5571.389624166666
ABGP0001585,3,2015,5571.389624166666
ABGP0001585,4,2015,5571.389624166666
ABGP0001585,5,2015,5571.389624166666
ABGP0001585,6,2015,5571.389624166666
ABGP0001585,7,2015,5571.389624166666
ABGP0001585,8,2015,5571.389624166666
ABGP0001585,9,2015,5571.389624166666
ABGP0001585,10,2015,5571.389624166666
ABGP0001585,11,2015,5571.389624166666
ABGP0001585,12,2015,5571.389624166666
ABGP0001585,1,2014,5709.965865833333
ABGP0001585,2,2014,5709.965865833333
ABGP0001585,3,2014,5709.965865833333
ABGP0001585,4,2014,5709.965865833333
ABGP0001585,5,2014,5709.965865833333
ABGP0001585,6,2014,5709.965865833333
ABGP0001585,7,2014,5709.965865833333
ABGP0001585,8,2014,5709.965865833333
ABGP0001585,9,2014,5709.965865833333
ABGP0001585,10,2014,5709.965865833333
ABGP0001585,11,2014,5709.965865833333
ABGP0001585,12,2014,5709.965865833333
ABGP0001585,1,2013,5379.363368333333
ABGP0001585,2,2013,5379.363368333333
ABGP0001585,3,2013,5379.363368333333
ABGP0001585,4,2013,5379.363368333333
ABGP0001585,5,2013,5379.363368333333
ABGP0001585,6,2013,5379.363368333333
ABGP0001585,7,2013,5379.363368333333
ABGP0001585,8,2013,5379.363368333333
ABGP0001585,9,2013,5379.363368333333
ABGP0001585,10,2013,5379.363368333333
ABGP0001585,11,2013,5379.363368333333
ABGP0001585,12,2013,5379.363368333333
ABGP0001585,1,2010,5070.221123
ABGP0001585,2,2010,5070.221123
ABGP0001585,3,2010,5070.221123
ABGP0001585,4,2010,5070.221123
ABGP0001585,5,2010,5070.221123
ABGP0001585,6,2010,5070.221123
ABGP0001585,7,2010,5070.221123
ABGP0001585,8,2010,5070.221123
ABGP0001585,9,2010,5070.221123
ABGP0001585,10,2010,5070.221123
ABGP0001585,11,2010,5070.221123
ABGP0001585,12,2010,5070.221123
ABGP0001585,1,2009,4584.992324166667
ABGP0001585,2,2009,4584.992324166667
ABGP0001585,3,2009,4584.992324166667
ABGP0001585,4,2009,4584.992324166667
ABGP0001585,5,2009,4584.992324166667
ABGP0001585,6,2009,4584.992324166667
ABGP0001585,7,2009,4584.992324166667
ABGP0001585,8,2009,4584.992324166667
ABGP0001585,9,2009,4584.992324166667
ABGP0001585,10,2009,4584.992324166667
ABGP0001585,11,2009,4584.992324166667
ABGP0001585,12,2009,4584.992324166667
ABGP0001585,1,2006,4970.928305833333
ABGP0001585,2,2006,4970.928305833333
ABGP0001585,3,2006,4970.928305833333
ABGP0001585,4,2006,4970.928305833333
ABGP0001585,5,2006,4970.928305833333
ABGP0001585,6,2006,4970.928305833333
ABGP0001585,7,2006,4970.928305833333
ABGP0001585,8,2006,4970.928305833333
ABGP0001585,9,2006,4970.928305833333
ABGP0001585,10,2006,4970.928305833333
ABGP0001585,11,2006,4970.928305833333
ABGP0001585,12,2006,4970.928305833333
ABGP0001585,1,2004,8595.537766666666
ABGP0001585,2,2004,8595.537766666666
ABGP0001585,3,2004,8595.537766666666
ABGP0001585,4,2004,8595.537766666666
ABGP0001585,5,2004,8595.537766666666
ABGP0001585,6,2004,8595.537766666666
ABGP0001585,7,2004,8595.537766666666
ABGP0001585,8,2004,8595.537766666666
ABGP0001585,9,2004,8595.537766666666
ABGP0001585,10,2004,8595.537766666666
ABGP0001585,11,2004,8595.537766666666
ABGP0001585,12,2004,8595.537766666666
ABGP0001597,1,2022,847.9401375000001
ABGP0001597,2,2022,847.9401375000001
ABGP0001597,3,2022,847.9401375000001
ABGP0001597,4,2022,847.9401375000001
ABGP0001597,5,2022,847.9401375000001
ABGP0001597,6,2022,847.9401375000001
ABGP0001597,7,2022,847.9401375000001
ABGP0001597,8,2022,847.9401375000001
ABGP0001597,9,2022,847.9401375000001
ABGP0001597,10,2022,847.9401375000001
ABGP0001597,11,2022,847.9401375000001
ABGP0001597,12,2022,847.9401375000001
ABGP0001617,1,2022,1087.9391083333333
ABGP0001617,2,2022,1087.9391083333333
ABGP0001617,3,2022,1087.9391083333333
ABGP0001617,4,2022,1087.9391083333333
ABGP0001617,5,2022,1087.9391083333333
ABGP0001617,6,2022,1087.9391083333333
ABGP0001617,7,2022,1087.9391083333333
ABGP0001617,8,2022,1087.9391083333333
ABGP0001617,9,2022,1087.9391083333333
ABGP0001617,10,2022,1087.9391083333333
ABGP0001617,11,2022,1087.9391083333333
ABGP0001617,12,2022,1087.9391083333333
ABGP0001617,1,2021,985.552475
ABGP0001617,2,2021,985.552475
ABGP0001617,3,2021,985.552475
ABGP0001617,4,2021,985.552475
ABGP0001617,5,2021,985.552475
ABGP0001617,6,2021,985.552475
ABGP0001617,7,2021,985.552475
ABGP0001617,8,2021,985.552475
ABGP0001617,9,2021,985.552475
ABGP0001617,10,2021,985.552475
ABGP0001617,11,2021,985.552475
ABGP0001617,12,2021,985.552475
ABGP0001617,1,2020,988.9927166666666
ABGP0001617,2,2020,988.9927166666666
ABGP0001617,3,2020,988.9927166666666
ABGP0001617,4,2020,988.9927166666666
ABGP0001617,5,2020,988.9927166666666
ABGP0001617,6,2020,988.9927166666666
ABGP0001617,7,2020,988.9927166666666
ABGP0001617,8,2020,988.9927166666666
ABGP0001617,9,2020,988.9927166666666
ABGP0001617,10,2020,988.9927166666666
ABGP0001617,11,2020,988.9927166666666
ABGP0001617,12,2020,988.9927166666666
ABGP0001617,1,2019,1258.8948916666666
ABGP0001617,2,2019,1258.8948916666666
ABGP0001617,3,2019,1258.8948916666666
ABGP0001617,4,2019,1258.8948916666666
ABGP0001617,5,2019,1258.8948916666666
ABGP0001617,6,2019,1258.8948916666666
ABGP0001617,7,2019,1258.8948916666666
ABGP0001617,8,2019,1258.8948916666666
ABGP0001617,9,2019,1258.8948916666666
ABGP0001617,10,2019,1258.8948916666666
ABGP0001617,11,2019,1258.8948916666666
ABGP0001617,12,2019,1258.8948916666666
ABGP0001617,1,2018,961.0013749999999
ABGP0001617,2,2018,961.0013749999999
ABGP0001617,3,2018,961.0013749999999
ABGP0001617,4,2018,961.0013749999999
ABGP0001617,5,2018,961.0013749999999
ABGP0001617,6,2018,961.0013749999999
ABGP0001617,7,2018,961.0013749999999
ABGP0001617,8,2018,961.0013749999999
ABGP0001617,9,2018,961.0013749999999
ABGP0001617,10,2018,961.0013749999999
ABGP0001617,11,2018,961.0013749999999
ABGP0001617,12,2018,961.0013749999999
ABGP0001623,1,2022,3703.372608333333
ABGP0001623,2,2022,3703.372608333333
ABGP0001623,3,2022,3703.372608333333
ABGP0001623,4,2022,3703.372608333333
ABGP0001623,5,2022,3703.372608333333
ABGP0001623,6,2022,3703.372608333333
ABGP0001623,7,2022,3703.372608333333
ABGP0001623,8,2022,3703.372608333333
ABGP0001623,9,2022,3703.372608333333
ABGP0001623,10,2022,3703.372608333333
ABGP0001623,11,2022,3703.372608333333
ABGP0001623,12,2022,3703.372608333333
ABGP0001623,1,2021,5101.180065833333
ABGP0001623,2,2021,5101.180065833333
ABGP0001623,3,2021,5101.180065833333
ABGP0001623,4,2021,5101.180065833333
ABGP0001623,5,2021,5101.180065833333
ABGP0001623,6,2021,5101.180065833333
ABGP0001623,7,2021,5101.180065833333
ABGP0001623,8,2021,5101.180065833333
ABGP0001623,9,2021,5101.180065833333
ABGP0001623,10,2021,5101.180065833333
ABGP0001623,11,2021,5101.180065833333
ABGP0001623,12,2021,5101.180065833333
ABGP0001623,1,2020,4977.975913333333
ABGP0001623,2,2020,4977.975913333333
ABGP0001623,3,2020,4977.975913333333
ABGP0001623,4,2020,4977.975913333333
ABGP0001623,5,2020,4977.975913333333
ABGP0001623,6,2020,4977.975913333333
ABGP0001623,7,2020,4977.975913333333
ABGP0001623,8,2020,4977.975913333333
ABGP0001623,9,2020,4977.975913333333
ABGP0001623,10,2020,4977.975913333333
ABGP0001623,11,2020,4977.975913333333
ABGP0001623,12,2020,4977.975913333333
ABGP0001623,1,2019,5275.368888333333
ABGP0001623,2,2019,5275.368888333333
ABGP0001623,3,2019,5275.368888333333
ABGP0001623,4,2019,5275.368888333333
ABGP0001623,5,2019,5275.368888333333
ABGP0001623,6,2019,5275.368888333333
ABGP0001623,7,2019,5275.368888333333
ABGP0001623,8,2019,5275.368888333333
ABGP0001623,9,2019,5275.368888333333
ABGP0001623,10,2019,5275.368888333333
ABGP0001623,11,2019,5275.368888333333
ABGP0001623,12,2019,5275.368888333333
ABGP0001623,1,2018,2946.3036141666666
ABGP0001623,2,2018,2946.3036141666666
ABGP0001623,3,2018,2946.3036141666666
ABGP0001623,4,2018,2946.3036141666666
ABGP0001623,5,2018,2946.3036141666666
ABGP0001623,6,2018,2946.3036141666666
ABGP0001623,7,2018,2946.3036141666666
ABGP0001623,8,2018,2946.3036141666666
ABGP0001623,9,2018,2946.3036141666666
ABGP0001623,10,2018,2946.3036141666666
ABGP0001623,11,2018,2946.3036141666666
ABGP0001623,12,2018,2946.3036141666666
ABGP0001623,1,2017,1749.4776083333334
ABGP0001623,2,2017,1749.4776083333334
ABGP0001623,3,2017,1749.4776083333334
ABGP0001623,4,2017,1749.4776083333334
ABGP0001623,5,2017,1749.4776083333334
ABGP0001623,6,2017,1749.4776083333334
ABGP0001623,7,2017,1749.4776083333334
ABGP0001623,8,2017,1749.4776083333334
ABGP0001623,9,2017,1749.4776083333334
ABGP0001623,10,2017,1749.4776083333334
ABGP0001623,11,2017,1749.4776083333334
ABGP0001623,12,2017,1749.4776083333334
ABGP0001624,1,2021,5143.118789166667
ABGP0001624,2,2021,5143.118789166667
ABGP0001624,3,2021,5143.118789166667
ABGP0001624,4,2021,5143.118789166667
ABGP0001624,5,2021,5143.118789166667
ABGP0001624,6,2021,5143.118789166667
ABGP0001624,7,2021,5143.118789166667
ABGP0001624,8,2021,5143.118789166667
ABGP0001624,9,2021,5143.118789166667
ABGP0001624,10,2021,5143.118789166667
ABGP0001624,11,2021,5143.118789166667
ABGP0001624,12,2021,5143.118789166667
ABGP0001624,1,2020,7961.431402499999
ABGP0001624,2,2020,7961.431402499999
ABGP0001624,3,2020,7961.431402499999
ABGP0001624,4,2020,7961.431402499999
ABGP0001624,5,2020,7961.431402499999
ABGP0001624,6,2020,7961.431402499999
ABGP0001624,7,2020,7961.431402499999
ABGP0001624,8,2020,7961.431402499999
ABGP0001624,9,2020,7961.431402499999
ABGP0001624,10,2020,7961.431402499999
ABGP0001624,11,2020,7961.431402499999
ABGP0001624,12,2020,7961.431402499999
ABGP0001625,1,2022,2112.872173
ABGP0001625,2,2022,2112.872173
ABGP0001625,3,2022,2112.872173
ABGP0001625,4,2022,2112.872173
ABGP0001625,5,2022,2112.872173
ABGP0001625,6,2022,2112.872173
ABGP0001625,7,2022,2112.872173
ABGP0001625,8,2022,2112.872173
ABGP0001625,9,2022,2112.872173
ABGP0001625,10,2022,2112.872173
ABGP0001625,11,2022,2112.872173
ABGP0001625,12,2022,2112.872173
ABGP0001625,1,2021,5610.3728200000005
ABGP0001625,2,2021,5610.3728200000005
ABGP0001625,3,2021,5610.3728200000005
ABGP0001625,4,2021,5610.3728200000005
ABGP0001625,5,2021,5610.3728200000005
ABGP0001625,6,2021,5610.3728200000005
ABGP0001625,7,2021,5610.3728200000005
ABGP0001625,8,2021,5610.3728200000005
ABGP0001625,9,2021,5610.3728200000005
ABGP0001625,10,2021,5610.3728200000005
ABGP0001625,11,2021,5610.3728200000005
ABGP0001625,12,2021,5610.3728200000005
ABGP0001625,1,2020,2235.4704166666666
ABGP0001625,2,2020,2235.4704166666666
ABGP0001625,3,2020,2235.4704166666666
ABGP0001625,4,2020,2235.4704166666666
ABGP0001625,5,2020,2235.4704166666666
ABGP0001625,6,2020,2235.4704166666666
ABGP0001625,7,2020,2235.4704166666666
ABGP0001625,8,2020,2235.4704166666666
ABGP0001625,9,2020,2235.4704166666666
ABGP0001625,10,2020,2235.4704166666666
ABGP0001625,11,2020,2235.4704166666666
ABGP0001625,12,2020,2235.4704166666666
ABGP0001625,1,2019,1619.35175
ABGP0001625,2,2019,1619.35175
ABGP0001625,3,2019,1619.35175
ABGP0001625,4,2019,1619.35175
ABGP0001625,5,2019,1619.35175
ABGP0001625,6,2019,1619.35175
ABGP0001625,7,2019,1619.35175
ABGP0001625,8,2019,1619.35175
ABGP0001625,9,2019,1619.35175
ABGP0001625,10,2019,1619.35175
ABGP0001625,11,2019,1619.35175
ABGP0001625,12,2019,1619.35175
ABGP0001625,1,2018,1760.4279999999999
ABGP0001625,2,2018,1760.4279999999999
ABGP0001625,3,2018,1760.4279999999999
ABGP0001625,4,2018,1760.4279999999999
ABGP0001625,5,2018,1760.4279999999999
ABGP0001625,6,2018,1760.4279999999999
ABGP0001625,7,2018,1760.4279999999999
ABGP0001625,8,2018,1760.4279999999999
ABGP0001625,9,2018,1760.4279999999999
ABGP0001625,10,2018,1760.4279999999999
ABGP0001625,11,2018,1760.4279999999999
ABGP0001625,12,2018,1760.4279999999999
ABGP0001625,1,2017,1551.07175
ABGP0001625,2,2017,1551.07175
ABGP0001625,3,2017,1551.07175
ABGP0001625,4,2017,1551.07175
ABGP0001625,5,2017,1551.07175
ABGP0001625,6,2017,1551.07175
ABGP0001625,7,2017,1551.07175
ABGP0001625,8,2017,1551.07175
ABGP0001625,9,2017,1551.07175
ABGP0001625,10,2017,1551.07175
ABGP0001625,11,2017,1551.07175
ABGP0001625,12,2017,1551.07175
ABGP0001628,1,2021,613.0977333333334
ABGP0001628,2,2021,613.0977333333334
ABGP0001628,3,2021,613.0977333333334
ABGP0001628,4,2021,613.0977333333334
ABGP0001628,5,2021,613.0977333333334
ABGP0001628,6,2021,613.0977333333334
ABGP0001628,7,2021,613.0977333333334
ABGP0001628,8,2021,613.0977333333334
ABGP0001628,9,2021,613.0977333333334
ABGP0001628,10,2021,613.0977333333334
ABGP0001628,11,2021,613.0977333333334
ABGP0001628,12,2021,613.0977333333334
ABGP0001628,1,2020,815.563525
ABGP0001628,2,2020,815.563525
ABGP0001628,3,2020,815.563525
ABGP0001628,4,2020,815.563525
ABGP0001628,5,2020,815.563525
ABGP0001628,6,2020,815.563525
ABGP0001628,7,2020,815.563525
ABGP0001628,8,2020,815.563525
ABGP0001628,9,2020,815.563525
ABGP0001628,10,2020,815.563525
ABGP0001628,11,2020,815.563525
ABGP0001628,12,2020,815.563525
ABGP0001628,1,2019,924.9885416666666
ABGP0001628,2,2019,924.9885416666666
ABGP0001628,3,2019,924.9885416666666
ABGP0001628,4,2019,924.9885416666666
ABGP0001628,5,2019,924.9885416666666
ABGP0001628,6,2019,924.9885416666666
ABGP0001628,7,2019,924.9885416666666
ABGP0001628,8,2019,924.9885416666666
ABGP0001628,9,2019,924.9885416666666
ABGP0001628,10,2019,924.9885416666666
ABGP0001628,11,2019,924.9885416666666
ABGP0001628,12,2019,924.9885416666666
ABGP0001628,1,2018,1001.0661916666667
ABGP0001628,2,2018,1001.0661916666667
ABGP0001628,3,2018,1001.0661916666667
ABGP0001628,4,2018,1001.0661916666667
ABGP0001628,5,2018,1001.0661916666667
ABGP0001628,6,2018,1001.0661916666667
ABGP0001628,7,2018,1001.0661916666667
ABGP0001628,8,2018,1001.0661916666667
ABGP0001628,9,2018,1001.0661916666667
ABGP0001628,10,2018,1001.0661916666667
ABGP0001628,11,2018,1001.0661916666667
ABGP0001628,12,2018,1001.0661916666667
ABGP0001628,1,2017,1042.6554166666667
ABGP0001628,2,2017,1042.6554166666667
ABGP0001628,3,2017,1042.6554166666667
ABGP0001628,4,2017,1042.6554166666667
ABGP0001628,5,2017,1042.6554166666667
ABGP0001628,6,2017,1042.6554166666667
ABGP0001628,7,2017,1042.6554166666667
ABGP0001628,8,2017,1042.6554166666667
ABGP0001628,9,2017,1042.6554166666667
ABGP0001628,10,2017,1042.6554166666667
ABGP0001628,11,2017,1042.6554166666667
ABGP0001628,12,2017,1042.6554166666667
ABGP0001642,1,2022,954.0339
ABGP0001642,2,2022,954.0339
ABGP0001642,3,2022,954.0339
ABGP0001642,4,2022,954.0339
ABGP0001642,5,2022,954.0339
ABGP0001642,6,2022,954.0339
ABGP0001642,7,2022,954.0339
ABGP0001642,8,2022,954.0339
ABGP0001642,9,2022,954.0339
ABGP0001642,10,2022,954.0339
ABGP0001642,11,2022,954.0339
ABGP0001642,12,2022,954.0339
ABGP0001642,1,2021,954.3211116666666
ABGP0001642,2,2021,954.3211116666666
ABGP0001642,3,2021,954.3211116666666
ABGP0001642,4,2021,954.3211116666666
ABGP0001642,5,2021,954.3211116666666
ABGP0001642,6,2021,954.3211116666666
ABGP0001642,7,2021,954.3211116666666
ABGP0001642,8,2021,954.3211116666666
ABGP0001642,9,2021,954.3211116666666
ABGP0001642,10,2021,954.3211116666666
ABGP0001642,11,2021,954.3211116666666
ABGP0001642,12,2021,954.3211116666666
ABGP0001642,1,2020,1102.041125
ABGP0001642,2,2020,1102.041125
ABGP0001642,3,2020,1102.041125
ABGP0001642,4,2020,1102.041125
ABGP0001642,5,2020,1102.041125
ABGP0001642,6,2020,1102.041125
ABGP0001642,7,2020,1102.041125
ABGP0001642,8,2020,1102.041125
ABGP0001642,9,2020,1102.041125
ABGP0001642,10,2020,1102.041125
ABGP0001642,11,2020,1102.041125
ABGP0001642,12,2020,1102.041125
ABGP0001642,1,2019,1003.4000833333333
ABGP0001642,2,2019,1003.4000833333333
ABGP0001642,3,2019,1003.4000833333333
ABGP0001642,4,2019,1003.4000833333333
ABGP0001642,5,2019,1003.4000833333333
ABGP0001642,6,2019,1003.4000833333333
ABGP0001642,7,2019,1003.4000833333333
ABGP0001642,8,2019,1003.4000833333333
ABGP0001642,9,2019,1003.4000833333333
ABGP0001642,10,2019,1003.4000833333333
ABGP0001642,11,2019,1003.4000833333333
ABGP0001642,12,2019,1003.4000833333333
ABGP0001642,1,2018,874.47005
ABGP0001642,2,2018,874.47005
ABGP0001642,3,2018,874.47005
ABGP0001642,4,2018,874.47005
ABGP0001642,5,2018,874.47005
ABGP0001642,6,2018,874.47005
ABGP0001642,7,2018,874.47005
ABGP0001642,8,2018,874.47005
ABGP0001642,9,2018,874.47005
ABGP0001642,10,2018,874.47005
ABGP0001642,11,2018,874.47005
ABGP0001642,12,2018,874.47005
ABGP0001651,1,2022,1869.429068
ABGP0001651,2,2022,1869.429068
ABGP0001651,3,2022,1869.429068
ABGP0001651,4,2022,1869.429068
ABGP0001651,5,2022,1869.429068
ABGP0001651,6,2022,1869.429068
ABGP0001651,7,2022,1869.429068
ABGP0001651,8,2022,1869.429068
ABGP0001651,9,2022,1869.429068
ABGP0001651,10,2022,1869.429068
ABGP0001651,11,2022,1869.429068
ABGP0001651,12,2022,1869.429068
ABGP0001651,1,2022,3315.9151158333334
ABGP0001651,2,2022,3315.9151158333334
ABGP0001651,3,2022,3315.9151158333334
ABGP0001651,4,2022,3315.9151158333334
ABGP0001651,5,2022,3315.9151158333334
ABGP0001651,6,2022,3315.9151158333334
ABGP0001651,7,2022,3315.9151158333334
ABGP0001651,8,2022,3315.9151158333334
ABGP0001651,9,2022,3315.9151158333334
ABGP0001651,10,2022,3315.9151158333334
ABGP0001651,11,2022,3315.9151158333334
ABGP0001651,12,2022,3315.9151158333334
ABGP0001651,1,2021,1201.7617933333333
ABGP0001651,2,2021,1201.7617933333333
ABGP0001651,3,2021,1201.7617933333333
ABGP0001651,4,2021,1201.7617933333333
ABGP0001651,5,2021,1201.7617933333333
ABGP0001651,6,2021,1201.7617933333333
ABGP0001651,7,2021,1201.7617933333333
ABGP0001651,8,2021,1201.7617933333333
ABGP0001651,9,2021,1201.7617933333333
ABGP0001651,10,2021,1201.7617933333333
ABGP0001651,11,2021,1201.7617933333333
ABGP0001651,12,2021,1201.7617933333333
ABGP0001651,1,2021,3092.2510141666667
ABGP0001651,2,2021,3092.2510141666667
ABGP0001651,3,2021,3092.2510141666667
ABGP0001651,4,2021,3092.2510141666667
ABGP0001651,5,2021,3092.2510141666667
ABGP0001651,6,2021,3092.2510141666667
ABGP0001651,7,2021,3092.2510141666667
ABGP0001651,8,2021,3092.2510141666667
ABGP0001651,9,2021,3092.2510141666667
ABGP0001651,10,2021,3092.2510141666667
ABGP0001651,11,2021,3092.2510141666667
ABGP0001651,12,2021,3092.2510141666667
ABGP0001651,1,2020,1406.29825
ABGP0001651,2,2020,1406.29825
ABGP0001651,3,2020,1406.29825
ABGP0001651,4,2020,1406.29825
ABGP0001651,5,2020,1406.29825
ABGP0001651,6,2020,1406.29825
ABGP0001651,7,2020,1406.29825
ABGP0001651,8,2020,1406.29825
ABGP0001651,9,2020,1406.29825
ABGP0001651,10,2020,1406.29825
ABGP0001651,11,2020,1406.29825
ABGP0001651,12,2020,1406.29825
ABGP0001651,1,2020,2956.790333333333
ABGP0001651,2,2020,2956.790333333333
ABGP0001651,3,2020,2956.790333333333
ABGP0001651,4,2020,2956.790333333333
ABGP0001651,5,2020,2956.790333333333
ABGP0001651,6,2020,2956.790333333333
ABGP0001651,7,2020,2956.790333333333
ABGP0001651,8,2020,2956.790333333333
ABGP0001651,9,2020,2956.790333333333
ABGP0001651,10,2020,2956.790333333333
ABGP0001651,11,2020,2956.790333333333
ABGP0001651,12,2020,2956.790333333333
ABGP0001651,1,2019,1778.55225
ABGP0001651,2,2019,1778.55225
ABGP0001651,3,2019,1778.55225
ABGP0001651,4,2019,1778.55225
ABGP0001651,5,2019,1778.55225
ABGP0001651,6,2019,1778.55225
ABGP0001651,7,2019,1778.55225
ABGP0001651,8,2019,1778.55225
ABGP0001651,9,2019,1778.55225
ABGP0001651,10,2019,1778.55225
ABGP0001651,11,2019,1778.55225
ABGP0001651,12,2019,1778.55225
ABGP0001651,1,2019,3381.857
ABGP0001651,2,2019,3381.857
ABGP0001651,3,2019,3381.857
ABGP0001651,4,2019,3381.857
ABGP0001651,5,2019,3381.857
ABGP0001651,6,2019,3381.857
ABGP0001651,7,2019,3381.857
ABGP0001651,8,2019,3381.857
ABGP0001651,9,2019,3381.857
ABGP0001651,10,2019,3381.857
ABGP0001651,11,2019,3381.857
ABGP0001651,12,2019,3381.857
ABGP0001651,1,2018,1377.4525833333335
ABGP0001651,2,2018,1377.4525833333335
ABGP0001651,3,2018,1377.4525833333335
ABGP0001651,4,2018,1377.4525833333335
ABGP0001651,5,2018,1377.4525833333335
ABGP0001651,6,2018,1377.4525833333335
ABGP0001651,7,2018,1377.4525833333335
ABGP0001651,8,2018,1377.4525833333335
ABGP0001651,9,2018,1377.4525833333335
ABGP0001651,10,2018,1377.4525833333335
ABGP0001651,11,2018,1377.4525833333335
ABGP0001651,12,2018,1377.4525833333335
ABGP0001651,1,2018,2979.5225833333334
ABGP0001651,2,2018,2979.5225833333334
ABGP0001651,3,2018,2979.5225833333334
ABGP0001651,4,2018,2979.5225833333334
ABGP0001651,5,2018,2979.5225833333334
ABGP0001651,6,2018,2979.5225833333334
ABGP0001651,7,2018,2979.5225833333334
ABGP0001651,8,2018,2979.5225833333334
ABGP0001651,9,2018,2979.5225833333334
ABGP0001651,10,2018,2979.5225833333334
ABGP0001651,11,2018,2979.5225833333334
ABGP0001651,12,2018,2979.5225833333334
ABGP0001651,1,2017,1861.0484166666665
ABGP0001651,2,2017,1861.0484166666665
ABGP0001651,3,2017,1861.0484166666665
ABGP0001651,4,2017,1861.0484166666665
ABGP0001651,5,2017,1861.0484166666665
ABGP0001651,6,2017,1861.0484166666665
ABGP0001651,7,2017,1861.0484166666665
ABGP0001651,8,2017,1861.0484166666665
ABGP0001651,9,2017,1861.0484166666665
ABGP0001651,10,2017,1861.0484166666665
ABGP0001651,11,2017,1861.0484166666665
ABGP0001651,12,2017,1861.0484166666665
ABGP0001651,1,2017,1875.3712500000001
ABGP0001651,2,2017,1875.3712500000001
ABGP0001651,3,2017,1875.3712500000001
ABGP0001651,4,2017,1875.3712500000001
ABGP0001651,5,2017,1875.3712500000001
ABGP0001651,6,2017,1875.3712500000001
ABGP0001651,7,2017,1875.3712500000001
ABGP0001651,8,2017,1875.3712500000001
ABGP0001651,9,2017,1875.3712500000001
ABGP0001651,10,2017,1875.3712500000001
ABGP0001651,11,2017,1875.3712500000001
ABGP0001651,12,2017,1875.3712500000001
ABGP0001661,1,2022,1164.6333333333334
ABGP0001661,2,2022,1164.6333333333334
ABGP0001661,3,2022,1164.6333333333334
ABGP0001661,4,2022,1164.6333333333334
ABGP0001661,5,2022,1164.6333333333334
ABGP0001661,6,2022,1164.6333333333334
ABGP0001661,7,2022,1164.6333333333334
ABGP0001661,8,2022,1164.6333333333334
ABGP0001661,9,2022,1164.6333333333334
ABGP0001661,10,2022,1164.6333333333334
ABGP0001661,11,2022,1164.6333333333334
ABGP0001661,12,2022,1164.6333333333334
ABGP0001661,1,2021,1113.836465
ABGP0001661,2,2021,1113.836465
ABGP0001661,3,2021,1113.836465
ABGP0001661,4,2021,1113.836465
ABGP0001661,5,2021,1113.836465
ABGP0001661,6,2021,1113.836465
ABGP0001661,7,2021,1113.836465
ABGP0001661,8,2021,1113.836465
ABGP0001661,9,2021,1113.836465
ABGP0001661,10,2021,1113.836465
ABGP0001661,11,2021,1113.836465
ABGP0001661,12,2021,1113.836465
ABGP0001661,1,2020,1178.1814166666666
ABGP0001661,2,2020,1178.1814166666666
ABGP0001661,3,2020,1178.1814166666666
ABGP0001661,4,2020,1178.1814166666666
ABGP0001661,5,2020,1178.1814166666666
ABGP0001661,6,2020,1178.1814166666666
ABGP0001661,7,2020,1178.1814166666666
ABGP0001661,8,2020,1178.1814166666666
ABGP0001661,9,2020,1178.1814166666666
ABGP0001661,10,2020,1178.1814166666666
ABGP0001661,11,2020,1178.1814166666666
ABGP0001661,12,2020,1178.1814166666666
ABGP0001661,1,2019,953.4237499999999
ABGP0001661,2,2019,953.4237499999999
ABGP0001661,3,2019,953.4237499999999
ABGP0001661,4,2019,953.4237499999999
ABGP0001661,5,2019,953.4237499999999
ABGP0001661,6,2019,953.4237499999999
ABGP0001661,7,2019,953.4237499999999
ABGP0001661,8,2019,953.4237499999999
ABGP0001661,9,2019,953.4237499999999
ABGP0001661,10,2019,953.4237499999999
ABGP0001661,11,2019,953.4237499999999
ABGP0001661,12,2019,953.4237499999999
ABGP0001661,1,2018,1100.4040833333333
ABGP0001661,2,2018,1100.4040833333333
ABGP0001661,3,2018,1100.4040833333333
ABGP0001661,4,2018,1100.4040833333333
ABGP0001661,5,2018,1100.4040833333333
ABGP0001661,6,2018,1100.4040833333333
ABGP0001661,7,2018,1100.4040833333333
ABGP0001661,8,2018,1100.4040833333333
ABGP0001661,9,2018,1100.4040833333333
ABGP0001661,10,2018,1100.4040833333333
ABGP0001661,11,2018,1100.4040833333333
ABGP0001661,12,2018,1100.4040833333333
ABGP0001661,1,2017,1139.9986666666666
ABGP0001661,2,2017,1139.9986666666666
ABGP0001661,3,2017,1139.9986666666666
ABGP0001661,4,2017,1139.9986666666666
ABGP0001661,5,2017,1139.9986666666666
ABGP0001661,6,2017,1139.9986666666666
ABGP0001661,7,2017,1139.9986666666666
ABGP0001661,8,2017,1139.9986666666666
ABGP0001661,9,2017,1139.9986666666666
ABGP0001661,10,2017,1139.9986666666666
ABGP0001661,11,2017,1139.9986666666666
ABGP0001661,12,2017,1139.9986666666666
ABGP0001662,1,2022,25311.43294166667
ABGP0001662,2,2022,25311.43294166667
ABGP0001662,3,2022,25311.43294166667
ABGP0001662,4,2022,25311.43294166667
ABGP0001662,5,2022,25311.43294166667
ABGP0001662,6,2022,25311.43294166667
ABGP0001662,7,2022,25311.43294166667
ABGP0001662,8,2022,25311.43294166667
ABGP0001662,9,2022,25311.43294166667
ABGP0001662,10,2022,25311.43294166667
ABGP0001662,11,2022,25311.43294166667
ABGP0001662,12,2022,25311.43294166667
ABGP0001662,1,2021,25357.85345
ABGP0001662,2,2021,25357.85345
ABGP0001662,3,2021,25357.85345
ABGP0001662,4,2021,25357.85345
ABGP0001662,5,2021,25357.85345
ABGP0001662,6,2021,25357.85345
ABGP0001662,7,2021,25357.85345
ABGP0001662,8,2021,25357.85345
ABGP0001662,9,2021,25357.85345
ABGP0001662,10,2021,25357.85345
ABGP0001662,11,2021,25357.85345
ABGP0001662,12,2021,25357.85345
ABGP0001662,1,2020,25723.475183333332
ABGP0001662,2,2020,25723.475183333332
ABGP0001662,3,2020,25723.475183333332
ABGP0001662,4,2020,25723.475183333332
ABGP0001662,5,2020,25723.475183333332
ABGP0001662,6,2020,25723.475183333332
ABGP0001662,7,2020,25723.475183333332
ABGP0001662,8,2020,25723.475183333332
ABGP0001662,9,2020,25723.475183333332
ABGP0001662,10,2020,25723.475183333332
ABGP0001662,11,2020,25723.475183333332
ABGP0001662,12,2020,25723.475183333332
ABGP0001662,1,2019,23968.620516666666
ABGP0001662,2,2019,23968.620516666666
ABGP0001662,3,2019,23968.620516666666
ABGP0001662,4,2019,23968.620516666666
ABGP0001662,5,2019,23968.620516666666
ABGP0001662,6,2019,23968.620516666666
ABGP0001662,7,2019,23968.620516666666
ABGP0001662,8,2019,23968.620516666666
ABGP0001662,9,2019,23968.620516666666
ABGP0001662,10,2019,23968.620516666666
ABGP0001662,11,2019,23968.620516666666
ABGP0001662,12,2019,23968.620516666666
ABGP0001662,1,2018,28466.02298
ABGP0001662,2,2018,28466.02298
ABGP0001662,3,2018,28466.02298
ABGP0001662,4,2018,28466.02298
ABGP0001662,5,2018,28466.02298
ABGP0001662,6,2018,28466.02298
ABGP0001662,7,2018,28466.02298
ABGP0001662,8,2018,28466.02298
ABGP0001662,9,2018,28466.02298
ABGP0001662,10,2018,28466.02298
ABGP0001662,11,2018,28466.02298
ABGP0001662,12,2018,28466.02298
ABGP0001662,1,2017,34779.308450000004
ABGP0001662,2,2017,34779.308450000004
ABGP0001662,3,2017,34779.308450000004
ABGP0001662,4,2017,34779.308450000004
ABGP0001662,5,2017,34779.308450000004
ABGP0001662,6,2017,34779.308450000004
ABGP0001662,7,2017,34779.308450000004
ABGP0001662,8,2017,34779.308450000004
ABGP0001662,9,2017,34779.308450000004
ABGP0001662,10,2017,34779.308450000004
ABGP0001662,11,2017,34779.308450000004
ABGP0001662,12,2017,34779.308450000004
ABGP0001662,1,2016,39060.939158333334
ABGP0001662,2,2016,39060.939158333334
ABGP0001662,3,2016,39060.939158333334
ABGP0001662,4,2016,39060.939158333334
ABGP0001662,5,2016,39060.939158333334
ABGP0001662,6,2016,39060.939158333334
ABGP0001662,7,2016,39060.939158333334
ABGP0001662,8,2016,39060.939158333334
ABGP0001662,9,2016,39060.939158333334
ABGP0001662,10,2016,39060.939158333334
ABGP0001662,11,2016,39060.939158333334
ABGP0001662,12,2016,39060.939158333334
ABGP0001662,1,2015,42830.59878
ABGP0001662,2,2015,42830.59878
ABGP0001662,3,2015,42830.59878
ABGP0001662,4,2015,42830.59878
ABGP0001662,5,2015,42830.59878
ABGP0001662,6,2015,42830.59878
ABGP0001662,7,2015,42830.59878
ABGP0001662,8,2015,42830.59878
ABGP0001662,9,2015,42830.59878
ABGP0001662,10,2015,42830.59878
ABGP0001662,11,2015,42830.59878
ABGP0001662,12,2015,42830.59878
ABGP0001662,1,2014,39896.93060833333
ABGP0001662,2,2014,39896.93060833333
ABGP0001662,3,2014,39896.93060833333
ABGP0001662,4,2014,39896.93060833333
ABGP0001662,5,2014,39896.93060833333
ABGP0001662,6,2014,39896.93060833333
ABGP0001662,7,2014,39896.93060833333
ABGP0001662,8,2014,39896.93060833333
ABGP0001662,9,2014,39896.93060833333
ABGP0001662,10,2014,39896.93060833333
ABGP0001662,11,2014,39896.93060833333
ABGP0001662,12,2014,39896.93060833333
ABGP0001662,1,2013,41084.47769166667
ABGP0001662,2,2013,41084.47769166667
ABGP0001662,3,2013,41084.47769166667
ABGP0001662,4,2013,41084.47769166667
ABGP0001662,5,2013,41084.47769166667
ABGP0001662,6,2013,41084.47769166667
ABGP0001662,7,2013,41084.47769166667
ABGP0001662,8,2013,41084.47769166667
ABGP0001662,9,2013,41084.47769166667
ABGP0001662,10,2013,41084.47769166667
ABGP0001662,11,2013,41084.47769166667
ABGP0001662,12,2013,41084.47769166667
ABGP0001662,1,2012,40485.572308333336
ABGP0001662,2,2012,40485.572308333336
ABGP0001662,3,2012,40485.572308333336
ABGP0001662,4,2012,40485.572308333336
ABGP0001662,5,2012,40485.572308333336
ABGP0001662,6,2012,40485.572308333336
ABGP0001662,7,2012,40485.572308333336
ABGP0001662,8,2012,40485.572308333336
ABGP0001662,9,2012,40485.572308333336
ABGP0001662,10,2012,40485.572308333336
ABGP0001662,11,2012,40485.572308333336
ABGP0001662,12,2012,40485.572308333336
ABGP0001662,1,2011,50350.78466666667
ABGP0001662,2,2011,50350.78466666667
ABGP0001662,3,2011,50350.78466666667
ABGP0001662,4,2011,50350.78466666667
ABGP0001662,5,2011,50350.78466666667
ABGP0001662,6,2011,50350.78466666667
ABGP0001662,7,2011,50350.78466666667
ABGP0001662,8,2011,50350.78466666667
ABGP0001662,9,2011,50350.78466666667
ABGP0001662,10,2011,50350.78466666667
ABGP0001662,11,2011,50350.78466666667
ABGP0001662,12,2011,50350.78466666667
ABGP0001662,1,2010,46287.21219166667
ABGP0001662,2,2010,46287.21219166667
ABGP0001662,3,2010,46287.21219166667
ABGP0001662,4,2010,46287.21219166667
ABGP0001662,5,2010,46287.21219166667
ABGP0001662,6,2010,46287.21219166667
ABGP0001662,7,2010,46287.21219166667
ABGP0001662,8,2010,46287.21219166667
ABGP0001662,9,2010,46287.21219166667
ABGP0001662,10,2010,46287.21219166667
ABGP0001662,11,2010,46287.21219166667
ABGP0001662,12,2010,46287.21219166667
ABGP0001662,1,2009,49350.61334166667
ABGP0001662,2,2009,49350.61334166667
ABGP0001662,3,2009,49350.61334166667
ABGP0001662,4,2009,49350.61334166667
ABGP0001662,5,2009,49350.61334166667
ABGP0001662,6,2009,49350.61334166667
ABGP0001662,7,2009,49350.61334166667
ABGP0001662,8,2009,49350.61334166667
ABGP0001662,9,2009,49350.61334166667
ABGP0001662,10,2009,49350.61334166667
ABGP0001662,11,2009,49350.61334166667
ABGP0001662,12,2009,49350.61334166667
ABGP0001662,1,2008,45550.58221666666
ABGP0001662,2,2008,45550.58221666666
ABGP0001662,3,2008,45550.58221666666
ABGP0001662,4,2008,45550.58221666666
ABGP0001662,5,2008,45550.58221666666
ABGP0001662,6,2008,45550.58221666666
ABGP0001662,7,2008,45550.58221666666
ABGP0001662,8,2008,45550.58221666666
ABGP0001662,9,2008,45550.58221666666
ABGP0001662,10,2008,45550.58221666666
ABGP0001662,11,2008,45550.58221666666
ABGP0001662,12,2008,45550.58221666666
ABGP0001662,1,2007,42147.08521666667
ABGP0001662,2,2007,42147.08521666667
ABGP0001662,3,2007,42147.08521666667
ABGP0001662,4,2007,42147.08521666667
ABGP0001662,5,2007,42147.08521666667
ABGP0001662,6,2007,42147.08521666667
ABGP0001662,7,2007,42147.08521666667
ABGP0001662,8,2007,42147.08521666667
ABGP0001662,9,2007,42147.08521666667
ABGP0001662,10,2007,42147.08521666667
ABGP0001662,11,2007,42147.08521666667
ABGP0001662,12,2007,42147.08521666667
ABGP0001662,1,2006,54710.916666666664
ABGP0001662,2,2006,54710.916666666664
ABGP0001662,3,2006,54710.916666666664
ABGP0001662,4,2006,54710.916666666664
ABGP0001662,5,2006,54710.916666666664
ABGP0001662,6,2006,54710.916666666664
ABGP0001662,7,2006,54710.916666666664
ABGP0001662,8,2006,54710.916666666664
ABGP0001662,9,2006,54710.916666666664
ABGP0001662,10,2006,54710.916666666664
ABGP0001662,11,2006,54710.916666666664
ABGP0001662,12,2006,54710.916666666664
ABGP0001662,1,2005,62757.166666666664
ABGP0001662,2,2005,62757.166666666664
ABGP0001662,3,2005,62757.166666666664
ABGP0001662,4,2005,62757.166666666664
ABGP0001662,5,2005,62757.166666666664
ABGP0001662,6,2005,62757.166666666664
ABGP0001662,7,2005,62757.166666666664
ABGP0001662,8,2005,62757.166666666664
ABGP0001662,9,2005,62757.166666666664
ABGP0001662,10,2005,62757.166666666664
ABGP0001662,11,2005,62757.166666666664
ABGP0001662,12,2005,62757.166666666664
ABGP0001662,1,2004,67976.33333333333
ABGP0001662,2,2004,67976.33333333333
ABGP0001662,3,2004,67976.33333333333
ABGP0001662,4,2004,67976.33333333333
ABGP0001662,5,2004,67976.33333333333
ABGP0001662,6,2004,67976.33333333333
ABGP0001662,7,2004,67976.33333333333
ABGP0001662,8,2004,67976.33333333333
ABGP0001662,9,2004,67976.33333333333
ABGP0001662,10,2004,67976.33333333333
ABGP0001662,11,2004,67976.33333333333
ABGP0001662,12,2004,67976.33333333333
ABGP0001663,1,2022,846.3392916666667
ABGP0001663,2,2022,846.3392916666667
ABGP0001663,3,2022,846.3392916666667
ABGP0001663,4,2022,846.3392916666667
ABGP0001663,5,2022,846.3392916666667
ABGP0001663,6,2022,846.3392916666667
ABGP0001663,7,2022,846.3392916666667
ABGP0001663,8,2022,846.3392916666667
ABGP0001663,9,2022,846.3392916666667
ABGP0001663,10,2022,846.3392916666667
ABGP0001663,11,2022,846.3392916666667
ABGP0001663,12,2022,846.3392916666667
ABGP0001663,1,2022,1005.1689674999999
ABGP0001663,2,2022,1005.1689674999999
ABGP0001663,3,2022,1005.1689674999999
ABGP0001663,4,2022,1005.1689674999999
ABGP0001663,5,2022,1005.1689674999999
ABGP0001663,6,2022,1005.1689674999999
ABGP0001663,7,2022,1005.1689674999999
ABGP0001663,8,2022,1005.1689674999999
ABGP0001663,9,2022,1005.1689674999999
ABGP0001663,10,2022,1005.1689674999999
ABGP0001663,11,2022,1005.1689674999999
ABGP0001663,12,2022,1005.1689674999999
ABGP0001663,1,2020,1646.5181666666667
ABGP0001663,2,2020,1646.5181666666667
ABGP0001663,3,2020,1646.5181666666667
ABGP0001663,4,2020,1646.5181666666667
ABGP0001663,5,2020,1646.5181666666667
ABGP0001663,6,2020,1646.5181666666667
ABGP0001663,7,2020,1646.5181666666667
ABGP0001663,8,2020,1646.5181666666667
ABGP0001663,9,2020,1646.5181666666667
ABGP0001663,10,2020,1646.5181666666667
ABGP0001663,11,2020,1646.5181666666667
ABGP0001663,12,2020,1646.5181666666667
ABGP0001663,1,2019,1560.4015
ABGP0001663,2,2019,1560.4015
ABGP0001663,3,2019,1560.4015
ABGP0001663,4,2019,1560.4015
ABGP0001663,5,2019,1560.4015
ABGP0001663,6,2019,1560.4015
ABGP0001663,7,2019,1560.4015
ABGP0001663,8,2019,1560.4015
ABGP0001663,9,2019,1560.4015
ABGP0001663,10,2019,1560.4015
ABGP0001663,11,2019,1560.4015
ABGP0001663,12,2019,1560.4015
ABGP0001663,1,2018,1513.84375
ABGP0001663,2,2018,1513.84375
ABGP0001663,3,2018,1513.84375
ABGP0001663,4,2018,1513.84375
ABGP0001663,5,2018,1513.84375
ABGP0001663,6,2018,1513.84375
ABGP0001663,7,2018,1513.84375
ABGP0001663,8,2018,1513.84375
ABGP0001663,9,2018,1513.84375
ABGP0001663,10,2018,1513.84375
ABGP0001663,11,2018,1513.84375
ABGP0001663,12,2018,1513.84375
ABGP0001663,1,2017,1698.0925
ABGP0001663,2,2017,1698.0925
ABGP0001663,3,2017,1698.0925
ABGP0001663,4,2017,1698.0925
ABGP0001663,5,2017,1698.0925
ABGP0001663,6,2017,1698.0925
ABGP0001663,7,2017,1698.0925
ABGP0001663,8,2017,1698.0925
ABGP0001663,9,2017,1698.0925
ABGP0001663,10,2017,1698.0925
ABGP0001663,11,2017,1698.0925
ABGP0001663,12,2017,1698.0925
ABGP0001666,1,2022,2186.485666666667
ABGP0001666,2,2022,2186.485666666667
ABGP0001666,3,2022,2186.485666666667
ABGP0001666,4,2022,2186.485666666667
ABGP0001666,5,2022,2186.485666666667
ABGP0001666,6,2022,2186.485666666667
ABGP0001666,7,2022,2186.485666666667
ABGP0001666,8,2022,2186.485666666667
ABGP0001666,9,2022,2186.485666666667
ABGP0001666,10,2022,2186.485666666667
ABGP0001666,11,2022,2186.485666666667
ABGP0001666,12,2022,2186.485666666667
ABGP0001666,1,2021,2256.4040641666666
ABGP0001666,2,2021,2256.4040641666666
ABGP0001666,3,2021,2256.4040641666666
ABGP0001666,4,2021,2256.4040641666666
ABGP0001666,5,2021,2256.4040641666666
ABGP0001666,6,2021,2256.4040641666666
ABGP0001666,7,2021,2256.4040641666666
ABGP0001666,8,2021,2256.4040641666666
ABGP0001666,9,2021,2256.4040641666666
ABGP0001666,10,2021,2256.4040641666666
ABGP0001666,11,2021,2256.4040641666666
ABGP0001666,12,2021,2256.4040641666666
ABGP0001666,1,2020,2482.5628333333334
ABGP0001666,2,2020,2482.5628333333334
ABGP0001666,3,2020,2482.5628333333334
ABGP0001666,4,2020,2482.5628333333334
ABGP0001666,5,2020,2482.5628333333334
ABGP0001666,6,2020,2482.5628333333334
ABGP0001666,7,2020,2482.5628333333334
ABGP0001666,8,2020,2482.5628333333334
ABGP0001666,9,2020,2482.5628333333334
ABGP0001666,10,2020,2482.5628333333334
ABGP0001666,11,2020,2482.5628333333334
ABGP0001666,12,2020,2482.5628333333334
ABGP0001666,1,2019,2382.1777500000003
ABGP0001666,2,2019,2382.1777500000003
ABGP0001666,3,2019,2382.1777500000003
ABGP0001666,4,2019,2382.1777500000003
ABGP0001666,5,2019,2382.1777500000003
ABGP0001666,6,2019,2382.1777500000003
ABGP0001666,7,2019,2382.1777500000003
ABGP0001666,8,2019,2382.1777500000003
ABGP0001666,9,2019,2382.1777500000003
ABGP0001666,10,2019,2382.1777500000003
ABGP0001666,11,2019,2382.1777500000003
ABGP0001666,12,2019,2382.1777500000003
ABGP0001666,1,2018,2525.54525
ABGP0001666,2,2018,2525.54525
ABGP0001666,3,2018,2525.54525
ABGP0001666,4,2018,2525.54525
ABGP0001666,5,2018,2525.54525
ABGP0001666,6,2018,2525.54525
ABGP0001666,7,2018,2525.54525
ABGP0001666,8,2018,2525.54525
ABGP0001666,9,2018,2525.54525
ABGP0001666,10,2018,2525.54525
ABGP0001666,11,2018,2525.54525
ABGP0001666,12,2018,2525.54525
ABGP0001666,1,2017,3121.833666666667
ABGP0001666,2,2017,3121.833666666667
ABGP0001666,3,2017,3121.833666666667
ABGP0001666,4,2017,3121.833666666667
ABGP0001666,5,2017,3121.833666666667
ABGP0001666,6,2017,3121.833666666667
ABGP0001666,7,2017,3121.833666666667
ABGP0001666,8,2017,3121.833666666667
ABGP0001666,9,2017,3121.833666666667
ABGP0001666,10,2017,3121.833666666667
ABGP0001666,11,2017,3121.833666666667
ABGP0001666,12,2017,3121.833666666667
ABGP0001668,1,2022,6707.71563
ABGP0001668,2,2022,6707.71563
ABGP0001668,3,2022,6707.71563
ABGP0001668,4,2022,6707.71563
ABGP0001668,5,2022,6707.71563
ABGP0001668,6,2022,6707.71563
ABGP0001668,7,2022,6707.71563
ABGP0001668,8,2022,6707.71563
ABGP0001668,9,2022,6707.71563
ABGP0001668,10,2022,6707.71563
ABGP0001668,11,2022,6707.71563
ABGP0001668,12,2022,6707.71563
ABGP0001668,1,2021,6761.257178333333
ABGP0001668,2,2021,6761.257178333333
ABGP0001668,3,2021,6761.257178333333
ABGP0001668,4,2021,6761.257178333333
ABGP0001668,5,2021,6761.257178333333
ABGP0001668,6,2021,6761.257178333333
ABGP0001668,7,2021,6761.257178333333
ABGP0001668,8,2021,6761.257178333333
ABGP0001668,9,2021,6761.257178333333
ABGP0001668,10,2021,6761.257178333333
ABGP0001668,11,2021,6761.257178333333
ABGP0001668,12,2021,6761.257178333333
ABGP0001668,1,2020,4197.161910833333
ABGP0001668,2,2020,4197.161910833333
ABGP0001668,3,2020,4197.161910833333
ABGP0001668,4,2020,4197.161910833333
ABGP0001668,5,2020,4197.161910833333
ABGP0001668,6,2020,4197.161910833333
ABGP0001668,7,2020,4197.161910833333
ABGP0001668,8,2020,4197.161910833333
ABGP0001668,9,2020,4197.161910833333
ABGP0001668,10,2020,4197.161910833333
ABGP0001668,11,2020,4197.161910833333
ABGP0001668,12,2020,4197.161910833333
ABGP0001668,1,2019,4805.4624300000005
ABGP0001668,2,2019,4805.4624300000005
ABGP0001668,3,2019,4805.4624300000005
ABGP0001668,4,2019,4805.4624300000005
ABGP0001668,5,2019,4805.4624300000005
ABGP0001668,6,2019,4805.4624300000005
ABGP0001668,7,2019,4805.4624300000005
ABGP0001668,8,2019,4805.4624300000005
ABGP0001668,9,2019,4805.4624300000005
ABGP0001668,10,2019,4805.4624300000005
ABGP0001668,11,2019,4805.4624300000005
ABGP0001668,12,2019,4805.4624300000005
ABGP0001668,1,2018,4317.6225
ABGP0001668,2,2018,4317.6225
ABGP0001668,3,2018,4317.6225
ABGP0001668,4,2018,4317.6225
ABGP0001668,5,2018,4317.6225
ABGP0001668,6,2018,4317.6225
ABGP0001668,7,2018,4317.6225
ABGP0001668,8,2018,4317.6225
ABGP0001668,9,2018,4317.6225
ABGP0001668,10,2018,4317.6225
ABGP0001668,11,2018,4317.6225
ABGP0001668,12,2018,4317.6225
ABGP0001668,1,2017,4498.974583333334
ABGP0001668,2,2017,4498.974583333334
ABGP0001668,3,2017,4498.974583333334
ABGP0001668,4,2017,4498.974583333334
ABGP0001668,5,2017,4498.974583333334
ABGP0001668,6,2017,4498.974583333334
ABGP0001668,7,2017,4498.974583333334
ABGP0001668,8,2017,4498.974583333334
ABGP0001668,9,2017,4498.974583333334
ABGP0001668,10,2017,4498.974583333334
ABGP0001668,11,2017,4498.974583333334
ABGP0001668,12,2017,4498.974583333334
ABGP0001668,1,2016,4586.461816666667
ABGP0001668,2,2016,4586.461816666667
ABGP0001668,3,2016,4586.461816666667
ABGP0001668,4,2016,4586.461816666667
ABGP0001668,5,2016,4586.461816666667
ABGP0001668,6,2016,4586.461816666667
ABGP0001668,7,2016,4586.461816666667
ABGP0001668,8,2016,4586.461816666667
ABGP0001668,9,2016,4586.461816666667
ABGP0001668,10,2016,4586.461816666667
ABGP0001668,11,2016,4586.461816666667
ABGP0001668,12,2016,4586.461816666667
ABGP0001668,1,2014,4914.949156666667
ABGP0001668,2,2014,4914.949156666667
ABGP0001668,3,2014,4914.949156666667
ABGP0001668,4,2014,4914.949156666667
ABGP0001668,5,2014,4914.949156666667
ABGP0001668,6,2014,4914.949156666667
ABGP0001668,7,2014,4914.949156666667
ABGP0001668,8,2014,4914.949156666667
ABGP0001668,9,2014,4914.949156666667
ABGP0001668,10,2014,4914.949156666667
ABGP0001668,11,2014,4914.949156666667
ABGP0001668,12,2014,4914.949156666667
ABGP0001668,1,2013,4820.3062199999995
ABGP0001668,2,2013,4820.3062199999995
ABGP0001668,3,2013,4820.3062199999995
ABGP0001668,4,2013,4820.3062199999995
ABGP0001668,5,2013,4820.3062199999995
ABGP0001668,6,2013,4820.3062199999995
ABGP0001668,7,2013,4820.3062199999995
ABGP0001668,8,2013,4820.3062199999995
ABGP0001668,9,2013,4820.3062199999995
ABGP0001668,10,2013,4820.3062199999995
ABGP0001668,11,2013,4820.3062199999995
ABGP0001668,12,2013,4820.3062199999995
ABGP0001668,1,2012,5441.6721308333335
ABGP0001668,2,2012,5441.6721308333335
ABGP0001668,3,2012,5441.6721308333335
ABGP0001668,4,2012,5441.6721308333335
ABGP0001668,5,2012,5441.6721308333335
ABGP0001668,6,2012,5441.6721308333335
ABGP0001668,7,2012,5441.6721308333335
ABGP0001668,8,2012,5441.6721308333335
ABGP0001668,9,2012,5441.6721308333335
ABGP0001668,10,2012,5441.6721308333335
ABGP0001668,11,2012,5441.6721308333335
ABGP0001668,12,2012,5441.6721308333335
ABGP0001668,1,2011,5597.612458333333
ABGP0001668,2,2011,5597.612458333333
ABGP0001668,3,2011,5597.612458333333
ABGP0001668,4,2011,5597.612458333333
ABGP0001668,5,2011,5597.612458333333
ABGP0001668,6,2011,5597.612458333333
ABGP0001668,7,2011,5597.612458333333
ABGP0001668,8,2011,5597.612458333333
ABGP0001668,9,2011,5597.612458333333
ABGP0001668,10,2011,5597.612458333333
ABGP0001668,11,2011,5597.612458333333
ABGP0001668,12,2011,5597.612458333333
ABGP0001668,1,2010,5105.819485833334
ABGP0001668,2,2010,5105.819485833334
ABGP0001668,3,2010,5105.819485833334
ABGP0001668,4,2010,5105.819485833334
ABGP0001668,5,2010,5105.819485833334
ABGP0001668,6,2010,5105.819485833334
ABGP0001668,7,2010,5105.819485833334
ABGP0001668,8,2010,5105.819485833334
ABGP0001668,9,2010,5105.819485833334
ABGP0001668,10,2010,5105.819485833334
ABGP0001668,11,2010,5105.819485833334
ABGP0001668,12,2010,5105.819485833334
ABGP0001668,1,2009,4694.2832499999995
ABGP0001668,2,2009,4694.2832499999995
ABGP0001668,3,2009,4694.2832499999995
ABGP0001668,4,2009,4694.2832499999995
ABGP0001668,5,2009,4694.2832499999995
ABGP0001668,6,2009,4694.2832499999995
ABGP0001668,7,2009,4694.2832499999995
ABGP0001668,8,2009,4694.2832499999995
ABGP0001668,9,2009,4694.2832499999995
ABGP0001668,10,2009,4694.2832499999995
ABGP0001668,11,2009,4694.2832499999995
ABGP0001668,12,2009,4694.2832499999995
ABGP0001669,1,2022,5140.2160558333335
ABGP0001669,2,2022,5140.2160558333335
ABGP0001669,3,2022,5140.2160558333335
ABGP0001669,4,2022,5140.2160558333335
ABGP0001669,5,2022,5140.2160558333335
ABGP0001669,6,2022,5140.2160558333335
ABGP0001669,7,2022,5140.2160558333335
ABGP0001669,8,2022,5140.2160558333335
ABGP0001669,9,2022,5140.2160558333335
ABGP0001669,10,2022,5140.2160558333335
ABGP0001669,11,2022,5140.2160558333335
ABGP0001669,12,2022,5140.2160558333335
ABGP0001669,1,2021,2428.5667908333335
ABGP0001669,2,2021,2428.5667908333335
ABGP0001669,3,2021,2428.5667908333335
ABGP0001669,4,2021,2428.5667908333335
ABGP0001669,5,2021,2428.5667908333335
ABGP0001669,6,2021,2428.5667908333335
ABGP0001669,7,2021,2428.5667908333335
ABGP0001669,8,2021,2428.5667908333335
ABGP0001669,9,2021,2428.5667908333335
ABGP0001669,10,2021,2428.5667908333335
ABGP0001669,11,2021,2428.5667908333335
ABGP0001669,12,2021,2428.5667908333335
ABGP0001669,1,2020,2220.135583333333
ABGP0001669,2,2020,2220.135583333333
ABGP0001669,3,2020,2220.135583333333
ABGP0001669,4,2020,2220.135583333333
ABGP0001669,5,2020,2220.135583333333
ABGP0001669,6,2020,2220.135583333333
ABGP0001669,7,2020,2220.135583333333
ABGP0001669,8,2020,2220.135583333333
ABGP0001669,9,2020,2220.135583333333
ABGP0001669,10,2020,2220.135583333333
ABGP0001669,11,2020,2220.135583333333
ABGP0001669,12,2020,2220.135583333333
ABGP0001669,1,2019,4491.334666666667
ABGP0001669,2,2019,4491.334666666667
ABGP0001669,3,2019,4491.334666666667
ABGP0001669,4,2019,4491.334666666667
ABGP0001669,5,2019,4491.334666666667
ABGP0001669,6,2019,4491.334666666667
ABGP0001669,7,2019,4491.334666666667
ABGP0001669,8,2019,4491.334666666667
ABGP0001669,9,2019,4491.334666666667
ABGP0001669,10,2019,4491.334666666667
ABGP0001669,11,2019,4491.334666666667
ABGP0001669,12,2019,4491.334666666667
ABGP0001669,1,2018,4565.5515000000005
ABGP0001669,2,2018,4565.5515000000005
ABGP0001669,3,2018,4565.5515000000005
ABGP0001669,4,2018,4565.5515000000005
ABGP0001669,5,2018,4565.5515000000005
ABGP0001669,6,2018,4565.5515000000005
ABGP0001669,7,2018,4565.5515000000005
ABGP0001669,8,2018,4565.5515000000005
ABGP0001669,9,2018,4565.5515000000005
ABGP0001669,10,2018,4565.5515000000005
ABGP0001669,11,2018,4565.5515000000005
ABGP0001669,12,2018,4565.5515000000005
ABGP0001669,1,2017,3843.7975833333335
ABGP0001669,2,2017,3843.7975833333335
ABGP0001669,3,2017,3843.7975833333335
ABGP0001669,4,2017,3843.7975833333335
ABGP0001669,5,2017,3843.7975833333335
ABGP0001669,6,2017,3843.7975833333335
ABGP0001669,7,2017,3843.7975833333335
ABGP0001669,8,2017,3843.7975833333335
ABGP0001669,9,2017,3843.7975833333335
ABGP0001669,10,2017,3843.7975833333335
ABGP0001669,11,2017,3843.7975833333335
ABGP0001669,12,2017,3843.7975833333335
ABGP0001669,1,2012,4513.859321666667
ABGP0001669,2,2012,4513.859321666667
ABGP0001669,3,2012,4513.859321666667
ABGP0001669,4,2012,4513.859321666667
ABGP0001669,5,2012,4513.859321666667
ABGP0001669,6,2012,4513.859321666667
ABGP0001669,7,2012,4513.859321666667
ABGP0001669,8,2012,4513.859321666667
ABGP0001669,9,2012,4513.859321666667
ABGP0001669,10,2012,4513.859321666667
ABGP0001669,11,2012,4513.859321666667
ABGP0001669,12,2012,4513.859321666667
ABGP0001669,1,2011,4495.676023333333
ABGP0001669,2,2011,4495.676023333333
ABGP0001669,3,2011,4495.676023333333
ABGP0001669,4,2011,4495.676023333333
ABGP0001669,5,2011,4495.676023333333
ABGP0001669,6,2011,4495.676023333333
ABGP0001669,7,2011,4495.676023333333
ABGP0001669,8,2011,4495.676023333333
ABGP0001669,9,2011,4495.676023333333
ABGP0001669,10,2011,4495.676023333333
ABGP0001669,11,2011,4495.676023333333
ABGP0001669,12,2011,4495.676023333333
ABGP0001669,1,2010,4498.655005
ABGP0001669,2,2010,4498.655005
ABGP0001669,3,2010,4498.655005
ABGP0001669,4,2010,4498.655005
ABGP0001669,5,2010,4498.655005
ABGP0001669,6,2010,4498.655005
ABGP0001669,7,2010,4498.655005
ABGP0001669,8,2010,4498.655005
ABGP0001669,9,2010,4498.655005
ABGP0001669,10,2010,4498.655005
ABGP0001669,11,2010,4498.655005
ABGP0001669,12,2010,4498.655005
ABGP0001678,1,2019,710.9295000000001
ABGP0001678,2,2019,710.9295000000001
ABGP0001678,3,2019,710.9295000000001
ABGP0001678,4,2019,710.9295000000001
ABGP0001678,5,2019,710.9295000000001
ABGP0001678,6,2019,710.9295000000001
ABGP0001678,7,2019,710.9295000000001
ABGP0001678,8,2019,710.9295000000001
ABGP0001678,9,2019,710.9295000000001
ABGP0001678,10,2019,710.9295000000001
ABGP0001678,11,2019,710.9295000000001
ABGP0001678,12,2019,710.9295000000001
ABGP0001679,1,2019,826.207
ABGP0001679,2,2019,826.207
ABGP0001679,3,2019,826.207
ABGP0001679,4,2019,826.207
ABGP0001679,5,2019,826.207
ABGP0001679,6,2019,826.207
ABGP0001679,7,2019,826.207
ABGP0001679,8,2019,826.207
ABGP0001679,9,2019,826.207
ABGP0001679,10,2019,826.207
ABGP0001679,11,2019,826.207
ABGP0001679,12,2019,826.207
ABGP0001679,1,2018,1099.82725
ABGP0001679,2,2018,1099.82725
ABGP0001679,3,2018,1099.82725
ABGP0001679,4,2018,1099.82725
ABGP0001679,5,2018,1099.82725
ABGP0001679,6,2018,1099.82725
ABGP0001679,7,2018,1099.82725
ABGP0001679,8,2018,1099.82725
ABGP0001679,9,2018,1099.82725
ABGP0001679,10,2018,1099.82725
ABGP0001679,11,2018,1099.82725
ABGP0001679,12,2018,1099.82725
ABGP0001679,1,2017,910.9391516666666
ABGP0001679,2,2017,910.9391516666666
ABGP0001679,3,2017,910.9391516666666
ABGP0001679,4,2017,910.9391516666666
ABGP0001679,5,2017,910.9391516666666
ABGP0001679,6,2017,910.9391516666666
ABGP0001679,7,2017,910.9391516666666
ABGP0001679,8,2017,910.9391516666666
ABGP0001679,9,2017,910.9391516666666
ABGP0001679,10,2017,910.9391516666666
ABGP0001679,11,2017,910.9391516666666
ABGP0001679,12,2017,910.9391516666666
ABGP0001693,1,2020,676.6396794166667
ABGP0001693,2,2020,676.6396794166667
ABGP0001693,3,2020,676.6396794166667
ABGP0001693,4,2020,676.6396794166667
ABGP0001693,5,2020,676.6396794166667
ABGP0001693,6,2020,676.6396794166667
ABGP0001693,7,2020,676.6396794166667
ABGP0001693,8,2020,676.6396794166667
ABGP0001693,9,2020,676.6396794166667
ABGP0001693,10,2020,676.6396794166667
ABGP0001693,11,2020,676.6396794166667
ABGP0001693,12,2020,676.6396794166667
ABGP0001694,1,2017,947.121
ABGP0001694,2,2017,947.121
ABGP0001694,3,2017,947.121
ABGP0001694,4,2017,947.121
ABGP0001694,5,2017,947.121
ABGP0001694,6,2017,947.121
ABGP0001694,7,2017,947.121
ABGP0001694,8,2017,947.121
ABGP0001694,9,2017,947.121
ABGP0001694,10,2017,947.121
ABGP0001694,11,2017,947.121
ABGP0001694,12,2017,947.121
ABGP0001699,1,2017,1292.8380416666666
ABGP0001699,2,2017,1292.8380416666666
ABGP0001699,3,2017,1292.8380416666666
ABGP0001699,4,2017,1292.8380416666666
ABGP0001699,5,2017,1292.8380416666666
ABGP0001699,6,2017,1292.8380416666666
ABGP0001699,7,2017,1292.8380416666666
ABGP0001699,8,2017,1292.8380416666666
ABGP0001699,9,2017,1292.8380416666666
ABGP0001699,10,2017,1292.8380416666666
ABGP0001699,11,2017,1292.8380416666666
ABGP0001699,12,2017,1292.8380416666666
ABGP0001707,1,2022,23581.82715833333
ABGP0001707,2,2022,23581.82715833333
ABGP0001707,3,2022,23581.82715833333
ABGP0001707,4,2022,23581.82715833333
ABGP0001707,5,2022,23581.82715833333
ABGP0001707,6,2022,23581.82715833333
ABGP0001707,7,2022,23581.82715833333
ABGP0001707,8,2022,23581.82715833333
ABGP0001707,9,2022,23581.82715833333
ABGP0001707,10,2022,23581.82715833333
ABGP0001707,11,2022,23581.82715833333
ABGP0001707,12,2022,23581.82715833333
ABGP0001707,1,2021,22811.15166666667
ABGP0001707,2,2021,22811.15166666667
ABGP0001707,3,2021,22811.15166666667
ABGP0001707,4,2021,22811.15166666667
ABGP0001707,5,2021,22811.15166666667
ABGP0001707,6,2021,22811.15166666667
ABGP0001707,7,2021,22811.15166666667
ABGP0001707,8,2021,22811.15166666667
ABGP0001707,9,2021,22811.15166666667
ABGP0001707,10,2021,22811.15166666667
ABGP0001707,11,2021,22811.15166666667
ABGP0001707,12,2021,22811.15166666667
ABGP0001707,1,2020,21988.8
ABGP0001707,2,2020,21988.8
ABGP0001707,3,2020,21988.8
ABGP0001707,4,2020,21988.8
ABGP0001707,5,2020,21988.8
ABGP0001707,6,2020,21988.8
ABGP0001707,7,2020,21988.8
ABGP0001707,8,2020,21988.8
ABGP0001707,9,2020,21988.8
ABGP0001707,10,2020,21988.8
ABGP0001707,11,2020,21988.8
ABGP0001707,12,2020,21988.8
ABGP0001707,1,2019,20194.24248333333
ABGP0001707,2,2019,20194.24248333333
ABGP0001707,3,2019,20194.24248333333
ABGP0001707,4,2019,20194.24248333333
ABGP0001707,5,2019,20194.24248333333
ABGP0001707,6,2019,20194.24248333333
ABGP0001707,7,2019,20194.24248333333
ABGP0001707,8,2019,20194.24248333333
ABGP0001707,9,2019,20194.24248333333
ABGP0001707,10,2019,20194.24248333333
ABGP0001707,11,2019,20194.24248333333
ABGP0001707,12,2019,20194.24248333333
ABGP0001707,1,2018,12995.268983333333
ABGP0001707,2,2018,12995.268983333333
ABGP0001707,3,2018,12995.268983333333
ABGP0001707,4,2018,12995.268983333333
ABGP0001707,5,2018,12995.268983333333
ABGP0001707,6,2018,12995.268983333333
ABGP0001707,7,2018,12995.268983333333
ABGP0001707,8,2018,12995.268983333333
ABGP0001707,9,2018,12995.268983333333
ABGP0001707,10,2018,12995.268983333333
ABGP0001707,11,2018,12995.268983333333
ABGP0001707,12,2018,12995.268983333333
ABGP0001707,1,2017,7937.657333333334
ABGP0001707,2,2017,7937.657333333334
ABGP0001707,3,2017,7937.657333333334
ABGP0001707,4,2017,7937.657333333334
ABGP0001707,5,2017,7937.657333333334
ABGP0001707,6,2017,7937.657333333334
ABGP0001707,7,2017,7937.657333333334
ABGP0001707,8,2017,7937.657333333334
ABGP0001707,9,2017,7937.657333333334
ABGP0001707,10,2017,7937.657333333334
ABGP0001707,11,2017,7937.657333333334
ABGP0001707,12,2017,7937.657333333334
ABGP0001713,1,2022,1927.6372099999999
ABGP0001713,2,2022,1927.6372099999999
ABGP0001713,3,2022,1927.6372099999999
ABGP0001713,4,2022,1927.6372099999999
ABGP0001713,5,2022,1927.6372099999999
ABGP0001713,6,2022,1927.6372099999999
ABGP0001713,7,2022,1927.6372099999999
ABGP0001713,8,2022,1927.6372099999999
ABGP0001713,9,2022,1927.6372099999999
ABGP0001713,10,2022,1927.6372099999999
ABGP0001713,11,2022,1927.6372099999999
ABGP0001713,12,2022,1927.6372099999999
ABGP0001713,1,2021,1968.9972691666665
ABGP0001713,2,2021,1968.9972691666665
ABGP0001713,3,2021,1968.9972691666665
ABGP0001713,4,2021,1968.9972691666665
ABGP0001713,5,2021,1968.9972691666665
ABGP0001713,6,2021,1968.9972691666665
ABGP0001713,7,2021,1968.9972691666665
ABGP0001713,8,2021,1968.9972691666665
ABGP0001713,9,2021,1968.9972691666665
ABGP0001713,10,2021,1968.9972691666665
ABGP0001713,11,2021,1968.9972691666665
ABGP0001713,12,2021,1968.9972691666665
ABGP0001713,1,2020,1522.9075816666666
ABGP0001713,2,2020,1522.9075816666666
ABGP0001713,3,2020,1522.9075816666666
ABGP0001713,4,2020,1522.9075816666666
ABGP0001713,5,2020,1522.9075816666666
ABGP0001713,6,2020,1522.9075816666666
ABGP0001713,7,2020,1522.9075816666666
ABGP0001713,8,2020,1522.9075816666666
ABGP0001713,9,2020,1522.9075816666666
ABGP0001713,10,2020,1522.9075816666666
ABGP0001713,11,2020,1522.9075816666666
ABGP0001713,12,2020,1522.9075816666666
ABGP0001713,1,2019,2833.307295
ABGP0001713,2,2019,2833.307295
ABGP0001713,3,2019,2833.307295
ABGP0001713,4,2019,2833.307295
ABGP0001713,5,2019,2833.307295
ABGP0001713,6,2019,2833.307295
ABGP0001713,7,2019,2833.307295
ABGP0001713,8,2019,2833.307295
ABGP0001713,9,2019,2833.307295
ABGP0001713,10,2019,2833.307295
ABGP0001713,11,2019,2833.307295
ABGP0001713,12,2019,2833.307295
ABGP0001713,1,2018,1688.0973758333332
ABGP0001713,2,2018,1688.0973758333332
ABGP0001713,3,2018,1688.0973758333332
ABGP0001713,4,2018,1688.0973758333332
ABGP0001713,5,2018,1688.0973758333332
ABGP0001713,6,2018,1688.0973758333332
ABGP0001713,7,2018,1688.0973758333332
ABGP0001713,8,2018,1688.0973758333332
ABGP0001713,9,2018,1688.0973758333332
ABGP0001713,10,2018,1688.0973758333332
ABGP0001713,11,2018,1688.0973758333332
ABGP0001713,12,2018,1688.0973758333332
ABGP0001713,1,2017,1685.5834616666668
ABGP0001713,2,2017,1685.5834616666668
ABGP0001713,3,2017,1685.5834616666668
ABGP0001713,4,2017,1685.5834616666668
ABGP0001713,5,2017,1685.5834616666668
ABGP0001713,6,2017,1685.5834616666668
ABGP0001713,7,2017,1685.5834616666668
ABGP0001713,8,2017,1685.5834616666668
ABGP0001713,9,2017,1685.5834616666668
ABGP0001713,10,2017,1685.5834616666668
ABGP0001713,11,2017,1685.5834616666668
ABGP0001713,12,2017,1685.5834616666668
ABGP0001718,1,2022,2186.7015
ABGP0001718,2,2022,2186.7015
ABGP0001718,3,2022,2186.7015
ABGP0001718,4,2022,2186.7015
ABGP0001718,5,2022,2186.7015
ABGP0001718,6,2022,2186.7015
ABGP0001718,7,2022,2186.7015
ABGP0001718,8,2022,2186.7015
ABGP0001718,9,2022,2186.7015
ABGP0001718,10,2022,2186.7015
ABGP0001718,11,2022,2186.7015
ABGP0001718,12,2022,2186.7015
ABGP0001718,1,2021,1950.299943
ABGP0001718,2,2021,1950.299943
ABGP0001718,3,2021,1950.299943
ABGP0001718,4,2021,1950.299943
ABGP0001718,5,2021,1950.299943
ABGP0001718,6,2021,1950.299943
ABGP0001718,7,2021,1950.299943
ABGP0001718,8,2021,1950.299943
ABGP0001718,9,2021,1950.299943
ABGP0001718,10,2021,1950.299943
ABGP0001718,11,2021,1950.299943
ABGP0001718,12,2021,1950.299943
ABGP0001718,1,2020,1851.7064166666667
ABGP0001718,2,2020,1851.7064166666667
ABGP0001718,3,2020,1851.7064166666667
ABGP0001718,4,2020,1851.7064166666667
ABGP0001718,5,2020,1851.7064166666667
ABGP0001718,6,2020,1851.7064166666667
ABGP0001718,7,2020,1851.7064166666667
ABGP0001718,8,2020,1851.7064166666667
ABGP0001718,9,2020,1851.7064166666667
ABGP0001718,10,2020,1851.7064166666667
ABGP0001718,11,2020,1851.7064166666667
ABGP0001718,12,2020,1851.7064166666667
ABGP0001718,1,2019,1553.2376666666667
ABGP0001718,2,2019,1553.2376666666667
ABGP0001718,3,2019,1553.2376666666667
ABGP0001718,4,2019,1553.2376666666667
ABGP0001718,5,2019,1553.2376666666667
ABGP0001718,6,2019,1553.2376666666667
ABGP0001718,7,2019,1553.2376666666667
ABGP0001718,8,2019,1553.2376666666667
ABGP0001718,9,2019,1553.2376666666667
ABGP0001718,10,2019,1553.2376666666667
ABGP0001718,11,2019,1553.2376666666667
ABGP0001718,12,2019,1553.2376666666667
ABGP0001718,1,2018,1787.962083333333
ABGP0001718,2,2018,1787.962083333333
ABGP0001718,3,2018,1787.962083333333
ABGP0001718,4,2018,1787.962083333333
ABGP0001718,5,2018,1787.962083333333
ABGP0001718,6,2018,1787.962083333333
ABGP0001718,7,2018,1787.962083333333
ABGP0001718,8,2018,1787.962083333333
ABGP0001718,9,2018,1787.962083333333
ABGP0001718,10,2018,1787.962083333333
ABGP0001718,11,2018,1787.962083333333
ABGP0001718,12,2018,1787.962083333333
ABGP0001718,1,2017,2628.7718333333332
ABGP0001718,2,2017,2628.7718333333332
ABGP0001718,3,2017,2628.7718333333332
ABGP0001718,4,2017,2628.7718333333332
ABGP0001718,5,2017,2628.7718333333332
ABGP0001718,6,2017,2628.7718333333332
ABGP0001718,7,2017,2628.7718333333332
ABGP0001718,8,2017,2628.7718333333332
ABGP0001718,9,2017,2628.7718333333332
ABGP0001718,10,2017,2628.7718333333332
ABGP0001718,11,2017,2628.7718333333332
ABGP0001718,12,2017,2628.7718333333332
ABGP0001738,1,2021,505.4038333333333
ABGP0001738,2,2021,505.4038333333333
ABGP0001738,3,2021,505.4038333333333
ABGP0001738,4,2021,505.4038333333333
ABGP0001738,5,2021,505.4038333333333
ABGP0001738,6,2021,505.4038333333333
ABGP0001738,7,2021,505.4038333333333
ABGP0001738,8,2021,505.4038333333333
ABGP0001738,9,2021,505.4038333333333
ABGP0001738,10,2021,505.4038333333333
ABGP0001738,11,2021,505.4038333333333
ABGP0001738,12,2021,505.4038333333333
ABGP0001738,1,2020,348.9795833333333
ABGP0001738,2,2020,348.9795833333333
ABGP0001738,3,2020,348.9795833333333
ABGP0001738,4,2020,348.9795833333333
ABGP0001738,5,2020,348.9795833333333
ABGP0001738,6,2020,348.9795833333333
ABGP0001738,7,2020,348.9795833333333
ABGP0001738,8,2020,348.9795833333333
ABGP0001738,9,2020,348.9795833333333
ABGP0001738,10,2020,348.9795833333333
ABGP0001738,11,2020,348.9795833333333
ABGP0001738,12,2020,348.9795833333333
ABGP0001738,1,2019,1185.8374166666667
ABGP0001738,2,2019,1185.8374166666667
ABGP0001738,3,2019,1185.8374166666667
ABGP0001738,4,2019,1185.8374166666667
ABGP0001738,5,2019,1185.8374166666667
ABGP0001738,6,2019,1185.8374166666667
ABGP0001738,7,2019,1185.8374166666667
ABGP0001738,8,2019,1185.8374166666667
ABGP0001738,9,2019,1185.8374166666667
ABGP0001738,10,2019,1185.8374166666667
ABGP0001738,11,2019,1185.8374166666667
ABGP0001738,12,2019,1185.8374166666667
ABGP0001738,1,2018,1491.7473333333335
ABGP0001738,2,2018,1491.7473333333335
ABGP0001738,3,2018,1491.7473333333335
ABGP0001738,4,2018,1491.7473333333335
ABGP0001738,5,2018,1491.7473333333335
ABGP0001738,6,2018,1491.7473333333335
ABGP0001738,7,2018,1491.7473333333335
ABGP0001738,8,2018,1491.7473333333335
ABGP0001738,9,2018,1491.7473333333335
ABGP0001738,10,2018,1491.7473333333335
ABGP0001738,11,2018,1491.7473333333335
ABGP0001738,12,2018,1491.7473333333335
ABGP0001738,1,2017,1504.8544250000002
ABGP0001738,2,2017,1504.8544250000002
ABGP0001738,3,2017,1504.8544250000002
ABGP0001738,4,2017,1504.8544250000002
ABGP0001738,5,2017,1504.8544250000002
ABGP0001738,6,2017,1504.8544250000002
ABGP0001738,7,2017,1504.8544250000002
ABGP0001738,8,2017,1504.8544250000002
ABGP0001738,9,2017,1504.8544250000002
ABGP0001738,10,2017,1504.8544250000002
ABGP0001738,11,2017,1504.8544250000002
ABGP0001738,12,2017,1504.8544250000002
ABGP0001740,1,2022,5005.950916666667
ABGP0001740,2,2022,5005.950916666667
ABGP0001740,3,2022,5005.950916666667
ABGP0001740,4,2022,5005.950916666667
ABGP0001740,5,2022,5005.950916666667
ABGP0001740,6,2022,5005.950916666667
ABGP0001740,7,2022,5005.950916666667
ABGP0001740,8,2022,5005.950916666667
ABGP0001740,9,2022,5005.950916666667
ABGP0001740,10,2022,5005.950916666667
ABGP0001740,11,2022,5005.950916666667
ABGP0001740,12,2022,5005.950916666667
ABGP0001740,1,2021,4959.010333333334
ABGP0001740,2,2021,4959.010333333334
ABGP0001740,3,2021,4959.010333333334
ABGP0001740,4,2021,4959.010333333334
ABGP0001740,5,2021,4959.010333333334
ABGP0001740,6,2021,4959.010333333334
ABGP0001740,7,2021,4959.010333333334
ABGP0001740,8,2021,4959.010333333334
ABGP0001740,9,2021,4959.010333333334
ABGP0001740,10,2021,4959.010333333334
ABGP0001740,11,2021,4959.010333333334
ABGP0001740,12,2021,4959.010333333334
ABGP0001740,1,2020,4488.230916666666
ABGP0001740,2,2020,4488.230916666666
ABGP0001740,3,2020,4488.230916666666
ABGP0001740,4,2020,4488.230916666666
ABGP0001740,5,2020,4488.230916666666
ABGP0001740,6,2020,4488.230916666666
ABGP0001740,7,2020,4488.230916666666
ABGP0001740,8,2020,4488.230916666666
ABGP0001740,9,2020,4488.230916666666
ABGP0001740,10,2020,4488.230916666666
ABGP0001740,11,2020,4488.230916666666
ABGP0001740,12,2020,4488.230916666666
ABGP0001740,1,2019,5121.8125
ABGP0001740,2,2019,5121.8125
ABGP0001740,3,2019,5121.8125
ABGP0001740,4,2019,5121.8125
ABGP0001740,5,2019,5121.8125
ABGP0001740,6,2019,5121.8125
ABGP0001740,7,2019,5121.8125
ABGP0001740,8,2019,5121.8125
ABGP0001740,9,2019,5121.8125
ABGP0001740,10,2019,5121.8125
ABGP0001740,11,2019,5121.8125
ABGP0001740,12,2019,5121.8125
ABGP0001740,1,2018,5392.68
ABGP0001740,2,2018,5392.68
ABGP0001740,3,2018,5392.68
ABGP0001740,4,2018,5392.68
ABGP0001740,5,2018,5392.68
ABGP0001740,6,2018,5392.68
ABGP0001740,7,2018,5392.68
ABGP0001740,8,2018,5392.68
ABGP0001740,9,2018,5392.68
ABGP0001740,10,2018,5392.68
ABGP0001740,11,2018,5392.68
ABGP0001740,12,2018,5392.68
ABGP0001740,1,2017,7574.088500000001
ABGP0001740,2,2017,7574.088500000001
ABGP0001740,3,2017,7574.088500000001
ABGP0001740,4,2017,7574.088500000001
ABGP0001740,5,2017,7574.088500000001
ABGP0001740,6,2017,7574.088500000001
ABGP0001740,7,2017,7574.088500000001
ABGP0001740,8,2017,7574.088500000001
ABGP0001740,9,2017,7574.088500000001
ABGP0001740,10,2017,7574.088500000001
ABGP0001740,11,2017,7574.088500000001
ABGP0001740,12,2017,7574.088500000001
ABGP0001740,1,2016,8302.458929999999
ABGP0001740,2,2016,8302.458929999999
ABGP0001740,3,2016,8302.458929999999
ABGP0001740,4,2016,8302.458929999999
ABGP0001740,5,2016,8302.458929999999
ABGP0001740,6,2016,8302.458929999999
ABGP0001740,7,2016,8302.458929999999
ABGP0001740,8,2016,8302.458929999999
ABGP0001740,9,2016,8302.458929999999
ABGP0001740,10,2016,8302.458929999999
ABGP0001740,11,2016,8302.458929999999
ABGP0001740,12,2016,8302.458929999999
ABGP0001740,1,2015,6943.543598333334
ABGP0001740,2,2015,6943.543598333334
ABGP0001740,3,2015,6943.543598333334
ABGP0001740,4,2015,6943.543598333334
ABGP0001740,5,2015,6943.543598333334
ABGP0001740,6,2015,6943.543598333334
ABGP0001740,7,2015,6943.543598333334
ABGP0001740,8,2015,6943.543598333334
ABGP0001740,9,2015,6943.543598333334
ABGP0001740,10,2015,6943.543598333334
ABGP0001740,11,2015,6943.543598333334
ABGP0001740,12,2015,6943.543598333334
ABGP0001740,1,2014,7326.842560833334
ABGP0001740,2,2014,7326.842560833334
ABGP0001740,3,2014,7326.842560833334
ABGP0001740,4,2014,7326.842560833334
ABGP0001740,5,2014,7326.842560833334
ABGP0001740,6,2014,7326.842560833334
ABGP0001740,7,2014,7326.842560833334
ABGP0001740,8,2014,7326.842560833334
ABGP0001740,9,2014,7326.842560833334
ABGP0001740,10,2014,7326.842560833334
ABGP0001740,11,2014,7326.842560833334
ABGP0001740,12,2014,7326.842560833334
ABGP0001740,1,2013,6201.09925
ABGP0001740,2,2013,6201.09925
ABGP0001740,3,2013,6201.09925
ABGP0001740,4,2013,6201.09925
ABGP0001740,5,2013,6201.09925
ABGP0001740,6,2013,6201.09925
ABGP0001740,7,2013,6201.09925
ABGP0001740,8,2013,6201.09925
ABGP0001740,9,2013,6201.09925
ABGP0001740,10,2013,6201.09925
ABGP0001740,11,2013,6201.09925
ABGP0001740,12,2013,6201.09925
ABGP0001740,1,2012,6414.666588
ABGP0001740,2,2012,6414.666588
ABGP0001740,3,2012,6414.666588
ABGP0001740,4,2012,6414.666588
ABGP0001740,5,2012,6414.666588
ABGP0001740,6,2012,6414.666588
ABGP0001740,7,2012,6414.666588
ABGP0001740,8,2012,6414.666588
ABGP0001740,9,2012,6414.666588
ABGP0001740,10,2012,6414.666588
ABGP0001740,11,2012,6414.666588
ABGP0001740,12,2012,6414.666588
ABGP0001746,1,2022,1434.1631450000002
ABGP0001746,2,2022,1434.1631450000002
ABGP0001746,3,2022,1434.1631450000002
ABGP0001746,4,2022,1434.1631450000002
ABGP0001746,5,2022,1434.1631450000002
ABGP0001746,6,2022,1434.1631450000002
ABGP0001746,7,2022,1434.1631450000002
ABGP0001746,8,2022,1434.1631450000002
ABGP0001746,9,2022,1434.1631450000002
ABGP0001746,10,2022,1434.1631450000002
ABGP0001746,11,2022,1434.1631450000002
ABGP0001746,12,2022,1434.1631450000002
ABGP0001746,1,2021,1420.8954033333332
ABGP0001746,2,2021,1420.8954033333332
ABGP0001746,3,2021,1420.8954033333332
ABGP0001746,4,2021,1420.8954033333332
ABGP0001746,5,2021,1420.8954033333332
ABGP0001746,6,2021,1420.8954033333332
ABGP0001746,7,2021,1420.8954033333332
ABGP0001746,8,2021,1420.8954033333332
ABGP0001746,9,2021,1420.8954033333332
ABGP0001746,10,2021,1420.8954033333332
ABGP0001746,11,2021,1420.8954033333332
ABGP0001746,12,2021,1420.8954033333332
ABGP0001746,1,2020,1270.776193
ABGP0001746,2,2020,1270.776193
ABGP0001746,3,2020,1270.776193
ABGP0001746,4,2020,1270.776193
ABGP0001746,5,2020,1270.776193
ABGP0001746,6,2020,1270.776193
ABGP0001746,7,2020,1270.776193
ABGP0001746,8,2020,1270.776193
ABGP0001746,9,2020,1270.776193
ABGP0001746,10,2020,1270.776193
ABGP0001746,11,2020,1270.776193
ABGP0001746,12,2020,1270.776193
ABGP0001746,1,2019,1316.5014008333333
ABGP0001746,2,2019,1316.5014008333333
ABGP0001746,3,2019,1316.5014008333333
ABGP0001746,4,2019,1316.5014008333333
ABGP0001746,5,2019,1316.5014008333333
ABGP0001746,6,2019,1316.5014008333333
ABGP0001746,7,2019,1316.5014008333333
ABGP0001746,8,2019,1316.5014008333333
ABGP0001746,9,2019,1316.5014008333333
ABGP0001746,10,2019,1316.5014008333333
ABGP0001746,11,2019,1316.5014008333333
ABGP0001746,12,2019,1316.5014008333333
ABGP0001746,1,2018,1148.7297166666667
ABGP0001746,2,2018,1148.7297166666667
ABGP0001746,3,2018,1148.7297166666667
ABGP0001746,4,2018,1148.7297166666667
ABGP0001746,5,2018,1148.7297166666667
ABGP0001746,6,2018,1148.7297166666667
ABGP0001746,7,2018,1148.7297166666667
ABGP0001746,8,2018,1148.7297166666667
ABGP0001746,9,2018,1148.7297166666667
ABGP0001746,10,2018,1148.7297166666667
ABGP0001746,11,2018,1148.7297166666667
ABGP0001746,12,2018,1148.7297166666667
ABGP0001746,1,2017,1320.5839416666665
ABGP0001746,2,2017,1320.5839416666665
ABGP0001746,3,2017,1320.5839416666665
ABGP0001746,4,2017,1320.5839416666665
ABGP0001746,5,2017,1320.5839416666665
ABGP0001746,6,2017,1320.5839416666665
ABGP0001746,7,2017,1320.5839416666665
ABGP0001746,8,2017,1320.5839416666665
ABGP0001746,9,2017,1320.5839416666665
ABGP0001746,10,2017,1320.5839416666665
ABGP0001746,11,2017,1320.5839416666665
ABGP0001746,12,2017,1320.5839416666665
ABGP0001758,1,2022,1982.0183333333334
ABGP0001758,2,2022,1982.0183333333334
ABGP0001758,3,2022,1982.0183333333334
ABGP0001758,4,2022,1982.0183333333334
ABGP0001758,5,2022,1982.0183333333334
ABGP0001758,6,2022,1982.0183333333334
ABGP0001758,7,2022,1982.0183333333334
ABGP0001758,8,2022,1982.0183333333334
ABGP0001758,9,2022,1982.0183333333334
ABGP0001758,10,2022,1982.0183333333334
ABGP0001758,11,2022,1982.0183333333334
ABGP0001758,12,2022,1982.0183333333334
ABGP0001758,1,2021,2005.6141666666665
ABGP0001758,2,2021,2005.6141666666665
ABGP0001758,3,2021,2005.6141666666665
ABGP0001758,4,2021,2005.6141666666665
ABGP0001758,5,2021,2005.6141666666665
ABGP0001758,6,2021,2005.6141666666665
ABGP0001758,7,2021,2005.6141666666665
ABGP0001758,8,2021,2005.6141666666665
ABGP0001758,9,2021,2005.6141666666665
ABGP0001758,10,2021,2005.6141666666665
ABGP0001758,11,2021,2005.6141666666665
ABGP0001758,12,2021,2005.6141666666665
ABGP0001758,1,2020,1215.7351666666666
ABGP0001758,2,2020,1215.7351666666666
ABGP0001758,3,2020,1215.7351666666666
ABGP0001758,4,2020,1215.7351666666666
ABGP0001758,5,2020,1215.7351666666666
ABGP0001758,6,2020,1215.7351666666666
ABGP0001758,7,2020,1215.7351666666666
ABGP0001758,8,2020,1215.7351666666666
ABGP0001758,9,2020,1215.7351666666666
ABGP0001758,10,2020,1215.7351666666666
ABGP0001758,11,2020,1215.7351666666666
ABGP0001758,12,2020,1215.7351666666666
ABGP0001758,1,2019,1448.36325
ABGP0001758,2,2019,1448.36325
ABGP0001758,3,2019,1448.36325
ABGP0001758,4,2019,1448.36325
ABGP0001758,5,2019,1448.36325
ABGP0001758,6,2019,1448.36325
ABGP0001758,7,2019,1448.36325
ABGP0001758,8,2019,1448.36325
ABGP0001758,9,2019,1448.36325
ABGP0001758,10,2019,1448.36325
ABGP0001758,11,2019,1448.36325
ABGP0001758,12,2019,1448.36325
ABGP0001758,1,2018,1429.7101666666667
ABGP0001758,2,2018,1429.7101666666667
ABGP0001758,3,2018,1429.7101666666667
ABGP0001758,4,2018,1429.7101666666667
ABGP0001758,5,2018,1429.7101666666667
ABGP0001758,6,2018,1429.7101666666667
ABGP0001758,7,2018,1429.7101666666667
ABGP0001758,8,2018,1429.7101666666667
ABGP0001758,9,2018,1429.7101666666667
ABGP0001758,10,2018,1429.7101666666667
ABGP0001758,11,2018,1429.7101666666667
ABGP0001758,12,2018,1429.7101666666667
ABGP0001758,1,2017,1199.6754166666667
ABGP0001758,2,2017,1199.6754166666667
ABGP0001758,3,2017,1199.6754166666667
ABGP0001758,4,2017,1199.6754166666667
ABGP0001758,5,2017,1199.6754166666667
ABGP0001758,6,2017,1199.6754166666667
ABGP0001758,7,2017,1199.6754166666667
ABGP0001758,8,2017,1199.6754166666667
ABGP0001758,9,2017,1199.6754166666667
ABGP0001758,10,2017,1199.6754166666667
ABGP0001758,11,2017,1199.6754166666667
ABGP0001758,12,2017,1199.6754166666667
ABGP0001759,1,2021,5143.118789166667
ABGP0001759,2,2021,5143.118789166667
ABGP0001759,3,2021,5143.118789166667
ABGP0001759,4,2021,5143.118789166667
ABGP0001759,5,2021,5143.118789166667
ABGP0001759,6,2021,5143.118789166667
ABGP0001759,7,2021,5143.118789166667
ABGP0001759,8,2021,5143.118789166667
ABGP0001759,9,2021,5143.118789166667
ABGP0001759,10,2021,5143.118789166667
ABGP0001759,11,2021,5143.118789166667
ABGP0001759,12,2021,5143.118789166667
ABGP0001759,1,2020,7961.431402499999
ABGP0001759,2,2020,7961.431402499999
ABGP0001759,3,2020,7961.431402499999
ABGP0001759,4,2020,7961.431402499999
ABGP0001759,5,2020,7961.431402499999
ABGP0001759,6,2020,7961.431402499999
ABGP0001759,7,2020,7961.431402499999
ABGP0001759,8,2020,7961.431402499999
ABGP0001759,9,2020,7961.431402499999
ABGP0001759,10,2020,7961.431402499999
ABGP0001759,11,2020,7961.431402499999
ABGP0001759,12,2020,7961.431402499999
ABGP0001766,1,2022,8277.76665
ABGP0001766,2,2022,8277.76665
ABGP0001766,3,2022,8277.76665
ABGP0001766,4,2022,8277.76665
ABGP0001766,5,2022,8277.76665
ABGP0001766,6,2022,8277.76665
ABGP0001766,7,2022,8277.76665
ABGP0001766,8,2022,8277.76665
ABGP0001766,9,2022,8277.76665
ABGP0001766,10,2022,8277.76665
ABGP0001766,11,2022,8277.76665
ABGP0001766,12,2022,8277.76665
ABGP0001766,1,2021,7852.049858333333
ABGP0001766,2,2021,7852.049858333333
ABGP0001766,3,2021,7852.049858333333
ABGP0001766,4,2021,7852.049858333333
ABGP0001766,5,2021,7852.049858333333
ABGP0001766,6,2021,7852.049858333333
ABGP0001766,7,2021,7852.049858333333
ABGP0001766,8,2021,7852.049858333333
ABGP0001766,9,2021,7852.049858333333
ABGP0001766,10,2021,7852.049858333333
ABGP0001766,11,2021,7852.049858333333
ABGP0001766,12,2021,7852.049858333333
ABGP0001766,1,2020,8230.079016666667
ABGP0001766,2,2020,8230.079016666667
ABGP0001766,3,2020,8230.079016666667
ABGP0001766,4,2020,8230.079016666667
ABGP0001766,5,2020,8230.079016666667
ABGP0001766,6,2020,8230.079016666667
ABGP0001766,7,2020,8230.079016666667
ABGP0001766,8,2020,8230.079016666667
ABGP0001766,9,2020,8230.079016666667
ABGP0001766,10,2020,8230.079016666667
ABGP0001766,11,2020,8230.079016666667
ABGP0001766,12,2020,8230.079016666667
ABGP0001766,1,2019,7784.572691666667
ABGP0001766,2,2019,7784.572691666667
ABGP0001766,3,2019,7784.572691666667
ABGP0001766,4,2019,7784.572691666667
ABGP0001766,5,2019,7784.572691666667
ABGP0001766,6,2019,7784.572691666667
ABGP0001766,7,2019,7784.572691666667
ABGP0001766,8,2019,7784.572691666667
ABGP0001766,9,2019,7784.572691666667
ABGP0001766,10,2019,7784.572691666667
ABGP0001766,11,2019,7784.572691666667
ABGP0001766,12,2019,7784.572691666667
ABGP0001766,1,2018,8726.1402
ABGP0001766,2,2018,8726.1402
ABGP0001766,3,2018,8726.1402
ABGP0001766,4,2018,8726.1402
ABGP0001766,5,2018,8726.1402
ABGP0001766,6,2018,8726.1402
ABGP0001766,7,2018,8726.1402
ABGP0001766,8,2018,8726.1402
ABGP0001766,9,2018,8726.1402
ABGP0001766,10,2018,8726.1402
ABGP0001766,11,2018,8726.1402
ABGP0001766,12,2018,8726.1402
ABGP0001766,1,2017,8247.081524166666
ABGP0001766,2,2017,8247.081524166666
ABGP0001766,3,2017,8247.081524166666
ABGP0001766,4,2017,8247.081524166666
ABGP0001766,5,2017,8247.081524166666
ABGP0001766,6,2017,8247.081524166666
ABGP0001766,7,2017,8247.081524166666
ABGP0001766,8,2017,8247.081524166666
ABGP0001766,9,2017,8247.081524166666
ABGP0001766,10,2017,8247.081524166666
ABGP0001766,11,2017,8247.081524166666
ABGP0001766,12,2017,8247.081524166666
ABGP0001766,1,2016,8203.604201666667
ABGP0001766,2,2016,8203.604201666667
ABGP0001766,3,2016,8203.604201666667
ABGP0001766,4,2016,8203.604201666667
ABGP0001766,5,2016,8203.604201666667
ABGP0001766,6,2016,8203.604201666667
ABGP0001766,7,2016,8203.604201666667
ABGP0001766,8,2016,8203.604201666667
ABGP0001766,9,2016,8203.604201666667
ABGP0001766,10,2016,8203.604201666667
ABGP0001766,11,2016,8203.604201666667
ABGP0001766,12,2016,8203.604201666667
ABGP0001766,1,2015,9327.386858333333
ABGP0001766,2,2015,9327.386858333333
ABGP0001766,3,2015,9327.386858333333
ABGP0001766,4,2015,9327.386858333333
ABGP0001766,5,2015,9327.386858333333
ABGP0001766,6,2015,9327.386858333333
ABGP0001766,7,2015,9327.386858333333
ABGP0001766,8,2015,9327.386858333333
ABGP0001766,9,2015,9327.386858333333
ABGP0001766,10,2015,9327.386858333333
ABGP0001766,11,2015,9327.386858333333
ABGP0001766,12,2015,9327.386858333333
ABGP0001766,1,2014,10267.431108333332
ABGP0001766,2,2014,10267.431108333332
ABGP0001766,3,2014,10267.431108333332
ABGP0001766,4,2014,10267.431108333332
ABGP0001766,5,2014,10267.431108333332
ABGP0001766,6,2014,10267.431108333332
ABGP0001766,7,2014,10267.431108333332
ABGP0001766,8,2014,10267.431108333332
ABGP0001766,9,2014,10267.431108333332
ABGP0001766,10,2014,10267.431108333332
ABGP0001766,11,2014,10267.431108333332
ABGP0001766,12,2014,10267.431108333332
ABGP0001766,1,2013,9938.941649999999
ABGP0001766,2,2013,9938.941649999999
ABGP0001766,3,2013,9938.941649999999
ABGP0001766,4,2013,9938.941649999999
ABGP0001766,5,2013,9938.941649999999
ABGP0001766,6,2013,9938.941649999999
ABGP0001766,7,2013,9938.941649999999
ABGP0001766,8,2013,9938.941649999999
ABGP0001766,9,2013,9938.941649999999
ABGP0001766,10,2013,9938.941649999999
ABGP0001766,11,2013,9938.941649999999
ABGP0001766,12,2013,9938.941649999999
ABGP0001766,1,2012,7161.362939166666
ABGP0001766,2,2012,7161.362939166666
ABGP0001766,3,2012,7161.362939166666
ABGP0001766,4,2012,7161.362939166666
ABGP0001766,5,2012,7161.362939166666
ABGP0001766,6,2012,7161.362939166666
ABGP0001766,7,2012,7161.362939166666
ABGP0001766,8,2012,7161.362939166666
ABGP0001766,9,2012,7161.362939166666
ABGP0001766,10,2012,7161.362939166666
ABGP0001766,11,2012,7161.362939166666
ABGP0001766,12,2012,7161.362939166666
ABGP0001766,1,2011,6671.341370833333
ABGP0001766,2,2011,6671.341370833333
ABGP0001766,3,2011,6671.341370833333
ABGP0001766,4,2011,6671.341370833333
ABGP0001766,5,2011,6671.341370833333
ABGP0001766,6,2011,6671.341370833333
ABGP0001766,7,2011,6671.341370833333
ABGP0001766,8,2011,6671.341370833333
ABGP0001766,9,2011,6671.341370833333
ABGP0001766,10,2011,6671.341370833333
ABGP0001766,11,2011,6671.341370833333
ABGP0001766,12,2011,6671.341370833333
ABGP0001766,1,2010,5556.900015833333
ABGP0001766,2,2010,5556.900015833333
ABGP0001766,3,2010,5556.900015833333
ABGP0001766,4,2010,5556.900015833333
ABGP0001766,5,2010,5556.900015833333
ABGP0001766,6,2010,5556.900015833333
ABGP0001766,7,2010,5556.900015833333
ABGP0001766,8,2010,5556.900015833333
ABGP0001766,9,2010,5556.900015833333
ABGP0001766,10,2010,5556.900015833333
ABGP0001766,11,2010,5556.900015833333
ABGP0001766,12,2010,5556.900015833333
ABGP0001766,1,2009,5985.975765
ABGP0001766,2,2009,5985.975765
ABGP0001766,3,2009,5985.975765
ABGP0001766,4,2009,5985.975765
ABGP0001766,5,2009,5985.975765
ABGP0001766,6,2009,5985.975765
ABGP0001766,7,2009,5985.975765
ABGP0001766,8,2009,5985.975765
ABGP0001766,9,2009,5985.975765
ABGP0001766,10,2009,5985.975765
ABGP0001766,11,2009,5985.975765
ABGP0001766,12,2009,5985.975765
ABGP0001768,1,2022,1021.89945
ABGP0001768,2,2022,1021.89945
ABGP0001768,3,2022,1021.89945
ABGP0001768,4,2022,1021.89945
ABGP0001768,5,2022,1021.89945
ABGP0001768,6,2022,1021.89945
ABGP0001768,7,2022,1021.89945
ABGP0001768,8,2022,1021.89945
ABGP0001768,9,2022,1021.89945
ABGP0001768,10,2022,1021.89945
ABGP0001768,11,2022,1021.89945
ABGP0001768,12,2022,1021.89945
ABGP0001768,1,2021,1455.55549
ABGP0001768,2,2021,1455.55549
ABGP0001768,3,2021,1455.55549
ABGP0001768,4,2021,1455.55549
ABGP0001768,5,2021,1455.55549
ABGP0001768,6,2021,1455.55549
ABGP0001768,7,2021,1455.55549
ABGP0001768,8,2021,1455.55549
ABGP0001768,9,2021,1455.55549
ABGP0001768,10,2021,1455.55549
ABGP0001768,11,2021,1455.55549
ABGP0001768,12,2021,1455.55549
ABGP0001768,1,2020,1222.93675
ABGP0001768,2,2020,1222.93675
ABGP0001768,3,2020,1222.93675
ABGP0001768,4,2020,1222.93675
ABGP0001768,5,2020,1222.93675
ABGP0001768,6,2020,1222.93675
ABGP0001768,7,2020,1222.93675
ABGP0001768,8,2020,1222.93675
ABGP0001768,9,2020,1222.93675
ABGP0001768,10,2020,1222.93675
ABGP0001768,11,2020,1222.93675
ABGP0001768,12,2020,1222.93675
ABGP0001768,1,2019,1722.9040000000002
ABGP0001768,2,2019,1722.9040000000002
ABGP0001768,3,2019,1722.9040000000002
ABGP0001768,4,2019,1722.9040000000002
ABGP0001768,5,2019,1722.9040000000002
ABGP0001768,6,2019,1722.9040000000002
ABGP0001768,7,2019,1722.9040000000002
ABGP0001768,8,2019,1722.9040000000002
ABGP0001768,9,2019,1722.9040000000002
ABGP0001768,10,2019,1722.9040000000002
ABGP0001768,11,2019,1722.9040000000002
ABGP0001768,12,2019,1722.9040000000002
ABGP0001768,1,2018,1907.5541666666668
ABGP0001768,2,2018,1907.5541666666668
ABGP0001768,3,2018,1907.5541666666668
ABGP0001768,4,2018,1907.5541666666668
ABGP0001768,5,2018,1907.5541666666668
ABGP0001768,6,2018,1907.5541666666668
ABGP0001768,7,2018,1907.5541666666668
ABGP0001768,8,2018,1907.5541666666668
ABGP0001768,9,2018,1907.5541666666668
ABGP0001768,10,2018,1907.5541666666668
ABGP0001768,11,2018,1907.5541666666668
ABGP0001768,12,2018,1907.5541666666668
ABGP0001768,1,2017,1020.8423333333334
ABGP0001768,2,2017,1020.8423333333334
ABGP0001768,3,2017,1020.8423333333334
ABGP0001768,4,2017,1020.8423333333334
ABGP0001768,5,2017,1020.8423333333334
ABGP0001768,6,2017,1020.8423333333334
ABGP0001768,7,2017,1020.8423333333334
ABGP0001768,8,2017,1020.8423333333334
ABGP0001768,9,2017,1020.8423333333334
ABGP0001768,10,2017,1020.8423333333334
ABGP0001768,11,2017,1020.8423333333334
ABGP0001768,12,2017,1020.8423333333334
ABGP0001777,1,2019,989.248
ABGP0001777,2,2019,989.248
ABGP0001777,3,2019,989.248
ABGP0001777,4,2019,989.248
ABGP0001777,5,2019,989.248
ABGP0001777,6,2019,989.248
ABGP0001777,7,2019,989.248
ABGP0001777,8,2019,989.248
ABGP0001777,9,2019,989.248
ABGP0001777,10,2019,989.248
ABGP0001777,11,2019,989.248
ABGP0001777,12,2019,989.248
ABGP0001777,1,2018,981.0770833333332
ABGP0001777,2,2018,981.0770833333332
ABGP0001777,3,2018,981.0770833333332
ABGP0001777,4,2018,981.0770833333332
ABGP0001777,5,2018,981.0770833333332
ABGP0001777,6,2018,981.0770833333332
ABGP0001777,7,2018,981.0770833333332
ABGP0001777,8,2018,981.0770833333332
ABGP0001777,9,2018,981.0770833333332
ABGP0001777,10,2018,981.0770833333332
ABGP0001777,11,2018,981.0770833333332
ABGP0001777,12,2018,981.0770833333332
ABGP0001777,1,2017,1005.5128333333333
ABGP0001777,2,2017,1005.5128333333333
ABGP0001777,3,2017,1005.5128333333333
ABGP0001777,4,2017,1005.5128333333333
ABGP0001777,5,2017,1005.5128333333333
ABGP0001777,6,2017,1005.5128333333333
ABGP0001777,7,2017,1005.5128333333333
ABGP0001777,8,2017,1005.5128333333333
ABGP0001777,9,2017,1005.5128333333333
ABGP0001777,10,2017,1005.5128333333333
ABGP0001777,11,2017,1005.5128333333333
ABGP0001777,12,2017,1005.5128333333333
ABGP0001780,1,2018,885.6523333333333
ABGP0001780,2,2018,885.6523333333333
ABGP0001780,3,2018,885.6523333333333
ABGP0001780,4,2018,885.6523333333333
ABGP0001780,5,2018,885.6523333333333
ABGP0001780,6,2018,885.6523333333333
ABGP0001780,7,2018,885.6523333333333
ABGP0001780,8,2018,885.6523333333333
ABGP0001780,9,2018,885.6523333333333
ABGP0001780,10,2018,885.6523333333333
ABGP0001780,11,2018,885.6523333333333
ABGP0001780,12,2018,885.6523333333333
ABGP0001780,1,2017,1147.933925
ABGP0001780,2,2017,1147.933925
ABGP0001780,3,2017,1147.933925
ABGP0001780,4,2017,1147.933925
ABGP0001780,5,2017,1147.933925
ABGP0001780,6,2017,1147.933925
ABGP0001780,7,2017,1147.933925
ABGP0001780,8,2017,1147.933925
ABGP0001780,9,2017,1147.933925
ABGP0001780,10,2017,1147.933925
ABGP0001780,11,2017,1147.933925
ABGP0001780,12,2017,1147.933925
ABGP0001782,1,2017,896.6963333333333
ABGP0001782,2,2017,896.6963333333333
ABGP0001782,3,2017,896.6963333333333
ABGP0001782,4,2017,896.6963333333333
ABGP0001782,5,2017,896.6963333333333
ABGP0001782,6,2017,896.6963333333333
ABGP0001782,7,2017,896.6963333333333
ABGP0001782,8,2017,896.6963333333333
ABGP0001782,9,2017,896.6963333333333
ABGP0001782,10,2017,896.6963333333333
ABGP0001782,11,2017,896.6963333333333
ABGP0001782,12,2017,896.6963333333333
ABGP0001785,1,2018,905.6744749999999
ABGP0001785,2,2018,905.6744749999999
ABGP0001785,3,2018,905.6744749999999
ABGP0001785,4,2018,905.6744749999999
ABGP0001785,5,2018,905.6744749999999
ABGP0001785,6,2018,905.6744749999999
ABGP0001785,7,2018,905.6744749999999
ABGP0001785,8,2018,905.6744749999999
ABGP0001785,9,2018,905.6744749999999
ABGP0001785,10,2018,905.6744749999999
ABGP0001785,11,2018,905.6744749999999
ABGP0001785,12,2018,905.6744749999999
ABGP0001785,1,2017,895.5390833333332
ABGP0001785,2,2017,895.5390833333332
ABGP0001785,3,2017,895.5390833333332
ABGP0001785,4,2017,895.5390833333332
ABGP0001785,5,2017,895.5390833333332
ABGP0001785,6,2017,895.5390833333332
ABGP0001785,7,2017,895.5390833333332
ABGP0001785,8,2017,895.5390833333332
ABGP0001785,9,2017,895.5390833333332
ABGP0001785,10,2017,895.5390833333332
ABGP0001785,11,2017,895.5390833333332
ABGP0001785,12,2017,895.5390833333332
ABGP0001798,1,2022,2734.5043333333338
ABGP0001798,2,2022,2734.5043333333338
ABGP0001798,3,2022,2734.5043333333338
ABGP0001798,4,2022,2734.5043333333338
ABGP0001798,5,2022,2734.5043333333338
ABGP0001798,6,2022,2734.5043333333338
ABGP0001798,7,2022,2734.5043333333338
ABGP0001798,8,2022,2734.5043333333338
ABGP0001798,9,2022,2734.5043333333338
ABGP0001798,10,2022,2734.5043333333338
ABGP0001798,11,2022,2734.5043333333338
ABGP0001798,12,2022,2734.5043333333338
ABGP0001798,1,2021,2840.046673
ABGP0001798,2,2021,2840.046673
ABGP0001798,3,2021,2840.046673
ABGP0001798,4,2021,2840.046673
ABGP0001798,5,2021,2840.046673
ABGP0001798,6,2021,2840.046673
ABGP0001798,7,2021,2840.046673
ABGP0001798,8,2021,2840.046673
ABGP0001798,9,2021,2840.046673
ABGP0001798,10,2021,2840.046673
ABGP0001798,11,2021,2840.046673
ABGP0001798,12,2021,2840.046673
ABGP0001798,1,2020,2486.81225
ABGP0001798,2,2020,2486.81225
ABGP0001798,3,2020,2486.81225
ABGP0001798,4,2020,2486.81225
ABGP0001798,5,2020,2486.81225
ABGP0001798,6,2020,2486.81225
ABGP0001798,7,2020,2486.81225
ABGP0001798,8,2020,2486.81225
ABGP0001798,9,2020,2486.81225
ABGP0001798,10,2020,2486.81225
ABGP0001798,11,2020,2486.81225
ABGP0001798,12,2020,2486.81225
ABGP0001798,1,2019,2794.690666666667
ABGP0001798,2,2019,2794.690666666667
ABGP0001798,3,2019,2794.690666666667
ABGP0001798,4,2019,2794.690666666667
ABGP0001798,5,2019,2794.690666666667
ABGP0001798,6,2019,2794.690666666667
ABGP0001798,7,2019,2794.690666666667
ABGP0001798,8,2019,2794.690666666667
ABGP0001798,9,2019,2794.690666666667
ABGP0001798,10,2019,2794.690666666667
ABGP0001798,11,2019,2794.690666666667
ABGP0001798,12,2019,2794.690666666667
ABGP0001798,1,2018,2868.8559999999998
ABGP0001798,2,2018,2868.8559999999998
ABGP0001798,3,2018,2868.8559999999998
ABGP0001798,4,2018,2868.8559999999998
ABGP0001798,5,2018,2868.8559999999998
ABGP0001798,6,2018,2868.8559999999998
ABGP0001798,7,2018,2868.8559999999998
ABGP0001798,8,2018,2868.8559999999998
ABGP0001798,9,2018,2868.8559999999998
ABGP0001798,10,2018,2868.8559999999998
ABGP0001798,11,2018,2868.8559999999998
ABGP0001798,12,2018,2868.8559999999998
ABGP0001798,1,2017,3311.81425
ABGP0001798,2,2017,3311.81425
ABGP0001798,3,2017,3311.81425
ABGP0001798,4,2017,3311.81425
ABGP0001798,5,2017,3311.81425
ABGP0001798,6,2017,3311.81425
ABGP0001798,7,2017,3311.81425
ABGP0001798,8,2017,3311.81425
ABGP0001798,9,2017,3311.81425
ABGP0001798,10,2017,3311.81425
ABGP0001798,11,2017,3311.81425
ABGP0001798,12,2017,3311.81425
ABGP0001798,1,2014,4672.094110833334
ABGP0001798,2,2014,4672.094110833334
ABGP0001798,3,2014,4672.094110833334
ABGP0001798,4,2014,4672.094110833334
ABGP0001798,5,2014,4672.094110833334
ABGP0001798,6,2014,4672.094110833334
ABGP0001798,7,2014,4672.094110833334
ABGP0001798,8,2014,4672.094110833334
ABGP0001798,9,2014,4672.094110833334
ABGP0001798,10,2014,4672.094110833334
ABGP0001798,11,2014,4672.094110833334
ABGP0001798,12,2014,4672.094110833334
ABGP0001798,1,2013,4967.395959166667
ABGP0001798,2,2013,4967.395959166667
ABGP0001798,3,2013,4967.395959166667
ABGP0001798,4,2013,4967.395959166667
ABGP0001798,5,2013,4967.395959166667
ABGP0001798,6,2013,4967.395959166667
ABGP0001798,7,2013,4967.395959166667
ABGP0001798,8,2013,4967.395959166667
ABGP0001798,9,2013,4967.395959166667
ABGP0001798,10,2013,4967.395959166667
ABGP0001798,11,2013,4967.395959166667
ABGP0001798,12,2013,4967.395959166667
ABGP0001798,1,2012,5508.083434166667
ABGP0001798,2,2012,5508.083434166667
ABGP0001798,3,2012,5508.083434166667
ABGP0001798,4,2012,5508.083434166667
ABGP0001798,5,2012,5508.083434166667
ABGP0001798,6,2012,5508.083434166667
ABGP0001798,7,2012,5508.083434166667
ABGP0001798,8,2012,5508.083434166667
ABGP0001798,9,2012,5508.083434166667
ABGP0001798,10,2012,5508.083434166667
ABGP0001798,11,2012,5508.083434166667
ABGP0001798,12,2012,5508.083434166667
ABGP0001798,1,2011,5520.097759166667
ABGP0001798,2,2011,5520.097759166667
ABGP0001798,3,2011,5520.097759166667
ABGP0001798,4,2011,5520.097759166667
ABGP0001798,5,2011,5520.097759166667
ABGP0001798,6,2011,5520.097759166667
ABGP0001798,7,2011,5520.097759166667
ABGP0001798,8,2011,5520.097759166667
ABGP0001798,9,2011,5520.097759166667
ABGP0001798,10,2011,5520.097759166667
ABGP0001798,11,2011,5520.097759166667
ABGP0001798,12,2011,5520.097759166667
ABGP0001798,1,2010,5703.642645
ABGP0001798,2,2010,5703.642645
ABGP0001798,3,2010,5703.642645
ABGP0001798,4,2010,5703.642645
ABGP0001798,5,2010,5703.642645
ABGP0001798,6,2010,5703.642645
ABGP0001798,7,2010,5703.642645
ABGP0001798,8,2010,5703.642645
ABGP0001798,9,2010,5703.642645
ABGP0001798,10,2010,5703.642645
ABGP0001798,11,2010,5703.642645
ABGP0001798,12,2010,5703.642645
ABGP0001798,1,2009,5217.729212499999
ABGP0001798,2,2009,5217.729212499999
ABGP0001798,3,2009,5217.729212499999
ABGP0001798,4,2009,5217.729212499999
ABGP0001798,5,2009,5217.729212499999
ABGP0001798,6,2009,5217.729212499999
ABGP0001798,7,2009,5217.729212499999
ABGP0001798,8,2009,5217.729212499999
ABGP0001798,9,2009,5217.729212499999
ABGP0001798,10,2009,5217.729212499999
ABGP0001798,11,2009,5217.729212499999
ABGP0001798,12,2009,5217.729212499999
ABGP0001800,1,2022,1383.9204258333332
ABGP0001800,2,2022,1383.9204258333332
ABGP0001800,3,2022,1383.9204258333332
ABGP0001800,4,2022,1383.9204258333332
ABGP0001800,5,2022,1383.9204258333332
ABGP0001800,6,2022,1383.9204258333332
ABGP0001800,7,2022,1383.9204258333332
ABGP0001800,8,2022,1383.9204258333332
ABGP0001800,9,2022,1383.9204258333332
ABGP0001800,10,2022,1383.9204258333332
ABGP0001800,11,2022,1383.9204258333332
ABGP0001800,12,2022,1383.9204258333332
ABGP0001800,1,2021,1326.516233
ABGP0001800,2,2021,1326.516233
ABGP0001800,3,2021,1326.516233
ABGP0001800,4,2021,1326.516233
ABGP0001800,5,2021,1326.516233
ABGP0001800,6,2021,1326.516233
ABGP0001800,7,2021,1326.516233
ABGP0001800,8,2021,1326.516233
ABGP0001800,9,2021,1326.516233
ABGP0001800,10,2021,1326.516233
ABGP0001800,11,2021,1326.516233
ABGP0001800,12,2021,1326.516233
ABGP0001800,1,2020,1233.4003333333333
ABGP0001800,2,2020,1233.4003333333333
ABGP0001800,3,2020,1233.4003333333333
ABGP0001800,4,2020,1233.4003333333333
ABGP0001800,5,2020,1233.4003333333333
ABGP0001800,6,2020,1233.4003333333333
ABGP0001800,7,2020,1233.4003333333333
ABGP0001800,8,2020,1233.4003333333333
ABGP0001800,9,2020,1233.4003333333333
ABGP0001800,10,2020,1233.4003333333333
ABGP0001800,11,2020,1233.4003333333333
ABGP0001800,12,2020,1233.4003333333333
ABGP0001800,1,2019,1192.2626666666667
ABGP0001800,2,2019,1192.2626666666667
ABGP0001800,3,2019,1192.2626666666667
ABGP0001800,4,2019,1192.2626666666667
ABGP0001800,5,2019,1192.2626666666667
ABGP0001800,6,2019,1192.2626666666667
ABGP0001800,7,2019,1192.2626666666667
ABGP0001800,8,2019,1192.2626666666667
ABGP0001800,9,2019,1192.2626666666667
ABGP0001800,10,2019,1192.2626666666667
ABGP0001800,11,2019,1192.2626666666667
ABGP0001800,12,2019,1192.2626666666667
ABGP0001800,1,2018,971.5519166666667
ABGP0001800,2,2018,971.5519166666667
ABGP0001800,3,2018,971.5519166666667
ABGP0001800,4,2018,971.5519166666667
ABGP0001800,5,2018,971.5519166666667
ABGP0001800,6,2018,971.5519166666667
ABGP0001800,7,2018,971.5519166666667
ABGP0001800,8,2018,971.5519166666667
ABGP0001800,9,2018,971.5519166666667
ABGP0001800,10,2018,971.5519166666667
ABGP0001800,11,2018,971.5519166666667
ABGP0001800,12,2018,971.5519166666667
ABGP0001800,1,2017,1073.983208
ABGP0001800,2,2017,1073.983208
ABGP0001800,3,2017,1073.983208
ABGP0001800,4,2017,1073.983208
ABGP0001800,5,2017,1073.983208
ABGP0001800,6,2017,1073.983208
ABGP0001800,7,2017,1073.983208
ABGP0001800,8,2017,1073.983208
ABGP0001800,9,2017,1073.983208
ABGP0001800,10,2017,1073.983208
ABGP0001800,11,2017,1073.983208
ABGP0001800,12,2017,1073.983208
ABGP0001802,1,2022,15277.401333333333
ABGP0001802,2,2022,15277.401333333333
ABGP0001802,3,2022,15277.401333333333
ABGP0001802,4,2022,15277.401333333333
ABGP0001802,5,2022,15277.401333333333
ABGP0001802,6,2022,15277.401333333333
ABGP0001802,7,2022,15277.401333333333
ABGP0001802,8,2022,15277.401333333333
ABGP0001802,9,2022,15277.401333333333
ABGP0001802,10,2022,15277.401333333333
ABGP0001802,11,2022,15277.401333333333
ABGP0001802,12,2022,15277.401333333333
ABGP0001802,1,2022,5756.077140833334
ABGP0001802,2,2022,5756.077140833334
ABGP0001802,3,2022,5756.077140833334
ABGP0001802,4,2022,5756.077140833334
ABGP0001802,5,2022,5756.077140833334
ABGP0001802,6,2022,5756.077140833334
ABGP0001802,7,2022,5756.077140833334
ABGP0001802,8,2022,5756.077140833334
ABGP0001802,9,2022,5756.077140833334
ABGP0001802,10,2022,5756.077140833334
ABGP0001802,11,2022,5756.077140833334
ABGP0001802,12,2022,5756.077140833334
ABGP0001802,1,2021,14901.162933333333
ABGP0001802,2,2021,14901.162933333333
ABGP0001802,3,2021,14901.162933333333
ABGP0001802,4,2021,14901.162933333333
ABGP0001802,5,2021,14901.162933333333
ABGP0001802,6,2021,14901.162933333333
ABGP0001802,7,2021,14901.162933333333
ABGP0001802,8,2021,14901.162933333333
ABGP0001802,9,2021,14901.162933333333
ABGP0001802,10,2021,14901.162933333333
ABGP0001802,11,2021,14901.162933333333
ABGP0001802,12,2021,14901.162933333333
ABGP0001802,1,2020,16428.05875
ABGP0001802,2,2020,16428.05875
ABGP0001802,3,2020,16428.05875
ABGP0001802,4,2020,16428.05875
ABGP0001802,5,2020,16428.05875
ABGP0001802,6,2020,16428.05875
ABGP0001802,7,2020,16428.05875
ABGP0001802,8,2020,16428.05875
ABGP0001802,9,2020,16428.05875
ABGP0001802,10,2020,16428.05875
ABGP0001802,11,2020,16428.05875
ABGP0001802,12,2020,16428.05875
ABGP0001802,1,2019,17270.876083333333
ABGP0001802,2,2019,17270.876083333333
ABGP0001802,3,2019,17270.876083333333
ABGP0001802,4,2019,17270.876083333333
ABGP0001802,5,2019,17270.876083333333
ABGP0001802,6,2019,17270.876083333333
ABGP0001802,7,2019,17270.876083333333
ABGP0001802,8,2019,17270.876083333333
ABGP0001802,9,2019,17270.876083333333
ABGP0001802,10,2019,17270.876083333333
ABGP0001802,11,2019,17270.876083333333
ABGP0001802,12,2019,17270.876083333333
ABGP0001802,1,2018,16923.0825
ABGP0001802,2,2018,16923.0825
ABGP0001802,3,2018,16923.0825
ABGP0001802,4,2018,16923.0825
ABGP0001802,5,2018,16923.0825
ABGP0001802,6,2018,16923.0825
ABGP0001802,7,2018,16923.0825
ABGP0001802,8,2018,16923.0825
ABGP0001802,9,2018,16923.0825
ABGP0001802,10,2018,16923.0825
ABGP0001802,11,2018,16923.0825
ABGP0001802,12,2018,16923.0825
ABGP0001802,1,2017,20742.681
ABGP0001802,2,2017,20742.681
ABGP0001802,3,2017,20742.681
ABGP0001802,4,2017,20742.681
ABGP0001802,5,2017,20742.681
ABGP0001802,6,2017,20742.681
ABGP0001802,7,2017,20742.681
ABGP0001802,8,2017,20742.681
ABGP0001802,9,2017,20742.681
ABGP0001802,10,2017,20742.681
ABGP0001802,11,2017,20742.681
ABGP0001802,12,2017,20742.681
ABGP0001802,1,2016,21401.35908
ABGP0001802,2,2016,21401.35908
ABGP0001802,3,2016,21401.35908
ABGP0001802,4,2016,21401.35908
ABGP0001802,5,2016,21401.35908
ABGP0001802,6,2016,21401.35908
ABGP0001802,7,2016,21401.35908
ABGP0001802,8,2016,21401.35908
ABGP0001802,9,2016,21401.35908
ABGP0001802,10,2016,21401.35908
ABGP0001802,11,2016,21401.35908
ABGP0001802,12,2016,21401.35908
ABGP0001802,1,2015,21868.346858333334
ABGP0001802,2,2015,21868.346858333334
ABGP0001802,3,2015,21868.346858333334
ABGP0001802,4,2015,21868.346858333334
ABGP0001802,5,2015,21868.346858333334
ABGP0001802,6,2015,21868.346858333334
ABGP0001802,7,2015,21868.346858333334
ABGP0001802,8,2015,21868.346858333334
ABGP0001802,9,2015,21868.346858333334
ABGP0001802,10,2015,21868.346858333334
ABGP0001802,11,2015,21868.346858333334
ABGP0001802,12,2015,21868.346858333334
ABGP0001802,1,2014,22659.56303
ABGP0001802,2,2014,22659.56303
ABGP0001802,3,2014,22659.56303
ABGP0001802,4,2014,22659.56303
ABGP0001802,5,2014,22659.56303
ABGP0001802,6,2014,22659.56303
ABGP0001802,7,2014,22659.56303
ABGP0001802,8,2014,22659.56303
ABGP0001802,9,2014,22659.56303
ABGP0001802,10,2014,22659.56303
ABGP0001802,11,2014,22659.56303
ABGP0001802,12,2014,22659.56303
ABGP0001802,1,2013,20345.118208333333
ABGP0001802,2,2013,20345.118208333333
ABGP0001802,3,2013,20345.118208333333
ABGP0001802,4,2013,20345.118208333333
ABGP0001802,5,2013,20345.118208333333
ABGP0001802,6,2013,20345.118208333333
ABGP0001802,7,2013,20345.118208333333
ABGP0001802,8,2013,20345.118208333333
ABGP0001802,9,2013,20345.118208333333
ABGP0001802,10,2013,20345.118208333333
ABGP0001802,11,2013,20345.118208333333
ABGP0001802,12,2013,20345.118208333333
ABGP0001802,1,2012,19118.45403333333
ABGP0001802,2,2012,19118.45403333333
ABGP0001802,3,2012,19118.45403333333
ABGP0001802,4,2012,19118.45403333333
ABGP0001802,5,2012,19118.45403333333
ABGP0001802,6,2012,19118.45403333333
ABGP0001802,7,2012,19118.45403333333
ABGP0001802,8,2012,19118.45403333333
ABGP0001802,9,2012,19118.45403333333
ABGP0001802,10,2012,19118.45403333333
ABGP0001802,11,2012,19118.45403333333
ABGP0001802,12,2012,19118.45403333333
ABGP0001802,1,2011,17497.91748
ABGP0001802,2,2011,17497.91748
ABGP0001802,3,2011,17497.91748
ABGP0001802,4,2011,17497.91748
ABGP0001802,5,2011,17497.91748
ABGP0001802,6,2011,17497.91748
ABGP0001802,7,2011,17497.91748
ABGP0001802,8,2011,17497.91748
ABGP0001802,9,2011,17497.91748
ABGP0001802,10,2011,17497.91748
ABGP0001802,11,2011,17497.91748
ABGP0001802,12,2011,17497.91748
ABGP0001802,1,2010,17758.622574999998
ABGP0001802,2,2010,17758.622574999998
ABGP0001802,3,2010,17758.622574999998
ABGP0001802,4,2010,17758.622574999998
ABGP0001802,5,2010,17758.622574999998
ABGP0001802,6,2010,17758.622574999998
ABGP0001802,7,2010,17758.622574999998
ABGP0001802,8,2010,17758.622574999998
ABGP0001802,9,2010,17758.622574999998
ABGP0001802,10,2010,17758.622574999998
ABGP0001802,11,2010,17758.622574999998
ABGP0001802,12,2010,17758.622574999998
ABGP0001802,1,2009,19768.480191666666
ABGP0001802,2,2009,19768.480191666666
ABGP0001802,3,2009,19768.480191666666
ABGP0001802,4,2009,19768.480191666666
ABGP0001802,5,2009,19768.480191666666
ABGP0001802,6,2009,19768.480191666666
ABGP0001802,7,2009,19768.480191666666
ABGP0001802,8,2009,19768.480191666666
ABGP0001802,9,2009,19768.480191666666
ABGP0001802,10,2009,19768.480191666666
ABGP0001802,11,2009,19768.480191666666
ABGP0001802,12,2009,19768.480191666666
ABGP0001802,1,2008,20802.756833333333
ABGP0001802,2,2008,20802.756833333333
ABGP0001802,3,2008,20802.756833333333
ABGP0001802,4,2008,20802.756833333333
ABGP0001802,5,2008,20802.756833333333
ABGP0001802,6,2008,20802.756833333333
ABGP0001802,7,2008,20802.756833333333
ABGP0001802,8,2008,20802.756833333333
ABGP0001802,9,2008,20802.756833333333
ABGP0001802,10,2008,20802.756833333333
ABGP0001802,11,2008,20802.756833333333
ABGP0001802,12,2008,20802.756833333333
ABGP0001802,1,2007,16367.081716666667
ABGP0001802,2,2007,16367.081716666667
ABGP0001802,3,2007,16367.081716666667
ABGP0001802,4,2007,16367.081716666667
ABGP0001802,5,2007,16367.081716666667
ABGP0001802,6,2007,16367.081716666667
ABGP0001802,7,2007,16367.081716666667
ABGP0001802,8,2007,16367.081716666667
ABGP0001802,9,2007,16367.081716666667
ABGP0001802,10,2007,16367.081716666667
ABGP0001802,11,2007,16367.081716666667
ABGP0001802,12,2007,16367.081716666667
ABGP0001802,1,2006,14956.651958333334
ABGP0001802,2,2006,14956.651958333334
ABGP0001802,3,2006,14956.651958333334
ABGP0001802,4,2006,14956.651958333334
ABGP0001802,5,2006,14956.651958333334
ABGP0001802,6,2006,14956.651958333334
ABGP0001802,7,2006,14956.651958333334
ABGP0001802,8,2006,14956.651958333334
ABGP0001802,9,2006,14956.651958333334
ABGP0001802,10,2006,14956.651958333334
ABGP0001802,11,2006,14956.651958333334
ABGP0001802,12,2006,14956.651958333334
ABGP0001802,1,2005,14869.77303
ABGP0001802,2,2005,14869.77303
ABGP0001802,3,2005,14869.77303
ABGP0001802,4,2005,14869.77303
ABGP0001802,5,2005,14869.77303
ABGP0001802,6,2005,14869.77303
ABGP0001802,7,2005,14869.77303
ABGP0001802,8,2005,14869.77303
ABGP0001802,9,2005,14869.77303
ABGP0001802,10,2005,14869.77303
ABGP0001802,11,2005,14869.77303
ABGP0001802,12,2005,14869.77303
ABGP0001802,1,2004,14890.670783333333
ABGP0001802,2,2004,14890.670783333333
ABGP0001802,3,2004,14890.670783333333
ABGP0001802,4,2004,14890.670783333333
ABGP0001802,5,2004,14890.670783333333
ABGP0001802,6,2004,14890.670783333333
ABGP0001802,7,2004,14890.670783333333
ABGP0001802,8,2004,14890.670783333333
ABGP0001802,9,2004,14890.670783333333
ABGP0001802,10,2004,14890.670783333333
ABGP0001802,11,2004,14890.670783333333
ABGP0001802,12,2004,14890.670783333333
ABGP0001803,1,2022,4559.780434166667
ABGP0001803,2,2022,4559.780434166667
ABGP0001803,3,2022,4559.780434166667
ABGP0001803,4,2022,4559.780434166667
ABGP0001803,5,2022,4559.780434166667
ABGP0001803,6,2022,4559.780434166667
ABGP0001803,7,2022,4559.780434166667
ABGP0001803,8,2022,4559.780434166667
ABGP0001803,9,2022,4559.780434166667
ABGP0001803,10,2022,4559.780434166667
ABGP0001803,11,2022,4559.780434166667
ABGP0001803,12,2022,4559.780434166667
ABGP0001803,1,2022,1178.7579133333334
ABGP0001803,2,2022,1178.7579133333334
ABGP0001803,3,2022,1178.7579133333334
ABGP0001803,4,2022,1178.7579133333334
ABGP0001803,5,2022,1178.7579133333334
ABGP0001803,6,2022,1178.7579133333334
ABGP0001803,7,2022,1178.7579133333334
ABGP0001803,8,2022,1178.7579133333334
ABGP0001803,9,2022,1178.7579133333334
ABGP0001803,10,2022,1178.7579133333334
ABGP0001803,11,2022,1178.7579133333334
ABGP0001803,12,2022,1178.7579133333334
ABGP0001803,1,2021,4495.871778
ABGP0001803,2,2021,4495.871778
ABGP0001803,3,2021,4495.871778
ABGP0001803,4,2021,4495.871778
ABGP0001803,5,2021,4495.871778
ABGP0001803,6,2021,4495.871778
ABGP0001803,7,2021,4495.871778
ABGP0001803,8,2021,4495.871778
ABGP0001803,9,2021,4495.871778
ABGP0001803,10,2021,4495.871778
ABGP0001803,11,2021,4495.871778
ABGP0001803,12,2021,4495.871778
ABGP0001803,1,2020,4556.754416666667
ABGP0001803,2,2020,4556.754416666667
ABGP0001803,3,2020,4556.754416666667
ABGP0001803,4,2020,4556.754416666667
ABGP0001803,5,2020,4556.754416666667
ABGP0001803,6,2020,4556.754416666667
ABGP0001803,7,2020,4556.754416666667
ABGP0001803,8,2020,4556.754416666667
ABGP0001803,9,2020,4556.754416666667
ABGP0001803,10,2020,4556.754416666667
ABGP0001803,11,2020,4556.754416666667
ABGP0001803,12,2020,4556.754416666667
ABGP0001803,1,2019,3832.987833333333
ABGP0001803,2,2019,3832.987833333333
ABGP0001803,3,2019,3832.987833333333
ABGP0001803,4,2019,3832.987833333333
ABGP0001803,5,2019,3832.987833333333
ABGP0001803,6,2019,3832.987833333333
ABGP0001803,7,2019,3832.987833333333
ABGP0001803,8,2019,3832.987833333333
ABGP0001803,9,2019,3832.987833333333
ABGP0001803,10,2019,3832.987833333333
ABGP0001803,11,2019,3832.987833333333
ABGP0001803,12,2019,3832.987833333333
ABGP0001803,1,2018,4276.06775
ABGP0001803,2,2018,4276.06775
ABGP0001803,3,2018,4276.06775
ABGP0001803,4,2018,4276.06775
ABGP0001803,5,2018,4276.06775
ABGP0001803,6,2018,4276.06775
ABGP0001803,7,2018,4276.06775
ABGP0001803,8,2018,4276.06775
ABGP0001803,9,2018,4276.06775
ABGP0001803,10,2018,4276.06775
ABGP0001803,11,2018,4276.06775
ABGP0001803,12,2018,4276.06775
ABGP0001803,1,2017,4016.6974916666663
ABGP0001803,2,2017,4016.6974916666663
ABGP0001803,3,2017,4016.6974916666663
ABGP0001803,4,2017,4016.6974916666663
ABGP0001803,5,2017,4016.6974916666663
ABGP0001803,6,2017,4016.6974916666663
ABGP0001803,7,2017,4016.6974916666663
ABGP0001803,8,2017,4016.6974916666663
ABGP0001803,9,2017,4016.6974916666663
ABGP0001803,10,2017,4016.6974916666663
ABGP0001803,11,2017,4016.6974916666663
ABGP0001803,12,2017,4016.6974916666663
ABGP0001803,1,2016,3550.9051
ABGP0001803,2,2016,3550.9051
ABGP0001803,3,2016,3550.9051
ABGP0001803,4,2016,3550.9051
ABGP0001803,5,2016,3550.9051
ABGP0001803,6,2016,3550.9051
ABGP0001803,7,2016,3550.9051
ABGP0001803,8,2016,3550.9051
ABGP0001803,9,2016,3550.9051
ABGP0001803,10,2016,3550.9051
ABGP0001803,11,2016,3550.9051
ABGP0001803,12,2016,3550.9051
ABGP0001803,1,2015,4333.7763700000005
ABGP0001803,2,2015,4333.7763700000005
ABGP0001803,3,2015,4333.7763700000005
ABGP0001803,4,2015,4333.7763700000005
ABGP0001803,5,2015,4333.7763700000005
ABGP0001803,6,2015,4333.7763700000005
ABGP0001803,7,2015,4333.7763700000005
ABGP0001803,8,2015,4333.7763700000005
ABGP0001803,9,2015,4333.7763700000005
ABGP0001803,10,2015,4333.7763700000005
ABGP0001803,11,2015,4333.7763700000005
ABGP0001803,12,2015,4333.7763700000005
ABGP0001803,1,2014,4876.181098
ABGP0001803,2,2014,4876.181098
ABGP0001803,3,2014,4876.181098
ABGP0001803,4,2014,4876.181098
ABGP0001803,5,2014,4876.181098
ABGP0001803,6,2014,4876.181098
ABGP0001803,7,2014,4876.181098
ABGP0001803,8,2014,4876.181098
ABGP0001803,9,2014,4876.181098
ABGP0001803,10,2014,4876.181098
ABGP0001803,11,2014,4876.181098
ABGP0001803,12,2014,4876.181098
ABGP0001803,1,2013,6031.040069166666
ABGP0001803,2,2013,6031.040069166666
ABGP0001803,3,2013,6031.040069166666
ABGP0001803,4,2013,6031.040069166666
ABGP0001803,5,2013,6031.040069166666
ABGP0001803,6,2013,6031.040069166666
ABGP0001803,7,2013,6031.040069166666
ABGP0001803,8,2013,6031.040069166666
ABGP0001803,9,2013,6031.040069166666
ABGP0001803,10,2013,6031.040069166666
ABGP0001803,11,2013,6031.040069166666
ABGP0001803,12,2013,6031.040069166666
ABGP0001803,1,2012,4886.904538
ABGP0001803,2,2012,4886.904538
ABGP0001803,3,2012,4886.904538
ABGP0001803,4,2012,4886.904538
ABGP0001803,5,2012,4886.904538
ABGP0001803,6,2012,4886.904538
ABGP0001803,7,2012,4886.904538
ABGP0001803,8,2012,4886.904538
ABGP0001803,9,2012,4886.904538
ABGP0001803,10,2012,4886.904538
ABGP0001803,11,2012,4886.904538
ABGP0001803,12,2012,4886.904538
ABGP0001803,1,2011,4447.214148
ABGP0001803,2,2011,4447.214148
ABGP0001803,3,2011,4447.214148
ABGP0001803,4,2011,4447.214148
ABGP0001803,5,2011,4447.214148
ABGP0001803,6,2011,4447.214148
ABGP0001803,7,2011,4447.214148
ABGP0001803,8,2011,4447.214148
ABGP0001803,9,2011,4447.214148
ABGP0001803,10,2011,4447.214148
ABGP0001803,11,2011,4447.214148
ABGP0001803,12,2011,4447.214148
ABGP0001803,1,2010,4448.044413333333
ABGP0001803,2,2010,4448.044413333333
ABGP0001803,3,2010,4448.044413333333
ABGP0001803,4,2010,4448.044413333333
ABGP0001803,5,2010,4448.044413333333
ABGP0001803,6,2010,4448.044413333333
ABGP0001803,7,2010,4448.044413333333
ABGP0001803,8,2010,4448.044413333333
ABGP0001803,9,2010,4448.044413333333
ABGP0001803,10,2010,4448.044413333333
ABGP0001803,11,2010,4448.044413333333
ABGP0001803,12,2010,4448.044413333333
ABGP0001803,1,2009,4912.951530833333
ABGP0001803,2,2009,4912.951530833333
ABGP0001803,3,2009,4912.951530833333
ABGP0001803,4,2009,4912.951530833333
ABGP0001803,5,2009,4912.951530833333
ABGP0001803,6,2009,4912.951530833333
ABGP0001803,7,2009,4912.951530833333
ABGP0001803,8,2009,4912.951530833333
ABGP0001803,9,2009,4912.951530833333
ABGP0001803,10,2009,4912.951530833333
ABGP0001803,11,2009,4912.951530833333
ABGP0001803,12,2009,4912.951530833333
ABGP0001803,1,2007,7213.160446666666
ABGP0001803,2,2007,7213.160446666666
ABGP0001803,3,2007,7213.160446666666
ABGP0001803,4,2007,7213.160446666666
ABGP0001803,5,2007,7213.160446666666
ABGP0001803,6,2007,7213.160446666666
ABGP0001803,7,2007,7213.160446666666
ABGP0001803,8,2007,7213.160446666666
ABGP0001803,9,2007,7213.160446666666
ABGP0001803,10,2007,7213.160446666666
ABGP0001803,11,2007,7213.160446666666
ABGP0001803,12,2007,7213.160446666666
ABGP0001803,1,2006,13537.699916666666
ABGP0001803,2,2006,13537.699916666666
ABGP0001803,3,2006,13537.699916666666
ABGP0001803,4,2006,13537.699916666666
ABGP0001803,5,2006,13537.699916666666
ABGP0001803,6,2006,13537.699916666666
ABGP0001803,7,2006,13537.699916666666
ABGP0001803,8,2006,13537.699916666666
ABGP0001803,9,2006,13537.699916666666
ABGP0001803,10,2006,13537.699916666666
ABGP0001803,11,2006,13537.699916666666
ABGP0001803,12,2006,13537.699916666666
ABGP0001803,1,2005,13260.867408333334
ABGP0001803,2,2005,13260.867408333334
ABGP0001803,3,2005,13260.867408333334
ABGP0001803,4,2005,13260.867408333334
ABGP0001803,5,2005,13260.867408333334
ABGP0001803,6,2005,13260.867408333334
ABGP0001803,7,2005,13260.867408333334
ABGP0001803,8,2005,13260.867408333334
ABGP0001803,9,2005,13260.867408333334
ABGP0001803,10,2005,13260.867408333334
ABGP0001803,11,2005,13260.867408333334
ABGP0001803,12,2005,13260.867408333334
ABGP0001803,1,2004,13757.032433333334
ABGP0001803,2,2004,13757.032433333334
ABGP0001803,3,2004,13757.032433333334
ABGP0001803,4,2004,13757.032433333334
ABGP0001803,5,2004,13757.032433333334
ABGP0001803,6,2004,13757.032433333334
ABGP0001803,7,2004,13757.032433333334
ABGP0001803,8,2004,13757.032433333334
ABGP0001803,9,2004,13757.032433333334
ABGP0001803,10,2004,13757.032433333334
ABGP0001803,11,2004,13757.032433333334
ABGP0001803,12,2004,13757.032433333334
ABGP0001805,1,2022,4064.770826666667
ABGP0001805,2,2022,4064.770826666667
ABGP0001805,3,2022,4064.770826666667
ABGP0001805,4,2022,4064.770826666667
ABGP0001805,5,2022,4064.770826666667
ABGP0001805,6,2022,4064.770826666667
ABGP0001805,7,2022,4064.770826666667
ABGP0001805,8,2022,4064.770826666667
ABGP0001805,9,2022,4064.770826666667
ABGP0001805,10,2022,4064.770826666667
ABGP0001805,11,2022,4064.770826666667
ABGP0001805,12,2022,4064.770826666667
ABGP0001805,1,2021,3940.8082566666667
ABGP0001805,2,2021,3940.8082566666667
ABGP0001805,3,2021,3940.8082566666667
ABGP0001805,4,2021,3940.8082566666667
ABGP0001805,5,2021,3940.8082566666667
ABGP0001805,6,2021,3940.8082566666667
ABGP0001805,7,2021,3940.8082566666667
ABGP0001805,8,2021,3940.8082566666667
ABGP0001805,9,2021,3940.8082566666667
ABGP0001805,10,2021,3940.8082566666667
ABGP0001805,11,2021,3940.8082566666667
ABGP0001805,12,2021,3940.8082566666667
ABGP0001805,1,2020,4520.35575
ABGP0001805,2,2020,4520.35575
ABGP0001805,3,2020,4520.35575
ABGP0001805,4,2020,4520.35575
ABGP0001805,5,2020,4520.35575
ABGP0001805,6,2020,4520.35575
ABGP0001805,7,2020,4520.35575
ABGP0001805,8,2020,4520.35575
ABGP0001805,9,2020,4520.35575
ABGP0001805,10,2020,4520.35575
ABGP0001805,11,2020,4520.35575
ABGP0001805,12,2020,4520.35575
ABGP0001805,1,2019,3949.3920833333336
ABGP0001805,2,2019,3949.3920833333336
ABGP0001805,3,2019,3949.3920833333336
ABGP0001805,4,2019,3949.3920833333336
ABGP0001805,5,2019,3949.3920833333336
ABGP0001805,6,2019,3949.3920833333336
ABGP0001805,7,2019,3949.3920833333336
ABGP0001805,8,2019,3949.3920833333336
ABGP0001805,9,2019,3949.3920833333336
ABGP0001805,10,2019,3949.3920833333336
ABGP0001805,11,2019,3949.3920833333336
ABGP0001805,12,2019,3949.3920833333336
ABGP0001805,1,2018,3987.9515833333335
ABGP0001805,2,2018,3987.9515833333335
ABGP0001805,3,2018,3987.9515833333335
ABGP0001805,4,2018,3987.9515833333335
ABGP0001805,5,2018,3987.9515833333335
ABGP0001805,6,2018,3987.9515833333335
ABGP0001805,7,2018,3987.9515833333335
ABGP0001805,8,2018,3987.9515833333335
ABGP0001805,9,2018,3987.9515833333335
ABGP0001805,10,2018,3987.9515833333335
ABGP0001805,11,2018,3987.9515833333335
ABGP0001805,12,2018,3987.9515833333335
ABGP0001805,1,2017,3203.2977499999997
ABGP0001805,2,2017,3203.2977499999997
ABGP0001805,3,2017,3203.2977499999997
ABGP0001805,4,2017,3203.2977499999997
ABGP0001805,5,2017,3203.2977499999997
ABGP0001805,6,2017,3203.2977499999997
ABGP0001805,7,2017,3203.2977499999997
ABGP0001805,8,2017,3203.2977499999997
ABGP0001805,9,2017,3203.2977499999997
ABGP0001805,10,2017,3203.2977499999997
ABGP0001805,11,2017,3203.2977499999997
ABGP0001805,12,2017,3203.2977499999997
ABGP0001805,1,2014,4367.795033333333
ABGP0001805,2,2014,4367.795033333333
ABGP0001805,3,2014,4367.795033333333
ABGP0001805,4,2014,4367.795033333333
ABGP0001805,5,2014,4367.795033333333
ABGP0001805,6,2014,4367.795033333333
ABGP0001805,7,2014,4367.795033333333
ABGP0001805,8,2014,4367.795033333333
ABGP0001805,9,2014,4367.795033333333
ABGP0001805,10,2014,4367.795033333333
ABGP0001805,11,2014,4367.795033333333
ABGP0001805,12,2014,4367.795033333333
ABGP0001808,1,2021,854.1968608333333
ABGP0001808,2,2021,854.1968608333333
ABGP0001808,3,2021,854.1968608333333
ABGP0001808,4,2021,854.1968608333333
ABGP0001808,5,2021,854.1968608333333
ABGP0001808,6,2021,854.1968608333333
ABGP0001808,7,2021,854.1968608333333
ABGP0001808,8,2021,854.1968608333333
ABGP0001808,9,2021,854.1968608333333
ABGP0001808,10,2021,854.1968608333333
ABGP0001808,11,2021,854.1968608333333
ABGP0001808,12,2021,854.1968608333333
ABGP0001808,1,2020,1609.2728333333334
ABGP0001808,2,2020,1609.2728333333334
ABGP0001808,3,2020,1609.2728333333334
ABGP0001808,4,2020,1609.2728333333334
ABGP0001808,5,2020,1609.2728333333334
ABGP0001808,6,2020,1609.2728333333334
ABGP0001808,7,2020,1609.2728333333334
ABGP0001808,8,2020,1609.2728333333334
ABGP0001808,9,2020,1609.2728333333334
ABGP0001808,10,2020,1609.2728333333334
ABGP0001808,11,2020,1609.2728333333334
ABGP0001808,12,2020,1609.2728333333334
ABGP0001808,1,2019,1716.7363333333333
ABGP0001808,2,2019,1716.7363333333333
ABGP0001808,3,2019,1716.7363333333333
ABGP0001808,4,2019,1716.7363333333333
ABGP0001808,5,2019,1716.7363333333333
ABGP0001808,6,2019,1716.7363333333333
ABGP0001808,7,2019,1716.7363333333333
ABGP0001808,8,2019,1716.7363333333333
ABGP0001808,9,2019,1716.7363333333333
ABGP0001808,10,2019,1716.7363333333333
ABGP0001808,11,2019,1716.7363333333333
ABGP0001808,12,2019,1716.7363333333333
ABGP0001808,1,2018,1454.1698333333334
ABGP0001808,2,2018,1454.1698333333334
ABGP0001808,3,2018,1454.1698333333334
ABGP0001808,4,2018,1454.1698333333334
ABGP0001808,5,2018,1454.1698333333334
ABGP0001808,6,2018,1454.1698333333334
ABGP0001808,7,2018,1454.1698333333334
ABGP0001808,8,2018,1454.1698333333334
ABGP0001808,9,2018,1454.1698333333334
ABGP0001808,10,2018,1454.1698333333334
ABGP0001808,11,2018,1454.1698333333334
ABGP0001808,12,2018,1454.1698333333334
ABGP0001808,1,2017,1318.0854166666666
ABGP0001808,2,2017,1318.0854166666666
ABGP0001808,3,2017,1318.0854166666666
ABGP0001808,4,2017,1318.0854166666666
ABGP0001808,5,2017,1318.0854166666666
ABGP0001808,6,2017,1318.0854166666666
ABGP0001808,7,2017,1318.0854166666666
ABGP0001808,8,2017,1318.0854166666666
ABGP0001808,9,2017,1318.0854166666666
ABGP0001808,10,2017,1318.0854166666666
ABGP0001808,11,2017,1318.0854166666666
ABGP0001808,12,2017,1318.0854166666666
ABGP0001810,1,2021,613.0977333333334
ABGP0001810,2,2021,613.0977333333334
ABGP0001810,3,2021,613.0977333333334
ABGP0001810,4,2021,613.0977333333334
ABGP0001810,5,2021,613.0977333333334
ABGP0001810,6,2021,613.0977333333334
ABGP0001810,7,2021,613.0977333333334
ABGP0001810,8,2021,613.0977333333334
ABGP0001810,9,2021,613.0977333333334
ABGP0001810,10,2021,613.0977333333334
ABGP0001810,11,2021,613.0977333333334
ABGP0001810,12,2021,613.0977333333334
ABGP0001810,1,2020,815.563525
ABGP0001810,2,2020,815.563525
ABGP0001810,3,2020,815.563525
ABGP0001810,4,2020,815.563525
ABGP0001810,5,2020,815.563525
ABGP0001810,6,2020,815.563525
ABGP0001810,7,2020,815.563525
ABGP0001810,8,2020,815.563525
ABGP0001810,9,2020,815.563525
ABGP0001810,10,2020,815.563525
ABGP0001810,11,2020,815.563525
ABGP0001810,12,2020,815.563525
ABGP0001810,1,2019,924.9885416666666
ABGP0001810,2,2019,924.9885416666666
ABGP0001810,3,2019,924.9885416666666
ABGP0001810,4,2019,924.9885416666666
ABGP0001810,5,2019,924.9885416666666
ABGP0001810,6,2019,924.9885416666666
ABGP0001810,7,2019,924.9885416666666
ABGP0001810,8,2019,924.9885416666666
ABGP0001810,9,2019,924.9885416666666
ABGP0001810,10,2019,924.9885416666666
ABGP0001810,11,2019,924.9885416666666
ABGP0001810,12,2019,924.9885416666666
ABGP0001810,1,2018,1001.0661916666667
ABGP0001810,2,2018,1001.0661916666667
ABGP0001810,3,2018,1001.0661916666667
ABGP0001810,4,2018,1001.0661916666667
ABGP0001810,5,2018,1001.0661916666667
ABGP0001810,6,2018,1001.0661916666667
ABGP0001810,7,2018,1001.0661916666667
ABGP0001810,8,2018,1001.0661916666667
ABGP0001810,9,2018,1001.0661916666667
ABGP0001810,10,2018,1001.0661916666667
ABGP0001810,11,2018,1001.0661916666667
ABGP0001810,12,2018,1001.0661916666667
ABGP0001810,1,2017,1042.6554166666667
ABGP0001810,2,2017,1042.6554166666667
ABGP0001810,3,2017,1042.6554166666667
ABGP0001810,4,2017,1042.6554166666667
ABGP0001810,5,2017,1042.6554166666667
ABGP0001810,6,2017,1042.6554166666667
ABGP0001810,7,2017,1042.6554166666667
ABGP0001810,8,2017,1042.6554166666667
ABGP0001810,9,2017,1042.6554166666667
ABGP0001810,10,2017,1042.6554166666667
ABGP0001810,11,2017,1042.6554166666667
ABGP0001810,12,2017,1042.6554166666667
ABGP0001839,1,2018,1009.1569166666667
ABGP0001839,2,2018,1009.1569166666667
ABGP0001839,3,2018,1009.1569166666667
ABGP0001839,4,2018,1009.1569166666667
ABGP0001839,5,2018,1009.1569166666667
ABGP0001839,6,2018,1009.1569166666667
ABGP0001839,7,2018,1009.1569166666667
ABGP0001839,8,2018,1009.1569166666667
ABGP0001839,9,2018,1009.1569166666667
ABGP0001839,10,2018,1009.1569166666667
ABGP0001839,11,2018,1009.1569166666667
ABGP0001839,12,2018,1009.1569166666667
ABGP0001841,1,2022,3429.4373250000003
ABGP0001841,2,2022,3429.4373250000003
ABGP0001841,3,2022,3429.4373250000003
ABGP0001841,4,2022,3429.4373250000003
ABGP0001841,5,2022,3429.4373250000003
ABGP0001841,6,2022,3429.4373250000003
ABGP0001841,7,2022,3429.4373250000003
ABGP0001841,8,2022,3429.4373250000003
ABGP0001841,9,2022,3429.4373250000003
ABGP0001841,10,2022,3429.4373250000003
ABGP0001841,11,2022,3429.4373250000003
ABGP0001841,12,2022,3429.4373250000003
ABGP0001841,1,2021,3199.1531
ABGP0001841,2,2021,3199.1531
ABGP0001841,3,2021,3199.1531
ABGP0001841,4,2021,3199.1531
ABGP0001841,5,2021,3199.1531
ABGP0001841,6,2021,3199.1531
ABGP0001841,7,2021,3199.1531
ABGP0001841,8,2021,3199.1531
ABGP0001841,9,2021,3199.1531
ABGP0001841,10,2021,3199.1531
ABGP0001841,11,2021,3199.1531
ABGP0001841,12,2021,3199.1531
ABGP0001841,1,2020,3438.306776666667
ABGP0001841,2,2020,3438.306776666667
ABGP0001841,3,2020,3438.306776666667
ABGP0001841,4,2020,3438.306776666667
ABGP0001841,5,2020,3438.306776666667
ABGP0001841,6,2020,3438.306776666667
ABGP0001841,7,2020,3438.306776666667
ABGP0001841,8,2020,3438.306776666667
ABGP0001841,9,2020,3438.306776666667
ABGP0001841,10,2020,3438.306776666667
ABGP0001841,11,2020,3438.306776666667
ABGP0001841,12,2020,3438.306776666667
ABGP0001841,1,2019,5089.766808333333
ABGP0001841,2,2019,5089.766808333333
ABGP0001841,3,2019,5089.766808333333
ABGP0001841,4,2019,5089.766808333333
ABGP0001841,5,2019,5089.766808333333
ABGP0001841,6,2019,5089.766808333333
ABGP0001841,7,2019,5089.766808333333
ABGP0001841,8,2019,5089.766808333333
ABGP0001841,9,2019,5089.766808333333
ABGP0001841,10,2019,5089.766808333333
ABGP0001841,11,2019,5089.766808333333
ABGP0001841,12,2019,5089.766808333333
ABGP0001841,1,2018,5108.533166666667
ABGP0001841,2,2018,5108.533166666667
ABGP0001841,3,2018,5108.533166666667
ABGP0001841,4,2018,5108.533166666667
ABGP0001841,5,2018,5108.533166666667
ABGP0001841,6,2018,5108.533166666667
ABGP0001841,7,2018,5108.533166666667
ABGP0001841,8,2018,5108.533166666667
ABGP0001841,9,2018,5108.533166666667
ABGP0001841,10,2018,5108.533166666667
ABGP0001841,11,2018,5108.533166666667
ABGP0001841,12,2018,5108.533166666667
ABGP0001841,1,2017,5697.664191666667
ABGP0001841,2,2017,5697.664191666667
ABGP0001841,3,2017,5697.664191666667
ABGP0001841,4,2017,5697.664191666667
ABGP0001841,5,2017,5697.664191666667
ABGP0001841,6,2017,5697.664191666667
ABGP0001841,7,2017,5697.664191666667
ABGP0001841,8,2017,5697.664191666667
ABGP0001841,9,2017,5697.664191666667
ABGP0001841,10,2017,5697.664191666667
ABGP0001841,11,2017,5697.664191666667
ABGP0001841,12,2017,5697.664191666667
ABGP0001841,1,2016,7644.031948333333
ABGP0001841,2,2016,7644.031948333333
ABGP0001841,3,2016,7644.031948333333
ABGP0001841,4,2016,7644.031948333333
ABGP0001841,5,2016,7644.031948333333
ABGP0001841,6,2016,7644.031948333333
ABGP0001841,7,2016,7644.031948333333
ABGP0001841,8,2016,7644.031948333333
ABGP0001841,9,2016,7644.031948333333
ABGP0001841,10,2016,7644.031948333333
ABGP0001841,11,2016,7644.031948333333
ABGP0001841,12,2016,7644.031948333333
ABGP0001841,1,2015,7878.0052516666665
ABGP0001841,2,2015,7878.0052516666665
ABGP0001841,3,2015,7878.0052516666665
ABGP0001841,4,2015,7878.0052516666665
ABGP0001841,5,2015,7878.0052516666665
ABGP0001841,6,2015,7878.0052516666665
ABGP0001841,7,2015,7878.0052516666665
ABGP0001841,8,2015,7878.0052516666665
ABGP0001841,9,2015,7878.0052516666665
ABGP0001841,10,2015,7878.0052516666665
ABGP0001841,11,2015,7878.0052516666665
ABGP0001841,12,2015,7878.0052516666665
ABGP0001841,1,2014,7328.615595833333
ABGP0001841,2,2014,7328.615595833333
ABGP0001841,3,2014,7328.615595833333
ABGP0001841,4,2014,7328.615595833333
ABGP0001841,5,2014,7328.615595833333
ABGP0001841,6,2014,7328.615595833333
ABGP0001841,7,2014,7328.615595833333
ABGP0001841,8,2014,7328.615595833333
ABGP0001841,9,2014,7328.615595833333
ABGP0001841,10,2014,7328.615595833333
ABGP0001841,11,2014,7328.615595833333
ABGP0001841,12,2014,7328.615595833333
ABGP0001841,1,2013,5970.713415833333
ABGP0001841,2,2013,5970.713415833333
ABGP0001841,3,2013,5970.713415833333
ABGP0001841,4,2013,5970.713415833333
ABGP0001841,5,2013,5970.713415833333
ABGP0001841,6,2013,5970.713415833333
ABGP0001841,7,2013,5970.713415833333
ABGP0001841,8,2013,5970.713415833333
ABGP0001841,9,2013,5970.713415833333
ABGP0001841,10,2013,5970.713415833333
ABGP0001841,11,2013,5970.713415833333
ABGP0001841,12,2013,5970.713415833333
ABGP0001841,1,2012,6640.261326666667
ABGP0001841,2,2012,6640.261326666667
ABGP0001841,3,2012,6640.261326666667
ABGP0001841,4,2012,6640.261326666667
ABGP0001841,5,2012,6640.261326666667
ABGP0001841,6,2012,6640.261326666667
ABGP0001841,7,2012,6640.261326666667
ABGP0001841,8,2012,6640.261326666667
ABGP0001841,9,2012,6640.261326666667
ABGP0001841,10,2012,6640.261326666667
ABGP0001841,11,2012,6640.261326666667
ABGP0001841,12,2012,6640.261326666667
ABGP0001841,1,2011,5453.443646666667
ABGP0001841,2,2011,5453.443646666667
ABGP0001841,3,2011,5453.443646666667
ABGP0001841,4,2011,5453.443646666667
ABGP0001841,5,2011,5453.443646666667
ABGP0001841,6,2011,5453.443646666667
ABGP0001841,7,2011,5453.443646666667
ABGP0001841,8,2011,5453.443646666667
ABGP0001841,9,2011,5453.443646666667
ABGP0001841,10,2011,5453.443646666667
ABGP0001841,11,2011,5453.443646666667
ABGP0001841,12,2011,5453.443646666667
ABGP0001841,1,2010,5223.186633
ABGP0001841,2,2010,5223.186633
ABGP0001841,3,2010,5223.186633
ABGP0001841,4,2010,5223.186633
ABGP0001841,5,2010,5223.186633
ABGP0001841,6,2010,5223.186633
ABGP0001841,7,2010,5223.186633
ABGP0001841,8,2010,5223.186633
ABGP0001841,9,2010,5223.186633
ABGP0001841,10,2010,5223.186633
ABGP0001841,11,2010,5223.186633
ABGP0001841,12,2010,5223.186633
ABGP0001841,1,2009,5280.84754
ABGP0001841,2,2009,5280.84754
ABGP0001841,3,2009,5280.84754
ABGP0001841,4,2009,5280.84754
ABGP0001841,5,2009,5280.84754
ABGP0001841,6,2009,5280.84754
ABGP0001841,7,2009,5280.84754
ABGP0001841,8,2009,5280.84754
ABGP0001841,9,2009,5280.84754
ABGP0001841,10,2009,5280.84754
ABGP0001841,11,2009,5280.84754
ABGP0001841,12,2009,5280.84754
ABGP0001844,1,2022,2905.996316666667
ABGP0001844,2,2022,2905.996316666667
ABGP0001844,3,2022,2905.996316666667
ABGP0001844,4,2022,2905.996316666667
ABGP0001844,5,2022,2905.996316666667
ABGP0001844,6,2022,2905.996316666667
ABGP0001844,7,2022,2905.996316666667
ABGP0001844,8,2022,2905.996316666667
ABGP0001844,9,2022,2905.996316666667
ABGP0001844,10,2022,2905.996316666667
ABGP0001844,11,2022,2905.996316666667
ABGP0001844,12,2022,2905.996316666667
ABGP0001844,1,2021,999.988575
ABGP0001844,2,2021,999.988575
ABGP0001844,3,2021,999.988575
ABGP0001844,4,2021,999.988575
ABGP0001844,5,2021,999.988575
ABGP0001844,6,2021,999.988575
ABGP0001844,7,2021,999.988575
ABGP0001844,8,2021,999.988575
ABGP0001844,9,2021,999.988575
ABGP0001844,10,2021,999.988575
ABGP0001844,11,2021,999.988575
ABGP0001844,12,2021,999.988575
ABGP0001853,1,2022,4900.2095
ABGP0001853,2,2022,4900.2095
ABGP0001853,3,2022,4900.2095
ABGP0001853,4,2022,4900.2095
ABGP0001853,5,2022,4900.2095
ABGP0001853,6,2022,4900.2095
ABGP0001853,7,2022,4900.2095
ABGP0001853,8,2022,4900.2095
ABGP0001853,9,2022,4900.2095
ABGP0001853,10,2022,4900.2095
ABGP0001853,11,2022,4900.2095
ABGP0001853,12,2022,4900.2095
ABGP0001853,1,2021,4348.261518
ABGP0001853,2,2021,4348.261518
ABGP0001853,3,2021,4348.261518
ABGP0001853,4,2021,4348.261518
ABGP0001853,5,2021,4348.261518
ABGP0001853,6,2021,4348.261518
ABGP0001853,7,2021,4348.261518
ABGP0001853,8,2021,4348.261518
ABGP0001853,9,2021,4348.261518
ABGP0001853,10,2021,4348.261518
ABGP0001853,11,2021,4348.261518
ABGP0001853,12,2021,4348.261518
ABGP0001853,1,2020,4329.903
ABGP0001853,2,2020,4329.903
ABGP0001853,3,2020,4329.903
ABGP0001853,4,2020,4329.903
ABGP0001853,5,2020,4329.903
ABGP0001853,6,2020,4329.903
ABGP0001853,7,2020,4329.903
ABGP0001853,8,2020,4329.903
ABGP0001853,9,2020,4329.903
ABGP0001853,10,2020,4329.903
ABGP0001853,11,2020,4329.903
ABGP0001853,12,2020,4329.903
ABGP0001853,1,2019,4278.69775
ABGP0001853,2,2019,4278.69775
ABGP0001853,3,2019,4278.69775
ABGP0001853,4,2019,4278.69775
ABGP0001853,5,2019,4278.69775
ABGP0001853,6,2019,4278.69775
ABGP0001853,7,2019,4278.69775
ABGP0001853,8,2019,4278.69775
ABGP0001853,9,2019,4278.69775
ABGP0001853,10,2019,4278.69775
ABGP0001853,11,2019,4278.69775
ABGP0001853,12,2019,4278.69775
ABGP0001853,1,2018,4262.903583333334
ABGP0001853,2,2018,4262.903583333334
ABGP0001853,3,2018,4262.903583333334
ABGP0001853,4,2018,4262.903583333334
ABGP0001853,5,2018,4262.903583333334
ABGP0001853,6,2018,4262.903583333334
ABGP0001853,7,2018,4262.903583333334
ABGP0001853,8,2018,4262.903583333334
ABGP0001853,9,2018,4262.903583333334
ABGP0001853,10,2018,4262.903583333334
ABGP0001853,11,2018,4262.903583333334
ABGP0001853,12,2018,4262.903583333334
ABGP0001853,1,2017,3921.38625
ABGP0001853,2,2017,3921.38625
ABGP0001853,3,2017,3921.38625
ABGP0001853,4,2017,3921.38625
ABGP0001853,5,2017,3921.38625
ABGP0001853,6,2017,3921.38625
ABGP0001853,7,2017,3921.38625
ABGP0001853,8,2017,3921.38625
ABGP0001853,9,2017,3921.38625
ABGP0001853,10,2017,3921.38625
ABGP0001853,11,2017,3921.38625
ABGP0001853,12,2017,3921.38625
ABGP0001853,1,2016,3903.7598949999997
ABGP0001853,2,2016,3903.7598949999997
ABGP0001853,3,2016,3903.7598949999997
ABGP0001853,4,2016,3903.7598949999997
ABGP0001853,5,2016,3903.7598949999997
ABGP0001853,6,2016,3903.7598949999997
ABGP0001853,7,2016,3903.7598949999997
ABGP0001853,8,2016,3903.7598949999997
ABGP0001853,9,2016,3903.7598949999997
ABGP0001853,10,2016,3903.7598949999997
ABGP0001853,11,2016,3903.7598949999997
ABGP0001853,12,2016,3903.7598949999997
ABGP0001853,1,2015,4111.535736666667
ABGP0001853,2,2015,4111.535736666667
ABGP0001853,3,2015,4111.535736666667
ABGP0001853,4,2015,4111.535736666667
ABGP0001853,5,2015,4111.535736666667
ABGP0001853,6,2015,4111.535736666667
ABGP0001853,7,2015,4111.535736666667
ABGP0001853,8,2015,4111.535736666667
ABGP0001853,9,2015,4111.535736666667
ABGP0001853,10,2015,4111.535736666667
ABGP0001853,11,2015,4111.535736666667
ABGP0001853,12,2015,4111.535736666667
ABGP0001853,1,2014,4136.89937
ABGP0001853,2,2014,4136.89937
ABGP0001853,3,2014,4136.89937
ABGP0001853,4,2014,4136.89937
ABGP0001853,5,2014,4136.89937
ABGP0001853,6,2014,4136.89937
ABGP0001853,7,2014,4136.89937
ABGP0001853,8,2014,4136.89937
ABGP0001853,9,2014,4136.89937
ABGP0001853,10,2014,4136.89937
ABGP0001853,11,2014,4136.89937
ABGP0001853,12,2014,4136.89937
ABGP0001853,1,2013,4023.607711666667
ABGP0001853,2,2013,4023.607711666667
ABGP0001853,3,2013,4023.607711666667
ABGP0001853,4,2013,4023.607711666667
ABGP0001853,5,2013,4023.607711666667
ABGP0001853,6,2013,4023.607711666667
ABGP0001853,7,2013,4023.607711666667
ABGP0001853,8,2013,4023.607711666667
ABGP0001853,9,2013,4023.607711666667
ABGP0001853,10,2013,4023.607711666667
ABGP0001853,11,2013,4023.607711666667
ABGP0001853,12,2013,4023.607711666667
ABGP0001853,1,2012,3870.551595833333
ABGP0001853,2,2012,3870.551595833333
ABGP0001853,3,2012,3870.551595833333
ABGP0001853,4,2012,3870.551595833333
ABGP0001853,5,2012,3870.551595833333
ABGP0001853,6,2012,3870.551595833333
ABGP0001853,7,2012,3870.551595833333
ABGP0001853,8,2012,3870.551595833333
ABGP0001853,9,2012,3870.551595833333
ABGP0001853,10,2012,3870.551595833333
ABGP0001853,11,2012,3870.551595833333
ABGP0001853,12,2012,3870.551595833333
ABGP0001853,1,2011,4172.624433
ABGP0001853,2,2011,4172.624433
ABGP0001853,3,2011,4172.624433
ABGP0001853,4,2011,4172.624433
ABGP0001853,5,2011,4172.624433
ABGP0001853,6,2011,4172.624433
ABGP0001853,7,2011,4172.624433
ABGP0001853,8,2011,4172.624433
ABGP0001853,9,2011,4172.624433
ABGP0001853,10,2011,4172.624433
ABGP0001853,11,2011,4172.624433
ABGP0001853,12,2011,4172.624433
ABGP0001853,1,2010,4736.848812499999
ABGP0001853,2,2010,4736.848812499999
ABGP0001853,3,2010,4736.848812499999
ABGP0001853,4,2010,4736.848812499999
ABGP0001853,5,2010,4736.848812499999
ABGP0001853,6,2010,4736.848812499999
ABGP0001853,7,2010,4736.848812499999
ABGP0001853,8,2010,4736.848812499999
ABGP0001853,9,2010,4736.848812499999
ABGP0001853,10,2010,4736.848812499999
ABGP0001853,11,2010,4736.848812499999
ABGP0001853,12,2010,4736.848812499999
ABGP0001853,1,2009,5474.5329458333335
ABGP0001853,2,2009,5474.5329458333335
ABGP0001853,3,2009,5474.5329458333335
ABGP0001853,4,2009,5474.5329458333335
ABGP0001853,5,2009,5474.5329458333335
ABGP0001853,6,2009,5474.5329458333335
ABGP0001853,7,2009,5474.5329458333335
ABGP0001853,8,2009,5474.5329458333335
ABGP0001853,9,2009,5474.5329458333335
ABGP0001853,10,2009,5474.5329458333335
ABGP0001853,11,2009,5474.5329458333335
ABGP0001853,12,2009,5474.5329458333335
ABGP0001855,1,2022,3499.481333333333
ABGP0001855,2,2022,3499.481333333333
ABGP0001855,3,2022,3499.481333333333
ABGP0001855,4,2022,3499.481333333333
ABGP0001855,5,2022,3499.481333333333
ABGP0001855,6,2022,3499.481333333333
ABGP0001855,7,2022,3499.481333333333
ABGP0001855,8,2022,3499.481333333333
ABGP0001855,9,2022,3499.481333333333
ABGP0001855,10,2022,3499.481333333333
ABGP0001855,11,2022,3499.481333333333
ABGP0001855,12,2022,3499.481333333333
ABGP0001855,1,2021,2948.1209583333334
ABGP0001855,2,2021,2948.1209583333334
ABGP0001855,3,2021,2948.1209583333334
ABGP0001855,4,2021,2948.1209583333334
ABGP0001855,5,2021,2948.1209583333334
ABGP0001855,6,2021,2948.1209583333334
ABGP0001855,7,2021,2948.1209583333334
ABGP0001855,8,2021,2948.1209583333334
ABGP0001855,9,2021,2948.1209583333334
ABGP0001855,10,2021,2948.1209583333334
ABGP0001855,11,2021,2948.1209583333334
ABGP0001855,12,2021,2948.1209583333334
ABGP0001855,1,2020,1773.9186583333333
ABGP0001855,2,2020,1773.9186583333333
ABGP0001855,3,2020,1773.9186583333333
ABGP0001855,4,2020,1773.9186583333333
ABGP0001855,5,2020,1773.9186583333333
ABGP0001855,6,2020,1773.9186583333333
ABGP0001855,7,2020,1773.9186583333333
ABGP0001855,8,2020,1773.9186583333333
ABGP0001855,9,2020,1773.9186583333333
ABGP0001855,10,2020,1773.9186583333333
ABGP0001855,11,2020,1773.9186583333333
ABGP0001855,12,2020,1773.9186583333333
ABGP0001855,1,2019,2729.7505
ABGP0001855,2,2019,2729.7505
ABGP0001855,3,2019,2729.7505
ABGP0001855,4,2019,2729.7505
ABGP0001855,5,2019,2729.7505
ABGP0001855,6,2019,2729.7505
ABGP0001855,7,2019,2729.7505
ABGP0001855,8,2019,2729.7505
ABGP0001855,9,2019,2729.7505
ABGP0001855,10,2019,2729.7505
ABGP0001855,11,2019,2729.7505
ABGP0001855,12,2019,2729.7505
ABGP0001855,1,2018,2456.4292416666667
ABGP0001855,2,2018,2456.4292416666667
ABGP0001855,3,2018,2456.4292416666667
ABGP0001855,4,2018,2456.4292416666667
ABGP0001855,5,2018,2456.4292416666667
ABGP0001855,6,2018,2456.4292416666667
ABGP0001855,7,2018,2456.4292416666667
ABGP0001855,8,2018,2456.4292416666667
ABGP0001855,9,2018,2456.4292416666667
ABGP0001855,10,2018,2456.4292416666667
ABGP0001855,11,2018,2456.4292416666667
ABGP0001855,12,2018,2456.4292416666667
ABGP0001855,1,2017,2077.5380833333334
ABGP0001855,2,2017,2077.5380833333334
ABGP0001855,3,2017,2077.5380833333334
ABGP0001855,4,2017,2077.5380833333334
ABGP0001855,5,2017,2077.5380833333334
ABGP0001855,6,2017,2077.5380833333334
ABGP0001855,7,2017,2077.5380833333334
ABGP0001855,8,2017,2077.5380833333334
ABGP0001855,9,2017,2077.5380833333334
ABGP0001855,10,2017,2077.5380833333334
ABGP0001855,11,2017,2077.5380833333334
ABGP0001855,12,2017,2077.5380833333334
ABGP0001858,1,2022,5278.438059166667
ABGP0001858,2,2022,5278.438059166667
ABGP0001858,3,2022,5278.438059166667
ABGP0001858,4,2022,5278.438059166667
ABGP0001858,5,2022,5278.438059166667
ABGP0001858,6,2022,5278.438059166667
ABGP0001858,7,2022,5278.438059166667
ABGP0001858,8,2022,5278.438059166667
ABGP0001858,9,2022,5278.438059166667
ABGP0001858,10,2022,5278.438059166667
ABGP0001858,11,2022,5278.438059166667
ABGP0001858,12,2022,5278.438059166667
ABGP0001858,1,2021,5260.467598
ABGP0001858,2,2021,5260.467598
ABGP0001858,3,2021,5260.467598
ABGP0001858,4,2021,5260.467598
ABGP0001858,5,2021,5260.467598
ABGP0001858,6,2021,5260.467598
ABGP0001858,7,2021,5260.467598
ABGP0001858,8,2021,5260.467598
ABGP0001858,9,2021,5260.467598
ABGP0001858,10,2021,5260.467598
ABGP0001858,11,2021,5260.467598
ABGP0001858,12,2021,5260.467598
ABGP0001858,1,2020,5372.556916666666
ABGP0001858,2,2020,5372.556916666666
ABGP0001858,3,2020,5372.556916666666
ABGP0001858,4,2020,5372.556916666666
ABGP0001858,5,2020,5372.556916666666
ABGP0001858,6,2020,5372.556916666666
ABGP0001858,7,2020,5372.556916666666
ABGP0001858,8,2020,5372.556916666666
ABGP0001858,9,2020,5372.556916666666
ABGP0001858,10,2020,5372.556916666666
ABGP0001858,11,2020,5372.556916666666
ABGP0001858,12,2020,5372.556916666666
ABGP0001858,1,2019,5500.142500000001
ABGP0001858,2,2019,5500.142500000001
ABGP0001858,3,2019,5500.142500000001
ABGP0001858,4,2019,5500.142500000001
ABGP0001858,5,2019,5500.142500000001
ABGP0001858,6,2019,5500.142500000001
ABGP0001858,7,2019,5500.142500000001
ABGP0001858,8,2019,5500.142500000001
ABGP0001858,9,2019,5500.142500000001
ABGP0001858,10,2019,5500.142500000001
ABGP0001858,11,2019,5500.142500000001
ABGP0001858,12,2019,5500.142500000001
ABGP0001858,1,2018,5699.493750000001
ABGP0001858,2,2018,5699.493750000001
ABGP0001858,3,2018,5699.493750000001
ABGP0001858,4,2018,5699.493750000001
ABGP0001858,5,2018,5699.493750000001
ABGP0001858,6,2018,5699.493750000001
ABGP0001858,7,2018,5699.493750000001
ABGP0001858,8,2018,5699.493750000001
ABGP0001858,9,2018,5699.493750000001
ABGP0001858,10,2018,5699.493750000001
ABGP0001858,11,2018,5699.493750000001
ABGP0001858,12,2018,5699.493750000001
ABGP0001858,1,2017,5456.4456666666665
ABGP0001858,2,2017,5456.4456666666665
ABGP0001858,3,2017,5456.4456666666665
ABGP0001858,4,2017,5456.4456666666665
ABGP0001858,5,2017,5456.4456666666665
ABGP0001858,6,2017,5456.4456666666665
ABGP0001858,7,2017,5456.4456666666665
ABGP0001858,8,2017,5456.4456666666665
ABGP0001858,9,2017,5456.4456666666665
ABGP0001858,10,2017,5456.4456666666665
ABGP0001858,11,2017,5456.4456666666665
ABGP0001858,12,2017,5456.4456666666665
ABGP0001858,1,2016,5823.768906666667
ABGP0001858,2,2016,5823.768906666667
ABGP0001858,3,2016,5823.768906666667
ABGP0001858,4,2016,5823.768906666667
ABGP0001858,5,2016,5823.768906666667
ABGP0001858,6,2016,5823.768906666667
ABGP0001858,7,2016,5823.768906666667
ABGP0001858,8,2016,5823.768906666667
ABGP0001858,9,2016,5823.768906666667
ABGP0001858,10,2016,5823.768906666667
ABGP0001858,11,2016,5823.768906666667
ABGP0001858,12,2016,5823.768906666667
ABGP0001858,1,2015,5571.028593
ABGP0001858,2,2015,5571.028593
ABGP0001858,3,2015,5571.028593
ABGP0001858,4,2015,5571.028593
ABGP0001858,5,2015,5571.028593
ABGP0001858,6,2015,5571.028593
ABGP0001858,7,2015,5571.028593
ABGP0001858,8,2015,5571.028593
ABGP0001858,9,2015,5571.028593
ABGP0001858,10,2015,5571.028593
ABGP0001858,11,2015,5571.028593
ABGP0001858,12,2015,5571.028593
ABGP0001858,1,2014,5697.099406666667
ABGP0001858,2,2014,5697.099406666667
ABGP0001858,3,2014,5697.099406666667
ABGP0001858,4,2014,5697.099406666667
ABGP0001858,5,2014,5697.099406666667
ABGP0001858,6,2014,5697.099406666667
ABGP0001858,7,2014,5697.099406666667
ABGP0001858,8,2014,5697.099406666667
ABGP0001858,9,2014,5697.099406666667
ABGP0001858,10,2014,5697.099406666667
ABGP0001858,11,2014,5697.099406666667
ABGP0001858,12,2014,5697.099406666667
ABGP0001858,1,2013,5185.825928333333
ABGP0001858,2,2013,5185.825928333333
ABGP0001858,3,2013,5185.825928333333
ABGP0001858,4,2013,5185.825928333333
ABGP0001858,5,2013,5185.825928333333
ABGP0001858,6,2013,5185.825928333333
ABGP0001858,7,2013,5185.825928333333
ABGP0001858,8,2013,5185.825928333333
ABGP0001858,9,2013,5185.825928333333
ABGP0001858,10,2013,5185.825928333333
ABGP0001858,11,2013,5185.825928333333
ABGP0001858,12,2013,5185.825928333333
ABGP0001858,1,2012,4949.274058333333
ABGP0001858,2,2012,4949.274058333333
ABGP0001858,3,2012,4949.274058333333
ABGP0001858,4,2012,4949.274058333333
ABGP0001858,5,2012,4949.274058333333
ABGP0001858,6,2012,4949.274058333333
ABGP0001858,7,2012,4949.274058333333
ABGP0001858,8,2012,4949.274058333333
ABGP0001858,9,2012,4949.274058333333
ABGP0001858,10,2012,4949.274058333333
ABGP0001858,11,2012,4949.274058333333
ABGP0001858,12,2012,4949.274058333333
ABGP0001858,1,2011,4679.948821666667
ABGP0001858,2,2011,4679.948821666667
ABGP0001858,3,2011,4679.948821666667
ABGP0001858,4,2011,4679.948821666667
ABGP0001858,5,2011,4679.948821666667
ABGP0001858,6,2011,4679.948821666667
ABGP0001858,7,2011,4679.948821666667
ABGP0001858,8,2011,4679.948821666667
ABGP0001858,9,2011,4679.948821666667
ABGP0001858,10,2011,4679.948821666667
ABGP0001858,11,2011,4679.948821666667
ABGP0001858,12,2011,4679.948821666667
ABGP0001858,1,2010,4348.028090833333
ABGP0001858,2,2010,4348.028090833333
ABGP0001858,3,2010,4348.028090833333
ABGP0001858,4,2010,4348.028090833333
ABGP0001858,5,2010,4348.028090833333
ABGP0001858,6,2010,4348.028090833333
ABGP0001858,7,2010,4348.028090833333
ABGP0001858,8,2010,4348.028090833333
ABGP0001858,9,2010,4348.028090833333
ABGP0001858,10,2010,4348.028090833333
ABGP0001858,11,2010,4348.028090833333
ABGP0001858,12,2010,4348.028090833333
ABGP0001858,1,2009,4893.656719166666
ABGP0001858,2,2009,4893.656719166666
ABGP0001858,3,2009,4893.656719166666
ABGP0001858,4,2009,4893.656719166666
ABGP0001858,5,2009,4893.656719166666
ABGP0001858,6,2009,4893.656719166666
ABGP0001858,7,2009,4893.656719166666
ABGP0001858,8,2009,4893.656719166666
ABGP0001858,9,2009,4893.656719166666
ABGP0001858,10,2009,4893.656719166666
ABGP0001858,11,2009,4893.656719166666
ABGP0001858,12,2009,4893.656719166666
ABGP0001864,1,2022,26392.65895
ABGP0001864,2,2022,26392.65895
ABGP0001864,3,2022,26392.65895
ABGP0001864,4,2022,26392.65895
ABGP0001864,5,2022,26392.65895
ABGP0001864,6,2022,26392.65895
ABGP0001864,7,2022,26392.65895
ABGP0001864,8,2022,26392.65895
ABGP0001864,9,2022,26392.65895
ABGP0001864,10,2022,26392.65895
ABGP0001864,11,2022,26392.65895
ABGP0001864,12,2022,26392.65895
ABGP0001864,1,2021,25329.1556
ABGP0001864,2,2021,25329.1556
ABGP0001864,3,2021,25329.1556
ABGP0001864,4,2021,25329.1556
ABGP0001864,5,2021,25329.1556
ABGP0001864,6,2021,25329.1556
ABGP0001864,7,2021,25329.1556
ABGP0001864,8,2021,25329.1556
ABGP0001864,9,2021,25329.1556
ABGP0001864,10,2021,25329.1556
ABGP0001864,11,2021,25329.1556
ABGP0001864,12,2021,25329.1556
ABGP0001864,1,2020,20248.720408333334
ABGP0001864,2,2020,20248.720408333334
ABGP0001864,3,2020,20248.720408333334
ABGP0001864,4,2020,20248.720408333334
ABGP0001864,5,2020,20248.720408333334
ABGP0001864,6,2020,20248.720408333334
ABGP0001864,7,2020,20248.720408333334
ABGP0001864,8,2020,20248.720408333334
ABGP0001864,9,2020,20248.720408333334
ABGP0001864,10,2020,20248.720408333334
ABGP0001864,11,2020,20248.720408333334
ABGP0001864,12,2020,20248.720408333334
ABGP0001864,1,2019,24327.47094166667
ABGP0001864,2,2019,24327.47094166667
ABGP0001864,3,2019,24327.47094166667
ABGP0001864,4,2019,24327.47094166667
ABGP0001864,5,2019,24327.47094166667
ABGP0001864,6,2019,24327.47094166667
ABGP0001864,7,2019,24327.47094166667
ABGP0001864,8,2019,24327.47094166667
ABGP0001864,9,2019,24327.47094166667
ABGP0001864,10,2019,24327.47094166667
ABGP0001864,11,2019,24327.47094166667
ABGP0001864,12,2019,24327.47094166667
ABGP0001864,1,2018,23255.21808
ABGP0001864,2,2018,23255.21808
ABGP0001864,3,2018,23255.21808
ABGP0001864,4,2018,23255.21808
ABGP0001864,5,2018,23255.21808
ABGP0001864,6,2018,23255.21808
ABGP0001864,7,2018,23255.21808
ABGP0001864,8,2018,23255.21808
ABGP0001864,9,2018,23255.21808
ABGP0001864,10,2018,23255.21808
ABGP0001864,11,2018,23255.21808
ABGP0001864,12,2018,23255.21808
ABGP0001864,1,2017,16889.5062
ABGP0001864,2,2017,16889.5062
ABGP0001864,3,2017,16889.5062
ABGP0001864,4,2017,16889.5062
ABGP0001864,5,2017,16889.5062
ABGP0001864,6,2017,16889.5062
ABGP0001864,7,2017,16889.5062
ABGP0001864,8,2017,16889.5062
ABGP0001864,9,2017,16889.5062
ABGP0001864,10,2017,16889.5062
ABGP0001864,11,2017,16889.5062
ABGP0001864,12,2017,16889.5062
ABGP0001864,1,2016,15252.449783333332
ABGP0001864,2,2016,15252.449783333332
ABGP0001864,3,2016,15252.449783333332
ABGP0001864,4,2016,15252.449783333332
ABGP0001864,5,2016,15252.449783333332
ABGP0001864,6,2016,15252.449783333332
ABGP0001864,7,2016,15252.449783333332
ABGP0001864,8,2016,15252.449783333332
ABGP0001864,9,2016,15252.449783333332
ABGP0001864,10,2016,15252.449783333332
ABGP0001864,11,2016,15252.449783333332
ABGP0001864,12,2016,15252.449783333332
ABGP0001864,1,2015,12510.882708333333
ABGP0001864,2,2015,12510.882708333333
ABGP0001864,3,2015,12510.882708333333
ABGP0001864,4,2015,12510.882708333333
ABGP0001864,5,2015,12510.882708333333
ABGP0001864,6,2015,12510.882708333333
ABGP0001864,7,2015,12510.882708333333
ABGP0001864,8,2015,12510.882708333333
ABGP0001864,9,2015,12510.882708333333
ABGP0001864,10,2015,12510.882708333333
ABGP0001864,11,2015,12510.882708333333
ABGP0001864,12,2015,12510.882708333333
ABGP0001864,1,2014,15190.195466666666
ABGP0001864,2,2014,15190.195466666666
ABGP0001864,3,2014,15190.195466666666
ABGP0001864,4,2014,15190.195466666666
ABGP0001864,5,2014,15190.195466666666
ABGP0001864,6,2014,15190.195466666666
ABGP0001864,7,2014,15190.195466666666
ABGP0001864,8,2014,15190.195466666666
ABGP0001864,9,2014,15190.195466666666
ABGP0001864,10,2014,15190.195466666666
ABGP0001864,11,2014,15190.195466666666
ABGP0001864,12,2014,15190.195466666666
ABGP0001864,1,2013,23367.746183333333
ABGP0001864,2,2013,23367.746183333333
ABGP0001864,3,2013,23367.746183333333
ABGP0001864,4,2013,23367.746183333333
ABGP0001864,5,2013,23367.746183333333
ABGP0001864,6,2013,23367.746183333333
ABGP0001864,7,2013,23367.746183333333
ABGP0001864,8,2013,23367.746183333333
ABGP0001864,9,2013,23367.746183333333
ABGP0001864,10,2013,23367.746183333333
ABGP0001864,11,2013,23367.746183333333
ABGP0001864,12,2013,23367.746183333333
ABGP0001864,1,2012,23564.914108333334
ABGP0001864,2,2012,23564.914108333334
ABGP0001864,3,2012,23564.914108333334
ABGP0001864,4,2012,23564.914108333334
ABGP0001864,5,2012,23564.914108333334
ABGP0001864,6,2012,23564.914108333334
ABGP0001864,7,2012,23564.914108333334
ABGP0001864,8,2012,23564.914108333334
ABGP0001864,9,2012,23564.914108333334
ABGP0001864,10,2012,23564.914108333334
ABGP0001864,11,2012,23564.914108333334
ABGP0001864,12,2012,23564.914108333334
ABGP0001864,1,2011,16420.74311666667
ABGP0001864,2,2011,16420.74311666667
ABGP0001864,3,2011,16420.74311666667
ABGP0001864,4,2011,16420.74311666667
ABGP0001864,5,2011,16420.74311666667
ABGP0001864,6,2011,16420.74311666667
ABGP0001864,7,2011,16420.74311666667
ABGP0001864,8,2011,16420.74311666667
ABGP0001864,9,2011,16420.74311666667
ABGP0001864,10,2011,16420.74311666667
ABGP0001864,11,2011,16420.74311666667
ABGP0001864,12,2011,16420.74311666667
ABGP0001864,1,2010,17690.109858333333
ABGP0001864,2,2010,17690.109858333333
ABGP0001864,3,2010,17690.109858333333
ABGP0001864,4,2010,17690.109858333333
ABGP0001864,5,2010,17690.109858333333
ABGP0001864,6,2010,17690.109858333333
ABGP0001864,7,2010,17690.109858333333
ABGP0001864,8,2010,17690.109858333333
ABGP0001864,9,2010,17690.109858333333
ABGP0001864,10,2010,17690.109858333333
ABGP0001864,11,2010,17690.109858333333
ABGP0001864,12,2010,17690.109858333333
ABGP0001864,1,2009,14626.548716666666
ABGP0001864,2,2009,14626.548716666666
ABGP0001864,3,2009,14626.548716666666
ABGP0001864,4,2009,14626.548716666666
ABGP0001864,5,2009,14626.548716666666
ABGP0001864,6,2009,14626.548716666666
ABGP0001864,7,2009,14626.548716666666
ABGP0001864,8,2009,14626.548716666666
ABGP0001864,9,2009,14626.548716666666
ABGP0001864,10,2009,14626.548716666666
ABGP0001864,11,2009,14626.548716666666
ABGP0001864,12,2009,14626.548716666666
ABGP0001864,1,2008,13244.413483333332
ABGP0001864,2,2008,13244.413483333332
ABGP0001864,3,2008,13244.413483333332
ABGP0001864,4,2008,13244.413483333332
ABGP0001864,5,2008,13244.413483333332
ABGP0001864,6,2008,13244.413483333332
ABGP0001864,7,2008,13244.413483333332
ABGP0001864,8,2008,13244.413483333332
ABGP0001864,9,2008,13244.413483333332
ABGP0001864,10,2008,13244.413483333332
ABGP0001864,11,2008,13244.413483333332
ABGP0001864,12,2008,13244.413483333332
ABGP0001864,1,2007,13674.950541666667
ABGP0001864,2,2007,13674.950541666667
ABGP0001864,3,2007,13674.950541666667
ABGP0001864,4,2007,13674.950541666667
ABGP0001864,5,2007,13674.950541666667
ABGP0001864,6,2007,13674.950541666667
ABGP0001864,7,2007,13674.950541666667
ABGP0001864,8,2007,13674.950541666667
ABGP0001864,9,2007,13674.950541666667
ABGP0001864,10,2007,13674.950541666667
ABGP0001864,11,2007,13674.950541666667
ABGP0001864,12,2007,13674.950541666667
ABGP0001864,1,2006,15547.17813
ABGP0001864,2,2006,15547.17813
ABGP0001864,3,2006,15547.17813
ABGP0001864,4,2006,15547.17813
ABGP0001864,5,2006,15547.17813
ABGP0001864,6,2006,15547.17813
ABGP0001864,7,2006,15547.17813
ABGP0001864,8,2006,15547.17813
ABGP0001864,9,2006,15547.17813
ABGP0001864,10,2006,15547.17813
ABGP0001864,11,2006,15547.17813
ABGP0001864,12,2006,15547.17813
ABGP0001864,1,2005,9962.920883333334
ABGP0001864,2,2005,9962.920883333334
ABGP0001864,3,2005,9962.920883333334
ABGP0001864,4,2005,9962.920883333334
ABGP0001864,5,2005,9962.920883333334
ABGP0001864,6,2005,9962.920883333334
ABGP0001864,7,2005,9962.920883333334
ABGP0001864,8,2005,9962.920883333334
ABGP0001864,9,2005,9962.920883333334
ABGP0001864,10,2005,9962.920883333334
ABGP0001864,11,2005,9962.920883333334
ABGP0001864,12,2005,9962.920883333334
ABGP0001864,1,2004,11491.802916666667
ABGP0001864,2,2004,11491.802916666667
ABGP0001864,3,2004,11491.802916666667
ABGP0001864,4,2004,11491.802916666667
ABGP0001864,5,2004,11491.802916666667
ABGP0001864,6,2004,11491.802916666667
ABGP0001864,7,2004,11491.802916666667
ABGP0001864,8,2004,11491.802916666667
ABGP0001864,9,2004,11491.802916666667
ABGP0001864,10,2004,11491.802916666667
ABGP0001864,11,2004,11491.802916666667
ABGP0001864,12,2004,11491.802916666667
ABGP0001874,1,2019,860.1725
ABGP0001874,2,2019,860.1725
ABGP0001874,3,2019,860.1725
ABGP0001874,4,2019,860.1725
ABGP0001874,5,2019,860.1725
ABGP0001874,6,2019,860.1725
ABGP0001874,7,2019,860.1725
ABGP0001874,8,2019,860.1725
ABGP0001874,9,2019,860.1725
ABGP0001874,10,2019,860.1725
ABGP0001874,11,2019,860.1725
ABGP0001874,12,2019,860.1725
ABGP0001874,1,2018,1060.9640833333333
ABGP0001874,2,2018,1060.9640833333333
ABGP0001874,3,2018,1060.9640833333333
ABGP0001874,4,2018,1060.9640833333333
ABGP0001874,5,2018,1060.9640833333333
ABGP0001874,6,2018,1060.9640833333333
ABGP0001874,7,2018,1060.9640833333333
ABGP0001874,8,2018,1060.9640833333333
ABGP0001874,9,2018,1060.9640833333333
ABGP0001874,10,2018,1060.9640833333333
ABGP0001874,11,2018,1060.9640833333333
ABGP0001874,12,2018,1060.9640833333333
ABGP0001874,1,2017,1296.7658333333334
ABGP0001874,2,2017,1296.7658333333334
ABGP0001874,3,2017,1296.7658333333334
ABGP0001874,4,2017,1296.7658333333334
ABGP0001874,5,2017,1296.7658333333334
ABGP0001874,6,2017,1296.7658333333334
ABGP0001874,7,2017,1296.7658333333334
ABGP0001874,8,2017,1296.7658333333334
ABGP0001874,9,2017,1296.7658333333334
ABGP0001874,10,2017,1296.7658333333334
ABGP0001874,11,2017,1296.7658333333334
ABGP0001874,12,2017,1296.7658333333334
ABGP0001880,1,2022,1322.8511666666666
ABGP0001880,2,2022,1322.8511666666666
ABGP0001880,3,2022,1322.8511666666666
ABGP0001880,4,2022,1322.8511666666666
ABGP0001880,5,2022,1322.8511666666666
ABGP0001880,6,2022,1322.8511666666666
ABGP0001880,7,2022,1322.8511666666666
ABGP0001880,8,2022,1322.8511666666666
ABGP0001880,9,2022,1322.8511666666666
ABGP0001880,10,2022,1322.8511666666666
ABGP0001880,11,2022,1322.8511666666666
ABGP0001880,12,2022,1322.8511666666666
ABGP0001880,1,2021,1354.5513733333335
ABGP0001880,2,2021,1354.5513733333335
ABGP0001880,3,2021,1354.5513733333335
ABGP0001880,4,2021,1354.5513733333335
ABGP0001880,5,2021,1354.5513733333335
ABGP0001880,6,2021,1354.5513733333335
ABGP0001880,7,2021,1354.5513733333335
ABGP0001880,8,2021,1354.5513733333335
ABGP0001880,9,2021,1354.5513733333335
ABGP0001880,10,2021,1354.5513733333335
ABGP0001880,11,2021,1354.5513733333335
ABGP0001880,12,2021,1354.5513733333335
ABGP0001880,1,2020,1280.5969166666666
ABGP0001880,2,2020,1280.5969166666666
ABGP0001880,3,2020,1280.5969166666666
ABGP0001880,4,2020,1280.5969166666666
ABGP0001880,5,2020,1280.5969166666666
ABGP0001880,6,2020,1280.5969166666666
ABGP0001880,7,2020,1280.5969166666666
ABGP0001880,8,2020,1280.5969166666666
ABGP0001880,9,2020,1280.5969166666666
ABGP0001880,10,2020,1280.5969166666666
ABGP0001880,11,2020,1280.5969166666666
ABGP0001880,12,2020,1280.5969166666666
ABGP0001880,1,2019,1264.3610833333335
ABGP0001880,2,2019,1264.3610833333335
ABGP0001880,3,2019,1264.3610833333335
ABGP0001880,4,2019,1264.3610833333335
ABGP0001880,5,2019,1264.3610833333335
ABGP0001880,6,2019,1264.3610833333335
ABGP0001880,7,2019,1264.3610833333335
ABGP0001880,8,2019,1264.3610833333335
ABGP0001880,9,2019,1264.3610833333335
ABGP0001880,10,2019,1264.3610833333335
ABGP0001880,11,2019,1264.3610833333335
ABGP0001880,12,2019,1264.3610833333335
ABGP0001880,1,2018,1354.32125
ABGP0001880,2,2018,1354.32125
ABGP0001880,3,2018,1354.32125
ABGP0001880,4,2018,1354.32125
ABGP0001880,5,2018,1354.32125
ABGP0001880,6,2018,1354.32125
ABGP0001880,7,2018,1354.32125
ABGP0001880,8,2018,1354.32125
ABGP0001880,9,2018,1354.32125
ABGP0001880,10,2018,1354.32125
ABGP0001880,11,2018,1354.32125
ABGP0001880,12,2018,1354.32125
ABGP0001880,1,2017,1531.7325
ABGP0001880,2,2017,1531.7325
ABGP0001880,3,2017,1531.7325
ABGP0001880,4,2017,1531.7325
ABGP0001880,5,2017,1531.7325
ABGP0001880,6,2017,1531.7325
ABGP0001880,7,2017,1531.7325
ABGP0001880,8,2017,1531.7325
ABGP0001880,9,2017,1531.7325
ABGP0001880,10,2017,1531.7325
ABGP0001880,11,2017,1531.7325
ABGP0001880,12,2017,1531.7325
ABGP0001885,1,2022,880.3380000000001
ABGP0001885,2,2022,880.3380000000001
ABGP0001885,3,2022,880.3380000000001
ABGP0001885,4,2022,880.3380000000001
ABGP0001885,5,2022,880.3380000000001
ABGP0001885,6,2022,880.3380000000001
ABGP0001885,7,2022,880.3380000000001
ABGP0001885,8,2022,880.3380000000001
ABGP0001885,9,2022,880.3380000000001
ABGP0001885,10,2022,880.3380000000001
ABGP0001885,11,2022,880.3380000000001
ABGP0001885,12,2022,880.3380000000001
ABGP0001885,1,2021,906.6540258333333
ABGP0001885,2,2021,906.6540258333333
ABGP0001885,3,2021,906.6540258333333
ABGP0001885,4,2021,906.6540258333333
ABGP0001885,5,2021,906.6540258333333
ABGP0001885,6,2021,906.6540258333333
ABGP0001885,7,2021,906.6540258333333
ABGP0001885,8,2021,906.6540258333333
ABGP0001885,9,2021,906.6540258333333
ABGP0001885,10,2021,906.6540258333333
ABGP0001885,11,2021,906.6540258333333
ABGP0001885,12,2021,906.6540258333333
ABGP0001885,1,2020,1063.1915833333335
ABGP0001885,2,2020,1063.1915833333335
ABGP0001885,3,2020,1063.1915833333335
ABGP0001885,4,2020,1063.1915833333335
ABGP0001885,5,2020,1063.1915833333335
ABGP0001885,6,2020,1063.1915833333335
ABGP0001885,7,2020,1063.1915833333335
ABGP0001885,8,2020,1063.1915833333335
ABGP0001885,9,2020,1063.1915833333335
ABGP0001885,10,2020,1063.1915833333335
ABGP0001885,11,2020,1063.1915833333335
ABGP0001885,12,2020,1063.1915833333335
ABGP0001885,1,2019,953.0133333333333
ABGP0001885,2,2019,953.0133333333333
ABGP0001885,3,2019,953.0133333333333
ABGP0001885,4,2019,953.0133333333333
ABGP0001885,5,2019,953.0133333333333
ABGP0001885,6,2019,953.0133333333333
ABGP0001885,7,2019,953.0133333333333
ABGP0001885,8,2019,953.0133333333333
ABGP0001885,9,2019,953.0133333333333
ABGP0001885,10,2019,953.0133333333333
ABGP0001885,11,2019,953.0133333333333
ABGP0001885,12,2019,953.0133333333333
ABGP0001885,1,2018,969.581
ABGP0001885,2,2018,969.581
ABGP0001885,3,2018,969.581
ABGP0001885,4,2018,969.581
ABGP0001885,5,2018,969.581
ABGP0001885,6,2018,969.581
ABGP0001885,7,2018,969.581
ABGP0001885,8,2018,969.581
ABGP0001885,9,2018,969.581
ABGP0001885,10,2018,969.581
ABGP0001885,11,2018,969.581
ABGP0001885,12,2018,969.581
ABGP0001885,1,2017,1059.8745000000001
ABGP0001885,2,2017,1059.8745000000001
ABGP0001885,3,2017,1059.8745000000001
ABGP0001885,4,2017,1059.8745000000001
ABGP0001885,5,2017,1059.8745000000001
ABGP0001885,6,2017,1059.8745000000001
ABGP0001885,7,2017,1059.8745000000001
ABGP0001885,8,2017,1059.8745000000001
ABGP0001885,9,2017,1059.8745000000001
ABGP0001885,10,2017,1059.8745000000001
ABGP0001885,11,2017,1059.8745000000001
ABGP0001885,12,2017,1059.8745000000001
ABGP0001897,1,2022,1427.5058333333334
ABGP0001897,2,2022,1427.5058333333334
ABGP0001897,3,2022,1427.5058333333334
ABGP0001897,4,2022,1427.5058333333334
ABGP0001897,5,2022,1427.5058333333334
ABGP0001897,6,2022,1427.5058333333334
ABGP0001897,7,2022,1427.5058333333334
ABGP0001897,8,2022,1427.5058333333334
ABGP0001897,9,2022,1427.5058333333334
ABGP0001897,10,2022,1427.5058333333334
ABGP0001897,11,2022,1427.5058333333334
ABGP0001897,12,2022,1427.5058333333334
ABGP0001897,1,2021,1443.8541733333334
ABGP0001897,2,2021,1443.8541733333334
ABGP0001897,3,2021,1443.8541733333334
ABGP0001897,4,2021,1443.8541733333334
ABGP0001897,5,2021,1443.8541733333334
ABGP0001897,6,2021,1443.8541733333334
ABGP0001897,7,2021,1443.8541733333334
ABGP0001897,8,2021,1443.8541733333334
ABGP0001897,9,2021,1443.8541733333334
ABGP0001897,10,2021,1443.8541733333334
ABGP0001897,11,2021,1443.8541733333334
ABGP0001897,12,2021,1443.8541733333334
ABGP0001897,1,2020,1608.5749166666667
ABGP0001897,2,2020,1608.5749166666667
ABGP0001897,3,2020,1608.5749166666667
ABGP0001897,4,2020,1608.5749166666667
ABGP0001897,5,2020,1608.5749166666667
ABGP0001897,6,2020,1608.5749166666667
ABGP0001897,7,2020,1608.5749166666667
ABGP0001897,8,2020,1608.5749166666667
ABGP0001897,9,2020,1608.5749166666667
ABGP0001897,10,2020,1608.5749166666667
ABGP0001897,11,2020,1608.5749166666667
ABGP0001897,12,2020,1608.5749166666667
ABGP0001897,1,2019,1917.8424166666666
ABGP0001897,2,2019,1917.8424166666666
ABGP0001897,3,2019,1917.8424166666666
ABGP0001897,4,2019,1917.8424166666666
ABGP0001897,5,2019,1917.8424166666666
ABGP0001897,6,2019,1917.8424166666666
ABGP0001897,7,2019,1917.8424166666666
ABGP0001897,8,2019,1917.8424166666666
ABGP0001897,9,2019,1917.8424166666666
ABGP0001897,10,2019,1917.8424166666666
ABGP0001897,11,2019,1917.8424166666666
ABGP0001897,12,2019,1917.8424166666666
ABGP0001897,1,2018,1994.3565833333332
ABGP0001897,2,2018,1994.3565833333332
ABGP0001897,3,2018,1994.3565833333332
ABGP0001897,4,2018,1994.3565833333332
ABGP0001897,5,2018,1994.3565833333332
ABGP0001897,6,2018,1994.3565833333332
ABGP0001897,7,2018,1994.3565833333332
ABGP0001897,8,2018,1994.3565833333332
ABGP0001897,9,2018,1994.3565833333332
ABGP0001897,10,2018,1994.3565833333332
ABGP0001897,11,2018,1994.3565833333332
ABGP0001897,12,2018,1994.3565833333332
ABGP0001897,1,2017,2085.12525
ABGP0001897,2,2017,2085.12525
ABGP0001897,3,2017,2085.12525
ABGP0001897,4,2017,2085.12525
ABGP0001897,5,2017,2085.12525
ABGP0001897,6,2017,2085.12525
ABGP0001897,7,2017,2085.12525
ABGP0001897,8,2017,2085.12525
ABGP0001897,9,2017,2085.12525
ABGP0001897,10,2017,2085.12525
ABGP0001897,11,2017,2085.12525
ABGP0001897,12,2017,2085.12525
ABGP0001902,1,2022,6207.48945
ABGP0001902,2,2022,6207.48945
ABGP0001902,3,2022,6207.48945
ABGP0001902,4,2022,6207.48945
ABGP0001902,5,2022,6207.48945
ABGP0001902,6,2022,6207.48945
ABGP0001902,7,2022,6207.48945
ABGP0001902,8,2022,6207.48945
ABGP0001902,9,2022,6207.48945
ABGP0001902,10,2022,6207.48945
ABGP0001902,11,2022,6207.48945
ABGP0001902,12,2022,6207.48945
ABGP0001902,1,2021,5081.142391666667
ABGP0001902,2,2021,5081.142391666667
ABGP0001902,3,2021,5081.142391666667
ABGP0001902,4,2021,5081.142391666667
ABGP0001902,5,2021,5081.142391666667
ABGP0001902,6,2021,5081.142391666667
ABGP0001902,7,2021,5081.142391666667
ABGP0001902,8,2021,5081.142391666667
ABGP0001902,9,2021,5081.142391666667
ABGP0001902,10,2021,5081.142391666667
ABGP0001902,11,2021,5081.142391666667
ABGP0001902,12,2021,5081.142391666667
ABGP0001902,1,2020,4714.4288166666665
ABGP0001902,2,2020,4714.4288166666665
ABGP0001902,3,2020,4714.4288166666665
ABGP0001902,4,2020,4714.4288166666665
ABGP0001902,5,2020,4714.4288166666665
ABGP0001902,6,2020,4714.4288166666665
ABGP0001902,7,2020,4714.4288166666665
ABGP0001902,8,2020,4714.4288166666665
ABGP0001902,9,2020,4714.4288166666665
ABGP0001902,10,2020,4714.4288166666665
ABGP0001902,11,2020,4714.4288166666665
ABGP0001902,12,2020,4714.4288166666665
ABGP0001902,1,2019,4894.893208333334
ABGP0001902,2,2019,4894.893208333334
ABGP0001902,3,2019,4894.893208333334
ABGP0001902,4,2019,4894.893208333334
ABGP0001902,5,2019,4894.893208333334
ABGP0001902,6,2019,4894.893208333334
ABGP0001902,7,2019,4894.893208333334
ABGP0001902,8,2019,4894.893208333334
ABGP0001902,9,2019,4894.893208333334
ABGP0001902,10,2019,4894.893208333334
ABGP0001902,11,2019,4894.893208333334
ABGP0001902,12,2019,4894.893208333334
ABGP0001902,1,2018,4618.187333333333
ABGP0001902,2,2018,4618.187333333333
ABGP0001902,3,2018,4618.187333333333
ABGP0001902,4,2018,4618.187333333333
ABGP0001902,5,2018,4618.187333333333
ABGP0001902,6,2018,4618.187333333333
ABGP0001902,7,2018,4618.187333333333
ABGP0001902,8,2018,4618.187333333333
ABGP0001902,9,2018,4618.187333333333
ABGP0001902,10,2018,4618.187333333333
ABGP0001902,11,2018,4618.187333333333
ABGP0001902,12,2018,4618.187333333333
ABGP0001902,1,2017,4219.30325
ABGP0001902,2,2017,4219.30325
ABGP0001902,3,2017,4219.30325
ABGP0001902,4,2017,4219.30325
ABGP0001902,5,2017,4219.30325
ABGP0001902,6,2017,4219.30325
ABGP0001902,7,2017,4219.30325
ABGP0001902,8,2017,4219.30325
ABGP0001902,9,2017,4219.30325
ABGP0001902,10,2017,4219.30325
ABGP0001902,11,2017,4219.30325
ABGP0001902,12,2017,4219.30325
ABGP0001902,1,2004,7769.876563333334
ABGP0001902,2,2004,7769.876563333334
ABGP0001902,3,2004,7769.876563333334
ABGP0001902,4,2004,7769.876563333334
ABGP0001902,5,2004,7769.876563333334
ABGP0001902,6,2004,7769.876563333334
ABGP0001902,7,2004,7769.876563333334
ABGP0001902,8,2004,7769.876563333334
ABGP0001902,9,2004,7769.876563333334
ABGP0001902,10,2004,7769.876563333334
ABGP0001902,11,2004,7769.876563333334
ABGP0001902,12,2004,7769.876563333334
ABGP0001909,1,2022,8519.813166666667
ABGP0001909,2,2022,8519.813166666667
ABGP0001909,3,2022,8519.813166666667
ABGP0001909,4,2022,8519.813166666667
ABGP0001909,5,2022,8519.813166666667
ABGP0001909,6,2022,8519.813166666667
ABGP0001909,7,2022,8519.813166666667
ABGP0001909,8,2022,8519.813166666667
ABGP0001909,9,2022,8519.813166666667
ABGP0001909,10,2022,8519.813166666667
ABGP0001909,11,2022,8519.813166666667
ABGP0001909,12,2022,8519.813166666667
ABGP0001909,1,2021,6624.108066666667
ABGP0001909,2,2021,6624.108066666667
ABGP0001909,3,2021,6624.108066666667
ABGP0001909,4,2021,6624.108066666667
ABGP0001909,5,2021,6624.108066666667
ABGP0001909,6,2021,6624.108066666667
ABGP0001909,7,2021,6624.108066666667
ABGP0001909,8,2021,6624.108066666667
ABGP0001909,9,2021,6624.108066666667
ABGP0001909,10,2021,6624.108066666667
ABGP0001909,11,2021,6624.108066666667
ABGP0001909,12,2021,6624.108066666667
ABGP0001909,1,2020,6491.2624
ABGP0001909,2,2020,6491.2624
ABGP0001909,3,2020,6491.2624
ABGP0001909,4,2020,6491.2624
ABGP0001909,5,2020,6491.2624
ABGP0001909,6,2020,6491.2624
ABGP0001909,7,2020,6491.2624
ABGP0001909,8,2020,6491.2624
ABGP0001909,9,2020,6491.2624
ABGP0001909,10,2020,6491.2624
ABGP0001909,11,2020,6491.2624
ABGP0001909,12,2020,6491.2624
ABGP0001909,1,2019,6736.3164166666675
ABGP0001909,2,2019,6736.3164166666675
ABGP0001909,3,2019,6736.3164166666675
ABGP0001909,4,2019,6736.3164166666675
ABGP0001909,5,2019,6736.3164166666675
ABGP0001909,6,2019,6736.3164166666675
ABGP0001909,7,2019,6736.3164166666675
ABGP0001909,8,2019,6736.3164166666675
ABGP0001909,9,2019,6736.3164166666675
ABGP0001909,10,2019,6736.3164166666675
ABGP0001909,11,2019,6736.3164166666675
ABGP0001909,12,2019,6736.3164166666675
ABGP0001909,1,2018,6247.7905833333325
ABGP0001909,2,2018,6247.7905833333325
ABGP0001909,3,2018,6247.7905833333325
ABGP0001909,4,2018,6247.7905833333325
ABGP0001909,5,2018,6247.7905833333325
ABGP0001909,6,2018,6247.7905833333325
ABGP0001909,7,2018,6247.7905833333325
ABGP0001909,8,2018,6247.7905833333325
ABGP0001909,9,2018,6247.7905833333325
ABGP0001909,10,2018,6247.7905833333325
ABGP0001909,11,2018,6247.7905833333325
ABGP0001909,12,2018,6247.7905833333325
ABGP0001909,1,2017,6783.751
ABGP0001909,2,2017,6783.751
ABGP0001909,3,2017,6783.751
ABGP0001909,4,2017,6783.751
ABGP0001909,5,2017,6783.751
ABGP0001909,6,2017,6783.751
ABGP0001909,7,2017,6783.751
ABGP0001909,8,2017,6783.751
ABGP0001909,9,2017,6783.751
ABGP0001909,10,2017,6783.751
ABGP0001909,11,2017,6783.751
ABGP0001909,12,2017,6783.751
ABGP0001909,1,2016,6837.331091666667
ABGP0001909,2,2016,6837.331091666667
ABGP0001909,3,2016,6837.331091666667
ABGP0001909,4,2016,6837.331091666667
ABGP0001909,5,2016,6837.331091666667
ABGP0001909,6,2016,6837.331091666667
ABGP0001909,7,2016,6837.331091666667
ABGP0001909,8,2016,6837.331091666667
ABGP0001909,9,2016,6837.331091666667
ABGP0001909,10,2016,6837.331091666667
ABGP0001909,11,2016,6837.331091666667
ABGP0001909,12,2016,6837.331091666667
ABGP0001909,1,2015,6571.178546666666
ABGP0001909,2,2015,6571.178546666666
ABGP0001909,3,2015,6571.178546666666
ABGP0001909,4,2015,6571.178546666666
ABGP0001909,5,2015,6571.178546666666
ABGP0001909,6,2015,6571.178546666666
ABGP0001909,7,2015,6571.178546666666
ABGP0001909,8,2015,6571.178546666666
ABGP0001909,9,2015,6571.178546666666
ABGP0001909,10,2015,6571.178546666666
ABGP0001909,11,2015,6571.178546666666
ABGP0001909,12,2015,6571.178546666666
ABGP0001909,1,2014,6336.364516666667
ABGP0001909,2,2014,6336.364516666667
ABGP0001909,3,2014,6336.364516666667
ABGP0001909,4,2014,6336.364516666667
ABGP0001909,5,2014,6336.364516666667
ABGP0001909,6,2014,6336.364516666667
ABGP0001909,7,2014,6336.364516666667
ABGP0001909,8,2014,6336.364516666667
ABGP0001909,9,2014,6336.364516666667
ABGP0001909,10,2014,6336.364516666667
ABGP0001909,11,2014,6336.364516666667
ABGP0001909,12,2014,6336.364516666667
ABGP0001909,1,2013,5962.981234166667
ABGP0001909,2,2013,5962.981234166667
ABGP0001909,3,2013,5962.981234166667
ABGP0001909,4,2013,5962.981234166667
ABGP0001909,5,2013,5962.981234166667
ABGP0001909,6,2013,5962.981234166667
ABGP0001909,7,2013,5962.981234166667
ABGP0001909,8,2013,5962.981234166667
ABGP0001909,9,2013,5962.981234166667
ABGP0001909,10,2013,5962.981234166667
ABGP0001909,11,2013,5962.981234166667
ABGP0001909,12,2013,5962.981234166667
ABGP0001909,1,2012,6610.698335
ABGP0001909,2,2012,6610.698335
ABGP0001909,3,2012,6610.698335
ABGP0001909,4,2012,6610.698335
ABGP0001909,5,2012,6610.698335
ABGP0001909,6,2012,6610.698335
ABGP0001909,7,2012,6610.698335
ABGP0001909,8,2012,6610.698335
ABGP0001909,9,2012,6610.698335
ABGP0001909,10,2012,6610.698335
ABGP0001909,11,2012,6610.698335
ABGP0001909,12,2012,6610.698335
ABGP0001909,1,2011,6388.144710833333
ABGP0001909,2,2011,6388.144710833333
ABGP0001909,3,2011,6388.144710833333
ABGP0001909,4,2011,6388.144710833333
ABGP0001909,5,2011,6388.144710833333
ABGP0001909,6,2011,6388.144710833333
ABGP0001909,7,2011,6388.144710833333
ABGP0001909,8,2011,6388.144710833333
ABGP0001909,9,2011,6388.144710833333
ABGP0001909,10,2011,6388.144710833333
ABGP0001909,11,2011,6388.144710833333
ABGP0001909,12,2011,6388.144710833333
ABGP0001909,1,2010,6285.169579166667
ABGP0001909,2,2010,6285.169579166667
ABGP0001909,3,2010,6285.169579166667
ABGP0001909,4,2010,6285.169579166667
ABGP0001909,5,2010,6285.169579166667
ABGP0001909,6,2010,6285.169579166667
ABGP0001909,7,2010,6285.169579166667
ABGP0001909,8,2010,6285.169579166667
ABGP0001909,9,2010,6285.169579166667
ABGP0001909,10,2010,6285.169579166667
ABGP0001909,11,2010,6285.169579166667
ABGP0001909,12,2010,6285.169579166667
ABGP0001909,1,2009,6118.846063
ABGP0001909,2,2009,6118.846063
ABGP0001909,3,2009,6118.846063
ABGP0001909,4,2009,6118.846063
ABGP0001909,5,2009,6118.846063
ABGP0001909,6,2009,6118.846063
ABGP0001909,7,2009,6118.846063
ABGP0001909,8,2009,6118.846063
ABGP0001909,9,2009,6118.846063
ABGP0001909,10,2009,6118.846063
ABGP0001909,11,2009,6118.846063
ABGP0001909,12,2009,6118.846063
ABGP0001946,1,2022,1627.7955
ABGP0001946,2,2022,1627.7955
ABGP0001946,3,2022,1627.7955
ABGP0001946,4,2022,1627.7955
ABGP0001946,5,2022,1627.7955
ABGP0001946,6,2022,1627.7955
ABGP0001946,7,2022,1627.7955
ABGP0001946,8,2022,1627.7955
ABGP0001946,9,2022,1627.7955
ABGP0001946,10,2022,1627.7955
ABGP0001946,11,2022,1627.7955
ABGP0001946,12,2022,1627.7955
ABGP0001946,1,2021,1665.4802008333334
ABGP0001946,2,2021,1665.4802008333334
ABGP0001946,3,2021,1665.4802008333334
ABGP0001946,4,2021,1665.4802008333334
ABGP0001946,5,2021,1665.4802008333334
ABGP0001946,6,2021,1665.4802008333334
ABGP0001946,7,2021,1665.4802008333334
ABGP0001946,8,2021,1665.4802008333334
ABGP0001946,9,2021,1665.4802008333334
ABGP0001946,10,2021,1665.4802008333334
ABGP0001946,11,2021,1665.4802008333334
ABGP0001946,12,2021,1665.4802008333334
ABGP0001946,1,2020,1081.6094166666667
ABGP0001946,2,2020,1081.6094166666667
ABGP0001946,3,2020,1081.6094166666667
ABGP0001946,4,2020,1081.6094166666667
ABGP0001946,5,2020,1081.6094166666667
ABGP0001946,6,2020,1081.6094166666667
ABGP0001946,7,2020,1081.6094166666667
ABGP0001946,8,2020,1081.6094166666667
ABGP0001946,9,2020,1081.6094166666667
ABGP0001946,10,2020,1081.6094166666667
ABGP0001946,11,2020,1081.6094166666667
ABGP0001946,12,2020,1081.6094166666667
ABGP0001946,1,2019,1320.1271666666667
ABGP0001946,2,2019,1320.1271666666667
ABGP0001946,3,2019,1320.1271666666667
ABGP0001946,4,2019,1320.1271666666667
ABGP0001946,5,2019,1320.1271666666667
ABGP0001946,6,2019,1320.1271666666667
ABGP0001946,7,2019,1320.1271666666667
ABGP0001946,8,2019,1320.1271666666667
ABGP0001946,9,2019,1320.1271666666667
ABGP0001946,10,2019,1320.1271666666667
ABGP0001946,11,2019,1320.1271666666667
ABGP0001946,12,2019,1320.1271666666667
ABGP0001946,1,2018,1369.6665833333334
ABGP0001946,2,2018,1369.6665833333334
ABGP0001946,3,2018,1369.6665833333334
ABGP0001946,4,2018,1369.6665833333334
ABGP0001946,5,2018,1369.6665833333334
ABGP0001946,6,2018,1369.6665833333334
ABGP0001946,7,2018,1369.6665833333334
ABGP0001946,8,2018,1369.6665833333334
ABGP0001946,9,2018,1369.6665833333334
ABGP0001946,10,2018,1369.6665833333334
ABGP0001946,11,2018,1369.6665833333334
ABGP0001946,12,2018,1369.6665833333334
ABGP0001946,1,2017,2083.074
ABGP0001946,2,2017,2083.074
ABGP0001946,3,2017,2083.074
ABGP0001946,4,2017,2083.074
ABGP0001946,5,2017,2083.074
ABGP0001946,6,2017,2083.074
ABGP0001946,7,2017,2083.074
ABGP0001946,8,2017,2083.074
ABGP0001946,9,2017,2083.074
ABGP0001946,10,2017,2083.074
ABGP0001946,11,2017,2083.074
ABGP0001946,12,2017,2083.074
ABGP0001951,1,2022,4559.780434166667
ABGP0001951,2,2022,4559.780434166667
ABGP0001951,3,2022,4559.780434166667
ABGP0001951,4,2022,4559.780434166667
ABGP0001951,5,2022,4559.780434166667
ABGP0001951,6,2022,4559.780434166667
ABGP0001951,7,2022,4559.780434166667
ABGP0001951,8,2022,4559.780434166667
ABGP0001951,9,2022,4559.780434166667
ABGP0001951,10,2022,4559.780434166667
ABGP0001951,11,2022,4559.780434166667
ABGP0001951,12,2022,4559.780434166667
ABGP0001951,1,2022,1178.7579133333334
ABGP0001951,2,2022,1178.7579133333334
ABGP0001951,3,2022,1178.7579133333334
ABGP0001951,4,2022,1178.7579133333334
ABGP0001951,5,2022,1178.7579133333334
ABGP0001951,6,2022,1178.7579133333334
ABGP0001951,7,2022,1178.7579133333334
ABGP0001951,8,2022,1178.7579133333334
ABGP0001951,9,2022,1178.7579133333334
ABGP0001951,10,2022,1178.7579133333334
ABGP0001951,11,2022,1178.7579133333334
ABGP0001951,12,2022,1178.7579133333334
ABGP0001951,1,2021,4495.871778
ABGP0001951,2,2021,4495.871778
ABGP0001951,3,2021,4495.871778
ABGP0001951,4,2021,4495.871778
ABGP0001951,5,2021,4495.871778
ABGP0001951,6,2021,4495.871778
ABGP0001951,7,2021,4495.871778
ABGP0001951,8,2021,4495.871778
ABGP0001951,9,2021,4495.871778
ABGP0001951,10,2021,4495.871778
ABGP0001951,11,2021,4495.871778
ABGP0001951,12,2021,4495.871778
ABGP0001951,1,2020,4556.754416666667
ABGP0001951,2,2020,4556.754416666667
ABGP0001951,3,2020,4556.754416666667
ABGP0001951,4,2020,4556.754416666667
ABGP0001951,5,2020,4556.754416666667
ABGP0001951,6,2020,4556.754416666667
ABGP0001951,7,2020,4556.754416666667
ABGP0001951,8,2020,4556.754416666667
ABGP0001951,9,2020,4556.754416666667
ABGP0001951,10,2020,4556.754416666667
ABGP0001951,11,2020,4556.754416666667
ABGP0001951,12,2020,4556.754416666667
ABGP0001951,1,2019,3832.987833333333
ABGP0001951,2,2019,3832.987833333333
ABGP0001951,3,2019,3832.987833333333
ABGP0001951,4,2019,3832.987833333333
ABGP0001951,5,2019,3832.987833333333
ABGP0001951,6,2019,3832.987833333333
ABGP0001951,7,2019,3832.987833333333
ABGP0001951,8,2019,3832.987833333333
ABGP0001951,9,2019,3832.987833333333
ABGP0001951,10,2019,3832.987833333333
ABGP0001951,11,2019,3832.987833333333
ABGP0001951,12,2019,3832.987833333333
ABGP0001951,1,2018,4276.06775
ABGP0001951,2,2018,4276.06775
ABGP0001951,3,2018,4276.06775
ABGP0001951,4,2018,4276.06775
ABGP0001951,5,2018,4276.06775
ABGP0001951,6,2018,4276.06775
ABGP0001951,7,2018,4276.06775
ABGP0001951,8,2018,4276.06775
ABGP0001951,9,2018,4276.06775
ABGP0001951,10,2018,4276.06775
ABGP0001951,11,2018,4276.06775
ABGP0001951,12,2018,4276.06775
ABGP0001951,1,2017,4016.6974916666663
ABGP0001951,2,2017,4016.6974916666663
ABGP0001951,3,2017,4016.6974916666663
ABGP0001951,4,2017,4016.6974916666663
ABGP0001951,5,2017,4016.6974916666663
ABGP0001951,6,2017,4016.6974916666663
ABGP0001951,7,2017,4016.6974916666663
ABGP0001951,8,2017,4016.6974916666663
ABGP0001951,9,2017,4016.6974916666663
ABGP0001951,10,2017,4016.6974916666663
ABGP0001951,11,2017,4016.6974916666663
ABGP0001951,12,2017,4016.6974916666663
ABGP0001951,1,2016,3550.9051
ABGP0001951,2,2016,3550.9051
ABGP0001951,3,2016,3550.9051
ABGP0001951,4,2016,3550.9051
ABGP0001951,5,2016,3550.9051
ABGP0001951,6,2016,3550.9051
ABGP0001951,7,2016,3550.9051
ABGP0001951,8,2016,3550.9051
ABGP0001951,9,2016,3550.9051
ABGP0001951,10,2016,3550.9051
ABGP0001951,11,2016,3550.9051
ABGP0001951,12,2016,3550.9051
ABGP0001951,1,2015,4333.7763700000005
ABGP0001951,2,2015,4333.7763700000005
ABGP0001951,3,2015,4333.7763700000005
ABGP0001951,4,2015,4333.7763700000005
ABGP0001951,5,2015,4333.7763700000005
ABGP0001951,6,2015,4333.7763700000005
ABGP0001951,7,2015,4333.7763700000005
ABGP0001951,8,2015,4333.7763700000005
ABGP0001951,9,2015,4333.7763700000005
ABGP0001951,10,2015,4333.7763700000005
ABGP0001951,11,2015,4333.7763700000005
ABGP0001951,12,2015,4333.7763700000005
ABGP0001951,1,2014,4876.181098
ABGP0001951,2,2014,4876.181098
ABGP0001951,3,2014,4876.181098
ABGP0001951,4,2014,4876.181098
ABGP0001951,5,2014,4876.181098
ABGP0001951,6,2014,4876.181098
ABGP0001951,7,2014,4876.181098
ABGP0001951,8,2014,4876.181098
ABGP0001951,9,2014,4876.181098
ABGP0001951,10,2014,4876.181098
ABGP0001951,11,2014,4876.181098
ABGP0001951,12,2014,4876.181098
ABGP0001951,1,2013,6031.040069166666
ABGP0001951,2,2013,6031.040069166666
ABGP0001951,3,2013,6031.040069166666
ABGP0001951,4,2013,6031.040069166666
ABGP0001951,5,2013,6031.040069166666
ABGP0001951,6,2013,6031.040069166666
ABGP0001951,7,2013,6031.040069166666
ABGP0001951,8,2013,6031.040069166666
ABGP0001951,9,2013,6031.040069166666
ABGP0001951,10,2013,6031.040069166666
ABGP0001951,11,2013,6031.040069166666
ABGP0001951,12,2013,6031.040069166666
ABGP0001951,1,2012,4886.904538
ABGP0001951,2,2012,4886.904538
ABGP0001951,3,2012,4886.904538
ABGP0001951,4,2012,4886.904538
ABGP0001951,5,2012,4886.904538
ABGP0001951,6,2012,4886.904538
ABGP0001951,7,2012,4886.904538
ABGP0001951,8,2012,4886.904538
ABGP0001951,9,2012,4886.904538
ABGP0001951,10,2012,4886.904538
ABGP0001951,11,2012,4886.904538
ABGP0001951,12,2012,4886.904538
ABGP0001951,1,2011,4447.214148
ABGP0001951,2,2011,4447.214148
ABGP0001951,3,2011,4447.214148
ABGP0001951,4,2011,4447.214148
ABGP0001951,5,2011,4447.214148
ABGP0001951,6,2011,4447.214148
ABGP0001951,7,2011,4447.214148
ABGP0001951,8,2011,4447.214148
ABGP0001951,9,2011,4447.214148
ABGP0001951,10,2011,4447.214148
ABGP0001951,11,2011,4447.214148
ABGP0001951,12,2011,4447.214148
ABGP0001951,1,2010,4448.044413333333
ABGP0001951,2,2010,4448.044413333333
ABGP0001951,3,2010,4448.044413333333
ABGP0001951,4,2010,4448.044413333333
ABGP0001951,5,2010,4448.044413333333
ABGP0001951,6,2010,4448.044413333333
ABGP0001951,7,2010,4448.044413333333
ABGP0001951,8,2010,4448.044413333333
ABGP0001951,9,2010,4448.044413333333
ABGP0001951,10,2010,4448.044413333333
ABGP0001951,11,2010,4448.044413333333
ABGP0001951,12,2010,4448.044413333333
ABGP0001951,1,2009,4912.951530833333
ABGP0001951,2,2009,4912.951530833333
ABGP0001951,3,2009,4912.951530833333
ABGP0001951,4,2009,4912.951530833333
ABGP0001951,5,2009,4912.951530833333
ABGP0001951,6,2009,4912.951530833333
ABGP0001951,7,2009,4912.951530833333
ABGP0001951,8,2009,4912.951530833333
ABGP0001951,9,2009,4912.951530833333
ABGP0001951,10,2009,4912.951530833333
ABGP0001951,11,2009,4912.951530833333
ABGP0001951,12,2009,4912.951530833333
ABGP0001951,1,2007,7213.160446666666
ABGP0001951,2,2007,7213.160446666666
ABGP0001951,3,2007,7213.160446666666
ABGP0001951,4,2007,7213.160446666666
ABGP0001951,5,2007,7213.160446666666
ABGP0001951,6,2007,7213.160446666666
ABGP0001951,7,2007,7213.160446666666
ABGP0001951,8,2007,7213.160446666666
ABGP0001951,9,2007,7213.160446666666
ABGP0001951,10,2007,7213.160446666666
ABGP0001951,11,2007,7213.160446666666
ABGP0001951,12,2007,7213.160446666666
ABGP0001951,1,2006,13537.699916666666
ABGP0001951,2,2006,13537.699916666666
ABGP0001951,3,2006,13537.699916666666
ABGP0001951,4,2006,13537.699916666666
ABGP0001951,5,2006,13537.699916666666
ABGP0001951,6,2006,13537.699916666666
ABGP0001951,7,2006,13537.699916666666
ABGP0001951,8,2006,13537.699916666666
ABGP0001951,9,2006,13537.699916666666
ABGP0001951,10,2006,13537.699916666666
ABGP0001951,11,2006,13537.699916666666
ABGP0001951,12,2006,13537.699916666666
ABGP0001951,1,2005,13260.867408333334
ABGP0001951,2,2005,13260.867408333334
ABGP0001951,3,2005,13260.867408333334
ABGP0001951,4,2005,13260.867408333334
ABGP0001951,5,2005,13260.867408333334
ABGP0001951,6,2005,13260.867408333334
ABGP0001951,7,2005,13260.867408333334
ABGP0001951,8,2005,13260.867408333334
ABGP0001951,9,2005,13260.867408333334
ABGP0001951,10,2005,13260.867408333334
ABGP0001951,11,2005,13260.867408333334
ABGP0001951,12,2005,13260.867408333334
ABGP0001951,1,2004,13757.032433333334
ABGP0001951,2,2004,13757.032433333334
ABGP0001951,3,2004,13757.032433333334
ABGP0001951,4,2004,13757.032433333334
ABGP0001951,5,2004,13757.032433333334
ABGP0001951,6,2004,13757.032433333334
ABGP0001951,7,2004,13757.032433333334
ABGP0001951,8,2004,13757.032433333334
ABGP0001951,9,2004,13757.032433333334
ABGP0001951,10,2004,13757.032433333334
ABGP0001951,11,2004,13757.032433333334
ABGP0001951,12,2004,13757.032433333334
ABGP0001960,1,2022,1208.135
ABGP0001960,2,2022,1208.135
ABGP0001960,3,2022,1208.135
ABGP0001960,4,2022,1208.135
ABGP0001960,5,2022,1208.135
ABGP0001960,6,2022,1208.135
ABGP0001960,7,2022,1208.135
ABGP0001960,8,2022,1208.135
ABGP0001960,9,2022,1208.135
ABGP0001960,10,2022,1208.135
ABGP0001960,11,2022,1208.135
ABGP0001960,12,2022,1208.135
ABGP0001960,1,2021,975.2255700000001
ABGP0001960,2,2021,975.2255700000001
ABGP0001960,3,2021,975.2255700000001
ABGP0001960,4,2021,975.2255700000001
ABGP0001960,5,2021,975.2255700000001
ABGP0001960,6,2021,975.2255700000001
ABGP0001960,7,2021,975.2255700000001
ABGP0001960,8,2021,975.2255700000001
ABGP0001960,9,2021,975.2255700000001
ABGP0001960,10,2021,975.2255700000001
ABGP0001960,11,2021,975.2255700000001
ABGP0001960,12,2021,975.2255700000001
ABGP0001960,1,2020,1069.0411333333334
ABGP0001960,2,2020,1069.0411333333334
ABGP0001960,3,2020,1069.0411333333334
ABGP0001960,4,2020,1069.0411333333334
ABGP0001960,5,2020,1069.0411333333334
ABGP0001960,6,2020,1069.0411333333334
ABGP0001960,7,2020,1069.0411333333334
ABGP0001960,8,2020,1069.0411333333334
ABGP0001960,9,2020,1069.0411333333334
ABGP0001960,10,2020,1069.0411333333334
ABGP0001960,11,2020,1069.0411333333334
ABGP0001960,12,2020,1069.0411333333334
ABGP0001960,1,2019,1107.7437391666667
ABGP0001960,2,2019,1107.7437391666667
ABGP0001960,3,2019,1107.7437391666667
ABGP0001960,4,2019,1107.7437391666667
ABGP0001960,5,2019,1107.7437391666667
ABGP0001960,6,2019,1107.7437391666667
ABGP0001960,7,2019,1107.7437391666667
ABGP0001960,8,2019,1107.7437391666667
ABGP0001960,9,2019,1107.7437391666667
ABGP0001960,10,2019,1107.7437391666667
ABGP0001960,11,2019,1107.7437391666667
ABGP0001960,12,2019,1107.7437391666667
ABGP0001960,1,2018,2723.721666666667
ABGP0001960,2,2018,2723.721666666667
ABGP0001960,3,2018,2723.721666666667
ABGP0001960,4,2018,2723.721666666667
ABGP0001960,5,2018,2723.721666666667
ABGP0001960,6,2018,2723.721666666667
ABGP0001960,7,2018,2723.721666666667
ABGP0001960,8,2018,2723.721666666667
ABGP0001960,9,2018,2723.721666666667
ABGP0001960,10,2018,2723.721666666667
ABGP0001960,11,2018,2723.721666666667
ABGP0001960,12,2018,2723.721666666667
ABGP0001960,1,2017,1499.876475
ABGP0001960,2,2017,1499.876475
ABGP0001960,3,2017,1499.876475
ABGP0001960,4,2017,1499.876475
ABGP0001960,5,2017,1499.876475
ABGP0001960,6,2017,1499.876475
ABGP0001960,7,2017,1499.876475
ABGP0001960,8,2017,1499.876475
ABGP0001960,9,2017,1499.876475
ABGP0001960,10,2017,1499.876475
ABGP0001960,11,2017,1499.876475
ABGP0001960,12,2017,1499.876475
ABGP0001964,1,2017,847.4304208333333
ABGP0001964,2,2017,847.4304208333333
ABGP0001964,3,2017,847.4304208333333
ABGP0001964,4,2017,847.4304208333333
ABGP0001964,5,2017,847.4304208333333
ABGP0001964,6,2017,847.4304208333333
ABGP0001964,7,2017,847.4304208333333
ABGP0001964,8,2017,847.4304208333333
ABGP0001964,9,2017,847.4304208333333
ABGP0001964,10,2017,847.4304208333333
ABGP0001964,11,2017,847.4304208333333
ABGP0001964,12,2017,847.4304208333333
ABGP0001965,1,2020,1080.6715000000002
ABGP0001965,2,2020,1080.6715000000002
ABGP0001965,3,2020,1080.6715000000002
ABGP0001965,4,2020,1080.6715000000002
ABGP0001965,5,2020,1080.6715000000002
ABGP0001965,6,2020,1080.6715000000002
ABGP0001965,7,2020,1080.6715000000002
ABGP0001965,8,2020,1080.6715000000002
ABGP0001965,9,2020,1080.6715000000002
ABGP0001965,10,2020,1080.6715000000002
ABGP0001965,11,2020,1080.6715000000002
ABGP0001965,12,2020,1080.6715000000002
ABGP0001965,1,2019,939.2106666666667
ABGP0001965,2,2019,939.2106666666667
ABGP0001965,3,2019,939.2106666666667
ABGP0001965,4,2019,939.2106666666667
ABGP0001965,5,2019,939.2106666666667
ABGP0001965,6,2019,939.2106666666667
ABGP0001965,7,2019,939.2106666666667
ABGP0001965,8,2019,939.2106666666667
ABGP0001965,9,2019,939.2106666666667
ABGP0001965,10,2019,939.2106666666667
ABGP0001965,11,2019,939.2106666666667
ABGP0001965,12,2019,939.2106666666667
ABGP0001965,1,2018,922.1885000000001
ABGP0001965,2,2018,922.1885000000001
ABGP0001965,3,2018,922.1885000000001
ABGP0001965,4,2018,922.1885000000001
ABGP0001965,5,2018,922.1885000000001
ABGP0001965,6,2018,922.1885000000001
ABGP0001965,7,2018,922.1885000000001
ABGP0001965,8,2018,922.1885000000001
ABGP0001965,9,2018,922.1885000000001
ABGP0001965,10,2018,922.1885000000001
ABGP0001965,11,2018,922.1885000000001
ABGP0001965,12,2018,922.1885000000001
ABGP0001965,1,2017,964.9877499999999
ABGP0001965,2,2017,964.9877499999999
ABGP0001965,3,2017,964.9877499999999
ABGP0001965,4,2017,964.9877499999999
ABGP0001965,5,2017,964.9877499999999
ABGP0001965,6,2017,964.9877499999999
ABGP0001965,7,2017,964.9877499999999
ABGP0001965,8,2017,964.9877499999999
ABGP0001965,9,2017,964.9877499999999
ABGP0001965,10,2017,964.9877499999999
ABGP0001965,11,2017,964.9877499999999
ABGP0001965,12,2017,964.9877499999999
ABGP0001967,1,2022,1924.419703
ABGP0001967,2,2022,1924.419703
ABGP0001967,3,2022,1924.419703
ABGP0001967,4,2022,1924.419703
ABGP0001967,5,2022,1924.419703
ABGP0001967,6,2022,1924.419703
ABGP0001967,7,2022,1924.419703
ABGP0001967,8,2022,1924.419703
ABGP0001967,9,2022,1924.419703
ABGP0001967,10,2022,1924.419703
ABGP0001967,11,2022,1924.419703
ABGP0001967,12,2022,1924.419703
ABGP0001967,1,2021,1739.1091883333331
ABGP0001967,2,2021,1739.1091883333331
ABGP0001967,3,2021,1739.1091883333331
ABGP0001967,4,2021,1739.1091883333331
ABGP0001967,5,2021,1739.1091883333331
ABGP0001967,6,2021,1739.1091883333331
ABGP0001967,7,2021,1739.1091883333331
ABGP0001967,8,2021,1739.1091883333331
ABGP0001967,9,2021,1739.1091883333331
ABGP0001967,10,2021,1739.1091883333331
ABGP0001967,11,2021,1739.1091883333331
ABGP0001967,12,2021,1739.1091883333331
ABGP0001967,1,2020,1345.6937500000001
ABGP0001967,2,2020,1345.6937500000001
ABGP0001967,3,2020,1345.6937500000001
ABGP0001967,4,2020,1345.6937500000001
ABGP0001967,5,2020,1345.6937500000001
ABGP0001967,6,2020,1345.6937500000001
ABGP0001967,7,2020,1345.6937500000001
ABGP0001967,8,2020,1345.6937500000001
ABGP0001967,9,2020,1345.6937500000001
ABGP0001967,10,2020,1345.6937500000001
ABGP0001967,11,2020,1345.6937500000001
ABGP0001967,12,2020,1345.6937500000001
ABGP0001967,1,2019,1766.7365
ABGP0001967,2,2019,1766.7365
ABGP0001967,3,2019,1766.7365
ABGP0001967,4,2019,1766.7365
ABGP0001967,5,2019,1766.7365
ABGP0001967,6,2019,1766.7365
ABGP0001967,7,2019,1766.7365
ABGP0001967,8,2019,1766.7365
ABGP0001967,9,2019,1766.7365
ABGP0001967,10,2019,1766.7365
ABGP0001967,11,2019,1766.7365
ABGP0001967,12,2019,1766.7365
ABGP0001967,1,2018,1880.0858333333333
ABGP0001967,2,2018,1880.0858333333333
ABGP0001967,3,2018,1880.0858333333333
ABGP0001967,4,2018,1880.0858333333333
ABGP0001967,5,2018,1880.0858333333333
ABGP0001967,6,2018,1880.0858333333333
ABGP0001967,7,2018,1880.0858333333333
ABGP0001967,8,2018,1880.0858333333333
ABGP0001967,9,2018,1880.0858333333333
ABGP0001967,10,2018,1880.0858333333333
ABGP0001967,11,2018,1880.0858333333333
ABGP0001967,12,2018,1880.0858333333333
ABGP0001970,1,2022,3293.9706908333333
ABGP0001970,2,2022,3293.9706908333333
ABGP0001970,3,2022,3293.9706908333333
ABGP0001970,4,2022,3293.9706908333333
ABGP0001970,5,2022,3293.9706908333333
ABGP0001970,6,2022,3293.9706908333333
ABGP0001970,7,2022,3293.9706908333333
ABGP0001970,8,2022,3293.9706908333333
ABGP0001970,9,2022,3293.9706908333333
ABGP0001970,10,2022,3293.9706908333333
ABGP0001970,11,2022,3293.9706908333333
ABGP0001970,12,2022,3293.9706908333333
ABGP0001970,1,2021,3332.674688333333
ABGP0001970,2,2021,3332.674688333333
ABGP0001970,3,2021,3332.674688333333
ABGP0001970,4,2021,3332.674688333333
ABGP0001970,5,2021,3332.674688333333
ABGP0001970,6,2021,3332.674688333333
ABGP0001970,7,2021,3332.674688333333
ABGP0001970,8,2021,3332.674688333333
ABGP0001970,9,2021,3332.674688333333
ABGP0001970,10,2021,3332.674688333333
ABGP0001970,11,2021,3332.674688333333
ABGP0001970,12,2021,3332.674688333333
ABGP0001970,1,2020,2741.0074999999997
ABGP0001970,2,2020,2741.0074999999997
ABGP0001970,3,2020,2741.0074999999997
ABGP0001970,4,2020,2741.0074999999997
ABGP0001970,5,2020,2741.0074999999997
ABGP0001970,6,2020,2741.0074999999997
ABGP0001970,7,2020,2741.0074999999997
ABGP0001970,8,2020,2741.0074999999997
ABGP0001970,9,2020,2741.0074999999997
ABGP0001970,10,2020,2741.0074999999997
ABGP0001970,11,2020,2741.0074999999997
ABGP0001970,12,2020,2741.0074999999997
ABGP0001970,1,2019,1511.3109166666666
ABGP0001970,2,2019,1511.3109166666666
ABGP0001970,3,2019,1511.3109166666666
ABGP0001970,4,2019,1511.3109166666666
ABGP0001970,5,2019,1511.3109166666666
ABGP0001970,6,2019,1511.3109166666666
ABGP0001970,7,2019,1511.3109166666666
ABGP0001970,8,2019,1511.3109166666666
ABGP0001970,9,2019,1511.3109166666666
ABGP0001970,10,2019,1511.3109166666666
ABGP0001970,11,2019,1511.3109166666666
ABGP0001970,12,2019,1511.3109166666666
ABGP0001970,1,2018,1795.4171666666668
ABGP0001970,2,2018,1795.4171666666668
ABGP0001970,3,2018,1795.4171666666668
ABGP0001970,4,2018,1795.4171666666668
ABGP0001970,5,2018,1795.4171666666668
ABGP0001970,6,2018,1795.4171666666668
ABGP0001970,7,2018,1795.4171666666668
ABGP0001970,8,2018,1795.4171666666668
ABGP0001970,9,2018,1795.4171666666668
ABGP0001970,10,2018,1795.4171666666668
ABGP0001970,11,2018,1795.4171666666668
ABGP0001970,12,2018,1795.4171666666668
ABGP0001970,1,2017,1570.5948333333333
ABGP0001970,2,2017,1570.5948333333333
ABGP0001970,3,2017,1570.5948333333333
ABGP0001970,4,2017,1570.5948333333333
ABGP0001970,5,2017,1570.5948333333333
ABGP0001970,6,2017,1570.5948333333333
ABGP0001970,7,2017,1570.5948333333333
ABGP0001970,8,2017,1570.5948333333333
ABGP0001970,9,2017,1570.5948333333333
ABGP0001970,10,2017,1570.5948333333333
ABGP0001970,11,2017,1570.5948333333333
ABGP0001970,12,2017,1570.5948333333333
ABGP0001987,1,2022,907.3140749999999
ABGP0001987,2,2022,907.3140749999999
ABGP0001987,3,2022,907.3140749999999
ABGP0001987,4,2022,907.3140749999999
ABGP0001987,5,2022,907.3140749999999
ABGP0001987,6,2022,907.3140749999999
ABGP0001987,7,2022,907.3140749999999
ABGP0001987,8,2022,907.3140749999999
ABGP0001987,9,2022,907.3140749999999
ABGP0001987,10,2022,907.3140749999999
ABGP0001987,11,2022,907.3140749999999
ABGP0001987,12,2022,907.3140749999999
ABGP0001987,1,2019,1041.8735
ABGP0001987,2,2019,1041.8735
ABGP0001987,3,2019,1041.8735
ABGP0001987,4,2019,1041.8735
ABGP0001987,5,2019,1041.8735
ABGP0001987,6,2019,1041.8735
ABGP0001987,7,2019,1041.8735
ABGP0001987,8,2019,1041.8735
ABGP0001987,9,2019,1041.8735
ABGP0001987,10,2019,1041.8735
ABGP0001987,11,2019,1041.8735
ABGP0001987,12,2019,1041.8735
ABGP0001987,1,2018,1144.0575000000001
ABGP0001987,2,2018,1144.0575000000001
ABGP0001987,3,2018,1144.0575000000001
ABGP0001987,4,2018,1144.0575000000001
ABGP0001987,5,2018,1144.0575000000001
ABGP0001987,6,2018,1144.0575000000001
ABGP0001987,7,2018,1144.0575000000001
ABGP0001987,8,2018,1144.0575000000001
ABGP0001987,9,2018,1144.0575000000001
ABGP0001987,10,2018,1144.0575000000001
ABGP0001987,11,2018,1144.0575000000001
ABGP0001987,12,2018,1144.0575000000001
ABGP0001987,1,2017,1303.1220833333334
ABGP0001987,2,2017,1303.1220833333334
ABGP0001987,3,2017,1303.1220833333334
ABGP0001987,4,2017,1303.1220833333334
ABGP0001987,5,2017,1303.1220833333334
ABGP0001987,6,2017,1303.1220833333334
ABGP0001987,7,2017,1303.1220833333334
ABGP0001987,8,2017,1303.1220833333334
ABGP0001987,9,2017,1303.1220833333334
ABGP0001987,10,2017,1303.1220833333334
ABGP0001987,11,2017,1303.1220833333334
ABGP0001987,12,2017,1303.1220833333334
ABGP0075995,1,2022,798.8118583333334
ABGP0075995,2,2022,798.8118583333334
ABGP0075995,3,2022,798.8118583333334
ABGP0075995,4,2022,798.8118583333334
ABGP0075995,5,2022,798.8118583333334
ABGP0075995,6,2022,798.8118583333334
ABGP0075995,7,2022,798.8118583333334
ABGP0075995,8,2022,798.8118583333334
ABGP0075995,9,2022,798.8118583333334
ABGP0075995,10,2022,798.8118583333334
ABGP0075995,11,2022,798.8118583333334
ABGP0075995,12,2022,798.8118583333334
ABGP0075995,1,2021,937.1346833333333
ABGP0075995,2,2021,937.1346833333333
ABGP0075995,3,2021,937.1346833333333
ABGP0075995,4,2021,937.1346833333333
ABGP0075995,5,2021,937.1346833333333
ABGP0075995,6,2021,937.1346833333333
ABGP0075995,7,2021,937.1346833333333
ABGP0075995,8,2021,937.1346833333333
ABGP0075995,9,2021,937.1346833333333
ABGP0075995,10,2021,937.1346833333333
ABGP0075995,11,2021,937.1346833333333
ABGP0075995,12,2021,937.1346833333333
ABGP0075995,1,2019,1254.8712416666667
ABGP0075995,2,2019,1254.8712416666667
ABGP0075995,3,2019,1254.8712416666667
ABGP0075995,4,2019,1254.8712416666667
ABGP0075995,5,2019,1254.8712416666667
ABGP0075995,6,2019,1254.8712416666667
ABGP0075995,7,2019,1254.8712416666667
ABGP0075995,8,2019,1254.8712416666667
ABGP0075995,9,2019,1254.8712416666667
ABGP0075995,10,2019,1254.8712416666667
ABGP0075995,11,2019,1254.8712416666667
ABGP0075995,12,2019,1254.8712416666667
ABGP0075995,1,2018,1506.5010666666667
ABGP0075995,2,2018,1506.5010666666667
ABGP0075995,3,2018,1506.5010666666667
ABGP0075995,4,2018,1506.5010666666667
ABGP0075995,5,2018,1506.5010666666667
ABGP0075995,6,2018,1506.5010666666667
ABGP0075995,7,2018,1506.5010666666667
ABGP0075995,8,2018,1506.5010666666667
ABGP0075995,9,2018,1506.5010666666667
ABGP0075995,10,2018,1506.5010666666667
ABGP0075995,11,2018,1506.5010666666667
ABGP0075995,12,2018,1506.5010666666667
ABGP0075995,1,2017,1323.1228416666665
ABGP0075995,2,2017,1323.1228416666665
ABGP0075995,3,2017,1323.1228416666665
ABGP0075995,4,2017,1323.1228416666665
ABGP0075995,5,2017,1323.1228416666665
ABGP0075995,6,2017,1323.1228416666665
ABGP0075995,7,2017,1323.1228416666665
ABGP0075995,8,2017,1323.1228416666665
ABGP0075995,9,2017,1323.1228416666665
ABGP0075995,10,2017,1323.1228416666665
ABGP0075995,11,2017,1323.1228416666665
ABGP0075995,12,2017,1323.1228416666665
ABGP0077266,1,2022,972.512025
ABGP0077266,2,2022,972.512025
ABGP0077266,3,2022,972.512025
ABGP0077266,4,2022,972.512025
ABGP0077266,5,2022,972.512025
ABGP0077266,6,2022,972.512025
ABGP0077266,7,2022,972.512025
ABGP0077266,8,2022,972.512025
ABGP0077266,9,2022,972.512025
ABGP0077266,10,2022,972.512025
ABGP0077266,11,2022,972.512025
ABGP0077266,12,2022,972.512025
ABGP0077266,1,2020,979.1653333333334
ABGP0077266,2,2020,979.1653333333334
ABGP0077266,3,2020,979.1653333333334
ABGP0077266,4,2020,979.1653333333334
ABGP0077266,5,2020,979.1653333333334
ABGP0077266,6,2020,979.1653333333334
ABGP0077266,7,2020,979.1653333333334
ABGP0077266,8,2020,979.1653333333334
ABGP0077266,9,2020,979.1653333333334
ABGP0077266,10,2020,979.1653333333334
ABGP0077266,11,2020,979.1653333333334
ABGP0077266,12,2020,979.1653333333334
ABGP0079061,1,2022,3174.8235
ABGP0079061,2,2022,3174.8235
ABGP0079061,3,2022,3174.8235
ABGP0079061,4,2022,3174.8235
ABGP0079061,5,2022,3174.8235
ABGP0079061,6,2022,3174.8235
ABGP0079061,7,2022,3174.8235
ABGP0079061,8,2022,3174.8235
ABGP0079061,9,2022,3174.8235
ABGP0079061,10,2022,3174.8235
ABGP0079061,11,2022,3174.8235
ABGP0079061,12,2022,3174.8235
ABGP0079061,1,2021,2355.786818
ABGP0079061,2,2021,2355.786818
ABGP0079061,3,2021,2355.786818
ABGP0079061,4,2021,2355.786818
ABGP0079061,5,2021,2355.786818
ABGP0079061,6,2021,2355.786818
ABGP0079061,7,2021,2355.786818
ABGP0079061,8,2021,2355.786818
ABGP0079061,9,2021,2355.786818
ABGP0079061,10,2021,2355.786818
ABGP0079061,11,2021,2355.786818
ABGP0079061,12,2021,2355.786818
ABGP0079061,1,2020,2389.3224999999998
ABGP0079061,2,2020,2389.3224999999998
ABGP0079061,3,2020,2389.3224999999998
ABGP0079061,4,2020,2389.3224999999998
ABGP0079061,5,2020,2389.3224999999998
ABGP0079061,6,2020,2389.3224999999998
ABGP0079061,7,2020,2389.3224999999998
ABGP0079061,8,2020,2389.3224999999998
ABGP0079061,9,2020,2389.3224999999998
ABGP0079061,10,2020,2389.3224999999998
ABGP0079061,11,2020,2389.3224999999998
ABGP0079061,12,2020,2389.3224999999998
ABGP0079061,1,2019,2870.101
ABGP0079061,2,2019,2870.101
ABGP0079061,3,2019,2870.101
ABGP0079061,4,2019,2870.101
ABGP0079061,5,2019,2870.101
ABGP0079061,6,2019,2870.101
ABGP0079061,7,2019,2870.101
ABGP0079061,8,2019,2870.101
ABGP0079061,9,2019,2870.101
ABGP0079061,10,2019,2870.101
ABGP0079061,11,2019,2870.101
ABGP0079061,12,2019,2870.101
ABGP0079061,1,2018,2957.0965
ABGP0079061,2,2018,2957.0965
ABGP0079061,3,2018,2957.0965
ABGP0079061,4,2018,2957.0965
ABGP0079061,5,2018,2957.0965
ABGP0079061,6,2018,2957.0965
ABGP0079061,7,2018,2957.0965
ABGP0079061,8,2018,2957.0965
ABGP0079061,9,2018,2957.0965
ABGP0079061,10,2018,2957.0965
ABGP0079061,11,2018,2957.0965
ABGP0079061,12,2018,2957.0965
ABGP0079061,1,2017,3650.9292499999997
ABGP0079061,2,2017,3650.9292499999997
ABGP0079061,3,2017,3650.9292499999997
ABGP0079061,4,2017,3650.9292499999997
ABGP0079061,5,2017,3650.9292499999997
ABGP0079061,6,2017,3650.9292499999997
ABGP0079061,7,2017,3650.9292499999997
ABGP0079061,8,2017,3650.9292499999997
ABGP0079061,9,2017,3650.9292499999997
ABGP0079061,10,2017,3650.9292499999997
ABGP0079061,11,2017,3650.9292499999997
ABGP0079061,12,2017,3650.9292499999997
ABGP0079260,1,2022,1086.3485916666666
ABGP0079260,2,2022,1086.3485916666666
ABGP0079260,3,2022,1086.3485916666666
ABGP0079260,4,2022,1086.3485916666666
ABGP0079260,5,2022,1086.3485916666666
ABGP0079260,6,2022,1086.3485916666666
ABGP0079260,7,2022,1086.3485916666666
ABGP0079260,8,2022,1086.3485916666666
ABGP0079260,9,2022,1086.3485916666666
ABGP0079260,10,2022,1086.3485916666666
ABGP0079260,11,2022,1086.3485916666666
ABGP0079260,12,2022,1086.3485916666666
ABGP0079260,1,2021,957.1746833333333
ABGP0079260,2,2021,957.1746833333333
ABGP0079260,3,2021,957.1746833333333
ABGP0079260,4,2021,957.1746833333333
ABGP0079260,5,2021,957.1746833333333
ABGP0079260,6,2021,957.1746833333333
ABGP0079260,7,2021,957.1746833333333
ABGP0079260,8,2021,957.1746833333333
ABGP0079260,9,2021,957.1746833333333
ABGP0079260,10,2021,957.1746833333333
ABGP0079260,11,2021,957.1746833333333
ABGP0079260,12,2021,957.1746833333333
ABGP0079260,1,2020,998.6372
ABGP0079260,2,2020,998.6372
ABGP0079260,3,2020,998.6372
ABGP0079260,4,2020,998.6372
ABGP0079260,5,2020,998.6372
ABGP0079260,6,2020,998.6372
ABGP0079260,7,2020,998.6372
ABGP0079260,8,2020,998.6372
ABGP0079260,9,2020,998.6372
ABGP0079260,10,2020,998.6372
ABGP0079260,11,2020,998.6372
ABGP0079260,12,2020,998.6372
ABGP0079260,1,2019,1307.9103166666666
ABGP0079260,2,2019,1307.9103166666666
ABGP0079260,3,2019,1307.9103166666666
ABGP0079260,4,2019,1307.9103166666666
ABGP0079260,5,2019,1307.9103166666666
ABGP0079260,6,2019,1307.9103166666666
ABGP0079260,7,2019,1307.9103166666666
ABGP0079260,8,2019,1307.9103166666666
ABGP0079260,9,2019,1307.9103166666666
ABGP0079260,10,2019,1307.9103166666666
ABGP0079260,11,2019,1307.9103166666666
ABGP0079260,12,2019,1307.9103166666666
ABGP0079260,1,2018,1525.7355616666666
ABGP0079260,2,2018,1525.7355616666666
ABGP0079260,3,2018,1525.7355616666666
ABGP0079260,4,2018,1525.7355616666666
ABGP0079260,5,2018,1525.7355616666666
ABGP0079260,6,2018,1525.7355616666666
ABGP0079260,7,2018,1525.7355616666666
ABGP0079260,8,2018,1525.7355616666666
ABGP0079260,9,2018,1525.7355616666666
ABGP0079260,10,2018,1525.7355616666666
ABGP0079260,11,2018,1525.7355616666666
ABGP0079260,12,2018,1525.7355616666666
ABGP0079260,1,2017,1330.6225
ABGP0079260,2,2017,1330.6225
ABGP0079260,3,2017,1330.6225
ABGP0079260,4,2017,1330.6225
ABGP0079260,5,2017,1330.6225
ABGP0079260,6,2017,1330.6225
ABGP0079260,7,2017,1330.6225
ABGP0079260,8,2017,1330.6225
ABGP0079260,9,2017,1330.6225
ABGP0079260,10,2017,1330.6225
ABGP0079260,11,2017,1330.6225
ABGP0079260,12,2017,1330.6225
ABGP0080187,1,2022,1065.5160916666666
ABGP0080187,2,2022,1065.5160916666666
ABGP0080187,3,2022,1065.5160916666666
ABGP0080187,4,2022,1065.5160916666666
ABGP0080187,5,2022,1065.5160916666666
ABGP0080187,6,2022,1065.5160916666666
ABGP0080187,7,2022,1065.5160916666666
ABGP0080187,8,2022,1065.5160916666666
ABGP0080187,9,2022,1065.5160916666666
ABGP0080187,10,2022,1065.5160916666666
ABGP0080187,11,2022,1065.5160916666666
ABGP0080187,12,2022,1065.5160916666666
ABGP0080187,1,2021,1243.431425
ABGP0080187,2,2021,1243.431425
ABGP0080187,3,2021,1243.431425
ABGP0080187,4,2021,1243.431425
ABGP0080187,5,2021,1243.431425
ABGP0080187,6,2021,1243.431425
ABGP0080187,7,2021,1243.431425
ABGP0080187,8,2021,1243.431425
ABGP0080187,9,2021,1243.431425
ABGP0080187,10,2021,1243.431425
ABGP0080187,11,2021,1243.431425
ABGP0080187,12,2021,1243.431425
ABGP0080187,1,2020,1211.831103
ABGP0080187,2,2020,1211.831103
ABGP0080187,3,2020,1211.831103
ABGP0080187,4,2020,1211.831103
ABGP0080187,5,2020,1211.831103
ABGP0080187,6,2020,1211.831103
ABGP0080187,7,2020,1211.831103
ABGP0080187,8,2020,1211.831103
ABGP0080187,9,2020,1211.831103
ABGP0080187,10,2020,1211.831103
ABGP0080187,11,2020,1211.831103
ABGP0080187,12,2020,1211.831103
ABGP0080187,1,2019,1388.3110666666669
ABGP0080187,2,2019,1388.3110666666669
ABGP0080187,3,2019,1388.3110666666669
ABGP0080187,4,2019,1388.3110666666669
ABGP0080187,5,2019,1388.3110666666669
ABGP0080187,6,2019,1388.3110666666669
ABGP0080187,7,2019,1388.3110666666669
ABGP0080187,8,2019,1388.3110666666669
ABGP0080187,9,2019,1388.3110666666669
ABGP0080187,10,2019,1388.3110666666669
ABGP0080187,11,2019,1388.3110666666669
ABGP0080187,12,2019,1388.3110666666669
ABGP0080187,1,2018,1345.0770833333333
ABGP0080187,2,2018,1345.0770833333333
ABGP0080187,3,2018,1345.0770833333333
ABGP0080187,4,2018,1345.0770833333333
ABGP0080187,5,2018,1345.0770833333333
ABGP0080187,6,2018,1345.0770833333333
ABGP0080187,7,2018,1345.0770833333333
ABGP0080187,8,2018,1345.0770833333333
ABGP0080187,9,2018,1345.0770833333333
ABGP0080187,10,2018,1345.0770833333333
ABGP0080187,11,2018,1345.0770833333333
ABGP0080187,12,2018,1345.0770833333333
ABGP0080187,1,2017,1212.4630416666666
ABGP0080187,2,2017,1212.4630416666666
ABGP0080187,3,2017,1212.4630416666666
ABGP0080187,4,2017,1212.4630416666666
ABGP0080187,5,2017,1212.4630416666666
ABGP0080187,6,2017,1212.4630416666666
ABGP0080187,7,2017,1212.4630416666666
ABGP0080187,8,2017,1212.4630416666666
ABGP0080187,9,2017,1212.4630416666666
ABGP0080187,10,2017,1212.4630416666666
ABGP0080187,11,2017,1212.4630416666666
ABGP0080187,12,2017,1212.4630416666666
ABGP0081174,1,2022,1702.5444916666665
ABGP0081174,2,2022,1702.5444916666665
ABGP0081174,3,2022,1702.5444916666665
ABGP0081174,4,2022,1702.5444916666665
ABGP0081174,5,2022,1702.5444916666665
ABGP0081174,6,2022,1702.5444916666665
ABGP0081174,7,2022,1702.5444916666665
ABGP0081174,8,2022,1702.5444916666665
ABGP0081174,9,2022,1702.5444916666665
ABGP0081174,10,2022,1702.5444916666665
ABGP0081174,11,2022,1702.5444916666665
ABGP0081174,12,2022,1702.5444916666665
ABGP0081174,1,2021,2323.4350916666667
ABGP0081174,2,2021,2323.4350916666667
ABGP0081174,3,2021,2323.4350916666667
ABGP0081174,4,2021,2323.4350916666667
ABGP0081174,5,2021,2323.4350916666667
ABGP0081174,6,2021,2323.4350916666667
ABGP0081174,7,2021,2323.4350916666667
ABGP0081174,8,2021,2323.4350916666667
ABGP0081174,9,2021,2323.4350916666667
ABGP0081174,10,2021,2323.4350916666667
ABGP0081174,11,2021,2323.4350916666667
ABGP0081174,12,2021,2323.4350916666667
ABGP0081174,1,2020,3297.220633333333
ABGP0081174,2,2020,3297.220633333333
ABGP0081174,3,2020,3297.220633333333
ABGP0081174,4,2020,3297.220633333333
ABGP0081174,5,2020,3297.220633333333
ABGP0081174,6,2020,3297.220633333333
ABGP0081174,7,2020,3297.220633333333
ABGP0081174,8,2020,3297.220633333333
ABGP0081174,9,2020,3297.220633333333
ABGP0081174,10,2020,3297.220633333333
ABGP0081174,11,2020,3297.220633333333
ABGP0081174,12,2020,3297.220633333333
ABGP0081174,1,2019,2457.3851666666665
ABGP0081174,2,2019,2457.3851666666665
ABGP0081174,3,2019,2457.3851666666665
ABGP0081174,4,2019,2457.3851666666665
ABGP0081174,5,2019,2457.3851666666665
ABGP0081174,6,2019,2457.3851666666665
ABGP0081174,7,2019,2457.3851666666665
ABGP0081174,8,2019,2457.3851666666665
ABGP0081174,9,2019,2457.3851666666665
ABGP0081174,10,2019,2457.3851666666665
ABGP0081174,11,2019,2457.3851666666665
ABGP0081174,12,2019,2457.3851666666665
ABGP0081174,1,2018,1719.2351166666667
ABGP0081174,2,2018,1719.2351166666667
ABGP0081174,3,2018,1719.2351166666667
ABGP0081174,4,2018,1719.2351166666667
ABGP0081174,5,2018,1719.2351166666667
ABGP0081174,6,2018,1719.2351166666667
ABGP0081174,7,2018,1719.2351166666667
ABGP0081174,8,2018,1719.2351166666667
ABGP0081174,9,2018,1719.2351166666667
ABGP0081174,10,2018,1719.2351166666667
ABGP0081174,11,2018,1719.2351166666667
ABGP0081174,12,2018,1719.2351166666667
ABGP0081174,1,2017,1688.7365916666668
ABGP0081174,2,2017,1688.7365916666668
ABGP0081174,3,2017,1688.7365916666668
ABGP0081174,4,2017,1688.7365916666668
ABGP0081174,5,2017,1688.7365916666668
ABGP0081174,6,2017,1688.7365916666668
ABGP0081174,7,2017,1688.7365916666668
ABGP0081174,8,2017,1688.7365916666668
ABGP0081174,9,2017,1688.7365916666668
ABGP0081174,10,2017,1688.7365916666668
ABGP0081174,11,2017,1688.7365916666668
ABGP0081174,12,2017,1688.7365916666668
ABGP0082304,1,2022,872.7023133333333
ABGP0082304,2,2022,872.7023133333333
ABGP0082304,3,2022,872.7023133333333
ABGP0082304,4,2022,872.7023133333333
ABGP0082304,5,2022,872.7023133333333
ABGP0082304,6,2022,872.7023133333333
ABGP0082304,7,2022,872.7023133333333
ABGP0082304,8,2022,872.7023133333333
ABGP0082304,9,2022,872.7023133333333
ABGP0082304,10,2022,872.7023133333333
ABGP0082304,11,2022,872.7023133333333
ABGP0082304,12,2022,872.7023133333333
ABGP0082304,1,2020,1230.71875
ABGP0082304,2,2020,1230.71875
ABGP0082304,3,2020,1230.71875
ABGP0082304,4,2020,1230.71875
ABGP0082304,5,2020,1230.71875
ABGP0082304,6,2020,1230.71875
ABGP0082304,7,2020,1230.71875
ABGP0082304,8,2020,1230.71875
ABGP0082304,9,2020,1230.71875
ABGP0082304,10,2020,1230.71875
ABGP0082304,11,2020,1230.71875
ABGP0082304,12,2020,1230.71875
ABGP0082304,1,2019,1487.1839166666666
ABGP0082304,2,2019,1487.1839166666666
ABGP0082304,3,2019,1487.1839166666666
ABGP0082304,4,2019,1487.1839166666666
ABGP0082304,5,2019,1487.1839166666666
ABGP0082304,6,2019,1487.1839166666666
ABGP0082304,7,2019,1487.1839166666666
ABGP0082304,8,2019,1487.1839166666666
ABGP0082304,9,2019,1487.1839166666666
ABGP0082304,10,2019,1487.1839166666666
ABGP0082304,11,2019,1487.1839166666666
ABGP0082304,12,2019,1487.1839166666666
ABGP0082304,1,2018,1454.6089166666668
ABGP0082304,2,2018,1454.6089166666668
ABGP0082304,3,2018,1454.6089166666668
ABGP0082304,4,2018,1454.6089166666668
ABGP0082304,5,2018,1454.6089166666668
ABGP0082304,6,2018,1454.6089166666668
ABGP0082304,7,2018,1454.6089166666668
ABGP0082304,8,2018,1454.6089166666668
ABGP0082304,9,2018,1454.6089166666668
ABGP0082304,10,2018,1454.6089166666668
ABGP0082304,11,2018,1454.6089166666668
ABGP0082304,12,2018,1454.6089166666668
ABGP0084773,1,2022,2320.8343666666665
ABGP0084773,2,2022,2320.8343666666665
ABGP0084773,3,2022,2320.8343666666665
ABGP0084773,4,2022,2320.8343666666665
ABGP0084773,5,2022,2320.8343666666665
ABGP0084773,6,2022,2320.8343666666665
ABGP0084773,7,2022,2320.8343666666665
ABGP0084773,8,2022,2320.8343666666665
ABGP0084773,9,2022,2320.8343666666665
ABGP0084773,10,2022,2320.8343666666665
ABGP0084773,11,2022,2320.8343666666665
ABGP0084773,12,2022,2320.8343666666665
ABGP0084773,1,2021,2289.1844666666666
ABGP0084773,2,2021,2289.1844666666666
ABGP0084773,3,2021,2289.1844666666666
ABGP0084773,4,2021,2289.1844666666666
ABGP0084773,5,2021,2289.1844666666666
ABGP0084773,6,2021,2289.1844666666666
ABGP0084773,7,2021,2289.1844666666666
ABGP0084773,8,2021,2289.1844666666666
ABGP0084773,9,2021,2289.1844666666666
ABGP0084773,10,2021,2289.1844666666666
ABGP0084773,11,2021,2289.1844666666666
ABGP0084773,12,2021,2289.1844666666666
ABGP0084773,1,2020,2167.3540383333334
ABGP0084773,2,2020,2167.3540383333334
ABGP0084773,3,2020,2167.3540383333334
ABGP0084773,4,2020,2167.3540383333334
ABGP0084773,5,2020,2167.3540383333334
ABGP0084773,6,2020,2167.3540383333334
ABGP0084773,7,2020,2167.3540383333334
ABGP0084773,8,2020,2167.3540383333334
ABGP0084773,9,2020,2167.3540383333334
ABGP0084773,10,2020,2167.3540383333334
ABGP0084773,11,2020,2167.3540383333334
ABGP0084773,12,2020,2167.3540383333334
ABGP0084773,1,2019,2512.144041666667
ABGP0084773,2,2019,2512.144041666667
ABGP0084773,3,2019,2512.144041666667
ABGP0084773,4,2019,2512.144041666667
ABGP0084773,5,2019,2512.144041666667
ABGP0084773,6,2019,2512.144041666667
ABGP0084773,7,2019,2512.144041666667
ABGP0084773,8,2019,2512.144041666667
ABGP0084773,9,2019,2512.144041666667
ABGP0084773,10,2019,2512.144041666667
ABGP0084773,11,2019,2512.144041666667
ABGP0084773,12,2019,2512.144041666667
ABGP0084773,1,2018,1674.8185166666665
ABGP0084773,2,2018,1674.8185166666665
ABGP0084773,3,2018,1674.8185166666665
ABGP0084773,4,2018,1674.8185166666665
ABGP0084773,5,2018,1674.8185166666665
ABGP0084773,6,2018,1674.8185166666665
ABGP0084773,7,2018,1674.8185166666665
ABGP0084773,8,2018,1674.8185166666665
ABGP0084773,9,2018,1674.8185166666665
ABGP0084773,10,2018,1674.8185166666665
ABGP0084773,11,2018,1674.8185166666665
ABGP0084773,12,2018,1674.8185166666665
ABGP0084773,1,2017,1434.74665
ABGP0084773,2,2017,1434.74665
ABGP0084773,3,2017,1434.74665
ABGP0084773,4,2017,1434.74665
ABGP0084773,5,2017,1434.74665
ABGP0084773,6,2017,1434.74665
ABGP0084773,7,2017,1434.74665
ABGP0084773,8,2017,1434.74665
ABGP0084773,9,2017,1434.74665
ABGP0084773,10,2017,1434.74665
ABGP0084773,11,2017,1434.74665
ABGP0084773,12,2017,1434.74665
ABGP0085152,1,2022,1359.7749208333332
ABGP0085152,2,2022,1359.7749208333332
ABGP0085152,3,2022,1359.7749208333332
ABGP0085152,4,2022,1359.7749208333332
ABGP0085152,5,2022,1359.7749208333332
ABGP0085152,6,2022,1359.7749208333332
ABGP0085152,7,2022,1359.7749208333332
ABGP0085152,8,2022,1359.7749208333332
ABGP0085152,9,2022,1359.7749208333332
ABGP0085152,10,2022,1359.7749208333332
ABGP0085152,11,2022,1359.7749208333332
ABGP0085152,12,2022,1359.7749208333332
ABGP0086640,1,2019,881.1566666666666
ABGP0086640,2,2019,881.1566666666666
ABGP0086640,3,2019,881.1566666666666
ABGP0086640,4,2019,881.1566666666666
ABGP0086640,5,2019,881.1566666666666
ABGP0086640,6,2019,881.1566666666666
ABGP0086640,7,2019,881.1566666666666
ABGP0086640,8,2019,881.1566666666666
ABGP0086640,9,2019,881.1566666666666
ABGP0086640,10,2019,881.1566666666666
ABGP0086640,11,2019,881.1566666666666
ABGP0086640,12,2019,881.1566666666666
ABGP0086640,1,2017,887.6202666666667
ABGP0086640,2,2017,887.6202666666667
ABGP0086640,3,2017,887.6202666666667
ABGP0086640,4,2017,887.6202666666667
ABGP0086640,5,2017,887.6202666666667
ABGP0086640,6,2017,887.6202666666667
ABGP0086640,7,2017,887.6202666666667
ABGP0086640,8,2017,887.6202666666667
ABGP0086640,9,2017,887.6202666666667
ABGP0086640,10,2017,887.6202666666667
ABGP0086640,11,2017,887.6202666666667
ABGP0086640,12,2017,887.6202666666667
ABGP0086745,1,2018,970.7924800000001
ABGP0086745,2,2018,970.7924800000001
ABGP0086745,3,2018,970.7924800000001
ABGP0086745,4,2018,970.7924800000001
ABGP0086745,5,2018,970.7924800000001
ABGP0086745,6,2018,970.7924800000001
ABGP0086745,7,2018,970.7924800000001
ABGP0086745,8,2018,970.7924800000001
ABGP0086745,9,2018,970.7924800000001
ABGP0086745,10,2018,970.7924800000001
ABGP0086745,11,2018,970.7924800000001
ABGP0086745,12,2018,970.7924800000001
ABGP0087651,1,2022,1068.6666666666667
ABGP0087651,2,2022,1068.6666666666667
ABGP0087651,3,2022,1068.6666666666667
ABGP0087651,4,2022,1068.6666666666667
ABGP0087651,5,2022,1068.6666666666667
ABGP0087651,6,2022,1068.6666666666667
ABGP0087651,7,2022,1068.6666666666667
ABGP0087651,8,2022,1068.6666666666667
ABGP0087651,9,2022,1068.6666666666667
ABGP0087651,10,2022,1068.6666666666667
ABGP0087651,11,2022,1068.6666666666667
ABGP0087651,12,2022,1068.6666666666667
ABGP0087651,1,2021,982.6999999999999
ABGP0087651,2,2021,982.6999999999999
ABGP0087651,3,2021,982.6999999999999
ABGP0087651,4,2021,982.6999999999999
ABGP0087651,5,2021,982.6999999999999
ABGP0087651,6,2021,982.6999999999999
ABGP0087651,7,2021,982.6999999999999
ABGP0087651,8,2021,982.6999999999999
ABGP0087651,9,2021,982.6999999999999
ABGP0087651,10,2021,982.6999999999999
ABGP0087651,11,2021,982.6999999999999
ABGP0087651,12,2021,982.6999999999999
ABGP0087651,1,2020,1612.5333333333335
ABGP0087651,2,2020,1612.5333333333335
ABGP0087651,3,2020,1612.5333333333335
ABGP0087651,4,2020,1612.5333333333335
ABGP0087651,5,2020,1612.5333333333335
ABGP0087651,6,2020,1612.5333333333335
ABGP0087651,7,2020,1612.5333333333335
ABGP0087651,8,2020,1612.5333333333335
ABGP0087651,9,2020,1612.5333333333335
ABGP0087651,10,2020,1612.5333333333335
ABGP0087651,11,2020,1612.5333333333335
ABGP0087651,12,2020,1612.5333333333335
ABGP0087651,1,2019,1085.1715308333335
ABGP0087651,2,2019,1085.1715308333335
ABGP0087651,3,2019,1085.1715308333335
ABGP0087651,4,2019,1085.1715308333335
ABGP0087651,5,2019,1085.1715308333335
ABGP0087651,6,2019,1085.1715308333335
ABGP0087651,7,2019,1085.1715308333335
ABGP0087651,8,2019,1085.1715308333335
ABGP0087651,9,2019,1085.1715308333335
ABGP0087651,10,2019,1085.1715308333335
ABGP0087651,11,2019,1085.1715308333335
ABGP0087651,12,2019,1085.1715308333335
ABGP0087651,1,2018,1609.0766491666666
ABGP0087651,2,2018,1609.0766491666666
ABGP0087651,3,2018,1609.0766491666666
ABGP0087651,4,2018,1609.0766491666666
ABGP0087651,5,2018,1609.0766491666666
ABGP0087651,6,2018,1609.0766491666666
ABGP0087651,7,2018,1609.0766491666666
ABGP0087651,8,2018,1609.0766491666666
ABGP0087651,9,2018,1609.0766491666666
ABGP0087651,10,2018,1609.0766491666666
ABGP0087651,11,2018,1609.0766491666666
ABGP0087651,12,2018,1609.0766491666666
ABGP0087651,1,2017,1465.9137325000002
ABGP0087651,2,2017,1465.9137325000002
ABGP0087651,3,2017,1465.9137325000002
ABGP0087651,4,2017,1465.9137325000002
ABGP0087651,5,2017,1465.9137325000002
ABGP0087651,6,2017,1465.9137325000002
ABGP0087651,7,2017,1465.9137325000002
ABGP0087651,8,2017,1465.9137325000002
ABGP0087651,9,2017,1465.9137325000002
ABGP0087651,10,2017,1465.9137325000002
ABGP0087651,11,2017,1465.9137325000002
ABGP0087651,12,2017,1465.9137325000002
ABGP0087677,1,2022,2056.7025058333334
ABGP0087677,2,2022,2056.7025058333334
ABGP0087677,3,2022,2056.7025058333334
ABGP0087677,4,2022,2056.7025058333334
ABGP0087677,5,2022,2056.7025058333334
ABGP0087677,6,2022,2056.7025058333334
ABGP0087677,7,2022,2056.7025058333334
ABGP0087677,8,2022,2056.7025058333334
ABGP0087677,9,2022,2056.7025058333334
ABGP0087677,10,2022,2056.7025058333334
ABGP0087677,11,2022,2056.7025058333334
ABGP0087677,12,2022,2056.7025058333334
ABGP0087677,1,2021,1354.961745
ABGP0087677,2,2021,1354.961745
ABGP0087677,3,2021,1354.961745
ABGP0087677,4,2021,1354.961745
ABGP0087677,5,2021,1354.961745
ABGP0087677,6,2021,1354.961745
ABGP0087677,7,2021,1354.961745
ABGP0087677,8,2021,1354.961745
ABGP0087677,9,2021,1354.961745
ABGP0087677,10,2021,1354.961745
ABGP0087677,11,2021,1354.961745
ABGP0087677,12,2021,1354.961745
ABGP0087677,1,2020,1781.7353958333333
ABGP0087677,2,2020,1781.7353958333333
ABGP0087677,3,2020,1781.7353958333333
ABGP0087677,4,2020,1781.7353958333333
ABGP0087677,5,2020,1781.7353958333333
ABGP0087677,6,2020,1781.7353958333333
ABGP0087677,7,2020,1781.7353958333333
ABGP0087677,8,2020,1781.7353958333333
ABGP0087677,9,2020,1781.7353958333333
ABGP0087677,10,2020,1781.7353958333333
ABGP0087677,11,2020,1781.7353958333333
ABGP0087677,12,2020,1781.7353958333333
ABGP0087677,1,2019,3242.625
ABGP0087677,2,2019,3242.625
ABGP0087677,3,2019,3242.625
ABGP0087677,4,2019,3242.625
ABGP0087677,5,2019,3242.625
ABGP0087677,6,2019,3242.625
ABGP0087677,7,2019,3242.625
ABGP0087677,8,2019,3242.625
ABGP0087677,9,2019,3242.625
ABGP0087677,10,2019,3242.625
ABGP0087677,11,2019,3242.625
ABGP0087677,12,2019,3242.625
ABGP0087677,1,2018,2051.3608333333336
ABGP0087677,2,2018,2051.3608333333336
ABGP0087677,3,2018,2051.3608333333336
ABGP0087677,4,2018,2051.3608333333336
ABGP0087677,5,2018,2051.3608333333336
ABGP0087677,6,2018,2051.3608333333336
ABGP0087677,7,2018,2051.3608333333336
ABGP0087677,8,2018,2051.3608333333336
ABGP0087677,9,2018,2051.3608333333336
ABGP0087677,10,2018,2051.3608333333336
ABGP0087677,11,2018,2051.3608333333336
ABGP0087677,12,2018,2051.3608333333336
ABGP0087677,1,2017,2400.0751583333335
ABGP0087677,2,2017,2400.0751583333335
ABGP0087677,3,2017,2400.0751583333335
ABGP0087677,4,2017,2400.0751583333335
ABGP0087677,5,2017,2400.0751583333335
ABGP0087677,6,2017,2400.0751583333335
ABGP0087677,7,2017,2400.0751583333335
ABGP0087677,8,2017,2400.0751583333335
ABGP0087677,9,2017,2400.0751583333335
ABGP0087677,10,2017,2400.0751583333335
ABGP0087677,11,2017,2400.0751583333335
ABGP0087677,12,2017,2400.0751583333335
ABGP0088446,1,2022,2186.7015
ABGP0088446,2,2022,2186.7015
ABGP0088446,3,2022,2186.7015
ABGP0088446,4,2022,2186.7015
ABGP0088446,5,2022,2186.7015
ABGP0088446,6,2022,2186.7015
ABGP0088446,7,2022,2186.7015
ABGP0088446,8,2022,2186.7015
ABGP0088446,9,2022,2186.7015
ABGP0088446,10,2022,2186.7015
ABGP0088446,11,2022,2186.7015
ABGP0088446,12,2022,2186.7015
ABGP0088446,1,2021,1950.299943
ABGP0088446,2,2021,1950.299943
ABGP0088446,3,2021,1950.299943
ABGP0088446,4,2021,1950.299943
ABGP0088446,5,2021,1950.299943
ABGP0088446,6,2021,1950.299943
ABGP0088446,7,2021,1950.299943
ABGP0088446,8,2021,1950.299943
ABGP0088446,9,2021,1950.299943
ABGP0088446,10,2021,1950.299943
ABGP0088446,11,2021,1950.299943
ABGP0088446,12,2021,1950.299943
ABGP0088446,1,2020,1851.7064166666667
ABGP0088446,2,2020,1851.7064166666667
ABGP0088446,3,2020,1851.7064166666667
ABGP0088446,4,2020,1851.7064166666667
ABGP0088446,5,2020,1851.7064166666667
ABGP0088446,6,2020,1851.7064166666667
ABGP0088446,7,2020,1851.7064166666667
ABGP0088446,8,2020,1851.7064166666667
ABGP0088446,9,2020,1851.7064166666667
ABGP0088446,10,2020,1851.7064166666667
ABGP0088446,11,2020,1851.7064166666667
ABGP0088446,12,2020,1851.7064166666667
ABGP0088446,1,2019,1553.2376666666667
ABGP0088446,2,2019,1553.2376666666667
ABGP0088446,3,2019,1553.2376666666667
ABGP0088446,4,2019,1553.2376666666667
ABGP0088446,5,2019,1553.2376666666667
ABGP0088446,6,2019,1553.2376666666667
ABGP0088446,7,2019,1553.2376666666667
ABGP0088446,8,2019,1553.2376666666667
ABGP0088446,9,2019,1553.2376666666667
ABGP0088446,10,2019,1553.2376666666667
ABGP0088446,11,2019,1553.2376666666667
ABGP0088446,12,2019,1553.2376666666667
ABGP0088446,1,2018,1787.962083333333
ABGP0088446,2,2018,1787.962083333333
ABGP0088446,3,2018,1787.962083333333
ABGP0088446,4,2018,1787.962083333333
ABGP0088446,5,2018,1787.962083333333
ABGP0088446,6,2018,1787.962083333333
ABGP0088446,7,2018,1787.962083333333
ABGP0088446,8,2018,1787.962083333333
ABGP0088446,9,2018,1787.962083333333
ABGP0088446,10,2018,1787.962083333333
ABGP0088446,11,2018,1787.962083333333
ABGP0088446,12,2018,1787.962083333333
ABGP0088446,1,2017,2628.7718333333332
ABGP0088446,2,2017,2628.7718333333332
ABGP0088446,3,2017,2628.7718333333332
ABGP0088446,4,2017,2628.7718333333332
ABGP0088446,5,2017,2628.7718333333332
ABGP0088446,6,2017,2628.7718333333332
ABGP0088446,7,2017,2628.7718333333332
ABGP0088446,8,2017,2628.7718333333332
ABGP0088446,9,2017,2628.7718333333332
ABGP0088446,10,2017,2628.7718333333332
ABGP0088446,11,2017,2628.7718333333332
ABGP0088446,12,2017,2628.7718333333332
ABGP0088516,1,2018,817.0174571666666
ABGP0088516,2,2018,817.0174571666666
ABGP0088516,3,2018,817.0174571666666
ABGP0088516,4,2018,817.0174571666666
ABGP0088516,5,2018,817.0174571666666
ABGP0088516,6,2018,817.0174571666666
ABGP0088516,7,2018,817.0174571666666
ABGP0088516,8,2018,817.0174571666666
ABGP0088516,9,2018,817.0174571666666
ABGP0088516,10,2018,817.0174571666666
ABGP0088516,11,2018,817.0174571666666
ABGP0088516,12,2018,817.0174571666666
ABGP0089018,1,2022,4273.190683333333
ABGP0089018,2,2022,4273.190683333333
ABGP0089018,3,2022,4273.190683333333
ABGP0089018,4,2022,4273.190683333333
ABGP0089018,5,2022,4273.190683333333
ABGP0089018,6,2022,4273.190683333333
ABGP0089018,7,2022,4273.190683333333
ABGP0089018,8,2022,4273.190683333333
ABGP0089018,9,2022,4273.190683333333
ABGP0089018,10,2022,4273.190683333333
ABGP0089018,11,2022,4273.190683333333
ABGP0089018,12,2022,4273.190683333333
ABGP0089018,1,2021,4127.3022
ABGP0089018,2,2021,4127.3022
ABGP0089018,3,2021,4127.3022
ABGP0089018,4,2021,4127.3022
ABGP0089018,5,2021,4127.3022
ABGP0089018,6,2021,4127.3022
ABGP0089018,7,2021,4127.3022
ABGP0089018,8,2021,4127.3022
ABGP0089018,9,2021,4127.3022
ABGP0089018,10,2021,4127.3022
ABGP0089018,11,2021,4127.3022
ABGP0089018,12,2021,4127.3022
ABGP0089018,1,2020,4095.0386466666664
ABGP0089018,2,2020,4095.0386466666664
ABGP0089018,3,2020,4095.0386466666664
ABGP0089018,4,2020,4095.0386466666664
ABGP0089018,5,2020,4095.0386466666664
ABGP0089018,6,2020,4095.0386466666664
ABGP0089018,7,2020,4095.0386466666664
ABGP0089018,8,2020,4095.0386466666664
ABGP0089018,9,2020,4095.0386466666664
ABGP0089018,10,2020,4095.0386466666664
ABGP0089018,11,2020,4095.0386466666664
ABGP0089018,12,2020,4095.0386466666664
ABGP0089018,1,2019,3781.9318500000004
ABGP0089018,2,2019,3781.9318500000004
ABGP0089018,3,2019,3781.9318500000004
ABGP0089018,4,2019,3781.9318500000004
ABGP0089018,5,2019,3781.9318500000004
ABGP0089018,6,2019,3781.9318500000004
ABGP0089018,7,2019,3781.9318500000004
ABGP0089018,8,2019,3781.9318500000004
ABGP0089018,9,2019,3781.9318500000004
ABGP0089018,10,2019,3781.9318500000004
ABGP0089018,11,2019,3781.9318500000004
ABGP0089018,12,2019,3781.9318500000004
ABGP0089018,1,2018,3257.5240183333335
ABGP0089018,2,2018,3257.5240183333335
ABGP0089018,3,2018,3257.5240183333335
ABGP0089018,4,2018,3257.5240183333335
ABGP0089018,5,2018,3257.5240183333335
ABGP0089018,6,2018,3257.5240183333335
ABGP0089018,7,2018,3257.5240183333335
ABGP0089018,8,2018,3257.5240183333335
ABGP0089018,9,2018,3257.5240183333335
ABGP0089018,10,2018,3257.5240183333335
ABGP0089018,11,2018,3257.5240183333335
ABGP0089018,12,2018,3257.5240183333335
ABGP0089018,1,2017,3421.0519966666666
ABGP0089018,2,2017,3421.0519966666666
ABGP0089018,3,2017,3421.0519966666666
ABGP0089018,4,2017,3421.0519966666666
ABGP0089018,5,2017,3421.0519966666666
ABGP0089018,6,2017,3421.0519966666666
ABGP0089018,7,2017,3421.0519966666666
ABGP0089018,8,2017,3421.0519966666666
ABGP0089018,9,2017,3421.0519966666666
ABGP0089018,10,2017,3421.0519966666666
ABGP0089018,11,2017,3421.0519966666666
ABGP0089018,12,2017,3421.0519966666666
ABGP0089955,1,2017,1507.2436666666665
ABGP0089955,2,2017,1507.2436666666665
ABGP0089955,3,2017,1507.2436666666665
ABGP0089955,4,2017,1507.2436666666665
ABGP0089955,5,2017,1507.2436666666665
ABGP0089955,6,2017,1507.2436666666665
ABGP0089955,7,2017,1507.2436666666665
ABGP0089955,8,2017,1507.2436666666665
ABGP0089955,9,2017,1507.2436666666665
ABGP0089955,10,2017,1507.2436666666665
ABGP0089955,11,2017,1507.2436666666665
ABGP0089955,12,2017,1507.2436666666665
ABGP0091427,1,2022,5678.684641666667
ABGP0091427,2,2022,5678.684641666667
ABGP0091427,3,2022,5678.684641666667
ABGP0091427,4,2022,5678.684641666667
ABGP0091427,5,2022,5678.684641666667
ABGP0091427,6,2022,5678.684641666667
ABGP0091427,7,2022,5678.684641666667
ABGP0091427,8,2022,5678.684641666667
ABGP0091427,9,2022,5678.684641666667
ABGP0091427,10,2022,5678.684641666667
ABGP0091427,11,2022,5678.684641666667
ABGP0091427,12,2022,5678.684641666667
ABGP0091427,1,2021,5490.114808333333
ABGP0091427,2,2021,5490.114808333333
ABGP0091427,3,2021,5490.114808333333
ABGP0091427,4,2021,5490.114808333333
ABGP0091427,5,2021,5490.114808333333
ABGP0091427,6,2021,5490.114808333333
ABGP0091427,7,2021,5490.114808333333
ABGP0091427,8,2021,5490.114808333333
ABGP0091427,9,2021,5490.114808333333
ABGP0091427,10,2021,5490.114808333333
ABGP0091427,11,2021,5490.114808333333
ABGP0091427,12,2021,5490.114808333333
ABGP0091427,1,2020,4158.186338
ABGP0091427,2,2020,4158.186338
ABGP0091427,3,2020,4158.186338
ABGP0091427,4,2020,4158.186338
ABGP0091427,5,2020,4158.186338
ABGP0091427,6,2020,4158.186338
ABGP0091427,7,2020,4158.186338
ABGP0091427,8,2020,4158.186338
ABGP0091427,9,2020,4158.186338
ABGP0091427,10,2020,4158.186338
ABGP0091427,11,2020,4158.186338
ABGP0091427,12,2020,4158.186338
ABGP0091427,1,2019,4331.23455
ABGP0091427,2,2019,4331.23455
ABGP0091427,3,2019,4331.23455
ABGP0091427,4,2019,4331.23455
ABGP0091427,5,2019,4331.23455
ABGP0091427,6,2019,4331.23455
ABGP0091427,7,2019,4331.23455
ABGP0091427,8,2019,4331.23455
ABGP0091427,9,2019,4331.23455
ABGP0091427,10,2019,4331.23455
ABGP0091427,11,2019,4331.23455
ABGP0091427,12,2019,4331.23455
ABGP0091427,1,2018,5216.590839166666
ABGP0091427,2,2018,5216.590839166666
ABGP0091427,3,2018,5216.590839166666
ABGP0091427,4,2018,5216.590839166666
ABGP0091427,5,2018,5216.590839166666
ABGP0091427,6,2018,5216.590839166666
ABGP0091427,7,2018,5216.590839166666
ABGP0091427,8,2018,5216.590839166666
ABGP0091427,9,2018,5216.590839166666
ABGP0091427,10,2018,5216.590839166666
ABGP0091427,11,2018,5216.590839166666
ABGP0091427,12,2018,5216.590839166666
ABGP0091427,1,2017,6415.474885833333
ABGP0091427,2,2017,6415.474885833333
ABGP0091427,3,2017,6415.474885833333
ABGP0091427,4,2017,6415.474885833333
ABGP0091427,5,2017,6415.474885833333
ABGP0091427,6,2017,6415.474885833333
ABGP0091427,7,2017,6415.474885833333
ABGP0091427,8,2017,6415.474885833333
ABGP0091427,9,2017,6415.474885833333
ABGP0091427,10,2017,6415.474885833333
ABGP0091427,11,2017,6415.474885833333
ABGP0091427,12,2017,6415.474885833333
ABGP0091427,1,2016,6113.021476666666
ABGP0091427,2,2016,6113.021476666666
ABGP0091427,3,2016,6113.021476666666
ABGP0091427,4,2016,6113.021476666666
ABGP0091427,5,2016,6113.021476666666
ABGP0091427,6,2016,6113.021476666666
ABGP0091427,7,2016,6113.021476666666
ABGP0091427,8,2016,6113.021476666666
ABGP0091427,9,2016,6113.021476666666
ABGP0091427,10,2016,6113.021476666666
ABGP0091427,11,2016,6113.021476666666
ABGP0091427,12,2016,6113.021476666666
ABGP0091427,1,2015,5271.882285833333
ABGP0091427,2,2015,5271.882285833333
ABGP0091427,3,2015,5271.882285833333
ABGP0091427,4,2015,5271.882285833333
ABGP0091427,5,2015,5271.882285833333
ABGP0091427,6,2015,5271.882285833333
ABGP0091427,7,2015,5271.882285833333
ABGP0091427,8,2015,5271.882285833333
ABGP0091427,9,2015,5271.882285833333
ABGP0091427,10,2015,5271.882285833333
ABGP0091427,11,2015,5271.882285833333
ABGP0091427,12,2015,5271.882285833333
ABGP0091427,1,2014,5992.789686666667
ABGP0091427,2,2014,5992.789686666667
ABGP0091427,3,2014,5992.789686666667
ABGP0091427,4,2014,5992.789686666667
ABGP0091427,5,2014,5992.789686666667
ABGP0091427,6,2014,5992.789686666667
ABGP0091427,7,2014,5992.789686666667
ABGP0091427,8,2014,5992.789686666667
ABGP0091427,9,2014,5992.789686666667
ABGP0091427,10,2014,5992.789686666667
ABGP0091427,11,2014,5992.789686666667
ABGP0091427,12,2014,5992.789686666667
ABGP0091427,1,2013,5685.695235
ABGP0091427,2,2013,5685.695235
ABGP0091427,3,2013,5685.695235
ABGP0091427,4,2013,5685.695235
ABGP0091427,5,2013,5685.695235
ABGP0091427,6,2013,5685.695235
ABGP0091427,7,2013,5685.695235
ABGP0091427,8,2013,5685.695235
ABGP0091427,9,2013,5685.695235
ABGP0091427,10,2013,5685.695235
ABGP0091427,11,2013,5685.695235
ABGP0091427,12,2013,5685.695235
ABGP0091427,1,2012,5377.664834166667
ABGP0091427,2,2012,5377.664834166667
ABGP0091427,3,2012,5377.664834166667
ABGP0091427,4,2012,5377.664834166667
ABGP0091427,5,2012,5377.664834166667
ABGP0091427,6,2012,5377.664834166667
ABGP0091427,7,2012,5377.664834166667
ABGP0091427,8,2012,5377.664834166667
ABGP0091427,9,2012,5377.664834166667
ABGP0091427,10,2012,5377.664834166667
ABGP0091427,11,2012,5377.664834166667
ABGP0091427,12,2012,5377.664834166667
ABGP0091427,1,2011,5452.450366666667
ABGP0091427,2,2011,5452.450366666667
ABGP0091427,3,2011,5452.450366666667
ABGP0091427,4,2011,5452.450366666667
ABGP0091427,5,2011,5452.450366666667
ABGP0091427,6,2011,5452.450366666667
ABGP0091427,7,2011,5452.450366666667
ABGP0091427,8,2011,5452.450366666667
ABGP0091427,9,2011,5452.450366666667
ABGP0091427,10,2011,5452.450366666667
ABGP0091427,11,2011,5452.450366666667
ABGP0091427,12,2011,5452.450366666667
ABGP0093212,1,2022,2112.872173
ABGP0093212,2,2022,2112.872173
ABGP0093212,3,2022,2112.872173
ABGP0093212,4,2022,2112.872173
ABGP0093212,5,2022,2112.872173
ABGP0093212,6,2022,2112.872173
ABGP0093212,7,2022,2112.872173
ABGP0093212,8,2022,2112.872173
ABGP0093212,9,2022,2112.872173
ABGP0093212,10,2022,2112.872173
ABGP0093212,11,2022,2112.872173
ABGP0093212,12,2022,2112.872173
ABGP0093212,1,2021,5610.3728200000005
ABGP0093212,2,2021,5610.3728200000005
ABGP0093212,3,2021,5610.3728200000005
ABGP0093212,4,2021,5610.3728200000005
ABGP0093212,5,2021,5610.3728200000005
ABGP0093212,6,2021,5610.3728200000005
ABGP0093212,7,2021,5610.3728200000005
ABGP0093212,8,2021,5610.3728200000005
ABGP0093212,9,2021,5610.3728200000005
ABGP0093212,10,2021,5610.3728200000005
ABGP0093212,11,2021,5610.3728200000005
ABGP0093212,12,2021,5610.3728200000005
ABGP0093212,1,2020,2235.4704166666666
ABGP0093212,2,2020,2235.4704166666666
ABGP0093212,3,2020,2235.4704166666666
ABGP0093212,4,2020,2235.4704166666666
ABGP0093212,5,2020,2235.4704166666666
ABGP0093212,6,2020,2235.4704166666666
ABGP0093212,7,2020,2235.4704166666666
ABGP0093212,8,2020,2235.4704166666666
ABGP0093212,9,2020,2235.4704166666666
ABGP0093212,10,2020,2235.4704166666666
ABGP0093212,11,2020,2235.4704166666666
ABGP0093212,12,2020,2235.4704166666666
ABGP0093212,1,2019,1619.35175
ABGP0093212,2,2019,1619.35175
ABGP0093212,3,2019,1619.35175
ABGP0093212,4,2019,1619.35175
ABGP0093212,5,2019,1619.35175
ABGP0093212,6,2019,1619.35175
ABGP0093212,7,2019,1619.35175
ABGP0093212,8,2019,1619.35175
ABGP0093212,9,2019,1619.35175
ABGP0093212,10,2019,1619.35175
ABGP0093212,11,2019,1619.35175
ABGP0093212,12,2019,1619.35175
ABGP0093212,1,2018,1760.4279999999999
ABGP0093212,2,2018,1760.4279999999999
ABGP0093212,3,2018,1760.4279999999999
ABGP0093212,4,2018,1760.4279999999999
ABGP0093212,5,2018,1760.4279999999999
ABGP0093212,6,2018,1760.4279999999999
ABGP0093212,7,2018,1760.4279999999999
ABGP0093212,8,2018,1760.4279999999999
ABGP0093212,9,2018,1760.4279999999999
ABGP0093212,10,2018,1760.4279999999999
ABGP0093212,11,2018,1760.4279999999999
ABGP0093212,12,2018,1760.4279999999999
ABGP0093212,1,2017,1551.07175
ABGP0093212,2,2017,1551.07175
ABGP0093212,3,2017,1551.07175
ABGP0093212,4,2017,1551.07175
ABGP0093212,5,2017,1551.07175
ABGP0093212,6,2017,1551.07175
ABGP0093212,7,2017,1551.07175
ABGP0093212,8,2017,1551.07175
ABGP0093212,9,2017,1551.07175
ABGP0093212,10,2017,1551.07175
ABGP0093212,11,2017,1551.07175
ABGP0093212,12,2017,1551.07175
ABGP0093277,1,2022,1652.1081583333334
ABGP0093277,2,2022,1652.1081583333334
ABGP0093277,3,2022,1652.1081583333334
ABGP0093277,4,2022,1652.1081583333334
ABGP0093277,5,2022,1652.1081583333334
ABGP0093277,6,2022,1652.1081583333334
ABGP0093277,7,2022,1652.1081583333334
ABGP0093277,8,2022,1652.1081583333334
ABGP0093277,9,2022,1652.1081583333334
ABGP0093277,10,2022,1652.1081583333334
ABGP0093277,11,2022,1652.1081583333334
ABGP0093277,12,2022,1652.1081583333334
ABGP0093277,1,2021,1718.0734533333334
ABGP0093277,2,2021,1718.0734533333334
ABGP0093277,3,2021,1718.0734533333334
ABGP0093277,4,2021,1718.0734533333334
ABGP0093277,5,2021,1718.0734533333334
ABGP0093277,6,2021,1718.0734533333334
ABGP0093277,7,2021,1718.0734533333334
ABGP0093277,8,2021,1718.0734533333334
ABGP0093277,9,2021,1718.0734533333334
ABGP0093277,10,2021,1718.0734533333334
ABGP0093277,11,2021,1718.0734533333334
ABGP0093277,12,2021,1718.0734533333334
ABGP0093277,1,2020,1694.1154999999999
ABGP0093277,2,2020,1694.1154999999999
ABGP0093277,3,2020,1694.1154999999999
ABGP0093277,4,2020,1694.1154999999999
ABGP0093277,5,2020,1694.1154999999999
ABGP0093277,6,2020,1694.1154999999999
ABGP0093277,7,2020,1694.1154999999999
ABGP0093277,8,2020,1694.1154999999999
ABGP0093277,9,2020,1694.1154999999999
ABGP0093277,10,2020,1694.1154999999999
ABGP0093277,11,2020,1694.1154999999999
ABGP0093277,12,2020,1694.1154999999999
ABGP0093277,1,2019,1020.6815
ABGP0093277,2,2019,1020.6815
ABGP0093277,3,2019,1020.6815
ABGP0093277,4,2019,1020.6815
ABGP0093277,5,2019,1020.6815
ABGP0093277,6,2019,1020.6815
ABGP0093277,7,2019,1020.6815
ABGP0093277,8,2019,1020.6815
ABGP0093277,9,2019,1020.6815
ABGP0093277,10,2019,1020.6815
ABGP0093277,11,2019,1020.6815
ABGP0093277,12,2019,1020.6815
ABGP0093277,1,2018,1107.393
ABGP0093277,2,2018,1107.393
ABGP0093277,3,2018,1107.393
ABGP0093277,4,2018,1107.393
ABGP0093277,5,2018,1107.393
ABGP0093277,6,2018,1107.393
ABGP0093277,7,2018,1107.393
ABGP0093277,8,2018,1107.393
ABGP0093277,9,2018,1107.393
ABGP0093277,10,2018,1107.393
ABGP0093277,11,2018,1107.393
ABGP0093277,12,2018,1107.393
ABGP0093277,1,2017,1124.7619166666666
ABGP0093277,2,2017,1124.7619166666666
ABGP0093277,3,2017,1124.7619166666666
ABGP0093277,4,2017,1124.7619166666666
ABGP0093277,5,2017,1124.7619166666666
ABGP0093277,6,2017,1124.7619166666666
ABGP0093277,7,2017,1124.7619166666666
ABGP0093277,8,2017,1124.7619166666666
ABGP0093277,9,2017,1124.7619166666666
ABGP0093277,10,2017,1124.7619166666666
ABGP0093277,11,2017,1124.7619166666666
ABGP0093277,12,2017,1124.7619166666666
ABGP0094379,1,2022,2610.332175
ABGP0094379,2,2022,2610.332175
ABGP0094379,3,2022,2610.332175
ABGP0094379,4,2022,2610.332175
ABGP0094379,5,2022,2610.332175
ABGP0094379,6,2022,2610.332175
ABGP0094379,7,2022,2610.332175
ABGP0094379,8,2022,2610.332175
ABGP0094379,9,2022,2610.332175
ABGP0094379,10,2022,2610.332175
ABGP0094379,11,2022,2610.332175
ABGP0094379,12,2022,2610.332175
ABGP0094379,1,2021,3532.643541666667
ABGP0094379,2,2021,3532.643541666667
ABGP0094379,3,2021,3532.643541666667
ABGP0094379,4,2021,3532.643541666667
ABGP0094379,5,2021,3532.643541666667
ABGP0094379,6,2021,3532.643541666667
ABGP0094379,7,2021,3532.643541666667
ABGP0094379,8,2021,3532.643541666667
ABGP0094379,9,2021,3532.643541666667
ABGP0094379,10,2021,3532.643541666667
ABGP0094379,11,2021,3532.643541666667
ABGP0094379,12,2021,3532.643541666667
ABGP0094379,1,2020,1159.8634749999999
ABGP0094379,2,2020,1159.8634749999999
ABGP0094379,3,2020,1159.8634749999999
ABGP0094379,4,2020,1159.8634749999999
ABGP0094379,5,2020,1159.8634749999999
ABGP0094379,6,2020,1159.8634749999999
ABGP0094379,7,2020,1159.8634749999999
ABGP0094379,8,2020,1159.8634749999999
ABGP0094379,9,2020,1159.8634749999999
ABGP0094379,10,2020,1159.8634749999999
ABGP0094379,11,2020,1159.8634749999999
ABGP0094379,12,2020,1159.8634749999999
ABGP0094379,1,2019,1093.5396
ABGP0094379,2,2019,1093.5396
ABGP0094379,3,2019,1093.5396
ABGP0094379,4,2019,1093.5396
ABGP0094379,5,2019,1093.5396
ABGP0094379,6,2019,1093.5396
ABGP0094379,7,2019,1093.5396
ABGP0094379,8,2019,1093.5396
ABGP0094379,9,2019,1093.5396
ABGP0094379,10,2019,1093.5396
ABGP0094379,11,2019,1093.5396
ABGP0094379,12,2019,1093.5396
ABGP0094379,1,2018,1325.8798
ABGP0094379,2,2018,1325.8798
ABGP0094379,3,2018,1325.8798
ABGP0094379,4,2018,1325.8798
ABGP0094379,5,2018,1325.8798
ABGP0094379,6,2018,1325.8798
ABGP0094379,7,2018,1325.8798
ABGP0094379,8,2018,1325.8798
ABGP0094379,9,2018,1325.8798
ABGP0094379,10,2018,1325.8798
ABGP0094379,11,2018,1325.8798
ABGP0094379,12,2018,1325.8798
ABGP0094379,1,2017,1820.6313583333333
ABGP0094379,2,2017,1820.6313583333333
ABGP0094379,3,2017,1820.6313583333333
ABGP0094379,4,2017,1820.6313583333333
ABGP0094379,5,2017,1820.6313583333333
ABGP0094379,6,2017,1820.6313583333333
ABGP0094379,7,2017,1820.6313583333333
ABGP0094379,8,2017,1820.6313583333333
ABGP0094379,9,2017,1820.6313583333333
ABGP0094379,10,2017,1820.6313583333333
ABGP0094379,11,2017,1820.6313583333333
ABGP0094379,12,2017,1820.6313583333333
ABGP0094382,1,2022,5246.3
ABGP0094382,2,2022,5246.3
ABGP0094382,3,2022,5246.3
ABGP0094382,4,2022,5246.3
ABGP0094382,5,2022,5246.3
ABGP0094382,6,2022,5246.3
ABGP0094382,7,2022,5246.3
ABGP0094382,8,2022,5246.3
ABGP0094382,9,2022,5246.3
ABGP0094382,10,2022,5246.3
ABGP0094382,11,2022,5246.3
ABGP0094382,12,2022,5246.3
ABGP0094382,1,2021,4145.683333333333
ABGP0094382,2,2021,4145.683333333333
ABGP0094382,3,2021,4145.683333333333
ABGP0094382,4,2021,4145.683333333333
ABGP0094382,5,2021,4145.683333333333
ABGP0094382,6,2021,4145.683333333333
ABGP0094382,7,2021,4145.683333333333
ABGP0094382,8,2021,4145.683333333333
ABGP0094382,9,2021,4145.683333333333
ABGP0094382,10,2021,4145.683333333333
ABGP0094382,11,2021,4145.683333333333
ABGP0094382,12,2021,4145.683333333333
ABGP0094382,1,2020,3495.758333333333
ABGP0094382,2,2020,3495.758333333333
ABGP0094382,3,2020,3495.758333333333
ABGP0094382,4,2020,3495.758333333333
ABGP0094382,5,2020,3495.758333333333
ABGP0094382,6,2020,3495.758333333333
ABGP0094382,7,2020,3495.758333333333
ABGP0094382,8,2020,3495.758333333333
ABGP0094382,9,2020,3495.758333333333
ABGP0094382,10,2020,3495.758333333333
ABGP0094382,11,2020,3495.758333333333
ABGP0094382,12,2020,3495.758333333333
ABGP0094382,1,2019,4363.316666666667
ABGP0094382,2,2019,4363.316666666667
ABGP0094382,3,2019,4363.316666666667
ABGP0094382,4,2019,4363.316666666667
ABGP0094382,5,2019,4363.316666666667
ABGP0094382,6,2019,4363.316666666667
ABGP0094382,7,2019,4363.316666666667
ABGP0094382,8,2019,4363.316666666667
ABGP0094382,9,2019,4363.316666666667
ABGP0094382,10,2019,4363.316666666667
ABGP0094382,11,2019,4363.316666666667
ABGP0094382,12,2019,4363.316666666667
ABGP0094382,1,2018,4948.88
ABGP0094382,2,2018,4948.88
ABGP0094382,3,2018,4948.88
ABGP0094382,4,2018,4948.88
ABGP0094382,5,2018,4948.88
ABGP0094382,6,2018,4948.88
ABGP0094382,7,2018,4948.88
ABGP0094382,8,2018,4948.88
ABGP0094382,9,2018,4948.88
ABGP0094382,10,2018,4948.88
ABGP0094382,11,2018,4948.88
ABGP0094382,12,2018,4948.88
ABGP0094382,1,2017,3284.4166666666665
ABGP0094382,2,2017,3284.4166666666665
ABGP0094382,3,2017,3284.4166666666665
ABGP0094382,4,2017,3284.4166666666665
ABGP0094382,5,2017,3284.4166666666665
ABGP0094382,6,2017,3284.4166666666665
ABGP0094382,7,2017,3284.4166666666665
ABGP0094382,8,2017,3284.4166666666665
ABGP0094382,9,2017,3284.4166666666665
ABGP0094382,10,2017,3284.4166666666665
ABGP0094382,11,2017,3284.4166666666665
ABGP0094382,12,2017,3284.4166666666665
ABGP0094382,1,2016,4614.443750833333
ABGP0094382,2,2016,4614.443750833333
ABGP0094382,3,2016,4614.443750833333
ABGP0094382,4,2016,4614.443750833333
ABGP0094382,5,2016,4614.443750833333
ABGP0094382,6,2016,4614.443750833333
ABGP0094382,7,2016,4614.443750833333
ABGP0094382,8,2016,4614.443750833333
ABGP0094382,9,2016,4614.443750833333
ABGP0094382,10,2016,4614.443750833333
ABGP0094382,11,2016,4614.443750833333
ABGP0094382,12,2016,4614.443750833333
ABGP0094954,1,2022,18557.1614
ABGP0094954,2,2022,18557.1614
ABGP0094954,3,2022,18557.1614
ABGP0094954,4,2022,18557.1614
ABGP0094954,5,2022,18557.1614
ABGP0094954,6,2022,18557.1614
ABGP0094954,7,2022,18557.1614
ABGP0094954,8,2022,18557.1614
ABGP0094954,9,2022,18557.1614
ABGP0094954,10,2022,18557.1614
ABGP0094954,11,2022,18557.1614
ABGP0094954,12,2022,18557.1614
ABGP0094954,1,2021,19450.386083333335
ABGP0094954,2,2021,19450.386083333335
ABGP0094954,3,2021,19450.386083333335
ABGP0094954,4,2021,19450.386083333335
ABGP0094954,5,2021,19450.386083333335
ABGP0094954,6,2021,19450.386083333335
ABGP0094954,7,2021,19450.386083333335
ABGP0094954,8,2021,19450.386083333335
ABGP0094954,9,2021,19450.386083333335
ABGP0094954,10,2021,19450.386083333335
ABGP0094954,11,2021,19450.386083333335
ABGP0094954,12,2021,19450.386083333335
ABGP0094954,1,2020,18612.05546666667
ABGP0094954,2,2020,18612.05546666667
ABGP0094954,3,2020,18612.05546666667
ABGP0094954,4,2020,18612.05546666667
ABGP0094954,5,2020,18612.05546666667
ABGP0094954,6,2020,18612.05546666667
ABGP0094954,7,2020,18612.05546666667
ABGP0094954,8,2020,18612.05546666667
ABGP0094954,9,2020,18612.05546666667
ABGP0094954,10,2020,18612.05546666667
ABGP0094954,11,2020,18612.05546666667
ABGP0094954,12,2020,18612.05546666667
ABGP0094954,1,2019,20343.86635
ABGP0094954,2,2019,20343.86635
ABGP0094954,3,2019,20343.86635
ABGP0094954,4,2019,20343.86635
ABGP0094954,5,2019,20343.86635
ABGP0094954,6,2019,20343.86635
ABGP0094954,7,2019,20343.86635
ABGP0094954,8,2019,20343.86635
ABGP0094954,9,2019,20343.86635
ABGP0094954,10,2019,20343.86635
ABGP0094954,11,2019,20343.86635
ABGP0094954,12,2019,20343.86635
ABGP0094954,1,2018,20781.342516666668
ABGP0094954,2,2018,20781.342516666668
ABGP0094954,3,2018,20781.342516666668
ABGP0094954,4,2018,20781.342516666668
ABGP0094954,5,2018,20781.342516666668
ABGP0094954,6,2018,20781.342516666668
ABGP0094954,7,2018,20781.342516666668
ABGP0094954,8,2018,20781.342516666668
ABGP0094954,9,2018,20781.342516666668
ABGP0094954,10,2018,20781.342516666668
ABGP0094954,11,2018,20781.342516666668
ABGP0094954,12,2018,20781.342516666668
ABGP0094954,1,2017,16485.35698
ABGP0094954,2,2017,16485.35698
ABGP0094954,3,2017,16485.35698
ABGP0094954,4,2017,16485.35698
ABGP0094954,5,2017,16485.35698
ABGP0094954,6,2017,16485.35698
ABGP0094954,7,2017,16485.35698
ABGP0094954,8,2017,16485.35698
ABGP0094954,9,2017,16485.35698
ABGP0094954,10,2017,16485.35698
ABGP0094954,11,2017,16485.35698
ABGP0094954,12,2017,16485.35698
ABGP0094954,1,2016,11933.268450000001
ABGP0094954,2,2016,11933.268450000001
ABGP0094954,3,2016,11933.268450000001
ABGP0094954,4,2016,11933.268450000001
ABGP0094954,5,2016,11933.268450000001
ABGP0094954,6,2016,11933.268450000001
ABGP0094954,7,2016,11933.268450000001
ABGP0094954,8,2016,11933.268450000001
ABGP0094954,9,2016,11933.268450000001
ABGP0094954,10,2016,11933.268450000001
ABGP0094954,11,2016,11933.268450000001
ABGP0094954,12,2016,11933.268450000001
ABGP0094954,1,2015,7380.004858333334
ABGP0094954,2,2015,7380.004858333334
ABGP0094954,3,2015,7380.004858333334
ABGP0094954,4,2015,7380.004858333334
ABGP0094954,5,2015,7380.004858333334
ABGP0094954,6,2015,7380.004858333334
ABGP0094954,7,2015,7380.004858333334
ABGP0094954,8,2015,7380.004858333334
ABGP0094954,9,2015,7380.004858333334
ABGP0094954,10,2015,7380.004858333334
ABGP0094954,11,2015,7380.004858333334
ABGP0094954,12,2015,7380.004858333334
ABGP0094954,1,2014,5866.93132
ABGP0094954,2,2014,5866.93132
ABGP0094954,3,2014,5866.93132
ABGP0094954,4,2014,5866.93132
ABGP0094954,5,2014,5866.93132
ABGP0094954,6,2014,5866.93132
ABGP0094954,7,2014,5866.93132
ABGP0094954,8,2014,5866.93132
ABGP0094954,9,2014,5866.93132
ABGP0094954,10,2014,5866.93132
ABGP0094954,11,2014,5866.93132
ABGP0094954,12,2014,5866.93132
ABGP0094954,1,2013,6073.1962300000005
ABGP0094954,2,2013,6073.1962300000005
ABGP0094954,3,2013,6073.1962300000005
ABGP0094954,4,2013,6073.1962300000005
ABGP0094954,5,2013,6073.1962300000005
ABGP0094954,6,2013,6073.1962300000005
ABGP0094954,7,2013,6073.1962300000005
ABGP0094954,8,2013,6073.1962300000005
ABGP0094954,9,2013,6073.1962300000005
ABGP0094954,10,2013,6073.1962300000005
ABGP0094954,11,2013,6073.1962300000005
ABGP0094954,12,2013,6073.1962300000005
ABGP0094954,1,2012,5318.068028
ABGP0094954,2,2012,5318.068028
ABGP0094954,3,2012,5318.068028
ABGP0094954,4,2012,5318.068028
ABGP0094954,5,2012,5318.068028
ABGP0094954,6,2012,5318.068028
ABGP0094954,7,2012,5318.068028
ABGP0094954,8,2012,5318.068028
ABGP0094954,9,2012,5318.068028
ABGP0094954,10,2012,5318.068028
ABGP0094954,11,2012,5318.068028
ABGP0094954,12,2012,5318.068028
ABGP0094954,1,2011,4968.548165
ABGP0094954,2,2011,4968.548165
ABGP0094954,3,2011,4968.548165
ABGP0094954,4,2011,4968.548165
ABGP0094954,5,2011,4968.548165
ABGP0094954,6,2011,4968.548165
ABGP0094954,7,2011,4968.548165
ABGP0094954,8,2011,4968.548165
ABGP0094954,9,2011,4968.548165
ABGP0094954,10,2011,4968.548165
ABGP0094954,11,2011,4968.548165
ABGP0094954,12,2011,4968.548165
ABGP0094954,1,2010,4615.377008
ABGP0094954,2,2010,4615.377008
ABGP0094954,3,2010,4615.377008
ABGP0094954,4,2010,4615.377008
ABGP0094954,5,2010,4615.377008
ABGP0094954,6,2010,4615.377008
ABGP0094954,7,2010,4615.377008
ABGP0094954,8,2010,4615.377008
ABGP0094954,9,2010,4615.377008
ABGP0094954,10,2010,4615.377008
ABGP0094954,11,2010,4615.377008
ABGP0094954,12,2010,4615.377008
ABGP0094954,1,2009,5227.478360833334
ABGP0094954,2,2009,5227.478360833334
ABGP0094954,3,2009,5227.478360833334
ABGP0094954,4,2009,5227.478360833334
ABGP0094954,5,2009,5227.478360833334
ABGP0094954,6,2009,5227.478360833334
ABGP0094954,7,2009,5227.478360833334
ABGP0094954,8,2009,5227.478360833334
ABGP0094954,9,2009,5227.478360833334
ABGP0094954,10,2009,5227.478360833334
ABGP0094954,11,2009,5227.478360833334
ABGP0094954,12,2009,5227.478360833334
ABGP0095741,1,2022,2216.6821
ABGP0095741,2,2022,2216.6821
ABGP0095741,3,2022,2216.6821
ABGP0095741,4,2022,2216.6821
ABGP0095741,5,2022,2216.6821
ABGP0095741,6,2022,2216.6821
ABGP0095741,7,2022,2216.6821
ABGP0095741,8,2022,2216.6821
ABGP0095741,9,2022,2216.6821
ABGP0095741,10,2022,2216.6821
ABGP0095741,11,2022,2216.6821
ABGP0095741,12,2022,2216.6821
ABGP0095741,1,2021,2286.093248
ABGP0095741,2,2021,2286.093248
ABGP0095741,3,2021,2286.093248
ABGP0095741,4,2021,2286.093248
ABGP0095741,5,2021,2286.093248
ABGP0095741,6,2021,2286.093248
ABGP0095741,7,2021,2286.093248
ABGP0095741,8,2021,2286.093248
ABGP0095741,9,2021,2286.093248
ABGP0095741,10,2021,2286.093248
ABGP0095741,11,2021,2286.093248
ABGP0095741,12,2021,2286.093248
ABGP0095741,1,2020,1951.0469999999998
ABGP0095741,2,2020,1951.0469999999998
ABGP0095741,3,2020,1951.0469999999998
ABGP0095741,4,2020,1951.0469999999998
ABGP0095741,5,2020,1951.0469999999998
ABGP0095741,6,2020,1951.0469999999998
ABGP0095741,7,2020,1951.0469999999998
ABGP0095741,8,2020,1951.0469999999998
ABGP0095741,9,2020,1951.0469999999998
ABGP0095741,10,2020,1951.0469999999998
ABGP0095741,11,2020,1951.0469999999998
ABGP0095741,12,2020,1951.0469999999998
ABGP0095741,1,2019,1739.8010000000002
ABGP0095741,2,2019,1739.8010000000002
ABGP0095741,3,2019,1739.8010000000002
ABGP0095741,4,2019,1739.8010000000002
ABGP0095741,5,2019,1739.8010000000002
ABGP0095741,6,2019,1739.8010000000002
ABGP0095741,7,2019,1739.8010000000002
ABGP0095741,8,2019,1739.8010000000002
ABGP0095741,9,2019,1739.8010000000002
ABGP0095741,10,2019,1739.8010000000002
ABGP0095741,11,2019,1739.8010000000002
ABGP0095741,12,2019,1739.8010000000002
ABGP0095741,1,2018,2092.6271666666667
ABGP0095741,2,2018,2092.6271666666667
ABGP0095741,3,2018,2092.6271666666667
ABGP0095741,4,2018,2092.6271666666667
ABGP0095741,5,2018,2092.6271666666667
ABGP0095741,6,2018,2092.6271666666667
ABGP0095741,7,2018,2092.6271666666667
ABGP0095741,8,2018,2092.6271666666667
ABGP0095741,9,2018,2092.6271666666667
ABGP0095741,10,2018,2092.6271666666667
ABGP0095741,11,2018,2092.6271666666667
ABGP0095741,12,2018,2092.6271666666667
ABGP0095741,1,2017,1972.9216666666669
ABGP0095741,2,2017,1972.9216666666669
ABGP0095741,3,2017,1972.9216666666669
ABGP0095741,4,2017,1972.9216666666669
ABGP0095741,5,2017,1972.9216666666669
ABGP0095741,6,2017,1972.9216666666669
ABGP0095741,7,2017,1972.9216666666669
ABGP0095741,8,2017,1972.9216666666669
ABGP0095741,9,2017,1972.9216666666669
ABGP0095741,10,2017,1972.9216666666669
ABGP0095741,11,2017,1972.9216666666669
ABGP0095741,12,2017,1972.9216666666669
ABGP0096078,1,2022,959.1333333333333
ABGP0096078,2,2022,959.1333333333333
ABGP0096078,3,2022,959.1333333333333
ABGP0096078,4,2022,959.1333333333333
ABGP0096078,5,2022,959.1333333333333
ABGP0096078,6,2022,959.1333333333333
ABGP0096078,7,2022,959.1333333333333
ABGP0096078,8,2022,959.1333333333333
ABGP0096078,9,2022,959.1333333333333
ABGP0096078,10,2022,959.1333333333333
ABGP0096078,11,2022,959.1333333333333
ABGP0096078,12,2022,959.1333333333333
ABGP0096078,1,2021,1126.6333333333334
ABGP0096078,2,2021,1126.6333333333334
ABGP0096078,3,2021,1126.6333333333334
ABGP0096078,4,2021,1126.6333333333334
ABGP0096078,5,2021,1126.6333333333334
ABGP0096078,6,2021,1126.6333333333334
ABGP0096078,7,2021,1126.6333333333334
ABGP0096078,8,2021,1126.6333333333334
ABGP0096078,9,2021,1126.6333333333334
ABGP0096078,10,2021,1126.6333333333334
ABGP0096078,11,2021,1126.6333333333334
ABGP0096078,12,2021,1126.6333333333334
ABGP0096078,1,2020,1612.5333333333335
ABGP0096078,2,2020,1612.5333333333335
ABGP0096078,3,2020,1612.5333333333335
ABGP0096078,4,2020,1612.5333333333335
ABGP0096078,5,2020,1612.5333333333335
ABGP0096078,6,2020,1612.5333333333335
ABGP0096078,7,2020,1612.5333333333335
ABGP0096078,8,2020,1612.5333333333335
ABGP0096078,9,2020,1612.5333333333335
ABGP0096078,10,2020,1612.5333333333335
ABGP0096078,11,2020,1612.5333333333335
ABGP0096078,12,2020,1612.5333333333335
ABGP0096078,1,2019,976.5728908333334
ABGP0096078,2,2019,976.5728908333334
ABGP0096078,3,2019,976.5728908333334
ABGP0096078,4,2019,976.5728908333334
ABGP0096078,5,2019,976.5728908333334
ABGP0096078,6,2019,976.5728908333334
ABGP0096078,7,2019,976.5728908333334
ABGP0096078,8,2019,976.5728908333334
ABGP0096078,9,2019,976.5728908333334
ABGP0096078,10,2019,976.5728908333334
ABGP0096078,11,2019,976.5728908333334
ABGP0096078,12,2019,976.5728908333334
ABGP0096078,1,2018,2210.6250158333332
ABGP0096078,2,2018,2210.6250158333332
ABGP0096078,3,2018,2210.6250158333332
ABGP0096078,4,2018,2210.6250158333332
ABGP0096078,5,2018,2210.6250158333332
ABGP0096078,6,2018,2210.6250158333332
ABGP0096078,7,2018,2210.6250158333332
ABGP0096078,8,2018,2210.6250158333332
ABGP0096078,9,2018,2210.6250158333332
ABGP0096078,10,2018,2210.6250158333332
ABGP0096078,11,2018,2210.6250158333332
ABGP0096078,12,2018,2210.6250158333332
ABGP0096078,1,2017,1696.8908941666666
ABGP0096078,2,2017,1696.8908941666666
ABGP0096078,3,2017,1696.8908941666666
ABGP0096078,4,2017,1696.8908941666666
ABGP0096078,5,2017,1696.8908941666666
ABGP0096078,6,2017,1696.8908941666666
ABGP0096078,7,2017,1696.8908941666666
ABGP0096078,8,2017,1696.8908941666666
ABGP0096078,9,2017,1696.8908941666666
ABGP0096078,10,2017,1696.8908941666666
ABGP0096078,11,2017,1696.8908941666666
ABGP0096078,12,2017,1696.8908941666666
ABGP0096335,1,2022,3462.2995083333335
ABGP0096335,2,2022,3462.2995083333335
ABGP0096335,3,2022,3462.2995083333335
ABGP0096335,4,2022,3462.2995083333335
ABGP0096335,5,2022,3462.2995083333335
ABGP0096335,6,2022,3462.2995083333335
ABGP0096335,7,2022,3462.2995083333335
ABGP0096335,8,2022,3462.2995083333335
ABGP0096335,9,2022,3462.2995083333335
ABGP0096335,10,2022,3462.2995083333335
ABGP0096335,11,2022,3462.2995083333335
ABGP0096335,12,2022,3462.2995083333335
ABGP0096335,1,2021,3806.7410858333333
ABGP0096335,2,2021,3806.7410858333333
ABGP0096335,3,2021,3806.7410858333333
ABGP0096335,4,2021,3806.7410858333333
ABGP0096335,5,2021,3806.7410858333333
ABGP0096335,6,2021,3806.7410858333333
ABGP0096335,7,2021,3806.7410858333333
ABGP0096335,8,2021,3806.7410858333333
ABGP0096335,9,2021,3806.7410858333333
ABGP0096335,10,2021,3806.7410858333333
ABGP0096335,11,2021,3806.7410858333333
ABGP0096335,12,2021,3806.7410858333333
ABGP0096335,1,2020,3974.723318
ABGP0096335,2,2020,3974.723318
ABGP0096335,3,2020,3974.723318
ABGP0096335,4,2020,3974.723318
ABGP0096335,5,2020,3974.723318
ABGP0096335,6,2020,3974.723318
ABGP0096335,7,2020,3974.723318
ABGP0096335,8,2020,3974.723318
ABGP0096335,9,2020,3974.723318
ABGP0096335,10,2020,3974.723318
ABGP0096335,11,2020,3974.723318
ABGP0096335,12,2020,3974.723318
ABGP0096335,1,2019,4823.328991666666
ABGP0096335,2,2019,4823.328991666666
ABGP0096335,3,2019,4823.328991666666
ABGP0096335,4,2019,4823.328991666666
ABGP0096335,5,2019,4823.328991666666
ABGP0096335,6,2019,4823.328991666666
ABGP0096335,7,2019,4823.328991666666
ABGP0096335,8,2019,4823.328991666666
ABGP0096335,9,2019,4823.328991666666
ABGP0096335,10,2019,4823.328991666666
ABGP0096335,11,2019,4823.328991666666
ABGP0096335,12,2019,4823.328991666666
ABGP0096335,1,2018,4068.23755
ABGP0096335,2,2018,4068.23755
ABGP0096335,3,2018,4068.23755
ABGP0096335,4,2018,4068.23755
ABGP0096335,5,2018,4068.23755
ABGP0096335,6,2018,4068.23755
ABGP0096335,7,2018,4068.23755
ABGP0096335,8,2018,4068.23755
ABGP0096335,9,2018,4068.23755
ABGP0096335,10,2018,4068.23755
ABGP0096335,11,2018,4068.23755
ABGP0096335,12,2018,4068.23755
ABGP0096335,1,2017,3026.147966666667
ABGP0096335,2,2017,3026.147966666667
ABGP0096335,3,2017,3026.147966666667
ABGP0096335,4,2017,3026.147966666667
ABGP0096335,5,2017,3026.147966666667
ABGP0096335,6,2017,3026.147966666667
ABGP0096335,7,2017,3026.147966666667
ABGP0096335,8,2017,3026.147966666667
ABGP0096335,9,2017,3026.147966666667
ABGP0096335,10,2017,3026.147966666667
ABGP0096335,11,2017,3026.147966666667
ABGP0096335,12,2017,3026.147966666667
ABGP0096335,1,2015,5051.168894166666
ABGP0096335,2,2015,5051.168894166666
ABGP0096335,3,2015,5051.168894166666
ABGP0096335,4,2015,5051.168894166666
ABGP0096335,5,2015,5051.168894166666
ABGP0096335,6,2015,5051.168894166666
ABGP0096335,7,2015,5051.168894166666
ABGP0096335,8,2015,5051.168894166666
ABGP0096335,9,2015,5051.168894166666
ABGP0096335,10,2015,5051.168894166666
ABGP0096335,11,2015,5051.168894166666
ABGP0096335,12,2015,5051.168894166666
ABGP0097445,1,2019,941.26065
ABGP0097445,2,2019,941.26065
ABGP0097445,3,2019,941.26065
ABGP0097445,4,2019,941.26065
ABGP0097445,5,2019,941.26065
ABGP0097445,6,2019,941.26065
ABGP0097445,7,2019,941.26065
ABGP0097445,8,2019,941.26065
ABGP0097445,9,2019,941.26065
ABGP0097445,10,2019,941.26065
ABGP0097445,11,2019,941.26065
ABGP0097445,12,2019,941.26065
ABGP0103480,1,2020,1247.1909166666667
ABGP0103480,2,2020,1247.1909166666667
ABGP0103480,3,2020,1247.1909166666667
ABGP0103480,4,2020,1247.1909166666667
ABGP0103480,5,2020,1247.1909166666667
ABGP0103480,6,2020,1247.1909166666667
ABGP0103480,7,2020,1247.1909166666667
ABGP0103480,8,2020,1247.1909166666667
ABGP0103480,9,2020,1247.1909166666667
ABGP0103480,10,2020,1247.1909166666667
ABGP0103480,11,2020,1247.1909166666667
ABGP0103480,12,2020,1247.1909166666667
ABGP0103480,1,2019,932.6202499999999
ABGP0103480,2,2019,932.6202499999999
ABGP0103480,3,2019,932.6202499999999
ABGP0103480,4,2019,932.6202499999999
ABGP0103480,5,2019,932.6202499999999
ABGP0103480,6,2019,932.6202499999999
ABGP0103480,7,2019,932.6202499999999
ABGP0103480,8,2019,932.6202499999999
ABGP0103480,9,2019,932.6202499999999
ABGP0103480,10,2019,932.6202499999999
ABGP0103480,11,2019,932.6202499999999
ABGP0103480,12,2019,932.6202499999999
ABGP0106663,1,2022,18880.90968
ABGP0106663,2,2022,18880.90968
ABGP0106663,3,2022,18880.90968
ABGP0106663,4,2022,18880.90968
ABGP0106663,5,2022,18880.90968
ABGP0106663,6,2022,18880.90968
ABGP0106663,7,2022,18880.90968
ABGP0106663,8,2022,18880.90968
ABGP0106663,9,2022,18880.90968
ABGP0106663,10,2022,18880.90968
ABGP0106663,11,2022,18880.90968
ABGP0106663,12,2022,18880.90968
ABGP0106663,1,2021,18136.269183333334
ABGP0106663,2,2021,18136.269183333334
ABGP0106663,3,2021,18136.269183333334
ABGP0106663,4,2021,18136.269183333334
ABGP0106663,5,2021,18136.269183333334
ABGP0106663,6,2021,18136.269183333334
ABGP0106663,7,2021,18136.269183333334
ABGP0106663,8,2021,18136.269183333334
ABGP0106663,9,2021,18136.269183333334
ABGP0106663,10,2021,18136.269183333334
ABGP0106663,11,2021,18136.269183333334
ABGP0106663,12,2021,18136.269183333334
ABGP0106663,1,2020,15363.988
ABGP0106663,2,2020,15363.988
ABGP0106663,3,2020,15363.988
ABGP0106663,4,2020,15363.988
ABGP0106663,5,2020,15363.988
ABGP0106663,6,2020,15363.988
ABGP0106663,7,2020,15363.988
ABGP0106663,8,2020,15363.988
ABGP0106663,9,2020,15363.988
ABGP0106663,10,2020,15363.988
ABGP0106663,11,2020,15363.988
ABGP0106663,12,2020,15363.988
ABGP0106663,1,2019,15234.075933333334
ABGP0106663,2,2019,15234.075933333334
ABGP0106663,3,2019,15234.075933333334
ABGP0106663,4,2019,15234.075933333334
ABGP0106663,5,2019,15234.075933333334
ABGP0106663,6,2019,15234.075933333334
ABGP0106663,7,2019,15234.075933333334
ABGP0106663,8,2019,15234.075933333334
ABGP0106663,9,2019,15234.075933333334
ABGP0106663,10,2019,15234.075933333334
ABGP0106663,11,2019,15234.075933333334
ABGP0106663,12,2019,15234.075933333334
ABGP0106663,1,2018,14946.480291666667
ABGP0106663,2,2018,14946.480291666667
ABGP0106663,3,2018,14946.480291666667
ABGP0106663,4,2018,14946.480291666667
ABGP0106663,5,2018,14946.480291666667
ABGP0106663,6,2018,14946.480291666667
ABGP0106663,7,2018,14946.480291666667
ABGP0106663,8,2018,14946.480291666667
ABGP0106663,9,2018,14946.480291666667
ABGP0106663,10,2018,14946.480291666667
ABGP0106663,11,2018,14946.480291666667
ABGP0106663,12,2018,14946.480291666667
ABGP0106663,1,2017,11513.280791666666
ABGP0106663,2,2017,11513.280791666666
ABGP0106663,3,2017,11513.280791666666
ABGP0106663,4,2017,11513.280791666666
ABGP0106663,5,2017,11513.280791666666
ABGP0106663,6,2017,11513.280791666666
ABGP0106663,7,2017,11513.280791666666
ABGP0106663,8,2017,11513.280791666666
ABGP0106663,9,2017,11513.280791666666
ABGP0106663,10,2017,11513.280791666666
ABGP0106663,11,2017,11513.280791666666
ABGP0106663,12,2017,11513.280791666666
ABGP0106663,1,2016,8013.115879166667
ABGP0106663,2,2016,8013.115879166667
ABGP0106663,3,2016,8013.115879166667
ABGP0106663,4,2016,8013.115879166667
ABGP0106663,5,2016,8013.115879166667
ABGP0106663,6,2016,8013.115879166667
ABGP0106663,7,2016,8013.115879166667
ABGP0106663,8,2016,8013.115879166667
ABGP0106663,9,2016,8013.115879166667
ABGP0106663,10,2016,8013.115879166667
ABGP0106663,11,2016,8013.115879166667
ABGP0106663,12,2016,8013.115879166667
ABGP0106663,1,2015,7529.997190833333
ABGP0106663,2,2015,7529.997190833333
ABGP0106663,3,2015,7529.997190833333
ABGP0106663,4,2015,7529.997190833333
ABGP0106663,5,2015,7529.997190833333
ABGP0106663,6,2015,7529.997190833333
ABGP0106663,7,2015,7529.997190833333
ABGP0106663,8,2015,7529.997190833333
ABGP0106663,9,2015,7529.997190833333
ABGP0106663,10,2015,7529.997190833333
ABGP0106663,11,2015,7529.997190833333
ABGP0106663,12,2015,7529.997190833333
ABGP0106663,1,2014,8233.079896666666
ABGP0106663,2,2014,8233.079896666666
ABGP0106663,3,2014,8233.079896666666
ABGP0106663,4,2014,8233.079896666666
ABGP0106663,5,2014,8233.079896666666
ABGP0106663,6,2014,8233.079896666666
ABGP0106663,7,2014,8233.079896666666
ABGP0106663,8,2014,8233.079896666666
ABGP0106663,9,2014,8233.079896666666
ABGP0106663,10,2014,8233.079896666666
ABGP0106663,11,2014,8233.079896666666
ABGP0106663,12,2014,8233.079896666666
ABGP0107835,1,2022,20757.1188
ABGP0107835,2,2022,20757.1188
ABGP0107835,3,2022,20757.1188
ABGP0107835,4,2022,20757.1188
ABGP0107835,5,2022,20757.1188
ABGP0107835,6,2022,20757.1188
ABGP0107835,7,2022,20757.1188
ABGP0107835,8,2022,20757.1188
ABGP0107835,9,2022,20757.1188
ABGP0107835,10,2022,20757.1188
ABGP0107835,11,2022,20757.1188
ABGP0107835,12,2022,20757.1188
ABGP0107835,1,2021,19666.94265
ABGP0107835,2,2021,19666.94265
ABGP0107835,3,2021,19666.94265
ABGP0107835,4,2021,19666.94265
ABGP0107835,5,2021,19666.94265
ABGP0107835,6,2021,19666.94265
ABGP0107835,7,2021,19666.94265
ABGP0107835,8,2021,19666.94265
ABGP0107835,9,2021,19666.94265
ABGP0107835,10,2021,19666.94265
ABGP0107835,11,2021,19666.94265
ABGP0107835,12,2021,19666.94265
ABGP0107835,1,2020,18223.68
ABGP0107835,2,2020,18223.68
ABGP0107835,3,2020,18223.68
ABGP0107835,4,2020,18223.68
ABGP0107835,5,2020,18223.68
ABGP0107835,6,2020,18223.68
ABGP0107835,7,2020,18223.68
ABGP0107835,8,2020,18223.68
ABGP0107835,9,2020,18223.68
ABGP0107835,10,2020,18223.68
ABGP0107835,11,2020,18223.68
ABGP0107835,12,2020,18223.68
ABGP0107835,1,2019,17186.6375
ABGP0107835,2,2019,17186.6375
ABGP0107835,3,2019,17186.6375
ABGP0107835,4,2019,17186.6375
ABGP0107835,5,2019,17186.6375
ABGP0107835,6,2019,17186.6375
ABGP0107835,7,2019,17186.6375
ABGP0107835,8,2019,17186.6375
ABGP0107835,9,2019,17186.6375
ABGP0107835,10,2019,17186.6375
ABGP0107835,11,2019,17186.6375
ABGP0107835,12,2019,17186.6375
ABGP0107835,1,2018,15562.696666666665
ABGP0107835,2,2018,15562.696666666665
ABGP0107835,3,2018,15562.696666666665
ABGP0107835,4,2018,15562.696666666665
ABGP0107835,5,2018,15562.696666666665
ABGP0107835,6,2018,15562.696666666665
ABGP0107835,7,2018,15562.696666666665
ABGP0107835,8,2018,15562.696666666665
ABGP0107835,9,2018,15562.696666666665
ABGP0107835,10,2018,15562.696666666665
ABGP0107835,11,2018,15562.696666666665
ABGP0107835,12,2018,15562.696666666665
ABGP0107835,1,2017,14823.383833333333
ABGP0107835,2,2017,14823.383833333333
ABGP0107835,3,2017,14823.383833333333
ABGP0107835,4,2017,14823.383833333333
ABGP0107835,5,2017,14823.383833333333
ABGP0107835,6,2017,14823.383833333333
ABGP0107835,7,2017,14823.383833333333
ABGP0107835,8,2017,14823.383833333333
ABGP0107835,9,2017,14823.383833333333
ABGP0107835,10,2017,14823.383833333333
ABGP0107835,11,2017,14823.383833333333
ABGP0107835,12,2017,14823.383833333333
ABGP0107835,1,2016,12388.7115
ABGP0107835,2,2016,12388.7115
ABGP0107835,3,2016,12388.7115
ABGP0107835,4,2016,12388.7115
ABGP0107835,5,2016,12388.7115
ABGP0107835,6,2016,12388.7115
ABGP0107835,7,2016,12388.7115
ABGP0107835,8,2016,12388.7115
ABGP0107835,9,2016,12388.7115
ABGP0107835,10,2016,12388.7115
ABGP0107835,11,2016,12388.7115
ABGP0107835,12,2016,12388.7115
ABGP0107835,1,2015,7691.680523
ABGP0107835,2,2015,7691.680523
ABGP0107835,3,2015,7691.680523
ABGP0107835,4,2015,7691.680523
ABGP0107835,5,2015,7691.680523
ABGP0107835,6,2015,7691.680523
ABGP0107835,7,2015,7691.680523
ABGP0107835,8,2015,7691.680523
ABGP0107835,9,2015,7691.680523
ABGP0107835,10,2015,7691.680523
ABGP0107835,11,2015,7691.680523
ABGP0107835,12,2015,7691.680523
ABGP0107835,1,2014,6611.290733333334
ABGP0107835,2,2014,6611.290733333334
ABGP0107835,3,2014,6611.290733333334
ABGP0107835,4,2014,6611.290733333334
ABGP0107835,5,2014,6611.290733333334
ABGP0107835,6,2014,6611.290733333334
ABGP0107835,7,2014,6611.290733333334
ABGP0107835,8,2014,6611.290733333334
ABGP0107835,9,2014,6611.290733333334
ABGP0107835,10,2014,6611.290733333334
ABGP0107835,11,2014,6611.290733333334
ABGP0107835,12,2014,6611.290733333334
ABGP0107835,1,2013,6684.6125108333335
ABGP0107835,2,2013,6684.6125108333335
ABGP0107835,3,2013,6684.6125108333335
ABGP0107835,4,2013,6684.6125108333335
ABGP0107835,5,2013,6684.6125108333335
ABGP0107835,6,2013,6684.6125108333335
ABGP0107835,7,2013,6684.6125108333335
ABGP0107835,8,2013,6684.6125108333335
ABGP0107835,9,2013,6684.6125108333335
ABGP0107835,10,2013,6684.6125108333335
ABGP0107835,11,2013,6684.6125108333335
ABGP0107835,12,2013,6684.6125108333335
ABGP0107835,1,2012,5333.435166666667
ABGP0107835,2,2012,5333.435166666667
ABGP0107835,3,2012,5333.435166666667
ABGP0107835,4,2012,5333.435166666667
ABGP0107835,5,2012,5333.435166666667
ABGP0107835,6,2012,5333.435166666667
ABGP0107835,7,2012,5333.435166666667
ABGP0107835,8,2012,5333.435166666667
ABGP0107835,9,2012,5333.435166666667
ABGP0107835,10,2012,5333.435166666667
ABGP0107835,11,2012,5333.435166666667
ABGP0107835,12,2012,5333.435166666667
ABGP0107835,1,2011,6268.241785833333
ABGP0107835,2,2011,6268.241785833333
ABGP0107835,3,2011,6268.241785833333
ABGP0107835,4,2011,6268.241785833333
ABGP0107835,5,2011,6268.241785833333
ABGP0107835,6,2011,6268.241785833333
ABGP0107835,7,2011,6268.241785833333
ABGP0107835,8,2011,6268.241785833333
ABGP0107835,9,2011,6268.241785833333
ABGP0107835,10,2011,6268.241785833333
ABGP0107835,11,2011,6268.241785833333
ABGP0107835,12,2011,6268.241785833333
ABGP0111570,1,2022,1689.0261
ABGP0111570,2,2022,1689.0261
ABGP0111570,3,2022,1689.0261
ABGP0111570,4,2022,1689.0261
ABGP0111570,5,2022,1689.0261
ABGP0111570,6,2022,1689.0261
ABGP0111570,7,2022,1689.0261
ABGP0111570,8,2022,1689.0261
ABGP0111570,9,2022,1689.0261
ABGP0111570,10,2022,1689.0261
ABGP0111570,11,2022,1689.0261
ABGP0111570,12,2022,1689.0261
ABGP0111570,1,2021,2323.873523333333
ABGP0111570,2,2021,2323.873523333333
ABGP0111570,3,2021,2323.873523333333
ABGP0111570,4,2021,2323.873523333333
ABGP0111570,5,2021,2323.873523333333
ABGP0111570,6,2021,2323.873523333333
ABGP0111570,7,2021,2323.873523333333
ABGP0111570,8,2021,2323.873523333333
ABGP0111570,9,2021,2323.873523333333
ABGP0111570,10,2021,2323.873523333333
ABGP0111570,11,2021,2323.873523333333
ABGP0111570,12,2021,2323.873523333333
ABGP0111570,1,2020,2199.707090833333
ABGP0111570,2,2020,2199.707090833333
ABGP0111570,3,2020,2199.707090833333
ABGP0111570,4,2020,2199.707090833333
ABGP0111570,5,2020,2199.707090833333
ABGP0111570,6,2020,2199.707090833333
ABGP0111570,7,2020,2199.707090833333
ABGP0111570,8,2020,2199.707090833333
ABGP0111570,9,2020,2199.707090833333
ABGP0111570,10,2020,2199.707090833333
ABGP0111570,11,2020,2199.707090833333
ABGP0111570,12,2020,2199.707090833333
ABGP0111570,1,2019,2788.3595666666665
ABGP0111570,2,2019,2788.3595666666665
ABGP0111570,3,2019,2788.3595666666665
ABGP0111570,4,2019,2788.3595666666665
ABGP0111570,5,2019,2788.3595666666665
ABGP0111570,6,2019,2788.3595666666665
ABGP0111570,7,2019,2788.3595666666665
ABGP0111570,8,2019,2788.3595666666665
ABGP0111570,9,2019,2788.3595666666665
ABGP0111570,10,2019,2788.3595666666665
ABGP0111570,11,2019,2788.3595666666665
ABGP0111570,12,2019,2788.3595666666665
ABGP0111570,1,2018,1953.6553583333334
ABGP0111570,2,2018,1953.6553583333334
ABGP0111570,3,2018,1953.6553583333334
ABGP0111570,4,2018,1953.6553583333334
ABGP0111570,5,2018,1953.6553583333334
ABGP0111570,6,2018,1953.6553583333334
ABGP0111570,7,2018,1953.6553583333334
ABGP0111570,8,2018,1953.6553583333334
ABGP0111570,9,2018,1953.6553583333334
ABGP0111570,10,2018,1953.6553583333334
ABGP0111570,11,2018,1953.6553583333334
ABGP0111570,12,2018,1953.6553583333334
ABGP0111570,1,2017,1756.9995666666666
ABGP0111570,2,2017,1756.9995666666666
ABGP0111570,3,2017,1756.9995666666666
ABGP0111570,4,2017,1756.9995666666666
ABGP0111570,5,2017,1756.9995666666666
ABGP0111570,6,2017,1756.9995666666666
ABGP0111570,7,2017,1756.9995666666666
ABGP0111570,8,2017,1756.9995666666666
ABGP0111570,9,2017,1756.9995666666666
ABGP0111570,10,2017,1756.9995666666666
ABGP0111570,11,2017,1756.9995666666666
ABGP0111570,12,2017,1756.9995666666666
ABGP0113730,1,2022,1776.3965991666666
ABGP0113730,2,2022,1776.3965991666666
ABGP0113730,3,2022,1776.3965991666666
ABGP0113730,4,2022,1776.3965991666666
ABGP0113730,5,2022,1776.3965991666666
ABGP0113730,6,2022,1776.3965991666666
ABGP0113730,7,2022,1776.3965991666666
ABGP0113730,8,2022,1776.3965991666666
ABGP0113730,9,2022,1776.3965991666666
ABGP0113730,10,2022,1776.3965991666666
ABGP0113730,11,2022,1776.3965991666666
ABGP0113730,12,2022,1776.3965991666666
ABGP0113730,1,2021,1731.1272158333334
ABGP0113730,2,2021,1731.1272158333334
ABGP0113730,3,2021,1731.1272158333334
ABGP0113730,4,2021,1731.1272158333334
ABGP0113730,5,2021,1731.1272158333334
ABGP0113730,6,2021,1731.1272158333334
ABGP0113730,7,2021,1731.1272158333334
ABGP0113730,8,2021,1731.1272158333334
ABGP0113730,9,2021,1731.1272158333334
ABGP0113730,10,2021,1731.1272158333334
ABGP0113730,11,2021,1731.1272158333334
ABGP0113730,12,2021,1731.1272158333334
ABGP0113730,1,2020,2255.468061666667
ABGP0113730,2,2020,2255.468061666667
ABGP0113730,3,2020,2255.468061666667
ABGP0113730,4,2020,2255.468061666667
ABGP0113730,5,2020,2255.468061666667
ABGP0113730,6,2020,2255.468061666667
ABGP0113730,7,2020,2255.468061666667
ABGP0113730,8,2020,2255.468061666667
ABGP0113730,9,2020,2255.468061666667
ABGP0113730,10,2020,2255.468061666667
ABGP0113730,11,2020,2255.468061666667
ABGP0113730,12,2020,2255.468061666667
ABGP0113730,1,2019,1626.802641666667
ABGP0113730,2,2019,1626.802641666667
ABGP0113730,3,2019,1626.802641666667
ABGP0113730,4,2019,1626.802641666667
ABGP0113730,5,2019,1626.802641666667
ABGP0113730,6,2019,1626.802641666667
ABGP0113730,7,2019,1626.802641666667
ABGP0113730,8,2019,1626.802641666667
ABGP0113730,9,2019,1626.802641666667
ABGP0113730,10,2019,1626.802641666667
ABGP0113730,11,2019,1626.802641666667
ABGP0113730,12,2019,1626.802641666667
ABGP0113730,1,2018,894.87695
ABGP0113730,2,2018,894.87695
ABGP0113730,3,2018,894.87695
ABGP0113730,4,2018,894.87695
ABGP0113730,5,2018,894.87695
ABGP0113730,6,2018,894.87695
ABGP0113730,7,2018,894.87695
ABGP0113730,8,2018,894.87695
ABGP0113730,9,2018,894.87695
ABGP0113730,10,2018,894.87695
ABGP0113730,11,2018,894.87695
ABGP0113730,12,2018,894.87695
ABGP0113730,1,2017,889.7064999999999
ABGP0113730,2,2017,889.7064999999999
ABGP0113730,3,2017,889.7064999999999
ABGP0113730,4,2017,889.7064999999999
ABGP0113730,5,2017,889.7064999999999
ABGP0113730,6,2017,889.7064999999999
ABGP0113730,7,2017,889.7064999999999
ABGP0113730,8,2017,889.7064999999999
ABGP0113730,9,2017,889.7064999999999
ABGP0113730,10,2017,889.7064999999999
ABGP0113730,11,2017,889.7064999999999
ABGP0113730,12,2017,889.7064999999999
ABGP0115356,1,2022,6070.3423
ABGP0115356,2,2022,6070.3423
ABGP0115356,3,2022,6070.3423
ABGP0115356,4,2022,6070.3423
ABGP0115356,5,2022,6070.3423
ABGP0115356,6,2022,6070.3423
ABGP0115356,7,2022,6070.3423
ABGP0115356,8,2022,6070.3423
ABGP0115356,9,2022,6070.3423
ABGP0115356,10,2022,6070.3423
ABGP0115356,11,2022,6070.3423
ABGP0115356,12,2022,6070.3423
ABGP0115356,1,2021,6242.403494166666
ABGP0115356,2,2021,6242.403494166666
ABGP0115356,3,2021,6242.403494166666
ABGP0115356,4,2021,6242.403494166666
ABGP0115356,5,2021,6242.403494166666
ABGP0115356,6,2021,6242.403494166666
ABGP0115356,7,2021,6242.403494166666
ABGP0115356,8,2021,6242.403494166666
ABGP0115356,9,2021,6242.403494166666
ABGP0115356,10,2021,6242.403494166666
ABGP0115356,11,2021,6242.403494166666
ABGP0115356,12,2021,6242.403494166666
ABGP0115356,1,2020,6687.68907
ABGP0115356,2,2020,6687.68907
ABGP0115356,3,2020,6687.68907
ABGP0115356,4,2020,6687.68907
ABGP0115356,5,2020,6687.68907
ABGP0115356,6,2020,6687.68907
ABGP0115356,7,2020,6687.68907
ABGP0115356,8,2020,6687.68907
ABGP0115356,9,2020,6687.68907
ABGP0115356,10,2020,6687.68907
ABGP0115356,11,2020,6687.68907
ABGP0115356,12,2020,6687.68907
ABGP0115356,1,2019,8250.059725000001
ABGP0115356,2,2019,8250.059725000001
ABGP0115356,3,2019,8250.059725000001
ABGP0115356,4,2019,8250.059725000001
ABGP0115356,5,2019,8250.059725000001
ABGP0115356,6,2019,8250.059725000001
ABGP0115356,7,2019,8250.059725000001
ABGP0115356,8,2019,8250.059725000001
ABGP0115356,9,2019,8250.059725000001
ABGP0115356,10,2019,8250.059725000001
ABGP0115356,11,2019,8250.059725000001
ABGP0115356,12,2019,8250.059725000001
ABGP0115356,1,2018,7891.2887083333335
ABGP0115356,2,2018,7891.2887083333335
ABGP0115356,3,2018,7891.2887083333335
ABGP0115356,4,2018,7891.2887083333335
ABGP0115356,5,2018,7891.2887083333335
ABGP0115356,6,2018,7891.2887083333335
ABGP0115356,7,2018,7891.2887083333335
ABGP0115356,8,2018,7891.2887083333335
ABGP0115356,9,2018,7891.2887083333335
ABGP0115356,10,2018,7891.2887083333335
ABGP0115356,11,2018,7891.2887083333335
ABGP0115356,12,2018,7891.2887083333335
ABGP0115356,1,2017,6638.260633333334
ABGP0115356,2,2017,6638.260633333334
ABGP0115356,3,2017,6638.260633333334
ABGP0115356,4,2017,6638.260633333334
ABGP0115356,5,2017,6638.260633333334
ABGP0115356,6,2017,6638.260633333334
ABGP0115356,7,2017,6638.260633333334
ABGP0115356,8,2017,6638.260633333334
ABGP0115356,9,2017,6638.260633333334
ABGP0115356,10,2017,6638.260633333334
ABGP0115356,11,2017,6638.260633333334
ABGP0115356,12,2017,6638.260633333334
ABGP0115356,1,2016,6104.396399166667
ABGP0115356,2,2016,6104.396399166667
ABGP0115356,3,2016,6104.396399166667
ABGP0115356,4,2016,6104.396399166667
ABGP0115356,5,2016,6104.396399166667
ABGP0115356,6,2016,6104.396399166667
ABGP0115356,7,2016,6104.396399166667
ABGP0115356,8,2016,6104.396399166667
ABGP0115356,9,2016,6104.396399166667
ABGP0115356,10,2016,6104.396399166667
ABGP0115356,11,2016,6104.396399166667
ABGP0115356,12,2016,6104.396399166667
ABGP0115356,1,2015,5260.128413
ABGP0115356,2,2015,5260.128413
ABGP0115356,3,2015,5260.128413
ABGP0115356,4,2015,5260.128413
ABGP0115356,5,2015,5260.128413
ABGP0115356,6,2015,5260.128413
ABGP0115356,7,2015,5260.128413
ABGP0115356,8,2015,5260.128413
ABGP0115356,9,2015,5260.128413
ABGP0115356,10,2015,5260.128413
ABGP0115356,11,2015,5260.128413
ABGP0115356,12,2015,5260.128413
ABGP0115356,1,2014,5706.818082500001
ABGP0115356,2,2014,5706.818082500001
ABGP0115356,3,2014,5706.818082500001
ABGP0115356,4,2014,5706.818082500001
ABGP0115356,5,2014,5706.818082500001
ABGP0115356,6,2014,5706.818082500001
ABGP0115356,7,2014,5706.818082500001
ABGP0115356,8,2014,5706.818082500001
ABGP0115356,9,2014,5706.818082500001
ABGP0115356,10,2014,5706.818082500001
ABGP0115356,11,2014,5706.818082500001
ABGP0115356,12,2014,5706.818082500001
ABGP0115771,1,2022,1765.4455
ABGP0115771,2,2022,1765.4455
ABGP0115771,3,2022,1765.4455
ABGP0115771,4,2022,1765.4455
ABGP0115771,5,2022,1765.4455
ABGP0115771,6,2022,1765.4455
ABGP0115771,7,2022,1765.4455
ABGP0115771,8,2022,1765.4455
ABGP0115771,9,2022,1765.4455
ABGP0115771,10,2022,1765.4455
ABGP0115771,11,2022,1765.4455
ABGP0115771,12,2022,1765.4455
ABGP0115771,1,2021,1713.9561416666666
ABGP0115771,2,2021,1713.9561416666666
ABGP0115771,3,2021,1713.9561416666666
ABGP0115771,4,2021,1713.9561416666666
ABGP0115771,5,2021,1713.9561416666666
ABGP0115771,6,2021,1713.9561416666666
ABGP0115771,7,2021,1713.9561416666666
ABGP0115771,8,2021,1713.9561416666666
ABGP0115771,9,2021,1713.9561416666666
ABGP0115771,10,2021,1713.9561416666666
ABGP0115771,11,2021,1713.9561416666666
ABGP0115771,12,2021,1713.9561416666666
ABGP0115771,1,2020,1815.4681333333335
ABGP0115771,2,2020,1815.4681333333335
ABGP0115771,3,2020,1815.4681333333335
ABGP0115771,4,2020,1815.4681333333335
ABGP0115771,5,2020,1815.4681333333335
ABGP0115771,6,2020,1815.4681333333335
ABGP0115771,7,2020,1815.4681333333335
ABGP0115771,8,2020,1815.4681333333335
ABGP0115771,9,2020,1815.4681333333335
ABGP0115771,10,2020,1815.4681333333335
ABGP0115771,11,2020,1815.4681333333335
ABGP0115771,12,2020,1815.4681333333335
ABGP0115771,1,2019,1792.161325
ABGP0115771,2,2019,1792.161325
ABGP0115771,3,2019,1792.161325
ABGP0115771,4,2019,1792.161325
ABGP0115771,5,2019,1792.161325
ABGP0115771,6,2019,1792.161325
ABGP0115771,7,2019,1792.161325
ABGP0115771,8,2019,1792.161325
ABGP0115771,9,2019,1792.161325
ABGP0115771,10,2019,1792.161325
ABGP0115771,11,2019,1792.161325
ABGP0115771,12,2019,1792.161325
ABGP0115771,1,2018,1797.8841750000001
ABGP0115771,2,2018,1797.8841750000001
ABGP0115771,3,2018,1797.8841750000001
ABGP0115771,4,2018,1797.8841750000001
ABGP0115771,5,2018,1797.8841750000001
ABGP0115771,6,2018,1797.8841750000001
ABGP0115771,7,2018,1797.8841750000001
ABGP0115771,8,2018,1797.8841750000001
ABGP0115771,9,2018,1797.8841750000001
ABGP0115771,10,2018,1797.8841750000001
ABGP0115771,11,2018,1797.8841750000001
ABGP0115771,12,2018,1797.8841750000001
ABGP0115771,1,2017,1634.5357583333334
ABGP0115771,2,2017,1634.5357583333334
ABGP0115771,3,2017,1634.5357583333334
ABGP0115771,4,2017,1634.5357583333334
ABGP0115771,5,2017,1634.5357583333334
ABGP0115771,6,2017,1634.5357583333334
ABGP0115771,7,2017,1634.5357583333334
ABGP0115771,8,2017,1634.5357583333334
ABGP0115771,9,2017,1634.5357583333334
ABGP0115771,10,2017,1634.5357583333334
ABGP0115771,11,2017,1634.5357583333334
ABGP0115771,12,2017,1634.5357583333334
ABGP0117818,1,2022,1395.4947333333332
ABGP0117818,2,2022,1395.4947333333332
ABGP0117818,3,2022,1395.4947333333332
ABGP0117818,4,2022,1395.4947333333332
ABGP0117818,5,2022,1395.4947333333332
ABGP0117818,6,2022,1395.4947333333332
ABGP0117818,7,2022,1395.4947333333332
ABGP0117818,8,2022,1395.4947333333332
ABGP0117818,9,2022,1395.4947333333332
ABGP0117818,10,2022,1395.4947333333332
ABGP0117818,11,2022,1395.4947333333332
ABGP0117818,12,2022,1395.4947333333332
ABGP0117818,1,2021,1403.47695
ABGP0117818,2,2021,1403.47695
ABGP0117818,3,2021,1403.47695
ABGP0117818,4,2021,1403.47695
ABGP0117818,5,2021,1403.47695
ABGP0117818,6,2021,1403.47695
ABGP0117818,7,2021,1403.47695
ABGP0117818,8,2021,1403.47695
ABGP0117818,9,2021,1403.47695
ABGP0117818,10,2021,1403.47695
ABGP0117818,11,2021,1403.47695
ABGP0117818,12,2021,1403.47695
ABGP0117818,1,2020,1508.2680633333332
ABGP0117818,2,2020,1508.2680633333332
ABGP0117818,3,2020,1508.2680633333332
ABGP0117818,4,2020,1508.2680633333332
ABGP0117818,5,2020,1508.2680633333332
ABGP0117818,6,2020,1508.2680633333332
ABGP0117818,7,2020,1508.2680633333332
ABGP0117818,8,2020,1508.2680633333332
ABGP0117818,9,2020,1508.2680633333332
ABGP0117818,10,2020,1508.2680633333332
ABGP0117818,11,2020,1508.2680633333332
ABGP0117818,12,2020,1508.2680633333332
ABGP0117818,1,2019,2147.707875
ABGP0117818,2,2019,2147.707875
ABGP0117818,3,2019,2147.707875
ABGP0117818,4,2019,2147.707875
ABGP0117818,5,2019,2147.707875
ABGP0117818,6,2019,2147.707875
ABGP0117818,7,2019,2147.707875
ABGP0117818,8,2019,2147.707875
ABGP0117818,9,2019,2147.707875
ABGP0117818,10,2019,2147.707875
ABGP0117818,11,2019,2147.707875
ABGP0117818,12,2019,2147.707875
ABGP0117818,1,2018,1450.0133666666668
ABGP0117818,2,2018,1450.0133666666668
ABGP0117818,3,2018,1450.0133666666668
ABGP0117818,4,2018,1450.0133666666668
ABGP0117818,5,2018,1450.0133666666668
ABGP0117818,6,2018,1450.0133666666668
ABGP0117818,7,2018,1450.0133666666668
ABGP0117818,8,2018,1450.0133666666668
ABGP0117818,9,2018,1450.0133666666668
ABGP0117818,10,2018,1450.0133666666668
ABGP0117818,11,2018,1450.0133666666668
ABGP0117818,12,2018,1450.0133666666668
ABGP0117818,1,2017,1721.4241
ABGP0117818,2,2017,1721.4241
ABGP0117818,3,2017,1721.4241
ABGP0117818,4,2017,1721.4241
ABGP0117818,5,2017,1721.4241
ABGP0117818,6,2017,1721.4241
ABGP0117818,7,2017,1721.4241
ABGP0117818,8,2017,1721.4241
ABGP0117818,9,2017,1721.4241
ABGP0117818,10,2017,1721.4241
ABGP0117818,11,2017,1721.4241
ABGP0117818,12,2017,1721.4241
ABGP0119271,1,2022,886.1803166666667
ABGP0119271,2,2022,886.1803166666667
ABGP0119271,3,2022,886.1803166666667
ABGP0119271,4,2022,886.1803166666667
ABGP0119271,5,2022,886.1803166666667
ABGP0119271,6,2022,886.1803166666667
ABGP0119271,7,2022,886.1803166666667
ABGP0119271,8,2022,886.1803166666667
ABGP0119271,9,2022,886.1803166666667
ABGP0119271,10,2022,886.1803166666667
ABGP0119271,11,2022,886.1803166666667
ABGP0119271,12,2022,886.1803166666667
ABGP0119271,1,2021,730.62245
ABGP0119271,2,2021,730.62245
ABGP0119271,3,2021,730.62245
ABGP0119271,4,2021,730.62245
ABGP0119271,5,2021,730.62245
ABGP0119271,6,2021,730.62245
ABGP0119271,7,2021,730.62245
ABGP0119271,8,2021,730.62245
ABGP0119271,9,2021,730.62245
ABGP0119271,10,2021,730.62245
ABGP0119271,11,2021,730.62245
ABGP0119271,12,2021,730.62245
ABGP0119271,1,2020,4706.412395
ABGP0119271,2,2020,4706.412395
ABGP0119271,3,2020,4706.412395
ABGP0119271,4,2020,4706.412395
ABGP0119271,5,2020,4706.412395
ABGP0119271,6,2020,4706.412395
ABGP0119271,7,2020,4706.412395
ABGP0119271,8,2020,4706.412395
ABGP0119271,9,2020,4706.412395
ABGP0119271,10,2020,4706.412395
ABGP0119271,11,2020,4706.412395
ABGP0119271,12,2020,4706.412395
ABGP0119271,1,2020,658.813225
ABGP0119271,2,2020,658.813225
ABGP0119271,3,2020,658.813225
ABGP0119271,4,2020,658.813225
ABGP0119271,5,2020,658.813225
ABGP0119271,6,2020,658.813225
ABGP0119271,7,2020,658.813225
ABGP0119271,8,2020,658.813225
ABGP0119271,9,2020,658.813225
ABGP0119271,10,2020,658.813225
ABGP0119271,11,2020,658.813225
ABGP0119271,12,2020,658.813225
ABGP0119271,1,2019,5633.86305
ABGP0119271,2,2019,5633.86305
ABGP0119271,3,2019,5633.86305
ABGP0119271,4,2019,5633.86305
ABGP0119271,5,2019,5633.86305
ABGP0119271,6,2019,5633.86305
ABGP0119271,7,2019,5633.86305
ABGP0119271,8,2019,5633.86305
ABGP0119271,9,2019,5633.86305
ABGP0119271,10,2019,5633.86305
ABGP0119271,11,2019,5633.86305
ABGP0119271,12,2019,5633.86305
ABGP0119271,1,2019,913.5539333333332
ABGP0119271,2,2019,913.5539333333332
ABGP0119271,3,2019,913.5539333333332
ABGP0119271,4,2019,913.5539333333332
ABGP0119271,5,2019,913.5539333333332
ABGP0119271,6,2019,913.5539333333332
ABGP0119271,7,2019,913.5539333333332
ABGP0119271,8,2019,913.5539333333332
ABGP0119271,9,2019,913.5539333333332
ABGP0119271,10,2019,913.5539333333332
ABGP0119271,11,2019,913.5539333333332
ABGP0119271,12,2019,913.5539333333332
ABGP0119271,1,2018,5722.991141666666
ABGP0119271,2,2018,5722.991141666666
ABGP0119271,3,2018,5722.991141666666
ABGP0119271,4,2018,5722.991141666666
ABGP0119271,5,2018,5722.991141666666
ABGP0119271,6,2018,5722.991141666666
ABGP0119271,7,2018,5722.991141666666
ABGP0119271,8,2018,5722.991141666666
ABGP0119271,9,2018,5722.991141666666
ABGP0119271,10,2018,5722.991141666666
ABGP0119271,11,2018,5722.991141666666
ABGP0119271,12,2018,5722.991141666666
ABGP0119271,1,2017,4600.280791666667
ABGP0119271,2,2017,4600.280791666667
ABGP0119271,3,2017,4600.280791666667
ABGP0119271,4,2017,4600.280791666667
ABGP0119271,5,2017,4600.280791666667
ABGP0119271,6,2017,4600.280791666667
ABGP0119271,7,2017,4600.280791666667
ABGP0119271,8,2017,4600.280791666667
ABGP0119271,9,2017,4600.280791666667
ABGP0119271,10,2017,4600.280791666667
ABGP0119271,11,2017,4600.280791666667
ABGP0119271,12,2017,4600.280791666667
ABGP0119271,1,2017,960.3126416666668
ABGP0119271,2,2017,960.3126416666668
ABGP0119271,3,2017,960.3126416666668
ABGP0119271,4,2017,960.3126416666668
ABGP0119271,5,2017,960.3126416666668
ABGP0119271,6,2017,960.3126416666668
ABGP0119271,7,2017,960.3126416666668
ABGP0119271,8,2017,960.3126416666668
ABGP0119271,9,2017,960.3126416666668
ABGP0119271,10,2017,960.3126416666668
ABGP0119271,11,2017,960.3126416666668
ABGP0119271,12,2017,960.3126416666668
ABGP0119271,1,2016,4349.762109166667
ABGP0119271,2,2016,4349.762109166667
ABGP0119271,3,2016,4349.762109166667
ABGP0119271,4,2016,4349.762109166667
ABGP0119271,5,2016,4349.762109166667
ABGP0119271,6,2016,4349.762109166667
ABGP0119271,7,2016,4349.762109166667
ABGP0119271,8,2016,4349.762109166667
ABGP0119271,9,2016,4349.762109166667
ABGP0119271,10,2016,4349.762109166667
ABGP0119271,11,2016,4349.762109166667
ABGP0119271,12,2016,4349.762109166667
ABGP0119271,1,2015,5498.098846666667
ABGP0119271,2,2015,5498.098846666667
ABGP0119271,3,2015,5498.098846666667
ABGP0119271,4,2015,5498.098846666667
ABGP0119271,5,2015,5498.098846666667
ABGP0119271,6,2015,5498.098846666667
ABGP0119271,7,2015,5498.098846666667
ABGP0119271,8,2015,5498.098846666667
ABGP0119271,9,2015,5498.098846666667
ABGP0119271,10,2015,5498.098846666667
ABGP0119271,11,2015,5498.098846666667
ABGP0119271,12,2015,5498.098846666667
ABGP0119546,1,2018,905.6744749999999
ABGP0119546,2,2018,905.6744749999999
ABGP0119546,3,2018,905.6744749999999
ABGP0119546,4,2018,905.6744749999999
ABGP0119546,5,2018,905.6744749999999
ABGP0119546,6,2018,905.6744749999999
ABGP0119546,7,2018,905.6744749999999
ABGP0119546,8,2018,905.6744749999999
ABGP0119546,9,2018,905.6744749999999
ABGP0119546,10,2018,905.6744749999999
ABGP0119546,11,2018,905.6744749999999
ABGP0119546,12,2018,905.6744749999999
ABGP0119546,1,2017,895.5390833333332
ABGP0119546,2,2017,895.5390833333332
ABGP0119546,3,2017,895.5390833333332
ABGP0119546,4,2017,895.5390833333332
ABGP0119546,5,2017,895.5390833333332
ABGP0119546,6,2017,895.5390833333332
ABGP0119546,7,2017,895.5390833333332
ABGP0119546,8,2017,895.5390833333332
ABGP0119546,9,2017,895.5390833333332
ABGP0119546,10,2017,895.5390833333332
ABGP0119546,11,2017,895.5390833333332
ABGP0119546,12,2017,895.5390833333332
ABGP0119754,1,2022,5108.224508333334
ABGP0119754,2,2022,5108.224508333334
ABGP0119754,3,2022,5108.224508333334
ABGP0119754,4,2022,5108.224508333334
ABGP0119754,5,2022,5108.224508333334
ABGP0119754,6,2022,5108.224508333334
ABGP0119754,7,2022,5108.224508333334
ABGP0119754,8,2022,5108.224508333334
ABGP0119754,9,2022,5108.224508333334
ABGP0119754,10,2022,5108.224508333334
ABGP0119754,11,2022,5108.224508333334
ABGP0119754,12,2022,5108.224508333334
ABGP0119754,1,2021,7201.466193333334
ABGP0119754,2,2021,7201.466193333334
ABGP0119754,3,2021,7201.466193333334
ABGP0119754,4,2021,7201.466193333334
ABGP0119754,5,2021,7201.466193333334
ABGP0119754,6,2021,7201.466193333334
ABGP0119754,7,2021,7201.466193333334
ABGP0119754,8,2021,7201.466193333334
ABGP0119754,9,2021,7201.466193333334
ABGP0119754,10,2021,7201.466193333334
ABGP0119754,11,2021,7201.466193333334
ABGP0119754,12,2021,7201.466193333334
ABGP0119754,1,2020,8885.529975
ABGP0119754,2,2020,8885.529975
ABGP0119754,3,2020,8885.529975
ABGP0119754,4,2020,8885.529975
ABGP0119754,5,2020,8885.529975
ABGP0119754,6,2020,8885.529975
ABGP0119754,7,2020,8885.529975
ABGP0119754,8,2020,8885.529975
ABGP0119754,9,2020,8885.529975
ABGP0119754,10,2020,8885.529975
ABGP0119754,11,2020,8885.529975
ABGP0119754,12,2020,8885.529975
ABGP0119754,1,2019,9194.703783333332
ABGP0119754,2,2019,9194.703783333332
ABGP0119754,3,2019,9194.703783333332
ABGP0119754,4,2019,9194.703783333332
ABGP0119754,5,2019,9194.703783333332
ABGP0119754,6,2019,9194.703783333332
ABGP0119754,7,2019,9194.703783333332
ABGP0119754,8,2019,9194.703783333332
ABGP0119754,9,2019,9194.703783333332
ABGP0119754,10,2019,9194.703783333332
ABGP0119754,11,2019,9194.703783333332
ABGP0119754,12,2019,9194.703783333332
ABGP0119754,1,2018,9212.396775
ABGP0119754,2,2018,9212.396775
ABGP0119754,3,2018,9212.396775
ABGP0119754,4,2018,9212.396775
ABGP0119754,5,2018,9212.396775
ABGP0119754,6,2018,9212.396775
ABGP0119754,7,2018,9212.396775
ABGP0119754,8,2018,9212.396775
ABGP0119754,9,2018,9212.396775
ABGP0119754,10,2018,9212.396775
ABGP0119754,11,2018,9212.396775
ABGP0119754,12,2018,9212.396775
ABGP0119754,1,2017,9701.739625
ABGP0119754,2,2017,9701.739625
ABGP0119754,3,2017,9701.739625
ABGP0119754,4,2017,9701.739625
ABGP0119754,5,2017,9701.739625
ABGP0119754,6,2017,9701.739625
ABGP0119754,7,2017,9701.739625
ABGP0119754,8,2017,9701.739625
ABGP0119754,9,2017,9701.739625
ABGP0119754,10,2017,9701.739625
ABGP0119754,11,2017,9701.739625
ABGP0119754,12,2017,9701.739625
ABGP0119754,1,2016,9441.016808333334
ABGP0119754,2,2016,9441.016808333334
ABGP0119754,3,2016,9441.016808333334
ABGP0119754,4,2016,9441.016808333334
ABGP0119754,5,2016,9441.016808333334
ABGP0119754,6,2016,9441.016808333334
ABGP0119754,7,2016,9441.016808333334
ABGP0119754,8,2016,9441.016808333334
ABGP0119754,9,2016,9441.016808333334
ABGP0119754,10,2016,9441.016808333334
ABGP0119754,11,2016,9441.016808333334
ABGP0119754,12,2016,9441.016808333334
ABGP0119754,1,2015,9899.568883333333
ABGP0119754,2,2015,9899.568883333333
ABGP0119754,3,2015,9899.568883333333
ABGP0119754,4,2015,9899.568883333333
ABGP0119754,5,2015,9899.568883333333
ABGP0119754,6,2015,9899.568883333333
ABGP0119754,7,2015,9899.568883333333
ABGP0119754,8,2015,9899.568883333333
ABGP0119754,9,2015,9899.568883333333
ABGP0119754,10,2015,9899.568883333333
ABGP0119754,11,2015,9899.568883333333
ABGP0119754,12,2015,9899.568883333333
ABGP0119754,1,2014,10521.926741666666
ABGP0119754,2,2014,10521.926741666666
ABGP0119754,3,2014,10521.926741666666
ABGP0119754,4,2014,10521.926741666666
ABGP0119754,5,2014,10521.926741666666
ABGP0119754,6,2014,10521.926741666666
ABGP0119754,7,2014,10521.926741666666
ABGP0119754,8,2014,10521.926741666666
ABGP0119754,9,2014,10521.926741666666
ABGP0119754,10,2014,10521.926741666666
ABGP0119754,11,2014,10521.926741666666
ABGP0119754,12,2014,10521.926741666666
ABGP0119754,1,2013,10551.421341666666
ABGP0119754,2,2013,10551.421341666666
ABGP0119754,3,2013,10551.421341666666
ABGP0119754,4,2013,10551.421341666666
ABGP0119754,5,2013,10551.421341666666
ABGP0119754,6,2013,10551.421341666666
ABGP0119754,7,2013,10551.421341666666
ABGP0119754,8,2013,10551.421341666666
ABGP0119754,9,2013,10551.421341666666
ABGP0119754,10,2013,10551.421341666666
ABGP0119754,11,2013,10551.421341666666
ABGP0119754,12,2013,10551.421341666666
ABGP0119754,1,2012,9831.137075
ABGP0119754,2,2012,9831.137075
ABGP0119754,3,2012,9831.137075
ABGP0119754,4,2012,9831.137075
ABGP0119754,5,2012,9831.137075
ABGP0119754,6,2012,9831.137075
ABGP0119754,7,2012,9831.137075
ABGP0119754,8,2012,9831.137075
ABGP0119754,9,2012,9831.137075
ABGP0119754,10,2012,9831.137075
ABGP0119754,11,2012,9831.137075
ABGP0119754,12,2012,9831.137075
ABGP0119754,1,2011,8886.5877
ABGP0119754,2,2011,8886.5877
ABGP0119754,3,2011,8886.5877
ABGP0119754,4,2011,8886.5877
ABGP0119754,5,2011,8886.5877
ABGP0119754,6,2011,8886.5877
ABGP0119754,7,2011,8886.5877
ABGP0119754,8,2011,8886.5877
ABGP0119754,9,2011,8886.5877
ABGP0119754,10,2011,8886.5877
ABGP0119754,11,2011,8886.5877
ABGP0119754,12,2011,8886.5877
ABGP0119754,1,2010,10355.012758333332
ABGP0119754,2,2010,10355.012758333332
ABGP0119754,3,2010,10355.012758333332
ABGP0119754,4,2010,10355.012758333332
ABGP0119754,5,2010,10355.012758333332
ABGP0119754,6,2010,10355.012758333332
ABGP0119754,7,2010,10355.012758333332
ABGP0119754,8,2010,10355.012758333332
ABGP0119754,9,2010,10355.012758333332
ABGP0119754,10,2010,10355.012758333332
ABGP0119754,11,2010,10355.012758333332
ABGP0119754,12,2010,10355.012758333332
ABGP0119754,1,2009,10373.871366666666
ABGP0119754,2,2009,10373.871366666666
ABGP0119754,3,2009,10373.871366666666
ABGP0119754,4,2009,10373.871366666666
ABGP0119754,5,2009,10373.871366666666
ABGP0119754,6,2009,10373.871366666666
ABGP0119754,7,2009,10373.871366666666
ABGP0119754,8,2009,10373.871366666666
ABGP0119754,9,2009,10373.871366666666
ABGP0119754,10,2009,10373.871366666666
ABGP0119754,11,2009,10373.871366666666
ABGP0119754,12,2009,10373.871366666666
ABGP0119754,1,2008,12100.391133333333
ABGP0119754,2,2008,12100.391133333333
ABGP0119754,3,2008,12100.391133333333
ABGP0119754,4,2008,12100.391133333333
ABGP0119754,5,2008,12100.391133333333
ABGP0119754,6,2008,12100.391133333333
ABGP0119754,7,2008,12100.391133333333
ABGP0119754,8,2008,12100.391133333333
ABGP0119754,9,2008,12100.391133333333
ABGP0119754,10,2008,12100.391133333333
ABGP0119754,11,2008,12100.391133333333
ABGP0119754,12,2008,12100.391133333333
ABGP0119754,1,2007,11638.598741666667
ABGP0119754,2,2007,11638.598741666667
ABGP0119754,3,2007,11638.598741666667
ABGP0119754,4,2007,11638.598741666667
ABGP0119754,5,2007,11638.598741666667
ABGP0119754,6,2007,11638.598741666667
ABGP0119754,7,2007,11638.598741666667
ABGP0119754,8,2007,11638.598741666667
ABGP0119754,9,2007,11638.598741666667
ABGP0119754,10,2007,11638.598741666667
ABGP0119754,11,2007,11638.598741666667
ABGP0119754,12,2007,11638.598741666667
ABGP0119754,1,2006,12950.656766666667
ABGP0119754,2,2006,12950.656766666667
ABGP0119754,3,2006,12950.656766666667
ABGP0119754,4,2006,12950.656766666667
ABGP0119754,5,2006,12950.656766666667
ABGP0119754,6,2006,12950.656766666667
ABGP0119754,7,2006,12950.656766666667
ABGP0119754,8,2006,12950.656766666667
ABGP0119754,9,2006,12950.656766666667
ABGP0119754,10,2006,12950.656766666667
ABGP0119754,11,2006,12950.656766666667
ABGP0119754,12,2006,12950.656766666667
ABGP0119754,1,2005,15956.038941666666
ABGP0119754,2,2005,15956.038941666666
ABGP0119754,3,2005,15956.038941666666
ABGP0119754,4,2005,15956.038941666666
ABGP0119754,5,2005,15956.038941666666
ABGP0119754,6,2005,15956.038941666666
ABGP0119754,7,2005,15956.038941666666
ABGP0119754,8,2005,15956.038941666666
ABGP0119754,9,2005,15956.038941666666
ABGP0119754,10,2005,15956.038941666666
ABGP0119754,11,2005,15956.038941666666
ABGP0119754,12,2005,15956.038941666666
ABGP0119754,1,2004,23294.04193333333
ABGP0119754,2,2004,23294.04193333333
ABGP0119754,3,2004,23294.04193333333
ABGP0119754,4,2004,23294.04193333333
ABGP0119754,5,2004,23294.04193333333
ABGP0119754,6,2004,23294.04193333333
ABGP0119754,7,2004,23294.04193333333
ABGP0119754,8,2004,23294.04193333333
ABGP0119754,9,2004,23294.04193333333
ABGP0119754,10,2004,23294.04193333333
ABGP0119754,11,2004,23294.04193333333
ABGP0119754,12,2004,23294.04193333333
ABGP0119984,1,2018,1541.9690833333334
ABGP0119984,2,2018,1541.9690833333334
ABGP0119984,3,2018,1541.9690833333334
ABGP0119984,4,2018,1541.9690833333334
ABGP0119984,5,2018,1541.9690833333334
ABGP0119984,6,2018,1541.9690833333334
ABGP0119984,7,2018,1541.9690833333334
ABGP0119984,8,2018,1541.9690833333334
ABGP0119984,9,2018,1541.9690833333334
ABGP0119984,10,2018,1541.9690833333334
ABGP0119984,11,2018,1541.9690833333334
ABGP0119984,12,2018,1541.9690833333334
ABGP0119984,1,2017,1591.00575
ABGP0119984,2,2017,1591.00575
ABGP0119984,3,2017,1591.00575
ABGP0119984,4,2017,1591.00575
ABGP0119984,5,2017,1591.00575
ABGP0119984,6,2017,1591.00575
ABGP0119984,7,2017,1591.00575
ABGP0119984,8,2017,1591.00575
ABGP0119984,9,2017,1591.00575
ABGP0119984,10,2017,1591.00575
ABGP0119984,11,2017,1591.00575
ABGP0119984,12,2017,1591.00575
ABGP0120344,1,2022,3624.8806266666666
ABGP0120344,2,2022,3624.8806266666666
ABGP0120344,3,2022,3624.8806266666666
ABGP0120344,4,2022,3624.8806266666666
ABGP0120344,5,2022,3624.8806266666666
ABGP0120344,6,2022,3624.8806266666666
ABGP0120344,7,2022,3624.8806266666666
ABGP0120344,8,2022,3624.8806266666666
ABGP0120344,9,2022,3624.8806266666666
ABGP0120344,10,2022,3624.8806266666666
ABGP0120344,11,2022,3624.8806266666666
ABGP0120344,12,2022,3624.8806266666666
ABGP0120344,1,2021,3290.687524166667
ABGP0120344,2,2021,3290.687524166667
ABGP0120344,3,2021,3290.687524166667
ABGP0120344,4,2021,3290.687524166667
ABGP0120344,5,2021,3290.687524166667
ABGP0120344,6,2021,3290.687524166667
ABGP0120344,7,2021,3290.687524166667
ABGP0120344,8,2021,3290.687524166667
ABGP0120344,9,2021,3290.687524166667
ABGP0120344,10,2021,3290.687524166667
ABGP0120344,11,2021,3290.687524166667
ABGP0120344,12,2021,3290.687524166667
ABGP0120344,1,2020,3114.7019999999998
ABGP0120344,2,2020,3114.7019999999998
ABGP0120344,3,2020,3114.7019999999998
ABGP0120344,4,2020,3114.7019999999998
ABGP0120344,5,2020,3114.7019999999998
ABGP0120344,6,2020,3114.7019999999998
ABGP0120344,7,2020,3114.7019999999998
ABGP0120344,8,2020,3114.7019999999998
ABGP0120344,9,2020,3114.7019999999998
ABGP0120344,10,2020,3114.7019999999998
ABGP0120344,11,2020,3114.7019999999998
ABGP0120344,12,2020,3114.7019999999998
ABGP0120344,1,2019,3265.4666666666667
ABGP0120344,2,2019,3265.4666666666667
ABGP0120344,3,2019,3265.4666666666667
ABGP0120344,4,2019,3265.4666666666667
ABGP0120344,5,2019,3265.4666666666667
ABGP0120344,6,2019,3265.4666666666667
ABGP0120344,7,2019,3265.4666666666667
ABGP0120344,8,2019,3265.4666666666667
ABGP0120344,9,2019,3265.4666666666667
ABGP0120344,10,2019,3265.4666666666667
ABGP0120344,11,2019,3265.4666666666667
ABGP0120344,12,2019,3265.4666666666667
ABGP0120344,1,2018,3523.14675
ABGP0120344,2,2018,3523.14675
ABGP0120344,3,2018,3523.14675
ABGP0120344,4,2018,3523.14675
ABGP0120344,5,2018,3523.14675
ABGP0120344,6,2018,3523.14675
ABGP0120344,7,2018,3523.14675
ABGP0120344,8,2018,3523.14675
ABGP0120344,9,2018,3523.14675
ABGP0120344,10,2018,3523.14675
ABGP0120344,11,2018,3523.14675
ABGP0120344,12,2018,3523.14675
ABGP0120344,1,2017,3687.2995833333334
ABGP0120344,2,2017,3687.2995833333334
ABGP0120344,3,2017,3687.2995833333334
ABGP0120344,4,2017,3687.2995833333334
ABGP0120344,5,2017,3687.2995833333334
ABGP0120344,6,2017,3687.2995833333334
ABGP0120344,7,2017,3687.2995833333334
ABGP0120344,8,2017,3687.2995833333334
ABGP0120344,9,2017,3687.2995833333334
ABGP0120344,10,2017,3687.2995833333334
ABGP0120344,11,2017,3687.2995833333334
ABGP0120344,12,2017,3687.2995833333334
ABGP0121326,1,2022,6804.310508333333
ABGP0121326,2,2022,6804.310508333333
ABGP0121326,3,2022,6804.310508333333
ABGP0121326,4,2022,6804.310508333333
ABGP0121326,5,2022,6804.310508333333
ABGP0121326,6,2022,6804.310508333333
ABGP0121326,7,2022,6804.310508333333
ABGP0121326,8,2022,6804.310508333333
ABGP0121326,9,2022,6804.310508333333
ABGP0121326,10,2022,6804.310508333333
ABGP0121326,11,2022,6804.310508333333
ABGP0121326,12,2022,6804.310508333333
ABGP0121326,1,2021,7320.905566666667
ABGP0121326,2,2021,7320.905566666667
ABGP0121326,3,2021,7320.905566666667
ABGP0121326,4,2021,7320.905566666667
ABGP0121326,5,2021,7320.905566666667
ABGP0121326,6,2021,7320.905566666667
ABGP0121326,7,2021,7320.905566666667
ABGP0121326,8,2021,7320.905566666667
ABGP0121326,9,2021,7320.905566666667
ABGP0121326,10,2021,7320.905566666667
ABGP0121326,11,2021,7320.905566666667
ABGP0121326,12,2021,7320.905566666667
ABGP0121326,1,2020,6179.541636666666
ABGP0121326,2,2020,6179.541636666666
ABGP0121326,3,2020,6179.541636666666
ABGP0121326,4,2020,6179.541636666666
ABGP0121326,5,2020,6179.541636666666
ABGP0121326,6,2020,6179.541636666666
ABGP0121326,7,2020,6179.541636666666
ABGP0121326,8,2020,6179.541636666666
ABGP0121326,9,2020,6179.541636666666
ABGP0121326,10,2020,6179.541636666666
ABGP0121326,11,2020,6179.541636666666
ABGP0121326,12,2020,6179.541636666666
ABGP0121326,1,2019,6425.361891666666
ABGP0121326,2,2019,6425.361891666666
ABGP0121326,3,2019,6425.361891666666
ABGP0121326,4,2019,6425.361891666666
ABGP0121326,5,2019,6425.361891666666
ABGP0121326,6,2019,6425.361891666666
ABGP0121326,7,2019,6425.361891666666
ABGP0121326,8,2019,6425.361891666666
ABGP0121326,9,2019,6425.361891666666
ABGP0121326,10,2019,6425.361891666666
ABGP0121326,11,2019,6425.361891666666
ABGP0121326,12,2019,6425.361891666666
ABGP0121326,1,2018,5904.942539166666
ABGP0121326,2,2018,5904.942539166666
ABGP0121326,3,2018,5904.942539166666
ABGP0121326,4,2018,5904.942539166666
ABGP0121326,5,2018,5904.942539166666
ABGP0121326,6,2018,5904.942539166666
ABGP0121326,7,2018,5904.942539166666
ABGP0121326,8,2018,5904.942539166666
ABGP0121326,9,2018,5904.942539166666
ABGP0121326,10,2018,5904.942539166666
ABGP0121326,11,2018,5904.942539166666
ABGP0121326,12,2018,5904.942539166666
ABGP0121326,1,2017,5194.503855
ABGP0121326,2,2017,5194.503855
ABGP0121326,3,2017,5194.503855
ABGP0121326,4,2017,5194.503855
ABGP0121326,5,2017,5194.503855
ABGP0121326,6,2017,5194.503855
ABGP0121326,7,2017,5194.503855
ABGP0121326,8,2017,5194.503855
ABGP0121326,9,2017,5194.503855
ABGP0121326,10,2017,5194.503855
ABGP0121326,11,2017,5194.503855
ABGP0121326,12,2017,5194.503855
ABGP0121326,1,2016,6417.579735833333
ABGP0121326,2,2016,6417.579735833333
ABGP0121326,3,2016,6417.579735833333
ABGP0121326,4,2016,6417.579735833333
ABGP0121326,5,2016,6417.579735833333
ABGP0121326,6,2016,6417.579735833333
ABGP0121326,7,2016,6417.579735833333
ABGP0121326,8,2016,6417.579735833333
ABGP0121326,9,2016,6417.579735833333
ABGP0121326,10,2016,6417.579735833333
ABGP0121326,11,2016,6417.579735833333
ABGP0121326,12,2016,6417.579735833333
ABGP0121326,1,2015,4561.891298333333
ABGP0121326,2,2015,4561.891298333333
ABGP0121326,3,2015,4561.891298333333
ABGP0121326,4,2015,4561.891298333333
ABGP0121326,5,2015,4561.891298333333
ABGP0121326,6,2015,4561.891298333333
ABGP0121326,7,2015,4561.891298333333
ABGP0121326,8,2015,4561.891298333333
ABGP0121326,9,2015,4561.891298333333
ABGP0121326,10,2015,4561.891298333333
ABGP0121326,11,2015,4561.891298333333
ABGP0121326,12,2015,4561.891298333333
ABGP0121326,1,2014,3930.441761666667
ABGP0121326,2,2014,3930.441761666667
ABGP0121326,3,2014,3930.441761666667
ABGP0121326,4,2014,3930.441761666667
ABGP0121326,5,2014,3930.441761666667
ABGP0121326,6,2014,3930.441761666667
ABGP0121326,7,2014,3930.441761666667
ABGP0121326,8,2014,3930.441761666667
ABGP0121326,9,2014,3930.441761666667
ABGP0121326,10,2014,3930.441761666667
ABGP0121326,11,2014,3930.441761666667
ABGP0121326,12,2014,3930.441761666667
ABGP0122937,1,2022,1176.8818241666665
ABGP0122937,2,2022,1176.8818241666665
ABGP0122937,3,2022,1176.8818241666665
ABGP0122937,4,2022,1176.8818241666665
ABGP0122937,5,2022,1176.8818241666665
ABGP0122937,6,2022,1176.8818241666665
ABGP0122937,7,2022,1176.8818241666665
ABGP0122937,8,2022,1176.8818241666665
ABGP0122937,9,2022,1176.8818241666665
ABGP0122937,10,2022,1176.8818241666665
ABGP0122937,11,2022,1176.8818241666665
ABGP0122937,12,2022,1176.8818241666665
ABGP0122937,1,2021,1002.3946766666667
ABGP0122937,2,2021,1002.3946766666667
ABGP0122937,3,2021,1002.3946766666667
ABGP0122937,4,2021,1002.3946766666667
ABGP0122937,5,2021,1002.3946766666667
ABGP0122937,6,2021,1002.3946766666667
ABGP0122937,7,2021,1002.3946766666667
ABGP0122937,8,2021,1002.3946766666667
ABGP0122937,9,2021,1002.3946766666667
ABGP0122937,10,2021,1002.3946766666667
ABGP0122937,11,2021,1002.3946766666667
ABGP0122937,12,2021,1002.3946766666667
ABGP0122937,1,2020,1365.1151666666667
ABGP0122937,2,2020,1365.1151666666667
ABGP0122937,3,2020,1365.1151666666667
ABGP0122937,4,2020,1365.1151666666667
ABGP0122937,5,2020,1365.1151666666667
ABGP0122937,6,2020,1365.1151666666667
ABGP0122937,7,2020,1365.1151666666667
ABGP0122937,8,2020,1365.1151666666667
ABGP0122937,9,2020,1365.1151666666667
ABGP0122937,10,2020,1365.1151666666667
ABGP0122937,11,2020,1365.1151666666667
ABGP0122937,12,2020,1365.1151666666667
ABGP0122937,1,2019,1637.6229166666665
ABGP0122937,2,2019,1637.6229166666665
ABGP0122937,3,2019,1637.6229166666665
ABGP0122937,4,2019,1637.6229166666665
ABGP0122937,5,2019,1637.6229166666665
ABGP0122937,6,2019,1637.6229166666665
ABGP0122937,7,2019,1637.6229166666665
ABGP0122937,8,2019,1637.6229166666665
ABGP0122937,9,2019,1637.6229166666665
ABGP0122937,10,2019,1637.6229166666665
ABGP0122937,11,2019,1637.6229166666665
ABGP0122937,12,2019,1637.6229166666665
ABGP0122937,1,2018,1664.41225
ABGP0122937,2,2018,1664.41225
ABGP0122937,3,2018,1664.41225
ABGP0122937,4,2018,1664.41225
ABGP0122937,5,2018,1664.41225
ABGP0122937,6,2018,1664.41225
ABGP0122937,7,2018,1664.41225
ABGP0122937,8,2018,1664.41225
ABGP0122937,9,2018,1664.41225
ABGP0122937,10,2018,1664.41225
ABGP0122937,11,2018,1664.41225
ABGP0122937,12,2018,1664.41225
ABGP0122937,1,2017,1001.1639166666668
ABGP0122937,2,2017,1001.1639166666668
ABGP0122937,3,2017,1001.1639166666668
ABGP0122937,4,2017,1001.1639166666668
ABGP0122937,5,2017,1001.1639166666668
ABGP0122937,6,2017,1001.1639166666668
ABGP0122937,7,2017,1001.1639166666668
ABGP0122937,8,2017,1001.1639166666668
ABGP0122937,9,2017,1001.1639166666668
ABGP0122937,10,2017,1001.1639166666668
ABGP0122937,11,2017,1001.1639166666668
ABGP0122937,12,2017,1001.1639166666668
ABGP0123090,1,2022,9379.252766666667
ABGP0123090,2,2022,9379.252766666667
ABGP0123090,3,2022,9379.252766666667
ABGP0123090,4,2022,9379.252766666667
ABGP0123090,5,2022,9379.252766666667
ABGP0123090,6,2022,9379.252766666667
ABGP0123090,7,2022,9379.252766666667
ABGP0123090,8,2022,9379.252766666667
ABGP0123090,9,2022,9379.252766666667
ABGP0123090,10,2022,9379.252766666667
ABGP0123090,11,2022,9379.252766666667
ABGP0123090,12,2022,9379.252766666667
ABGP0123090,1,2021,10154.457291666668
ABGP0123090,2,2021,10154.457291666668
ABGP0123090,3,2021,10154.457291666668
ABGP0123090,4,2021,10154.457291666668
ABGP0123090,5,2021,10154.457291666668
ABGP0123090,6,2021,10154.457291666668
ABGP0123090,7,2021,10154.457291666668
ABGP0123090,8,2021,10154.457291666668
ABGP0123090,9,2021,10154.457291666668
ABGP0123090,10,2021,10154.457291666668
ABGP0123090,11,2021,10154.457291666668
ABGP0123090,12,2021,10154.457291666668
ABGP0123090,1,2020,10510.329416666666
ABGP0123090,2,2020,10510.329416666666
ABGP0123090,3,2020,10510.329416666666
ABGP0123090,4,2020,10510.329416666666
ABGP0123090,5,2020,10510.329416666666
ABGP0123090,6,2020,10510.329416666666
ABGP0123090,7,2020,10510.329416666666
ABGP0123090,8,2020,10510.329416666666
ABGP0123090,9,2020,10510.329416666666
ABGP0123090,10,2020,10510.329416666666
ABGP0123090,11,2020,10510.329416666666
ABGP0123090,12,2020,10510.329416666666
ABGP0123090,1,2019,9942.033166666666
ABGP0123090,2,2019,9942.033166666666
ABGP0123090,3,2019,9942.033166666666
ABGP0123090,4,2019,9942.033166666666
ABGP0123090,5,2019,9942.033166666666
ABGP0123090,6,2019,9942.033166666666
ABGP0123090,7,2019,9942.033166666666
ABGP0123090,8,2019,9942.033166666666
ABGP0123090,9,2019,9942.033166666666
ABGP0123090,10,2019,9942.033166666666
ABGP0123090,11,2019,9942.033166666666
ABGP0123090,12,2019,9942.033166666666
ABGP0123090,1,2018,10153.59473
ABGP0123090,2,2018,10153.59473
ABGP0123090,3,2018,10153.59473
ABGP0123090,4,2018,10153.59473
ABGP0123090,5,2018,10153.59473
ABGP0123090,6,2018,10153.59473
ABGP0123090,7,2018,10153.59473
ABGP0123090,8,2018,10153.59473
ABGP0123090,9,2018,10153.59473
ABGP0123090,10,2018,10153.59473
ABGP0123090,11,2018,10153.59473
ABGP0123090,12,2018,10153.59473
ABGP0123090,1,2017,8897.983916666666
ABGP0123090,2,2017,8897.983916666666
ABGP0123090,3,2017,8897.983916666666
ABGP0123090,4,2017,8897.983916666666
ABGP0123090,5,2017,8897.983916666666
ABGP0123090,6,2017,8897.983916666666
ABGP0123090,7,2017,8897.983916666666
ABGP0123090,8,2017,8897.983916666666
ABGP0123090,9,2017,8897.983916666666
ABGP0123090,10,2017,8897.983916666666
ABGP0123090,11,2017,8897.983916666666
ABGP0123090,12,2017,8897.983916666666
ABGP0123090,1,2016,8682.406533333333
ABGP0123090,2,2016,8682.406533333333
ABGP0123090,3,2016,8682.406533333333
ABGP0123090,4,2016,8682.406533333333
ABGP0123090,5,2016,8682.406533333333
ABGP0123090,6,2016,8682.406533333333
ABGP0123090,7,2016,8682.406533333333
ABGP0123090,8,2016,8682.406533333333
ABGP0123090,9,2016,8682.406533333333
ABGP0123090,10,2016,8682.406533333333
ABGP0123090,11,2016,8682.406533333333
ABGP0123090,12,2016,8682.406533333333
ABGP0123090,1,2015,9302.014575
ABGP0123090,2,2015,9302.014575
ABGP0123090,3,2015,9302.014575
ABGP0123090,4,2015,9302.014575
ABGP0123090,5,2015,9302.014575
ABGP0123090,6,2015,9302.014575
ABGP0123090,7,2015,9302.014575
ABGP0123090,8,2015,9302.014575
ABGP0123090,9,2015,9302.014575
ABGP0123090,10,2015,9302.014575
ABGP0123090,11,2015,9302.014575
ABGP0123090,12,2015,9302.014575
ABGP0123090,1,2014,8488.802425
ABGP0123090,2,2014,8488.802425
ABGP0123090,3,2014,8488.802425
ABGP0123090,4,2014,8488.802425
ABGP0123090,5,2014,8488.802425
ABGP0123090,6,2014,8488.802425
ABGP0123090,7,2014,8488.802425
ABGP0123090,8,2014,8488.802425
ABGP0123090,9,2014,8488.802425
ABGP0123090,10,2014,8488.802425
ABGP0123090,11,2014,8488.802425
ABGP0123090,12,2014,8488.802425
ABGP0123090,1,2013,6692.572793333333
ABGP0123090,2,2013,6692.572793333333
ABGP0123090,3,2013,6692.572793333333
ABGP0123090,4,2013,6692.572793333333
ABGP0123090,5,2013,6692.572793333333
ABGP0123090,6,2013,6692.572793333333
ABGP0123090,7,2013,6692.572793333333
ABGP0123090,8,2013,6692.572793333333
ABGP0123090,9,2013,6692.572793333333
ABGP0123090,10,2013,6692.572793333333
ABGP0123090,11,2013,6692.572793333333
ABGP0123090,12,2013,6692.572793333333
ABGP0126524,1,2022,959.2087416666667
ABGP0126524,2,2022,959.2087416666667
ABGP0126524,3,2022,959.2087416666667
ABGP0126524,4,2022,959.2087416666667
ABGP0126524,5,2022,959.2087416666667
ABGP0126524,6,2022,959.2087416666667
ABGP0126524,7,2022,959.2087416666667
ABGP0126524,8,2022,959.2087416666667
ABGP0126524,9,2022,959.2087416666667
ABGP0126524,10,2022,959.2087416666667
ABGP0126524,11,2022,959.2087416666667
ABGP0126524,12,2022,959.2087416666667
ABGP0129178,1,2022,6917.904633333333
ABGP0129178,2,2022,6917.904633333333
ABGP0129178,3,2022,6917.904633333333
ABGP0129178,4,2022,6917.904633333333
ABGP0129178,5,2022,6917.904633333333
ABGP0129178,6,2022,6917.904633333333
ABGP0129178,7,2022,6917.904633333333
ABGP0129178,8,2022,6917.904633333333
ABGP0129178,9,2022,6917.904633333333
ABGP0129178,10,2022,6917.904633333333
ABGP0129178,11,2022,6917.904633333333
ABGP0129178,12,2022,6917.904633333333
ABGP0129178,1,2021,7684.123933333333
ABGP0129178,2,2021,7684.123933333333
ABGP0129178,3,2021,7684.123933333333
ABGP0129178,4,2021,7684.123933333333
ABGP0129178,5,2021,7684.123933333333
ABGP0129178,6,2021,7684.123933333333
ABGP0129178,7,2021,7684.123933333333
ABGP0129178,8,2021,7684.123933333333
ABGP0129178,9,2021,7684.123933333333
ABGP0129178,10,2021,7684.123933333333
ABGP0129178,11,2021,7684.123933333333
ABGP0129178,12,2021,7684.123933333333
ABGP0129178,1,2020,5749.287875833333
ABGP0129178,2,2020,5749.287875833333
ABGP0129178,3,2020,5749.287875833333
ABGP0129178,4,2020,5749.287875833333
ABGP0129178,5,2020,5749.287875833333
ABGP0129178,6,2020,5749.287875833333
ABGP0129178,7,2020,5749.287875833333
ABGP0129178,8,2020,5749.287875833333
ABGP0129178,9,2020,5749.287875833333
ABGP0129178,10,2020,5749.287875833333
ABGP0129178,11,2020,5749.287875833333
ABGP0129178,12,2020,5749.287875833333
ABGP0129178,1,2019,4697.510416666667
ABGP0129178,2,2019,4697.510416666667
ABGP0129178,3,2019,4697.510416666667
ABGP0129178,4,2019,4697.510416666667
ABGP0129178,5,2019,4697.510416666667
ABGP0129178,6,2019,4697.510416666667
ABGP0129178,7,2019,4697.510416666667
ABGP0129178,8,2019,4697.510416666667
ABGP0129178,9,2019,4697.510416666667
ABGP0129178,10,2019,4697.510416666667
ABGP0129178,11,2019,4697.510416666667
ABGP0129178,12,2019,4697.510416666667
ABGP0129178,1,2018,6622.046823
ABGP0129178,2,2018,6622.046823
ABGP0129178,3,2018,6622.046823
ABGP0129178,4,2018,6622.046823
ABGP0129178,5,2018,6622.046823
ABGP0129178,6,2018,6622.046823
ABGP0129178,7,2018,6622.046823
ABGP0129178,8,2018,6622.046823
ABGP0129178,9,2018,6622.046823
ABGP0129178,10,2018,6622.046823
ABGP0129178,11,2018,6622.046823
ABGP0129178,12,2018,6622.046823
ABGP0129178,1,2017,6847.517721666667
ABGP0129178,2,2017,6847.517721666667
ABGP0129178,3,2017,6847.517721666667
ABGP0129178,4,2017,6847.517721666667
ABGP0129178,5,2017,6847.517721666667
ABGP0129178,6,2017,6847.517721666667
ABGP0129178,7,2017,6847.517721666667
ABGP0129178,8,2017,6847.517721666667
ABGP0129178,9,2017,6847.517721666667
ABGP0129178,10,2017,6847.517721666667
ABGP0129178,11,2017,6847.517721666667
ABGP0129178,12,2017,6847.517721666667
ABGP0129178,1,2016,4275.7440891666665
ABGP0129178,2,2016,4275.7440891666665
ABGP0129178,3,2016,4275.7440891666665
ABGP0129178,4,2016,4275.7440891666665
ABGP0129178,5,2016,4275.7440891666665
ABGP0129178,6,2016,4275.7440891666665
ABGP0129178,7,2016,4275.7440891666665
ABGP0129178,8,2016,4275.7440891666665
ABGP0129178,9,2016,4275.7440891666665
ABGP0129178,10,2016,4275.7440891666665
ABGP0129178,11,2016,4275.7440891666665
ABGP0129178,12,2016,4275.7440891666665
ABGP0129179,1,2022,5962.112816666667
ABGP0129179,2,2022,5962.112816666667
ABGP0129179,3,2022,5962.112816666667
ABGP0129179,4,2022,5962.112816666667
ABGP0129179,5,2022,5962.112816666667
ABGP0129179,6,2022,5962.112816666667
ABGP0129179,7,2022,5962.112816666667
ABGP0129179,8,2022,5962.112816666667
ABGP0129179,9,2022,5962.112816666667
ABGP0129179,10,2022,5962.112816666667
ABGP0129179,11,2022,5962.112816666667
ABGP0129179,12,2022,5962.112816666667
ABGP0129179,1,2021,5564.128933333333
ABGP0129179,2,2021,5564.128933333333
ABGP0129179,3,2021,5564.128933333333
ABGP0129179,4,2021,5564.128933333333
ABGP0129179,5,2021,5564.128933333333
ABGP0129179,6,2021,5564.128933333333
ABGP0129179,7,2021,5564.128933333333
ABGP0129179,8,2021,5564.128933333333
ABGP0129179,9,2021,5564.128933333333
ABGP0129179,10,2021,5564.128933333333
ABGP0129179,11,2021,5564.128933333333
ABGP0129179,12,2021,5564.128933333333
ABGP0129179,1,2020,4837.446466666667
ABGP0129179,2,2020,4837.446466666667
ABGP0129179,3,2020,4837.446466666667
ABGP0129179,4,2020,4837.446466666667
ABGP0129179,5,2020,4837.446466666667
ABGP0129179,6,2020,4837.446466666667
ABGP0129179,7,2020,4837.446466666667
ABGP0129179,8,2020,4837.446466666667
ABGP0129179,9,2020,4837.446466666667
ABGP0129179,10,2020,4837.446466666667
ABGP0129179,11,2020,4837.446466666667
ABGP0129179,12,2020,4837.446466666667
ABGP0129179,1,2019,5566.517066666667
ABGP0129179,2,2019,5566.517066666667
ABGP0129179,3,2019,5566.517066666667
ABGP0129179,4,2019,5566.517066666667
ABGP0129179,5,2019,5566.517066666667
ABGP0129179,6,2019,5566.517066666667
ABGP0129179,7,2019,5566.517066666667
ABGP0129179,8,2019,5566.517066666667
ABGP0129179,9,2019,5566.517066666667
ABGP0129179,10,2019,5566.517066666667
ABGP0129179,11,2019,5566.517066666667
ABGP0129179,12,2019,5566.517066666667
ABGP0129179,1,2018,5576.789883333334
ABGP0129179,2,2018,5576.789883333334
ABGP0129179,3,2018,5576.789883333334
ABGP0129179,4,2018,5576.789883333334
ABGP0129179,5,2018,5576.789883333334
ABGP0129179,6,2018,5576.789883333334
ABGP0129179,7,2018,5576.789883333334
ABGP0129179,8,2018,5576.789883333334
ABGP0129179,9,2018,5576.789883333334
ABGP0129179,10,2018,5576.789883333334
ABGP0129179,11,2018,5576.789883333334
ABGP0129179,12,2018,5576.789883333334
ABGP0129179,1,2017,6144.401156666667
ABGP0129179,2,2017,6144.401156666667
ABGP0129179,3,2017,6144.401156666667
ABGP0129179,4,2017,6144.401156666667
ABGP0129179,5,2017,6144.401156666667
ABGP0129179,6,2017,6144.401156666667
ABGP0129179,7,2017,6144.401156666667
ABGP0129179,8,2017,6144.401156666667
ABGP0129179,9,2017,6144.401156666667
ABGP0129179,10,2017,6144.401156666667
ABGP0129179,11,2017,6144.401156666667
ABGP0129179,12,2017,6144.401156666667
ABGP0129179,1,2016,6323.809221666666
ABGP0129179,2,2016,6323.809221666666
ABGP0129179,3,2016,6323.809221666666
ABGP0129179,4,2016,6323.809221666666
ABGP0129179,5,2016,6323.809221666666
ABGP0129179,6,2016,6323.809221666666
ABGP0129179,7,2016,6323.809221666666
ABGP0129179,8,2016,6323.809221666666
ABGP0129179,9,2016,6323.809221666666
ABGP0129179,10,2016,6323.809221666666
ABGP0129179,11,2016,6323.809221666666
ABGP0129179,12,2016,6323.809221666666
ABGP0129179,1,2015,5344.456833333334
ABGP0129179,2,2015,5344.456833333334
ABGP0129179,3,2015,5344.456833333334
ABGP0129179,4,2015,5344.456833333334
ABGP0129179,5,2015,5344.456833333334
ABGP0129179,6,2015,5344.456833333334
ABGP0129179,7,2015,5344.456833333334
ABGP0129179,8,2015,5344.456833333334
ABGP0129179,9,2015,5344.456833333334
ABGP0129179,10,2015,5344.456833333334
ABGP0129179,11,2015,5344.456833333334
ABGP0129179,12,2015,5344.456833333334
ABGP0130963,1,2022,2160.462516666667
ABGP0130963,2,2022,2160.462516666667
ABGP0130963,3,2022,2160.462516666667
ABGP0130963,4,2022,2160.462516666667
ABGP0130963,5,2022,2160.462516666667
ABGP0130963,6,2022,2160.462516666667
ABGP0130963,7,2022,2160.462516666667
ABGP0130963,8,2022,2160.462516666667
ABGP0130963,9,2022,2160.462516666667
ABGP0130963,10,2022,2160.462516666667
ABGP0130963,11,2022,2160.462516666667
ABGP0130963,12,2022,2160.462516666667
ABGP0130963,1,2021,1855.5398083333332
ABGP0130963,2,2021,1855.5398083333332
ABGP0130963,3,2021,1855.5398083333332
ABGP0130963,4,2021,1855.5398083333332
ABGP0130963,5,2021,1855.5398083333332
ABGP0130963,6,2021,1855.5398083333332
ABGP0130963,7,2021,1855.5398083333332
ABGP0130963,8,2021,1855.5398083333332
ABGP0130963,9,2021,1855.5398083333332
ABGP0130963,10,2021,1855.5398083333332
ABGP0130963,11,2021,1855.5398083333332
ABGP0130963,12,2021,1855.5398083333332
ABGP0130963,1,2020,2254.5706083333334
ABGP0130963,2,2020,2254.5706083333334
ABGP0130963,3,2020,2254.5706083333334
ABGP0130963,4,2020,2254.5706083333334
ABGP0130963,5,2020,2254.5706083333334
ABGP0130963,6,2020,2254.5706083333334
ABGP0130963,7,2020,2254.5706083333334
ABGP0130963,8,2020,2254.5706083333334
ABGP0130963,9,2020,2254.5706083333334
ABGP0130963,10,2020,2254.5706083333334
ABGP0130963,11,2020,2254.5706083333334
ABGP0130963,12,2020,2254.5706083333334
ABGP0130963,1,2019,2779.9823166666665
ABGP0130963,2,2019,2779.9823166666665
ABGP0130963,3,2019,2779.9823166666665
ABGP0130963,4,2019,2779.9823166666665
ABGP0130963,5,2019,2779.9823166666665
ABGP0130963,6,2019,2779.9823166666665
ABGP0130963,7,2019,2779.9823166666665
ABGP0130963,8,2019,2779.9823166666665
ABGP0130963,9,2019,2779.9823166666665
ABGP0130963,10,2019,2779.9823166666665
ABGP0130963,11,2019,2779.9823166666665
ABGP0130963,12,2019,2779.9823166666665
ABGP0130963,1,2018,2171.4772666666668
ABGP0130963,2,2018,2171.4772666666668
ABGP0130963,3,2018,2171.4772666666668
ABGP0130963,4,2018,2171.4772666666668
ABGP0130963,5,2018,2171.4772666666668
ABGP0130963,6,2018,2171.4772666666668
ABGP0130963,7,2018,2171.4772666666668
ABGP0130963,8,2018,2171.4772666666668
ABGP0130963,9,2018,2171.4772666666668
ABGP0130963,10,2018,2171.4772666666668
ABGP0130963,11,2018,2171.4772666666668
ABGP0130963,12,2018,2171.4772666666668
ABGP0130963,1,2017,1974.2982333333332
ABGP0130963,2,2017,1974.2982333333332
ABGP0130963,3,2017,1974.2982333333332
ABGP0130963,4,2017,1974.2982333333332
ABGP0130963,5,2017,1974.2982333333332
ABGP0130963,6,2017,1974.2982333333332
ABGP0130963,7,2017,1974.2982333333332
ABGP0130963,8,2017,1974.2982333333332
ABGP0130963,9,2017,1974.2982333333332
ABGP0130963,10,2017,1974.2982333333332
ABGP0130963,11,2017,1974.2982333333332
ABGP0130963,12,2017,1974.2982333333332
ABGP0130964,1,2022,2160.462516666667
ABGP0130964,2,2022,2160.462516666667
ABGP0130964,3,2022,2160.462516666667
ABGP0130964,4,2022,2160.462516666667
ABGP0130964,5,2022,2160.462516666667
ABGP0130964,6,2022,2160.462516666667
ABGP0130964,7,2022,2160.462516666667
ABGP0130964,8,2022,2160.462516666667
ABGP0130964,9,2022,2160.462516666667
ABGP0130964,10,2022,2160.462516666667
ABGP0130964,11,2022,2160.462516666667
ABGP0130964,12,2022,2160.462516666667
ABGP0130964,1,2021,1855.5398083333332
ABGP0130964,2,2021,1855.5398083333332
ABGP0130964,3,2021,1855.5398083333332
ABGP0130964,4,2021,1855.5398083333332
ABGP0130964,5,2021,1855.5398083333332
ABGP0130964,6,2021,1855.5398083333332
ABGP0130964,7,2021,1855.5398083333332
ABGP0130964,8,2021,1855.5398083333332
ABGP0130964,9,2021,1855.5398083333332
ABGP0130964,10,2021,1855.5398083333332
ABGP0130964,11,2021,1855.5398083333332
ABGP0130964,12,2021,1855.5398083333332
ABGP0130964,1,2020,2254.5706083333334
ABGP0130964,2,2020,2254.5706083333334
ABGP0130964,3,2020,2254.5706083333334
ABGP0130964,4,2020,2254.5706083333334
ABGP0130964,5,2020,2254.5706083333334
ABGP0130964,6,2020,2254.5706083333334
ABGP0130964,7,2020,2254.5706083333334
ABGP0130964,8,2020,2254.5706083333334
ABGP0130964,9,2020,2254.5706083333334
ABGP0130964,10,2020,2254.5706083333334
ABGP0130964,11,2020,2254.5706083333334
ABGP0130964,12,2020,2254.5706083333334
ABGP0130964,1,2019,2779.9823166666665
ABGP0130964,2,2019,2779.9823166666665
ABGP0130964,3,2019,2779.9823166666665
ABGP0130964,4,2019,2779.9823166666665
ABGP0130964,5,2019,2779.9823166666665
ABGP0130964,6,2019,2779.9823166666665
ABGP0130964,7,2019,2779.9823166666665
ABGP0130964,8,2019,2779.9823166666665
ABGP0130964,9,2019,2779.9823166666665
ABGP0130964,10,2019,2779.9823166666665
ABGP0130964,11,2019,2779.9823166666665
ABGP0130964,12,2019,2779.9823166666665
ABGP0130964,1,2018,2171.4772666666668
ABGP0130964,2,2018,2171.4772666666668
ABGP0130964,3,2018,2171.4772666666668
ABGP0130964,4,2018,2171.4772666666668
ABGP0130964,5,2018,2171.4772666666668
ABGP0130964,6,2018,2171.4772666666668
ABGP0130964,7,2018,2171.4772666666668
ABGP0130964,8,2018,2171.4772666666668
ABGP0130964,9,2018,2171.4772666666668
ABGP0130964,10,2018,2171.4772666666668
ABGP0130964,11,2018,2171.4772666666668
ABGP0130964,12,2018,2171.4772666666668
ABGP0130964,1,2017,1974.2982333333332
ABGP0130964,2,2017,1974.2982333333332
ABGP0130964,3,2017,1974.2982333333332
ABGP0130964,4,2017,1974.2982333333332
ABGP0130964,5,2017,1974.2982333333332
ABGP0130964,6,2017,1974.2982333333332
ABGP0130964,7,2017,1974.2982333333332
ABGP0130964,8,2017,1974.2982333333332
ABGP0130964,9,2017,1974.2982333333332
ABGP0130964,10,2017,1974.2982333333332
ABGP0130964,11,2017,1974.2982333333332
ABGP0130964,12,2017,1974.2982333333332
ABGP0131384,1,2022,945.9064383333333
ABGP0131384,2,2022,945.9064383333333
ABGP0131384,3,2022,945.9064383333333
ABGP0131384,4,2022,945.9064383333333
ABGP0131384,5,2022,945.9064383333333
ABGP0131384,6,2022,945.9064383333333
ABGP0131384,7,2022,945.9064383333333
ABGP0131384,8,2022,945.9064383333333
ABGP0131384,9,2022,945.9064383333333
ABGP0131384,10,2022,945.9064383333333
ABGP0131384,11,2022,945.9064383333333
ABGP0131384,12,2022,945.9064383333333
ABGP0131384,1,2020,979.9767499999999
ABGP0131384,2,2020,979.9767499999999
ABGP0131384,3,2020,979.9767499999999
ABGP0131384,4,2020,979.9767499999999
ABGP0131384,5,2020,979.9767499999999
ABGP0131384,6,2020,979.9767499999999
ABGP0131384,7,2020,979.9767499999999
ABGP0131384,8,2020,979.9767499999999
ABGP0131384,9,2020,979.9767499999999
ABGP0131384,10,2020,979.9767499999999
ABGP0131384,11,2020,979.9767499999999
ABGP0131384,12,2020,979.9767499999999
ABGP0132407,1,2022,1995.6098166666668
ABGP0132407,2,2022,1995.6098166666668
ABGP0132407,3,2022,1995.6098166666668
ABGP0132407,4,2022,1995.6098166666668
ABGP0132407,5,2022,1995.6098166666668
ABGP0132407,6,2022,1995.6098166666668
ABGP0132407,7,2022,1995.6098166666668
ABGP0132407,8,2022,1995.6098166666668
ABGP0132407,9,2022,1995.6098166666668
ABGP0132407,10,2022,1995.6098166666668
ABGP0132407,11,2022,1995.6098166666668
ABGP0132407,12,2022,1995.6098166666668
ABGP0132407,1,2021,1875.2223000000001
ABGP0132407,2,2021,1875.2223000000001
ABGP0132407,3,2021,1875.2223000000001
ABGP0132407,4,2021,1875.2223000000001
ABGP0132407,5,2021,1875.2223000000001
ABGP0132407,6,2021,1875.2223000000001
ABGP0132407,7,2021,1875.2223000000001
ABGP0132407,8,2021,1875.2223000000001
ABGP0132407,9,2021,1875.2223000000001
ABGP0132407,10,2021,1875.2223000000001
ABGP0132407,11,2021,1875.2223000000001
ABGP0132407,12,2021,1875.2223000000001
ABGP0132407,1,2020,2004.9063333333334
ABGP0132407,2,2020,2004.9063333333334
ABGP0132407,3,2020,2004.9063333333334
ABGP0132407,4,2020,2004.9063333333334
ABGP0132407,5,2020,2004.9063333333334
ABGP0132407,6,2020,2004.9063333333334
ABGP0132407,7,2020,2004.9063333333334
ABGP0132407,8,2020,2004.9063333333334
ABGP0132407,9,2020,2004.9063333333334
ABGP0132407,10,2020,2004.9063333333334
ABGP0132407,11,2020,2004.9063333333334
ABGP0132407,12,2020,2004.9063333333334
ABGP0132407,1,2019,2881.7741666666666
ABGP0132407,2,2019,2881.7741666666666
ABGP0132407,3,2019,2881.7741666666666
ABGP0132407,4,2019,2881.7741666666666
ABGP0132407,5,2019,2881.7741666666666
ABGP0132407,6,2019,2881.7741666666666
ABGP0132407,7,2019,2881.7741666666666
ABGP0132407,8,2019,2881.7741666666666
ABGP0132407,9,2019,2881.7741666666666
ABGP0132407,10,2019,2881.7741666666666
ABGP0132407,11,2019,2881.7741666666666
ABGP0132407,12,2019,2881.7741666666666
ABGP0132407,1,2018,2612.0825
ABGP0132407,2,2018,2612.0825
ABGP0132407,3,2018,2612.0825
ABGP0132407,4,2018,2612.0825
ABGP0132407,5,2018,2612.0825
ABGP0132407,6,2018,2612.0825
ABGP0132407,7,2018,2612.0825
ABGP0132407,8,2018,2612.0825
ABGP0132407,9,2018,2612.0825
ABGP0132407,10,2018,2612.0825
ABGP0132407,11,2018,2612.0825
ABGP0132407,12,2018,2612.0825
ABGP0132407,1,2017,3069.414083333333
ABGP0132407,2,2017,3069.414083333333
ABGP0132407,3,2017,3069.414083333333
ABGP0132407,4,2017,3069.414083333333
ABGP0132407,5,2017,3069.414083333333
ABGP0132407,6,2017,3069.414083333333
ABGP0132407,7,2017,3069.414083333333
ABGP0132407,8,2017,3069.414083333333
ABGP0132407,9,2017,3069.414083333333
ABGP0132407,10,2017,3069.414083333333
ABGP0132407,11,2017,3069.414083333333
ABGP0132407,12,2017,3069.414083333333
ABGP0133259,1,2022,4363.0198666666665
ABGP0133259,2,2022,4363.0198666666665
ABGP0133259,3,2022,4363.0198666666665
ABGP0133259,4,2022,4363.0198666666665
ABGP0133259,5,2022,4363.0198666666665
ABGP0133259,6,2022,4363.0198666666665
ABGP0133259,7,2022,4363.0198666666665
ABGP0133259,8,2022,4363.0198666666665
ABGP0133259,9,2022,4363.0198666666665
ABGP0133259,10,2022,4363.0198666666665
ABGP0133259,11,2022,4363.0198666666665
ABGP0133259,12,2022,4363.0198666666665
ABGP0133259,1,2021,5018.7727583333335
ABGP0133259,2,2021,5018.7727583333335
ABGP0133259,3,2021,5018.7727583333335
ABGP0133259,4,2021,5018.7727583333335
ABGP0133259,5,2021,5018.7727583333335
ABGP0133259,6,2021,5018.7727583333335
ABGP0133259,7,2021,5018.7727583333335
ABGP0133259,8,2021,5018.7727583333335
ABGP0133259,9,2021,5018.7727583333335
ABGP0133259,10,2021,5018.7727583333335
ABGP0133259,11,2021,5018.7727583333335
ABGP0133259,12,2021,5018.7727583333335
ABGP0133259,1,2020,5533.5675
ABGP0133259,2,2020,5533.5675
ABGP0133259,3,2020,5533.5675
ABGP0133259,4,2020,5533.5675
ABGP0133259,5,2020,5533.5675
ABGP0133259,6,2020,5533.5675
ABGP0133259,7,2020,5533.5675
ABGP0133259,8,2020,5533.5675
ABGP0133259,9,2020,5533.5675
ABGP0133259,10,2020,5533.5675
ABGP0133259,11,2020,5533.5675
ABGP0133259,12,2020,5533.5675
ABGP0133259,1,2019,5497.225833333334
ABGP0133259,2,2019,5497.225833333334
ABGP0133259,3,2019,5497.225833333334
ABGP0133259,4,2019,5497.225833333334
ABGP0133259,5,2019,5497.225833333334
ABGP0133259,6,2019,5497.225833333334
ABGP0133259,7,2019,5497.225833333334
ABGP0133259,8,2019,5497.225833333334
ABGP0133259,9,2019,5497.225833333334
ABGP0133259,10,2019,5497.225833333334
ABGP0133259,11,2019,5497.225833333334
ABGP0133259,12,2019,5497.225833333334
ABGP0133259,1,2018,4193.110833333333
ABGP0133259,2,2018,4193.110833333333
ABGP0133259,3,2018,4193.110833333333
ABGP0133259,4,2018,4193.110833333333
ABGP0133259,5,2018,4193.110833333333
ABGP0133259,6,2018,4193.110833333333
ABGP0133259,7,2018,4193.110833333333
ABGP0133259,8,2018,4193.110833333333
ABGP0133259,9,2018,4193.110833333333
ABGP0133259,10,2018,4193.110833333333
ABGP0133259,11,2018,4193.110833333333
ABGP0133259,12,2018,4193.110833333333
ABGP0133259,1,2017,4485.500408
ABGP0133259,2,2017,4485.500408
ABGP0133259,3,2017,4485.500408
ABGP0133259,4,2017,4485.500408
ABGP0133259,5,2017,4485.500408
ABGP0133259,6,2017,4485.500408
ABGP0133259,7,2017,4485.500408
ABGP0133259,8,2017,4485.500408
ABGP0133259,9,2017,4485.500408
ABGP0133259,10,2017,4485.500408
ABGP0133259,11,2017,4485.500408
ABGP0133259,12,2017,4485.500408
ABGP0133259,1,2016,4460.402693333333
ABGP0133259,2,2016,4460.402693333333
ABGP0133259,3,2016,4460.402693333333
ABGP0133259,4,2016,4460.402693333333
ABGP0133259,5,2016,4460.402693333333
ABGP0133259,6,2016,4460.402693333333
ABGP0133259,7,2016,4460.402693333333
ABGP0133259,8,2016,4460.402693333333
ABGP0133259,9,2016,4460.402693333333
ABGP0133259,10,2016,4460.402693333333
ABGP0133259,11,2016,4460.402693333333
ABGP0133259,12,2016,4460.402693333333
ABGP0134386,1,2021,505.4038333333333
ABGP0134386,2,2021,505.4038333333333
ABGP0134386,3,2021,505.4038333333333
ABGP0134386,4,2021,505.4038333333333
ABGP0134386,5,2021,505.4038333333333
ABGP0134386,6,2021,505.4038333333333
ABGP0134386,7,2021,505.4038333333333
ABGP0134386,8,2021,505.4038333333333
ABGP0134386,9,2021,505.4038333333333
ABGP0134386,10,2021,505.4038333333333
ABGP0134386,11,2021,505.4038333333333
ABGP0134386,12,2021,505.4038333333333
ABGP0134386,1,2020,348.9795833333333
ABGP0134386,2,2020,348.9795833333333
ABGP0134386,3,2020,348.9795833333333
ABGP0134386,4,2020,348.9795833333333
ABGP0134386,5,2020,348.9795833333333
ABGP0134386,6,2020,348.9795833333333
ABGP0134386,7,2020,348.9795833333333
ABGP0134386,8,2020,348.9795833333333
ABGP0134386,9,2020,348.9795833333333
ABGP0134386,10,2020,348.9795833333333
ABGP0134386,11,2020,348.9795833333333
ABGP0134386,12,2020,348.9795833333333
ABGP0134386,1,2019,1185.8374166666667
ABGP0134386,2,2019,1185.8374166666667
ABGP0134386,3,2019,1185.8374166666667
ABGP0134386,4,2019,1185.8374166666667
ABGP0134386,5,2019,1185.8374166666667
ABGP0134386,6,2019,1185.8374166666667
ABGP0134386,7,2019,1185.8374166666667
ABGP0134386,8,2019,1185.8374166666667
ABGP0134386,9,2019,1185.8374166666667
ABGP0134386,10,2019,1185.8374166666667
ABGP0134386,11,2019,1185.8374166666667
ABGP0134386,12,2019,1185.8374166666667
ABGP0134386,1,2018,1491.7473333333335
ABGP0134386,2,2018,1491.7473333333335
ABGP0134386,3,2018,1491.7473333333335
ABGP0134386,4,2018,1491.7473333333335
ABGP0134386,5,2018,1491.7473333333335
ABGP0134386,6,2018,1491.7473333333335
ABGP0134386,7,2018,1491.7473333333335
ABGP0134386,8,2018,1491.7473333333335
ABGP0134386,9,2018,1491.7473333333335
ABGP0134386,10,2018,1491.7473333333335
ABGP0134386,11,2018,1491.7473333333335
ABGP0134386,12,2018,1491.7473333333335
ABGP0134386,1,2017,1504.8544250000002
ABGP0134386,2,2017,1504.8544250000002
ABGP0134386,3,2017,1504.8544250000002
ABGP0134386,4,2017,1504.8544250000002
ABGP0134386,5,2017,1504.8544250000002
ABGP0134386,6,2017,1504.8544250000002
ABGP0134386,7,2017,1504.8544250000002
ABGP0134386,8,2017,1504.8544250000002
ABGP0134386,9,2017,1504.8544250000002
ABGP0134386,10,2017,1504.8544250000002
ABGP0134386,11,2017,1504.8544250000002
ABGP0134386,12,2017,1504.8544250000002
ABGP0134628,1,2022,3073.358825
ABGP0134628,2,2022,3073.358825
ABGP0134628,3,2022,3073.358825
ABGP0134628,4,2022,3073.358825
ABGP0134628,5,2022,3073.358825
ABGP0134628,6,2022,3073.358825
ABGP0134628,7,2022,3073.358825
ABGP0134628,8,2022,3073.358825
ABGP0134628,9,2022,3073.358825
ABGP0134628,10,2022,3073.358825
ABGP0134628,11,2022,3073.358825
ABGP0134628,12,2022,3073.358825
ABGP0134628,1,2021,3173.238975
ABGP0134628,2,2021,3173.238975
ABGP0134628,3,2021,3173.238975
ABGP0134628,4,2021,3173.238975
ABGP0134628,5,2021,3173.238975
ABGP0134628,6,2021,3173.238975
ABGP0134628,7,2021,3173.238975
ABGP0134628,8,2021,3173.238975
ABGP0134628,9,2021,3173.238975
ABGP0134628,10,2021,3173.238975
ABGP0134628,11,2021,3173.238975
ABGP0134628,12,2021,3173.238975
ABGP0134628,1,2020,3951.933358333333
ABGP0134628,2,2020,3951.933358333333
ABGP0134628,3,2020,3951.933358333333
ABGP0134628,4,2020,3951.933358333333
ABGP0134628,5,2020,3951.933358333333
ABGP0134628,6,2020,3951.933358333333
ABGP0134628,7,2020,3951.933358333333
ABGP0134628,8,2020,3951.933358333333
ABGP0134628,9,2020,3951.933358333333
ABGP0134628,10,2020,3951.933358333333
ABGP0134628,11,2020,3951.933358333333
ABGP0134628,12,2020,3951.933358333333
ABGP0134628,1,2019,2807.748275
ABGP0134628,2,2019,2807.748275
ABGP0134628,3,2019,2807.748275
ABGP0134628,4,2019,2807.748275
ABGP0134628,5,2019,2807.748275
ABGP0134628,6,2019,2807.748275
ABGP0134628,7,2019,2807.748275
ABGP0134628,8,2019,2807.748275
ABGP0134628,9,2019,2807.748275
ABGP0134628,10,2019,2807.748275
ABGP0134628,11,2019,2807.748275
ABGP0134628,12,2019,2807.748275
ABGP0134628,1,2018,1737.2877916666666
ABGP0134628,2,2018,1737.2877916666666
ABGP0134628,3,2018,1737.2877916666666
ABGP0134628,4,2018,1737.2877916666666
ABGP0134628,5,2018,1737.2877916666666
ABGP0134628,6,2018,1737.2877916666666
ABGP0134628,7,2018,1737.2877916666666
ABGP0134628,8,2018,1737.2877916666666
ABGP0134628,9,2018,1737.2877916666666
ABGP0134628,10,2018,1737.2877916666666
ABGP0134628,11,2018,1737.2877916666666
ABGP0134628,12,2018,1737.2877916666666
ABGP0134628,1,2017,2039.3312333333333
ABGP0134628,2,2017,2039.3312333333333
ABGP0134628,3,2017,2039.3312333333333
ABGP0134628,4,2017,2039.3312333333333
ABGP0134628,5,2017,2039.3312333333333
ABGP0134628,6,2017,2039.3312333333333
ABGP0134628,7,2017,2039.3312333333333
ABGP0134628,8,2017,2039.3312333333333
ABGP0134628,9,2017,2039.3312333333333
ABGP0134628,10,2017,2039.3312333333333
ABGP0134628,11,2017,2039.3312333333333
ABGP0134628,12,2017,2039.3312333333333
ABGP0134673,1,2022,1815.969763
ABGP0134673,2,2022,1815.969763
ABGP0134673,3,2022,1815.969763
ABGP0134673,4,2022,1815.969763
ABGP0134673,5,2022,1815.969763
ABGP0134673,6,2022,1815.969763
ABGP0134673,7,2022,1815.969763
ABGP0134673,8,2022,1815.969763
ABGP0134673,9,2022,1815.969763
ABGP0134673,10,2022,1815.969763
ABGP0134673,11,2022,1815.969763
ABGP0134673,12,2022,1815.969763
ABGP0134673,1,2021,1282.3736583333332
ABGP0134673,2,2021,1282.3736583333332
ABGP0134673,3,2021,1282.3736583333332
ABGP0134673,4,2021,1282.3736583333332
ABGP0134673,5,2021,1282.3736583333332
ABGP0134673,6,2021,1282.3736583333332
ABGP0134673,7,2021,1282.3736583333332
ABGP0134673,8,2021,1282.3736583333332
ABGP0134673,9,2021,1282.3736583333332
ABGP0134673,10,2021,1282.3736583333332
ABGP0134673,11,2021,1282.3736583333332
ABGP0134673,12,2021,1282.3736583333332
ABGP0135009,1,2022,982.367975
ABGP0135009,2,2022,982.367975
ABGP0135009,3,2022,982.367975
ABGP0135009,4,2022,982.367975
ABGP0135009,5,2022,982.367975
ABGP0135009,6,2022,982.367975
ABGP0135009,7,2022,982.367975
ABGP0135009,8,2022,982.367975
ABGP0135009,9,2022,982.367975
ABGP0135009,10,2022,982.367975
ABGP0135009,11,2022,982.367975
ABGP0135009,12,2022,982.367975
ABGP0135009,1,2021,945.5711666666666
ABGP0135009,2,2021,945.5711666666666
ABGP0135009,3,2021,945.5711666666666
ABGP0135009,4,2021,945.5711666666666
ABGP0135009,5,2021,945.5711666666666
ABGP0135009,6,2021,945.5711666666666
ABGP0135009,7,2021,945.5711666666666
ABGP0135009,8,2021,945.5711666666666
ABGP0135009,9,2021,945.5711666666666
ABGP0135009,10,2021,945.5711666666666
ABGP0135009,11,2021,945.5711666666666
ABGP0135009,12,2021,945.5711666666666
ABGP0135009,1,2020,1033.7914166666667
ABGP0135009,2,2020,1033.7914166666667
ABGP0135009,3,2020,1033.7914166666667
ABGP0135009,4,2020,1033.7914166666667
ABGP0135009,5,2020,1033.7914166666667
ABGP0135009,6,2020,1033.7914166666667
ABGP0135009,7,2020,1033.7914166666667
ABGP0135009,8,2020,1033.7914166666667
ABGP0135009,9,2020,1033.7914166666667
ABGP0135009,10,2020,1033.7914166666667
ABGP0135009,11,2020,1033.7914166666667
ABGP0135009,12,2020,1033.7914166666667
ABGP0135009,1,2019,1427.4465
ABGP0135009,2,2019,1427.4465
ABGP0135009,3,2019,1427.4465
ABGP0135009,4,2019,1427.4465
ABGP0135009,5,2019,1427.4465
ABGP0135009,6,2019,1427.4465
ABGP0135009,7,2019,1427.4465
ABGP0135009,8,2019,1427.4465
ABGP0135009,9,2019,1427.4465
ABGP0135009,10,2019,1427.4465
ABGP0135009,11,2019,1427.4465
ABGP0135009,12,2019,1427.4465
ABGP0135009,1,2018,1695.84225
ABGP0135009,2,2018,1695.84225
ABGP0135009,3,2018,1695.84225
ABGP0135009,4,2018,1695.84225
ABGP0135009,5,2018,1695.84225
ABGP0135009,6,2018,1695.84225
ABGP0135009,7,2018,1695.84225
ABGP0135009,8,2018,1695.84225
ABGP0135009,9,2018,1695.84225
ABGP0135009,10,2018,1695.84225
ABGP0135009,11,2018,1695.84225
ABGP0135009,12,2018,1695.84225
ABGP0135009,1,2017,2086.72737
ABGP0135009,2,2017,2086.72737
ABGP0135009,3,2017,2086.72737
ABGP0135009,4,2017,2086.72737
ABGP0135009,5,2017,2086.72737
ABGP0135009,6,2017,2086.72737
ABGP0135009,7,2017,2086.72737
ABGP0135009,8,2017,2086.72737
ABGP0135009,9,2017,2086.72737
ABGP0135009,10,2017,2086.72737
ABGP0135009,11,2017,2086.72737
ABGP0135009,12,2017,2086.72737
ABGP0135716,1,2022,2888.5788333333335
ABGP0135716,2,2022,2888.5788333333335
ABGP0135716,3,2022,2888.5788333333335
ABGP0135716,4,2022,2888.5788333333335
ABGP0135716,5,2022,2888.5788333333335
ABGP0135716,6,2022,2888.5788333333335
ABGP0135716,7,2022,2888.5788333333335
ABGP0135716,8,2022,2888.5788333333335
ABGP0135716,9,2022,2888.5788333333335
ABGP0135716,10,2022,2888.5788333333335
ABGP0135716,11,2022,2888.5788333333335
ABGP0135716,12,2022,2888.5788333333335
ABGP0135716,1,2021,2574.9301
ABGP0135716,2,2021,2574.9301
ABGP0135716,3,2021,2574.9301
ABGP0135716,4,2021,2574.9301
ABGP0135716,5,2021,2574.9301
ABGP0135716,6,2021,2574.9301
ABGP0135716,7,2021,2574.9301
ABGP0135716,8,2021,2574.9301
ABGP0135716,9,2021,2574.9301
ABGP0135716,10,2021,2574.9301
ABGP0135716,11,2021,2574.9301
ABGP0135716,12,2021,2574.9301
ABGP0135716,1,2020,2710.585725
ABGP0135716,2,2020,2710.585725
ABGP0135716,3,2020,2710.585725
ABGP0135716,4,2020,2710.585725
ABGP0135716,5,2020,2710.585725
ABGP0135716,6,2020,2710.585725
ABGP0135716,7,2020,2710.585725
ABGP0135716,8,2020,2710.585725
ABGP0135716,9,2020,2710.585725
ABGP0135716,10,2020,2710.585725
ABGP0135716,11,2020,2710.585725
ABGP0135716,12,2020,2710.585725
ABGP0135716,1,2019,3049.6581499999998
ABGP0135716,2,2019,3049.6581499999998
ABGP0135716,3,2019,3049.6581499999998
ABGP0135716,4,2019,3049.6581499999998
ABGP0135716,5,2019,3049.6581499999998
ABGP0135716,6,2019,3049.6581499999998
ABGP0135716,7,2019,3049.6581499999998
ABGP0135716,8,2019,3049.6581499999998
ABGP0135716,9,2019,3049.6581499999998
ABGP0135716,10,2019,3049.6581499999998
ABGP0135716,11,2019,3049.6581499999998
ABGP0135716,12,2019,3049.6581499999998
ABGP0135716,1,2018,3767.444558333333
ABGP0135716,2,2018,3767.444558333333
ABGP0135716,3,2018,3767.444558333333
ABGP0135716,4,2018,3767.444558333333
ABGP0135716,5,2018,3767.444558333333
ABGP0135716,6,2018,3767.444558333333
ABGP0135716,7,2018,3767.444558333333
ABGP0135716,8,2018,3767.444558333333
ABGP0135716,9,2018,3767.444558333333
ABGP0135716,10,2018,3767.444558333333
ABGP0135716,11,2018,3767.444558333333
ABGP0135716,12,2018,3767.444558333333
ABGP0135716,1,2017,3829.002391666667
ABGP0135716,2,2017,3829.002391666667
ABGP0135716,3,2017,3829.002391666667
ABGP0135716,4,2017,3829.002391666667
ABGP0135716,5,2017,3829.002391666667
ABGP0135716,6,2017,3829.002391666667
ABGP0135716,7,2017,3829.002391666667
ABGP0135716,8,2017,3829.002391666667
ABGP0135716,9,2017,3829.002391666667
ABGP0135716,10,2017,3829.002391666667
ABGP0135716,11,2017,3829.002391666667
ABGP0135716,12,2017,3829.002391666667
ABGP0137047,1,2022,1869.429068
ABGP0137047,2,2022,1869.429068
ABGP0137047,3,2022,1869.429068
ABGP0137047,4,2022,1869.429068
ABGP0137047,5,2022,1869.429068
ABGP0137047,6,2022,1869.429068
ABGP0137047,7,2022,1869.429068
ABGP0137047,8,2022,1869.429068
ABGP0137047,9,2022,1869.429068
ABGP0137047,10,2022,1869.429068
ABGP0137047,11,2022,1869.429068
ABGP0137047,12,2022,1869.429068
ABGP0137047,1,2022,3315.9151158333334
ABGP0137047,2,2022,3315.9151158333334
ABGP0137047,3,2022,3315.9151158333334
ABGP0137047,4,2022,3315.9151158333334
ABGP0137047,5,2022,3315.9151158333334
ABGP0137047,6,2022,3315.9151158333334
ABGP0137047,7,2022,3315.9151158333334
ABGP0137047,8,2022,3315.9151158333334
ABGP0137047,9,2022,3315.9151158333334
ABGP0137047,10,2022,3315.9151158333334
ABGP0137047,11,2022,3315.9151158333334
ABGP0137047,12,2022,3315.9151158333334
ABGP0137047,1,2021,1201.7617933333333
ABGP0137047,2,2021,1201.7617933333333
ABGP0137047,3,2021,1201.7617933333333
ABGP0137047,4,2021,1201.7617933333333
ABGP0137047,5,2021,1201.7617933333333
ABGP0137047,6,2021,1201.7617933333333
ABGP0137047,7,2021,1201.7617933333333
ABGP0137047,8,2021,1201.7617933333333
ABGP0137047,9,2021,1201.7617933333333
ABGP0137047,10,2021,1201.7617933333333
ABGP0137047,11,2021,1201.7617933333333
ABGP0137047,12,2021,1201.7617933333333
ABGP0137047,1,2021,3092.2510141666667
ABGP0137047,2,2021,3092.2510141666667
ABGP0137047,3,2021,3092.2510141666667
ABGP0137047,4,2021,3092.2510141666667
ABGP0137047,5,2021,3092.2510141666667
ABGP0137047,6,2021,3092.2510141666667
ABGP0137047,7,2021,3092.2510141666667
ABGP0137047,8,2021,3092.2510141666667
ABGP0137047,9,2021,3092.2510141666667
ABGP0137047,10,2021,3092.2510141666667
ABGP0137047,11,2021,3092.2510141666667
ABGP0137047,12,2021,3092.2510141666667
ABGP0137047,1,2020,1406.29825
ABGP0137047,2,2020,1406.29825
ABGP0137047,3,2020,1406.29825
ABGP0137047,4,2020,1406.29825
ABGP0137047,5,2020,1406.29825
ABGP0137047,6,2020,1406.29825
ABGP0137047,7,2020,1406.29825
ABGP0137047,8,2020,1406.29825
ABGP0137047,9,2020,1406.29825
ABGP0137047,10,2020,1406.29825
ABGP0137047,11,2020,1406.29825
ABGP0137047,12,2020,1406.29825
ABGP0137047,1,2020,2956.790333333333
ABGP0137047,2,2020,2956.790333333333
ABGP0137047,3,2020,2956.790333333333
ABGP0137047,4,2020,2956.790333333333
ABGP0137047,5,2020,2956.790333333333
ABGP0137047,6,2020,2956.790333333333
ABGP0137047,7,2020,2956.790333333333
ABGP0137047,8,2020,2956.790333333333
ABGP0137047,9,2020,2956.790333333333
ABGP0137047,10,2020,2956.790333333333
ABGP0137047,11,2020,2956.790333333333
ABGP0137047,12,2020,2956.790333333333
ABGP0137047,1,2019,1778.55225
ABGP0137047,2,2019,1778.55225
ABGP0137047,3,2019,1778.55225
ABGP0137047,4,2019,1778.55225
ABGP0137047,5,2019,1778.55225
ABGP0137047,6,2019,1778.55225
ABGP0137047,7,2019,1778.55225
ABGP0137047,8,2019,1778.55225
ABGP0137047,9,2019,1778.55225
ABGP0137047,10,2019,1778.55225
ABGP0137047,11,2019,1778.55225
ABGP0137047,12,2019,1778.55225
ABGP0137047,1,2019,3381.857
ABGP0137047,2,2019,3381.857
ABGP0137047,3,2019,3381.857
ABGP0137047,4,2019,3381.857
ABGP0137047,5,2019,3381.857
ABGP0137047,6,2019,3381.857
ABGP0137047,7,2019,3381.857
ABGP0137047,8,2019,3381.857
ABGP0137047,9,2019,3381.857
ABGP0137047,10,2019,3381.857
ABGP0137047,11,2019,3381.857
ABGP0137047,12,2019,3381.857
ABGP0137047,1,2018,1377.4525833333335
ABGP0137047,2,2018,1377.4525833333335
ABGP0137047,3,2018,1377.4525833333335
ABGP0137047,4,2018,1377.4525833333335
ABGP0137047,5,2018,1377.4525833333335
ABGP0137047,6,2018,1377.4525833333335
ABGP0137047,7,2018,1377.4525833333335
ABGP0137047,8,2018,1377.4525833333335
ABGP0137047,9,2018,1377.4525833333335
ABGP0137047,10,2018,1377.4525833333335
ABGP0137047,11,2018,1377.4525833333335
ABGP0137047,12,2018,1377.4525833333335
ABGP0137047,1,2018,2979.5225833333334
ABGP0137047,2,2018,2979.5225833333334
ABGP0137047,3,2018,2979.5225833333334
ABGP0137047,4,2018,2979.5225833333334
ABGP0137047,5,2018,2979.5225833333334
ABGP0137047,6,2018,2979.5225833333334
ABGP0137047,7,2018,2979.5225833333334
ABGP0137047,8,2018,2979.5225833333334
ABGP0137047,9,2018,2979.5225833333334
ABGP0137047,10,2018,2979.5225833333334
ABGP0137047,11,2018,2979.5225833333334
ABGP0137047,12,2018,2979.5225833333334
ABGP0137047,1,2017,1861.0484166666665
ABGP0137047,2,2017,1861.0484166666665
ABGP0137047,3,2017,1861.0484166666665
ABGP0137047,4,2017,1861.0484166666665
ABGP0137047,5,2017,1861.0484166666665
ABGP0137047,6,2017,1861.0484166666665
ABGP0137047,7,2017,1861.0484166666665
ABGP0137047,8,2017,1861.0484166666665
ABGP0137047,9,2017,1861.0484166666665
ABGP0137047,10,2017,1861.0484166666665
ABGP0137047,11,2017,1861.0484166666665
ABGP0137047,12,2017,1861.0484166666665
ABGP0137047,1,2017,1875.3712500000001
ABGP0137047,2,2017,1875.3712500000001
ABGP0137047,3,2017,1875.3712500000001
ABGP0137047,4,2017,1875.3712500000001
ABGP0137047,5,2017,1875.3712500000001
ABGP0137047,6,2017,1875.3712500000001
ABGP0137047,7,2017,1875.3712500000001
ABGP0137047,8,2017,1875.3712500000001
ABGP0137047,9,2017,1875.3712500000001
ABGP0137047,10,2017,1875.3712500000001
ABGP0137047,11,2017,1875.3712500000001
ABGP0137047,12,2017,1875.3712500000001
ABGP0137118,1,2022,23581.82715833333
ABGP0137118,2,2022,23581.82715833333
ABGP0137118,3,2022,23581.82715833333
ABGP0137118,4,2022,23581.82715833333
ABGP0137118,5,2022,23581.82715833333
ABGP0137118,6,2022,23581.82715833333
ABGP0137118,7,2022,23581.82715833333
ABGP0137118,8,2022,23581.82715833333
ABGP0137118,9,2022,23581.82715833333
ABGP0137118,10,2022,23581.82715833333
ABGP0137118,11,2022,23581.82715833333
ABGP0137118,12,2022,23581.82715833333
ABGP0137118,1,2021,22811.15166666667
ABGP0137118,2,2021,22811.15166666667
ABGP0137118,3,2021,22811.15166666667
ABGP0137118,4,2021,22811.15166666667
ABGP0137118,5,2021,22811.15166666667
ABGP0137118,6,2021,22811.15166666667
ABGP0137118,7,2021,22811.15166666667
ABGP0137118,8,2021,22811.15166666667
ABGP0137118,9,2021,22811.15166666667
ABGP0137118,10,2021,22811.15166666667
ABGP0137118,11,2021,22811.15166666667
ABGP0137118,12,2021,22811.15166666667
ABGP0137118,1,2020,21988.8
ABGP0137118,2,2020,21988.8
ABGP0137118,3,2020,21988.8
ABGP0137118,4,2020,21988.8
ABGP0137118,5,2020,21988.8
ABGP0137118,6,2020,21988.8
ABGP0137118,7,2020,21988.8
ABGP0137118,8,2020,21988.8
ABGP0137118,9,2020,21988.8
ABGP0137118,10,2020,21988.8
ABGP0137118,11,2020,21988.8
ABGP0137118,12,2020,21988.8
ABGP0137118,1,2019,20194.24248333333
ABGP0137118,2,2019,20194.24248333333
ABGP0137118,3,2019,20194.24248333333
ABGP0137118,4,2019,20194.24248333333
ABGP0137118,5,2019,20194.24248333333
ABGP0137118,6,2019,20194.24248333333
ABGP0137118,7,2019,20194.24248333333
ABGP0137118,8,2019,20194.24248333333
ABGP0137118,9,2019,20194.24248333333
ABGP0137118,10,2019,20194.24248333333
ABGP0137118,11,2019,20194.24248333333
ABGP0137118,12,2019,20194.24248333333
ABGP0137118,1,2018,12995.268983333333
ABGP0137118,2,2018,12995.268983333333
ABGP0137118,3,2018,12995.268983333333
ABGP0137118,4,2018,12995.268983333333
ABGP0137118,5,2018,12995.268983333333
ABGP0137118,6,2018,12995.268983333333
ABGP0137118,7,2018,12995.268983333333
ABGP0137118,8,2018,12995.268983333333
ABGP0137118,9,2018,12995.268983333333
ABGP0137118,10,2018,12995.268983333333
ABGP0137118,11,2018,12995.268983333333
ABGP0137118,12,2018,12995.268983333333
ABGP0137118,1,2017,7937.657333333334
ABGP0137118,2,2017,7937.657333333334
ABGP0137118,3,2017,7937.657333333334
ABGP0137118,4,2017,7937.657333333334
ABGP0137118,5,2017,7937.657333333334
ABGP0137118,6,2017,7937.657333333334
ABGP0137118,7,2017,7937.657333333334
ABGP0137118,8,2017,7937.657333333334
ABGP0137118,9,2017,7937.657333333334
ABGP0137118,10,2017,7937.657333333334
ABGP0137118,11,2017,7937.657333333334
ABGP0137118,12,2017,7937.657333333334
ABGP0137513,1,2022,905.5623108333333
ABGP0137513,2,2022,905.5623108333333
ABGP0137513,3,2022,905.5623108333333
ABGP0137513,4,2022,905.5623108333333
ABGP0137513,5,2022,905.5623108333333
ABGP0137513,6,2022,905.5623108333333
ABGP0137513,7,2022,905.5623108333333
ABGP0137513,8,2022,905.5623108333333
ABGP0137513,9,2022,905.5623108333333
ABGP0137513,10,2022,905.5623108333333
ABGP0137513,11,2022,905.5623108333333
ABGP0137513,12,2022,905.5623108333333
ABGP0137513,1,2021,1274.039145
ABGP0137513,2,2021,1274.039145
ABGP0137513,3,2021,1274.039145
ABGP0137513,4,2021,1274.039145
ABGP0137513,5,2021,1274.039145
ABGP0137513,6,2021,1274.039145
ABGP0137513,7,2021,1274.039145
ABGP0137513,8,2021,1274.039145
ABGP0137513,9,2021,1274.039145
ABGP0137513,10,2021,1274.039145
ABGP0137513,11,2021,1274.039145
ABGP0137513,12,2021,1274.039145
ABGP0137513,1,2020,1158.5605
ABGP0137513,2,2020,1158.5605
ABGP0137513,3,2020,1158.5605
ABGP0137513,4,2020,1158.5605
ABGP0137513,5,2020,1158.5605
ABGP0137513,6,2020,1158.5605
ABGP0137513,7,2020,1158.5605
ABGP0137513,8,2020,1158.5605
ABGP0137513,9,2020,1158.5605
ABGP0137513,10,2020,1158.5605
ABGP0137513,11,2020,1158.5605
ABGP0137513,12,2020,1158.5605
ABGP0137513,1,2019,924.4025833333334
ABGP0137513,2,2019,924.4025833333334
ABGP0137513,3,2019,924.4025833333334
ABGP0137513,4,2019,924.4025833333334
ABGP0137513,5,2019,924.4025833333334
ABGP0137513,6,2019,924.4025833333334
ABGP0137513,7,2019,924.4025833333334
ABGP0137513,8,2019,924.4025833333334
ABGP0137513,9,2019,924.4025833333334
ABGP0137513,10,2019,924.4025833333334
ABGP0137513,11,2019,924.4025833333334
ABGP0137513,12,2019,924.4025833333334
ABGP0138158,1,2020,1615.2387500000002
ABGP0138158,2,2020,1615.2387500000002
ABGP0138158,3,2020,1615.2387500000002
ABGP0138158,4,2020,1615.2387500000002
ABGP0138158,5,2020,1615.2387500000002
ABGP0138158,6,2020,1615.2387500000002
ABGP0138158,7,2020,1615.2387500000002
ABGP0138158,8,2020,1615.2387500000002
ABGP0138158,9,2020,1615.2387500000002
ABGP0138158,10,2020,1615.2387500000002
ABGP0138158,11,2020,1615.2387500000002
ABGP0138158,12,2020,1615.2387500000002
ABGP0138158,1,2019,2531.26575
ABGP0138158,2,2019,2531.26575
ABGP0138158,3,2019,2531.26575
ABGP0138158,4,2019,2531.26575
ABGP0138158,5,2019,2531.26575
ABGP0138158,6,2019,2531.26575
ABGP0138158,7,2019,2531.26575
ABGP0138158,8,2019,2531.26575
ABGP0138158,9,2019,2531.26575
ABGP0138158,10,2019,2531.26575
ABGP0138158,11,2019,2531.26575
ABGP0138158,12,2019,2531.26575
ABGP0138158,1,2018,1505.2006666666666
ABGP0138158,2,2018,1505.2006666666666
ABGP0138158,3,2018,1505.2006666666666
ABGP0138158,4,2018,1505.2006666666666
ABGP0138158,5,2018,1505.2006666666666
ABGP0138158,6,2018,1505.2006666666666
ABGP0138158,7,2018,1505.2006666666666
ABGP0138158,8,2018,1505.2006666666666
ABGP0138158,9,2018,1505.2006666666666
ABGP0138158,10,2018,1505.2006666666666
ABGP0138158,11,2018,1505.2006666666666
ABGP0138158,12,2018,1505.2006666666666
ABGP0138158,1,2017,922.3030833333333
ABGP0138158,2,2017,922.3030833333333
ABGP0138158,3,2017,922.3030833333333
ABGP0138158,4,2017,922.3030833333333
ABGP0138158,5,2017,922.3030833333333
ABGP0138158,6,2017,922.3030833333333
ABGP0138158,7,2017,922.3030833333333
ABGP0138158,8,2017,922.3030833333333
ABGP0138158,9,2017,922.3030833333333
ABGP0138158,10,2017,922.3030833333333
ABGP0138158,11,2017,922.3030833333333
ABGP0138158,12,2017,922.3030833333333
ABGP0138191,1,2022,1615.9674750000001
ABGP0138191,2,2022,1615.9674750000001
ABGP0138191,3,2022,1615.9674750000001
ABGP0138191,4,2022,1615.9674750000001
ABGP0138191,5,2022,1615.9674750000001
ABGP0138191,6,2022,1615.9674750000001
ABGP0138191,7,2022,1615.9674750000001
ABGP0138191,8,2022,1615.9674750000001
ABGP0138191,9,2022,1615.9674750000001
ABGP0138191,10,2022,1615.9674750000001
ABGP0138191,11,2022,1615.9674750000001
ABGP0138191,12,2022,1615.9674750000001
ABGP0138191,1,2021,1110.451778
ABGP0138191,2,2021,1110.451778
ABGP0138191,3,2021,1110.451778
ABGP0138191,4,2021,1110.451778
ABGP0138191,5,2021,1110.451778
ABGP0138191,6,2021,1110.451778
ABGP0138191,7,2021,1110.451778
ABGP0138191,8,2021,1110.451778
ABGP0138191,9,2021,1110.451778
ABGP0138191,10,2021,1110.451778
ABGP0138191,11,2021,1110.451778
ABGP0138191,12,2021,1110.451778
ABGP0138443,1,2022,3158.439195833333
ABGP0138443,2,2022,3158.439195833333
ABGP0138443,3,2022,3158.439195833333
ABGP0138443,4,2022,3158.439195833333
ABGP0138443,5,2022,3158.439195833333
ABGP0138443,6,2022,3158.439195833333
ABGP0138443,7,2022,3158.439195833333
ABGP0138443,8,2022,3158.439195833333
ABGP0138443,9,2022,3158.439195833333
ABGP0138443,10,2022,3158.439195833333
ABGP0138443,11,2022,3158.439195833333
ABGP0138443,12,2022,3158.439195833333
ABGP0138443,1,2021,1837.143678
ABGP0138443,2,2021,1837.143678
ABGP0138443,3,2021,1837.143678
ABGP0138443,4,2021,1837.143678
ABGP0138443,5,2021,1837.143678
ABGP0138443,6,2021,1837.143678
ABGP0138443,7,2021,1837.143678
ABGP0138443,8,2021,1837.143678
ABGP0138443,9,2021,1837.143678
ABGP0138443,10,2021,1837.143678
ABGP0138443,11,2021,1837.143678
ABGP0138443,12,2021,1837.143678
ABGP0138443,1,2020,1251.7891666666667
ABGP0138443,2,2020,1251.7891666666667
ABGP0138443,3,2020,1251.7891666666667
ABGP0138443,4,2020,1251.7891666666667
ABGP0138443,5,2020,1251.7891666666667
ABGP0138443,6,2020,1251.7891666666667
ABGP0138443,7,2020,1251.7891666666667
ABGP0138443,8,2020,1251.7891666666667
ABGP0138443,9,2020,1251.7891666666667
ABGP0138443,10,2020,1251.7891666666667
ABGP0138443,11,2020,1251.7891666666667
ABGP0138443,12,2020,1251.7891666666667
ABGP0138443,1,2019,1678.9515000000001
ABGP0138443,2,2019,1678.9515000000001
ABGP0138443,3,2019,1678.9515000000001
ABGP0138443,4,2019,1678.9515000000001
ABGP0138443,5,2019,1678.9515000000001
ABGP0138443,6,2019,1678.9515000000001
ABGP0138443,7,2019,1678.9515000000001
ABGP0138443,8,2019,1678.9515000000001
ABGP0138443,9,2019,1678.9515000000001
ABGP0138443,10,2019,1678.9515000000001
ABGP0138443,11,2019,1678.9515000000001
ABGP0138443,12,2019,1678.9515000000001
ABGP0138443,1,2018,1682.7199166666667
ABGP0138443,2,2018,1682.7199166666667
ABGP0138443,3,2018,1682.7199166666667
ABGP0138443,4,2018,1682.7199166666667
ABGP0138443,5,2018,1682.7199166666667
ABGP0138443,6,2018,1682.7199166666667
ABGP0138443,7,2018,1682.7199166666667
ABGP0138443,8,2018,1682.7199166666667
ABGP0138443,9,2018,1682.7199166666667
ABGP0138443,10,2018,1682.7199166666667
ABGP0138443,11,2018,1682.7199166666667
ABGP0138443,12,2018,1682.7199166666667
ABGP0138443,1,2017,2197.4446666666668
ABGP0138443,2,2017,2197.4446666666668
ABGP0138443,3,2017,2197.4446666666668
ABGP0138443,4,2017,2197.4446666666668
ABGP0138443,5,2017,2197.4446666666668
ABGP0138443,6,2017,2197.4446666666668
ABGP0138443,7,2017,2197.4446666666668
ABGP0138443,8,2017,2197.4446666666668
ABGP0138443,9,2017,2197.4446666666668
ABGP0138443,10,2017,2197.4446666666668
ABGP0138443,11,2017,2197.4446666666668
ABGP0138443,12,2017,2197.4446666666668
ABGP0138811,1,2022,5246.3
ABGP0138811,2,2022,5246.3
ABGP0138811,3,2022,5246.3
ABGP0138811,4,2022,5246.3
ABGP0138811,5,2022,5246.3
ABGP0138811,6,2022,5246.3
ABGP0138811,7,2022,5246.3
ABGP0138811,8,2022,5246.3
ABGP0138811,9,2022,5246.3
ABGP0138811,10,2022,5246.3
ABGP0138811,11,2022,5246.3
ABGP0138811,12,2022,5246.3
ABGP0138811,1,2021,4145.683333333333
ABGP0138811,2,2021,4145.683333333333
ABGP0138811,3,2021,4145.683333333333
ABGP0138811,4,2021,4145.683333333333
ABGP0138811,5,2021,4145.683333333333
ABGP0138811,6,2021,4145.683333333333
ABGP0138811,7,2021,4145.683333333333
ABGP0138811,8,2021,4145.683333333333
ABGP0138811,9,2021,4145.683333333333
ABGP0138811,10,2021,4145.683333333333
ABGP0138811,11,2021,4145.683333333333
ABGP0138811,12,2021,4145.683333333333
ABGP0138811,1,2020,3495.758333333333
ABGP0138811,2,2020,3495.758333333333
ABGP0138811,3,2020,3495.758333333333
ABGP0138811,4,2020,3495.758333333333
ABGP0138811,5,2020,3495.758333333333
ABGP0138811,6,2020,3495.758333333333
ABGP0138811,7,2020,3495.758333333333
ABGP0138811,8,2020,3495.758333333333
ABGP0138811,9,2020,3495.758333333333
ABGP0138811,10,2020,3495.758333333333
ABGP0138811,11,2020,3495.758333333333
ABGP0138811,12,2020,3495.758333333333
ABGP0138811,1,2019,4363.316666666667
ABGP0138811,2,2019,4363.316666666667
ABGP0138811,3,2019,4363.316666666667
ABGP0138811,4,2019,4363.316666666667
ABGP0138811,5,2019,4363.316666666667
ABGP0138811,6,2019,4363.316666666667
ABGP0138811,7,2019,4363.316666666667
ABGP0138811,8,2019,4363.316666666667
ABGP0138811,9,2019,4363.316666666667
ABGP0138811,10,2019,4363.316666666667
ABGP0138811,11,2019,4363.316666666667
ABGP0138811,12,2019,4363.316666666667
ABGP0138811,1,2018,4948.88
ABGP0138811,2,2018,4948.88
ABGP0138811,3,2018,4948.88
ABGP0138811,4,2018,4948.88
ABGP0138811,5,2018,4948.88
ABGP0138811,6,2018,4948.88
ABGP0138811,7,2018,4948.88
ABGP0138811,8,2018,4948.88
ABGP0138811,9,2018,4948.88
ABGP0138811,10,2018,4948.88
ABGP0138811,11,2018,4948.88
ABGP0138811,12,2018,4948.88
ABGP0138811,1,2017,3284.4166666666665
ABGP0138811,2,2017,3284.4166666666665
ABGP0138811,3,2017,3284.4166666666665
ABGP0138811,4,2017,3284.4166666666665
ABGP0138811,5,2017,3284.4166666666665
ABGP0138811,6,2017,3284.4166666666665
ABGP0138811,7,2017,3284.4166666666665
ABGP0138811,8,2017,3284.4166666666665
ABGP0138811,9,2017,3284.4166666666665
ABGP0138811,10,2017,3284.4166666666665
ABGP0138811,11,2017,3284.4166666666665
ABGP0138811,12,2017,3284.4166666666665
ABGP0138811,1,2016,4614.443750833333
ABGP0138811,2,2016,4614.443750833333
ABGP0138811,3,2016,4614.443750833333
ABGP0138811,4,2016,4614.443750833333
ABGP0138811,5,2016,4614.443750833333
ABGP0138811,6,2016,4614.443750833333
ABGP0138811,7,2016,4614.443750833333
ABGP0138811,8,2016,4614.443750833333
ABGP0138811,9,2016,4614.443750833333
ABGP0138811,10,2016,4614.443750833333
ABGP0138811,11,2016,4614.443750833333
ABGP0138811,12,2016,4614.443750833333
ABGP0138891,1,2022,2384.829166666667
ABGP0138891,2,2022,2384.829166666667
ABGP0138891,3,2022,2384.829166666667
ABGP0138891,4,2022,2384.829166666667
ABGP0138891,5,2022,2384.829166666667
ABGP0138891,6,2022,2384.829166666667
ABGP0138891,7,2022,2384.829166666667
ABGP0138891,8,2022,2384.829166666667
ABGP0138891,9,2022,2384.829166666667
ABGP0138891,10,2022,2384.829166666667
ABGP0138891,11,2022,2384.829166666667
ABGP0138891,12,2022,2384.829166666667
ABGP0138891,1,2021,2493.810875
ABGP0138891,2,2021,2493.810875
ABGP0138891,3,2021,2493.810875
ABGP0138891,4,2021,2493.810875
ABGP0138891,5,2021,2493.810875
ABGP0138891,6,2021,2493.810875
ABGP0138891,7,2021,2493.810875
ABGP0138891,8,2021,2493.810875
ABGP0138891,9,2021,2493.810875
ABGP0138891,10,2021,2493.810875
ABGP0138891,11,2021,2493.810875
ABGP0138891,12,2021,2493.810875
ABGP0138891,1,2020,3412.8568833333334
ABGP0138891,2,2020,3412.8568833333334
ABGP0138891,3,2020,3412.8568833333334
ABGP0138891,4,2020,3412.8568833333334
ABGP0138891,5,2020,3412.8568833333334
ABGP0138891,6,2020,3412.8568833333334
ABGP0138891,7,2020,3412.8568833333334
ABGP0138891,8,2020,3412.8568833333334
ABGP0138891,9,2020,3412.8568833333334
ABGP0138891,10,2020,3412.8568833333334
ABGP0138891,11,2020,3412.8568833333334
ABGP0138891,12,2020,3412.8568833333334
ABGP0138891,1,2019,4221.526508333333
ABGP0138891,2,2019,4221.526508333333
ABGP0138891,3,2019,4221.526508333333
ABGP0138891,4,2019,4221.526508333333
ABGP0138891,5,2019,4221.526508333333
ABGP0138891,6,2019,4221.526508333333
ABGP0138891,7,2019,4221.526508333333
ABGP0138891,8,2019,4221.526508333333
ABGP0138891,9,2019,4221.526508333333
ABGP0138891,10,2019,4221.526508333333
ABGP0138891,11,2019,4221.526508333333
ABGP0138891,12,2019,4221.526508333333
ABGP0138891,1,2018,4550.031108333334
ABGP0138891,2,2018,4550.031108333334
ABGP0138891,3,2018,4550.031108333334
ABGP0138891,4,2018,4550.031108333334
ABGP0138891,5,2018,4550.031108333334
ABGP0138891,6,2018,4550.031108333334
ABGP0138891,7,2018,4550.031108333334
ABGP0138891,8,2018,4550.031108333334
ABGP0138891,9,2018,4550.031108333334
ABGP0138891,10,2018,4550.031108333334
ABGP0138891,11,2018,4550.031108333334
ABGP0138891,12,2018,4550.031108333334
ABGP0138891,1,2017,4258.115408333333
ABGP0138891,2,2017,4258.115408333333
ABGP0138891,3,2017,4258.115408333333
ABGP0138891,4,2017,4258.115408333333
ABGP0138891,5,2017,4258.115408333333
ABGP0138891,6,2017,4258.115408333333
ABGP0138891,7,2017,4258.115408333333
ABGP0138891,8,2017,4258.115408333333
ABGP0138891,9,2017,4258.115408333333
ABGP0138891,10,2017,4258.115408333333
ABGP0138891,11,2017,4258.115408333333
ABGP0138891,12,2017,4258.115408333333
ABGP0139140,1,2022,1819.6901416666667
ABGP0139140,2,2022,1819.6901416666667
ABGP0139140,3,2022,1819.6901416666667
ABGP0139140,4,2022,1819.6901416666667
ABGP0139140,5,2022,1819.6901416666667
ABGP0139140,6,2022,1819.6901416666667
ABGP0139140,7,2022,1819.6901416666667
ABGP0139140,8,2022,1819.6901416666667
ABGP0139140,9,2022,1819.6901416666667
ABGP0139140,10,2022,1819.6901416666667
ABGP0139140,11,2022,1819.6901416666667
ABGP0139140,12,2022,1819.6901416666667
ABGP0139140,1,2021,1756.0898666666665
ABGP0139140,2,2021,1756.0898666666665
ABGP0139140,3,2021,1756.0898666666665
ABGP0139140,4,2021,1756.0898666666665
ABGP0139140,5,2021,1756.0898666666665
ABGP0139140,6,2021,1756.0898666666665
ABGP0139140,7,2021,1756.0898666666665
ABGP0139140,8,2021,1756.0898666666665
ABGP0139140,9,2021,1756.0898666666665
ABGP0139140,10,2021,1756.0898666666665
ABGP0139140,11,2021,1756.0898666666665
ABGP0139140,12,2021,1756.0898666666665
ABGP0139140,1,2020,2137.605591666667
ABGP0139140,2,2020,2137.605591666667
ABGP0139140,3,2020,2137.605591666667
ABGP0139140,4,2020,2137.605591666667
ABGP0139140,5,2020,2137.605591666667
ABGP0139140,6,2020,2137.605591666667
ABGP0139140,7,2020,2137.605591666667
ABGP0139140,8,2020,2137.605591666667
ABGP0139140,9,2020,2137.605591666667
ABGP0139140,10,2020,2137.605591666667
ABGP0139140,11,2020,2137.605591666667
ABGP0139140,12,2020,2137.605591666667
ABGP0139140,1,2020,1764.3246583333332
ABGP0139140,2,2020,1764.3246583333332
ABGP0139140,3,2020,1764.3246583333332
ABGP0139140,4,2020,1764.3246583333332
ABGP0139140,5,2020,1764.3246583333332
ABGP0139140,6,2020,1764.3246583333332
ABGP0139140,7,2020,1764.3246583333332
ABGP0139140,8,2020,1764.3246583333332
ABGP0139140,9,2020,1764.3246583333332
ABGP0139140,10,2020,1764.3246583333332
ABGP0139140,11,2020,1764.3246583333332
ABGP0139140,12,2020,1764.3246583333332
ABGP0139140,1,2019,2438.3104916666666
ABGP0139140,2,2019,2438.3104916666666
ABGP0139140,3,2019,2438.3104916666666
ABGP0139140,4,2019,2438.3104916666666
ABGP0139140,5,2019,2438.3104916666666
ABGP0139140,6,2019,2438.3104916666666
ABGP0139140,7,2019,2438.3104916666666
ABGP0139140,8,2019,2438.3104916666666
ABGP0139140,9,2019,2438.3104916666666
ABGP0139140,10,2019,2438.3104916666666
ABGP0139140,11,2019,2438.3104916666666
ABGP0139140,12,2019,2438.3104916666666
ABGP0139140,1,2019,1320.4500666666665
ABGP0139140,2,2019,1320.4500666666665
ABGP0139140,3,2019,1320.4500666666665
ABGP0139140,4,2019,1320.4500666666665
ABGP0139140,5,2019,1320.4500666666665
ABGP0139140,6,2019,1320.4500666666665
ABGP0139140,7,2019,1320.4500666666665
ABGP0139140,8,2019,1320.4500666666665
ABGP0139140,9,2019,1320.4500666666665
ABGP0139140,10,2019,1320.4500666666665
ABGP0139140,11,2019,1320.4500666666665
ABGP0139140,12,2019,1320.4500666666665
ABGP0139140,1,2018,2424.465058333333
ABGP0139140,2,2018,2424.465058333333
ABGP0139140,3,2018,2424.465058333333
ABGP0139140,4,2018,2424.465058333333
ABGP0139140,5,2018,2424.465058333333
ABGP0139140,6,2018,2424.465058333333
ABGP0139140,7,2018,2424.465058333333
ABGP0139140,8,2018,2424.465058333333
ABGP0139140,9,2018,2424.465058333333
ABGP0139140,10,2018,2424.465058333333
ABGP0139140,11,2018,2424.465058333333
ABGP0139140,12,2018,2424.465058333333
ABGP0139140,1,2017,2087.3091858333332
ABGP0139140,2,2017,2087.3091858333332
ABGP0139140,3,2017,2087.3091858333332
ABGP0139140,4,2017,2087.3091858333332
ABGP0139140,5,2017,2087.3091858333332
ABGP0139140,6,2017,2087.3091858333332
ABGP0139140,7,2017,2087.3091858333332
ABGP0139140,8,2017,2087.3091858333332
ABGP0139140,9,2017,2087.3091858333332
ABGP0139140,10,2017,2087.3091858333332
ABGP0139140,11,2017,2087.3091858333332
ABGP0139140,12,2017,2087.3091858333332
ABGP0139294,1,2022,1819.6901416666667
ABGP0139294,2,2022,1819.6901416666667
ABGP0139294,3,2022,1819.6901416666667
ABGP0139294,4,2022,1819.6901416666667
ABGP0139294,5,2022,1819.6901416666667
ABGP0139294,6,2022,1819.6901416666667
ABGP0139294,7,2022,1819.6901416666667
ABGP0139294,8,2022,1819.6901416666667
ABGP0139294,9,2022,1819.6901416666667
ABGP0139294,10,2022,1819.6901416666667
ABGP0139294,11,2022,1819.6901416666667
ABGP0139294,12,2022,1819.6901416666667
ABGP0139294,1,2021,1756.0898666666665
ABGP0139294,2,2021,1756.0898666666665
ABGP0139294,3,2021,1756.0898666666665
ABGP0139294,4,2021,1756.0898666666665
ABGP0139294,5,2021,1756.0898666666665
ABGP0139294,6,2021,1756.0898666666665
ABGP0139294,7,2021,1756.0898666666665
ABGP0139294,8,2021,1756.0898666666665
ABGP0139294,9,2021,1756.0898666666665
ABGP0139294,10,2021,1756.0898666666665
ABGP0139294,11,2021,1756.0898666666665
ABGP0139294,12,2021,1756.0898666666665
ABGP0139294,1,2020,2137.605591666667
ABGP0139294,2,2020,2137.605591666667
ABGP0139294,3,2020,2137.605591666667
ABGP0139294,4,2020,2137.605591666667
ABGP0139294,5,2020,2137.605591666667
ABGP0139294,6,2020,2137.605591666667
ABGP0139294,7,2020,2137.605591666667
ABGP0139294,8,2020,2137.605591666667
ABGP0139294,9,2020,2137.605591666667
ABGP0139294,10,2020,2137.605591666667
ABGP0139294,11,2020,2137.605591666667
ABGP0139294,12,2020,2137.605591666667
ABGP0139294,1,2020,1764.3246583333332
ABGP0139294,2,2020,1764.3246583333332
ABGP0139294,3,2020,1764.3246583333332
ABGP0139294,4,2020,1764.3246583333332
ABGP0139294,5,2020,1764.3246583333332
ABGP0139294,6,2020,1764.3246583333332
ABGP0139294,7,2020,1764.3246583333332
ABGP0139294,8,2020,1764.3246583333332
ABGP0139294,9,2020,1764.3246583333332
ABGP0139294,10,2020,1764.3246583333332
ABGP0139294,11,2020,1764.3246583333332
ABGP0139294,12,2020,1764.3246583333332
ABGP0139294,1,2019,2438.3104916666666
ABGP0139294,2,2019,2438.3104916666666
ABGP0139294,3,2019,2438.3104916666666
ABGP0139294,4,2019,2438.3104916666666
ABGP0139294,5,2019,2438.3104916666666
ABGP0139294,6,2019,2438.3104916666666
ABGP0139294,7,2019,2438.3104916666666
ABGP0139294,8,2019,2438.3104916666666
ABGP0139294,9,2019,2438.3104916666666
ABGP0139294,10,2019,2438.3104916666666
ABGP0139294,11,2019,2438.3104916666666
ABGP0139294,12,2019,2438.3104916666666
ABGP0139294,1,2019,1320.4500666666665
ABGP0139294,2,2019,1320.4500666666665
ABGP0139294,3,2019,1320.4500666666665
ABGP0139294,4,2019,1320.4500666666665
ABGP0139294,5,2019,1320.4500666666665
ABGP0139294,6,2019,1320.4500666666665
ABGP0139294,7,2019,1320.4500666666665
ABGP0139294,8,2019,1320.4500666666665
ABGP0139294,9,2019,1320.4500666666665
ABGP0139294,10,2019,1320.4500666666665
ABGP0139294,11,2019,1320.4500666666665
ABGP0139294,12,2019,1320.4500666666665
ABGP0139294,1,2018,2424.465058333333
ABGP0139294,2,2018,2424.465058333333
ABGP0139294,3,2018,2424.465058333333
ABGP0139294,4,2018,2424.465058333333
ABGP0139294,5,2018,2424.465058333333
ABGP0139294,6,2018,2424.465058333333
ABGP0139294,7,2018,2424.465058333333
ABGP0139294,8,2018,2424.465058333333
ABGP0139294,9,2018,2424.465058333333
ABGP0139294,10,2018,2424.465058333333
ABGP0139294,11,2018,2424.465058333333
ABGP0139294,12,2018,2424.465058333333
ABGP0139294,1,2017,2087.3091858333332
ABGP0139294,2,2017,2087.3091858333332
ABGP0139294,3,2017,2087.3091858333332
ABGP0139294,4,2017,2087.3091858333332
ABGP0139294,5,2017,2087.3091858333332
ABGP0139294,6,2017,2087.3091858333332
ABGP0139294,7,2017,2087.3091858333332
ABGP0139294,8,2017,2087.3091858333332
ABGP0139294,9,2017,2087.3091858333332
ABGP0139294,10,2017,2087.3091858333332
ABGP0139294,11,2017,2087.3091858333332
ABGP0139294,12,2017,2087.3091858333332
ABGP0139501,1,2022,3618.2472749999997
ABGP0139501,2,2022,3618.2472749999997
ABGP0139501,3,2022,3618.2472749999997
ABGP0139501,4,2022,3618.2472749999997
ABGP0139501,5,2022,3618.2472749999997
ABGP0139501,6,2022,3618.2472749999997
ABGP0139501,7,2022,3618.2472749999997
ABGP0139501,8,2022,3618.2472749999997
ABGP0139501,9,2022,3618.2472749999997
ABGP0139501,10,2022,3618.2472749999997
ABGP0139501,11,2022,3618.2472749999997
ABGP0139501,12,2022,3618.2472749999997
ABGP0139501,1,2021,3743.6164741666666
ABGP0139501,2,2021,3743.6164741666666
ABGP0139501,3,2021,3743.6164741666666
ABGP0139501,4,2021,3743.6164741666666
ABGP0139501,5,2021,3743.6164741666666
ABGP0139501,6,2021,3743.6164741666666
ABGP0139501,7,2021,3743.6164741666666
ABGP0139501,8,2021,3743.6164741666666
ABGP0139501,9,2021,3743.6164741666666
ABGP0139501,10,2021,3743.6164741666666
ABGP0139501,11,2021,3743.6164741666666
ABGP0139501,12,2021,3743.6164741666666
ABGP0139501,1,2020,3817.9375099999997
ABGP0139501,2,2020,3817.9375099999997
ABGP0139501,3,2020,3817.9375099999997
ABGP0139501,4,2020,3817.9375099999997
ABGP0139501,5,2020,3817.9375099999997
ABGP0139501,6,2020,3817.9375099999997
ABGP0139501,7,2020,3817.9375099999997
ABGP0139501,8,2020,3817.9375099999997
ABGP0139501,9,2020,3817.9375099999997
ABGP0139501,10,2020,3817.9375099999997
ABGP0139501,11,2020,3817.9375099999997
ABGP0139501,12,2020,3817.9375099999997
ABGP0139501,1,2019,4614.719058333333
ABGP0139501,2,2019,4614.719058333333
ABGP0139501,3,2019,4614.719058333333
ABGP0139501,4,2019,4614.719058333333
ABGP0139501,5,2019,4614.719058333333
ABGP0139501,6,2019,4614.719058333333
ABGP0139501,7,2019,4614.719058333333
ABGP0139501,8,2019,4614.719058333333
ABGP0139501,9,2019,4614.719058333333
ABGP0139501,10,2019,4614.719058333333
ABGP0139501,11,2019,4614.719058333333
ABGP0139501,12,2019,4614.719058333333
ABGP0139501,1,2018,3290.6609083333333
ABGP0139501,2,2018,3290.6609083333333
ABGP0139501,3,2018,3290.6609083333333
ABGP0139501,4,2018,3290.6609083333333
ABGP0139501,5,2018,3290.6609083333333
ABGP0139501,6,2018,3290.6609083333333
ABGP0139501,7,2018,3290.6609083333333
ABGP0139501,8,2018,3290.6609083333333
ABGP0139501,9,2018,3290.6609083333333
ABGP0139501,10,2018,3290.6609083333333
ABGP0139501,11,2018,3290.6609083333333
ABGP0139501,12,2018,3290.6609083333333
ABGP0139501,1,2017,3179.073675
ABGP0139501,2,2017,3179.073675
ABGP0139501,3,2017,3179.073675
ABGP0139501,4,2017,3179.073675
ABGP0139501,5,2017,3179.073675
ABGP0139501,6,2017,3179.073675
ABGP0139501,7,2017,3179.073675
ABGP0139501,8,2017,3179.073675
ABGP0139501,9,2017,3179.073675
ABGP0139501,10,2017,3179.073675
ABGP0139501,11,2017,3179.073675
ABGP0139501,12,2017,3179.073675
ABGP0140036,1,2022,2183.1958083333334
ABGP0140036,2,2022,2183.1958083333334
ABGP0140036,3,2022,2183.1958083333334
ABGP0140036,4,2022,2183.1958083333334
ABGP0140036,5,2022,2183.1958083333334
ABGP0140036,6,2022,2183.1958083333334
ABGP0140036,7,2022,2183.1958083333334
ABGP0140036,8,2022,2183.1958083333334
ABGP0140036,9,2022,2183.1958083333334
ABGP0140036,10,2022,2183.1958083333334
ABGP0140036,11,2022,2183.1958083333334
ABGP0140036,12,2022,2183.1958083333334
ABGP0140036,1,2021,2021.0993833333332
ABGP0140036,2,2021,2021.0993833333332
ABGP0140036,3,2021,2021.0993833333332
ABGP0140036,4,2021,2021.0993833333332
ABGP0140036,5,2021,2021.0993833333332
ABGP0140036,6,2021,2021.0993833333332
ABGP0140036,7,2021,2021.0993833333332
ABGP0140036,8,2021,2021.0993833333332
ABGP0140036,9,2021,2021.0993833333332
ABGP0140036,10,2021,2021.0993833333332
ABGP0140036,11,2021,2021.0993833333332
ABGP0140036,12,2021,2021.0993833333332
ABGP0140036,1,2020,2042.8796583333333
ABGP0140036,2,2020,2042.8796583333333
ABGP0140036,3,2020,2042.8796583333333
ABGP0140036,4,2020,2042.8796583333333
ABGP0140036,5,2020,2042.8796583333333
ABGP0140036,6,2020,2042.8796583333333
ABGP0140036,7,2020,2042.8796583333333
ABGP0140036,8,2020,2042.8796583333333
ABGP0140036,9,2020,2042.8796583333333
ABGP0140036,10,2020,2042.8796583333333
ABGP0140036,11,2020,2042.8796583333333
ABGP0140036,12,2020,2042.8796583333333
ABGP0140036,1,2019,2069.8969
ABGP0140036,2,2019,2069.8969
ABGP0140036,3,2019,2069.8969
ABGP0140036,4,2019,2069.8969
ABGP0140036,5,2019,2069.8969
ABGP0140036,6,2019,2069.8969
ABGP0140036,7,2019,2069.8969
ABGP0140036,8,2019,2069.8969
ABGP0140036,9,2019,2069.8969
ABGP0140036,10,2019,2069.8969
ABGP0140036,11,2019,2069.8969
ABGP0140036,12,2019,2069.8969
ABGP0140036,1,2018,1764.6200333333334
ABGP0140036,2,2018,1764.6200333333334
ABGP0140036,3,2018,1764.6200333333334
ABGP0140036,4,2018,1764.6200333333334
ABGP0140036,5,2018,1764.6200333333334
ABGP0140036,6,2018,1764.6200333333334
ABGP0140036,7,2018,1764.6200333333334
ABGP0140036,8,2018,1764.6200333333334
ABGP0140036,9,2018,1764.6200333333334
ABGP0140036,10,2018,1764.6200333333334
ABGP0140036,11,2018,1764.6200333333334
ABGP0140036,12,2018,1764.6200333333334
ABGP0140036,1,2017,1658.440525
ABGP0140036,2,2017,1658.440525
ABGP0140036,3,2017,1658.440525
ABGP0140036,4,2017,1658.440525
ABGP0140036,5,2017,1658.440525
ABGP0140036,6,2017,1658.440525
ABGP0140036,7,2017,1658.440525
ABGP0140036,8,2017,1658.440525
ABGP0140036,9,2017,1658.440525
ABGP0140036,10,2017,1658.440525
ABGP0140036,11,2017,1658.440525
ABGP0140036,12,2017,1658.440525
ABGP0140267,1,2022,2506.5
ABGP0140267,2,2022,2506.5
ABGP0140267,3,2022,2506.5
ABGP0140267,4,2022,2506.5
ABGP0140267,5,2022,2506.5
ABGP0140267,6,2022,2506.5
ABGP0140267,7,2022,2506.5
ABGP0140267,8,2022,2506.5
ABGP0140267,9,2022,2506.5
ABGP0140267,10,2022,2506.5
ABGP0140267,11,2022,2506.5
ABGP0140267,12,2022,2506.5
ABGP0140267,1,2020,1368.8166666666666
ABGP0140267,2,2020,1368.8166666666666
ABGP0140267,3,2020,1368.8166666666666
ABGP0140267,4,2020,1368.8166666666666
ABGP0140267,5,2020,1368.8166666666666
ABGP0140267,6,2020,1368.8166666666666
ABGP0140267,7,2020,1368.8166666666666
ABGP0140267,8,2020,1368.8166666666666
ABGP0140267,9,2020,1368.8166666666666
ABGP0140267,10,2020,1368.8166666666666
ABGP0140267,11,2020,1368.8166666666666
ABGP0140267,12,2020,1368.8166666666666
ABGP0140267,1,2019,3423.5166666666664
ABGP0140267,2,2019,3423.5166666666664
ABGP0140267,3,2019,3423.5166666666664
ABGP0140267,4,2019,3423.5166666666664
ABGP0140267,5,2019,3423.5166666666664
ABGP0140267,6,2019,3423.5166666666664
ABGP0140267,7,2019,3423.5166666666664
ABGP0140267,8,2019,3423.5166666666664
ABGP0140267,9,2019,3423.5166666666664
ABGP0140267,10,2019,3423.5166666666664
ABGP0140267,11,2019,3423.5166666666664
ABGP0140267,12,2019,3423.5166666666664
ABGP0140267,1,2018,5573.583333333333
ABGP0140267,2,2018,5573.583333333333
ABGP0140267,3,2018,5573.583333333333
ABGP0140267,4,2018,5573.583333333333
ABGP0140267,5,2018,5573.583333333333
ABGP0140267,6,2018,5573.583333333333
ABGP0140267,7,2018,5573.583333333333
ABGP0140267,8,2018,5573.583333333333
ABGP0140267,9,2018,5573.583333333333
ABGP0140267,10,2018,5573.583333333333
ABGP0140267,11,2018,5573.583333333333
ABGP0140267,12,2018,5573.583333333333
ABGP0140267,1,2017,4908.016666666666
ABGP0140267,2,2017,4908.016666666666
ABGP0140267,3,2017,4908.016666666666
ABGP0140267,4,2017,4908.016666666666
ABGP0140267,5,2017,4908.016666666666
ABGP0140267,6,2017,4908.016666666666
ABGP0140267,7,2017,4908.016666666666
ABGP0140267,8,2017,4908.016666666666
ABGP0140267,9,2017,4908.016666666666
ABGP0140267,10,2017,4908.016666666666
ABGP0140267,11,2017,4908.016666666666
ABGP0140267,12,2017,4908.016666666666
ABGP0140277,1,2022,23581.82715833333
ABGP0140277,2,2022,23581.82715833333
ABGP0140277,3,2022,23581.82715833333
ABGP0140277,4,2022,23581.82715833333
ABGP0140277,5,2022,23581.82715833333
ABGP0140277,6,2022,23581.82715833333
ABGP0140277,7,2022,23581.82715833333
ABGP0140277,8,2022,23581.82715833333
ABGP0140277,9,2022,23581.82715833333
ABGP0140277,10,2022,23581.82715833333
ABGP0140277,11,2022,23581.82715833333
ABGP0140277,12,2022,23581.82715833333
ABGP0140277,1,2021,22811.15166666667
ABGP0140277,2,2021,22811.15166666667
ABGP0140277,3,2021,22811.15166666667
ABGP0140277,4,2021,22811.15166666667
ABGP0140277,5,2021,22811.15166666667
ABGP0140277,6,2021,22811.15166666667
ABGP0140277,7,2021,22811.15166666667
ABGP0140277,8,2021,22811.15166666667
ABGP0140277,9,2021,22811.15166666667
ABGP0140277,10,2021,22811.15166666667
ABGP0140277,11,2021,22811.15166666667
ABGP0140277,12,2021,22811.15166666667
ABGP0140277,1,2020,21988.8
ABGP0140277,2,2020,21988.8
ABGP0140277,3,2020,21988.8
ABGP0140277,4,2020,21988.8
ABGP0140277,5,2020,21988.8
ABGP0140277,6,2020,21988.8
ABGP0140277,7,2020,21988.8
ABGP0140277,8,2020,21988.8
ABGP0140277,9,2020,21988.8
ABGP0140277,10,2020,21988.8
ABGP0140277,11,2020,21988.8
ABGP0140277,12,2020,21988.8
ABGP0140277,1,2019,20194.24248333333
ABGP0140277,2,2019,20194.24248333333
ABGP0140277,3,2019,20194.24248333333
ABGP0140277,4,2019,20194.24248333333
ABGP0140277,5,2019,20194.24248333333
ABGP0140277,6,2019,20194.24248333333
ABGP0140277,7,2019,20194.24248333333
ABGP0140277,8,2019,20194.24248333333
ABGP0140277,9,2019,20194.24248333333
ABGP0140277,10,2019,20194.24248333333
ABGP0140277,11,2019,20194.24248333333
ABGP0140277,12,2019,20194.24248333333
ABGP0140277,1,2018,12995.268983333333
ABGP0140277,2,2018,12995.268983333333
ABGP0140277,3,2018,12995.268983333333
ABGP0140277,4,2018,12995.268983333333
ABGP0140277,5,2018,12995.268983333333
ABGP0140277,6,2018,12995.268983333333
ABGP0140277,7,2018,12995.268983333333
ABGP0140277,8,2018,12995.268983333333
ABGP0140277,9,2018,12995.268983333333
ABGP0140277,10,2018,12995.268983333333
ABGP0140277,11,2018,12995.268983333333
ABGP0140277,12,2018,12995.268983333333
ABGP0140277,1,2017,7937.657333333334
ABGP0140277,2,2017,7937.657333333334
ABGP0140277,3,2017,7937.657333333334
ABGP0140277,4,2017,7937.657333333334
ABGP0140277,5,2017,7937.657333333334
ABGP0140277,6,2017,7937.657333333334
ABGP0140277,7,2017,7937.657333333334
ABGP0140277,8,2017,7937.657333333334
ABGP0140277,9,2017,7937.657333333334
ABGP0140277,10,2017,7937.657333333334
ABGP0140277,11,2017,7937.657333333334
ABGP0140277,12,2017,7937.657333333334
ABGP0140439,1,2022,3592.162325
ABGP0140439,2,2022,3592.162325
ABGP0140439,3,2022,3592.162325
ABGP0140439,4,2022,3592.162325
ABGP0140439,5,2022,3592.162325
ABGP0140439,6,2022,3592.162325
ABGP0140439,7,2022,3592.162325
ABGP0140439,8,2022,3592.162325
ABGP0140439,9,2022,3592.162325
ABGP0140439,10,2022,3592.162325
ABGP0140439,11,2022,3592.162325
ABGP0140439,12,2022,3592.162325
ABGP0140439,1,2021,3539.7702166666663
ABGP0140439,2,2021,3539.7702166666663
ABGP0140439,3,2021,3539.7702166666663
ABGP0140439,4,2021,3539.7702166666663
ABGP0140439,5,2021,3539.7702166666663
ABGP0140439,6,2021,3539.7702166666663
ABGP0140439,7,2021,3539.7702166666663
ABGP0140439,8,2021,3539.7702166666663
ABGP0140439,9,2021,3539.7702166666663
ABGP0140439,10,2021,3539.7702166666663
ABGP0140439,11,2021,3539.7702166666663
ABGP0140439,12,2021,3539.7702166666663
ABGP0140439,1,2020,5372.2074999999995
ABGP0140439,2,2020,5372.2074999999995
ABGP0140439,3,2020,5372.2074999999995
ABGP0140439,4,2020,5372.2074999999995
ABGP0140439,5,2020,5372.2074999999995
ABGP0140439,6,2020,5372.2074999999995
ABGP0140439,7,2020,5372.2074999999995
ABGP0140439,8,2020,5372.2074999999995
ABGP0140439,9,2020,5372.2074999999995
ABGP0140439,10,2020,5372.2074999999995
ABGP0140439,11,2020,5372.2074999999995
ABGP0140439,12,2020,5372.2074999999995
ABGP0140439,1,2019,5596.06
ABGP0140439,2,2019,5596.06
ABGP0140439,3,2019,5596.06
ABGP0140439,4,2019,5596.06
ABGP0140439,5,2019,5596.06
ABGP0140439,6,2019,5596.06
ABGP0140439,7,2019,5596.06
ABGP0140439,8,2019,5596.06
ABGP0140439,9,2019,5596.06
ABGP0140439,10,2019,5596.06
ABGP0140439,11,2019,5596.06
ABGP0140439,12,2019,5596.06
ABGP0140439,1,2018,4765.6466666666665
ABGP0140439,2,2018,4765.6466666666665
ABGP0140439,3,2018,4765.6466666666665
ABGP0140439,4,2018,4765.6466666666665
ABGP0140439,5,2018,4765.6466666666665
ABGP0140439,6,2018,4765.6466666666665
ABGP0140439,7,2018,4765.6466666666665
ABGP0140439,8,2018,4765.6466666666665
ABGP0140439,9,2018,4765.6466666666665
ABGP0140439,10,2018,4765.6466666666665
ABGP0140439,11,2018,4765.6466666666665
ABGP0140439,12,2018,4765.6466666666665
ABGP0140439,1,2017,5097.995234999999
ABGP0140439,2,2017,5097.995234999999
ABGP0140439,3,2017,5097.995234999999
ABGP0140439,4,2017,5097.995234999999
ABGP0140439,5,2017,5097.995234999999
ABGP0140439,6,2017,5097.995234999999
ABGP0140439,7,2017,5097.995234999999
ABGP0140439,8,2017,5097.995234999999
ABGP0140439,9,2017,5097.995234999999
ABGP0140439,10,2017,5097.995234999999
ABGP0140439,11,2017,5097.995234999999
ABGP0140439,12,2017,5097.995234999999
ABGP0140439,1,2016,4615.661018333333
ABGP0140439,2,2016,4615.661018333333
ABGP0140439,3,2016,4615.661018333333
ABGP0140439,4,2016,4615.661018333333
ABGP0140439,5,2016,4615.661018333333
ABGP0140439,6,2016,4615.661018333333
ABGP0140439,7,2016,4615.661018333333
ABGP0140439,8,2016,4615.661018333333
ABGP0140439,9,2016,4615.661018333333
ABGP0140439,10,2016,4615.661018333333
ABGP0140439,11,2016,4615.661018333333
ABGP0140439,12,2016,4615.661018333333
ABGP0140643,1,2022,5922.651666666668
ABGP0140643,2,2022,5922.651666666668
ABGP0140643,3,2022,5922.651666666668
ABGP0140643,4,2022,5922.651666666668
ABGP0140643,5,2022,5922.651666666668
ABGP0140643,6,2022,5922.651666666668
ABGP0140643,7,2022,5922.651666666668
ABGP0140643,8,2022,5922.651666666668
ABGP0140643,9,2022,5922.651666666668
ABGP0140643,10,2022,5922.651666666668
ABGP0140643,11,2022,5922.651666666668
ABGP0140643,12,2022,5922.651666666668
ABGP0140643,1,2021,6041.12525
ABGP0140643,2,2021,6041.12525
ABGP0140643,3,2021,6041.12525
ABGP0140643,4,2021,6041.12525
ABGP0140643,5,2021,6041.12525
ABGP0140643,6,2021,6041.12525
ABGP0140643,7,2021,6041.12525
ABGP0140643,8,2021,6041.12525
ABGP0140643,9,2021,6041.12525
ABGP0140643,10,2021,6041.12525
ABGP0140643,11,2021,6041.12525
ABGP0140643,12,2021,6041.12525
ABGP0140643,1,2020,5585.340133333334
ABGP0140643,2,2020,5585.340133333334
ABGP0140643,3,2020,5585.340133333334
ABGP0140643,4,2020,5585.340133333334
ABGP0140643,5,2020,5585.340133333334
ABGP0140643,6,2020,5585.340133333334
ABGP0140643,7,2020,5585.340133333334
ABGP0140643,8,2020,5585.340133333334
ABGP0140643,9,2020,5585.340133333334
ABGP0140643,10,2020,5585.340133333334
ABGP0140643,11,2020,5585.340133333334
ABGP0140643,12,2020,5585.340133333334
ABGP0140643,1,2019,4806.657416666667
ABGP0140643,2,2019,4806.657416666667
ABGP0140643,3,2019,4806.657416666667
ABGP0140643,4,2019,4806.657416666667
ABGP0140643,5,2019,4806.657416666667
ABGP0140643,6,2019,4806.657416666667
ABGP0140643,7,2019,4806.657416666667
ABGP0140643,8,2019,4806.657416666667
ABGP0140643,9,2019,4806.657416666667
ABGP0140643,10,2019,4806.657416666667
ABGP0140643,11,2019,4806.657416666667
ABGP0140643,12,2019,4806.657416666667
ABGP0140643,1,2018,3440.1439166666664
ABGP0140643,2,2018,3440.1439166666664
ABGP0140643,3,2018,3440.1439166666664
ABGP0140643,4,2018,3440.1439166666664
ABGP0140643,5,2018,3440.1439166666664
ABGP0140643,6,2018,3440.1439166666664
ABGP0140643,7,2018,3440.1439166666664
ABGP0140643,8,2018,3440.1439166666664
ABGP0140643,9,2018,3440.1439166666664
ABGP0140643,10,2018,3440.1439166666664
ABGP0140643,11,2018,3440.1439166666664
ABGP0140643,12,2018,3440.1439166666664
ABGP0140643,1,2017,2109.9013333333332
ABGP0140643,2,2017,2109.9013333333332
ABGP0140643,3,2017,2109.9013333333332
ABGP0140643,4,2017,2109.9013333333332
ABGP0140643,5,2017,2109.9013333333332
ABGP0140643,6,2017,2109.9013333333332
ABGP0140643,7,2017,2109.9013333333332
ABGP0140643,8,2017,2109.9013333333332
ABGP0140643,9,2017,2109.9013333333332
ABGP0140643,10,2017,2109.9013333333332
ABGP0140643,11,2017,2109.9013333333332
ABGP0140643,12,2017,2109.9013333333332
ABGP0140842,1,2022,5491.723325
ABGP0140842,2,2022,5491.723325
ABGP0140842,3,2022,5491.723325
ABGP0140842,4,2022,5491.723325
ABGP0140842,5,2022,5491.723325
ABGP0140842,6,2022,5491.723325
ABGP0140842,7,2022,5491.723325
ABGP0140842,8,2022,5491.723325
ABGP0140842,9,2022,5491.723325
ABGP0140842,10,2022,5491.723325
ABGP0140842,11,2022,5491.723325
ABGP0140842,12,2022,5491.723325
ABGP0140842,1,2021,4941.620365833333
ABGP0140842,2,2021,4941.620365833333
ABGP0140842,3,2021,4941.620365833333
ABGP0140842,4,2021,4941.620365833333
ABGP0140842,5,2021,4941.620365833333
ABGP0140842,6,2021,4941.620365833333
ABGP0140842,7,2021,4941.620365833333
ABGP0140842,8,2021,4941.620365833333
ABGP0140842,9,2021,4941.620365833333
ABGP0140842,10,2021,4941.620365833333
ABGP0140842,11,2021,4941.620365833333
ABGP0140842,12,2021,4941.620365833333
ABGP0140842,1,2020,4767.589181666667
ABGP0140842,2,2020,4767.589181666667
ABGP0140842,3,2020,4767.589181666667
ABGP0140842,4,2020,4767.589181666667
ABGP0140842,5,2020,4767.589181666667
ABGP0140842,6,2020,4767.589181666667
ABGP0140842,7,2020,4767.589181666667
ABGP0140842,8,2020,4767.589181666667
ABGP0140842,9,2020,4767.589181666667
ABGP0140842,10,2020,4767.589181666667
ABGP0140842,11,2020,4767.589181666667
ABGP0140842,12,2020,4767.589181666667
ABGP0140842,1,2019,4869.123941666667
ABGP0140842,2,2019,4869.123941666667
ABGP0140842,3,2019,4869.123941666667
ABGP0140842,4,2019,4869.123941666667
ABGP0140842,5,2019,4869.123941666667
ABGP0140842,6,2019,4869.123941666667
ABGP0140842,7,2019,4869.123941666667
ABGP0140842,8,2019,4869.123941666667
ABGP0140842,9,2019,4869.123941666667
ABGP0140842,10,2019,4869.123941666667
ABGP0140842,11,2019,4869.123941666667
ABGP0140842,12,2019,4869.123941666667
ABGP0140842,1,2018,4169.202233333333
ABGP0140842,2,2018,4169.202233333333
ABGP0140842,3,2018,4169.202233333333
ABGP0140842,4,2018,4169.202233333333
ABGP0140842,5,2018,4169.202233333333
ABGP0140842,6,2018,4169.202233333333
ABGP0140842,7,2018,4169.202233333333
ABGP0140842,8,2018,4169.202233333333
ABGP0140842,9,2018,4169.202233333333
ABGP0140842,10,2018,4169.202233333333
ABGP0140842,11,2018,4169.202233333333
ABGP0140842,12,2018,4169.202233333333
ABGP0140842,1,2017,3529.7367916666667
ABGP0140842,2,2017,3529.7367916666667
ABGP0140842,3,2017,3529.7367916666667
ABGP0140842,4,2017,3529.7367916666667
ABGP0140842,5,2017,3529.7367916666667
ABGP0140842,6,2017,3529.7367916666667
ABGP0140842,7,2017,3529.7367916666667
ABGP0140842,8,2017,3529.7367916666667
ABGP0140842,9,2017,3529.7367916666667
ABGP0140842,10,2017,3529.7367916666667
ABGP0140842,11,2017,3529.7367916666667
ABGP0140842,12,2017,3529.7367916666667
ABGP0140979,1,2022,3397.0058583333334
ABGP0140979,2,2022,3397.0058583333334
ABGP0140979,3,2022,3397.0058583333334
ABGP0140979,4,2022,3397.0058583333334
ABGP0140979,5,2022,3397.0058583333334
ABGP0140979,6,2022,3397.0058583333334
ABGP0140979,7,2022,3397.0058583333334
ABGP0140979,8,2022,3397.0058583333334
ABGP0140979,9,2022,3397.0058583333334
ABGP0140979,10,2022,3397.0058583333334
ABGP0140979,11,2022,3397.0058583333334
ABGP0140979,12,2022,3397.0058583333334
ABGP0140979,1,2021,2921.4674508333333
ABGP0140979,2,2021,2921.4674508333333
ABGP0140979,3,2021,2921.4674508333333
ABGP0140979,4,2021,2921.4674508333333
ABGP0140979,5,2021,2921.4674508333333
ABGP0140979,6,2021,2921.4674508333333
ABGP0140979,7,2021,2921.4674508333333
ABGP0140979,8,2021,2921.4674508333333
ABGP0140979,9,2021,2921.4674508333333
ABGP0140979,10,2021,2921.4674508333333
ABGP0140979,11,2021,2921.4674508333333
ABGP0140979,12,2021,2921.4674508333333
ABGP0140979,1,2020,2653.8645041666664
ABGP0140979,2,2020,2653.8645041666664
ABGP0140979,3,2020,2653.8645041666664
ABGP0140979,4,2020,2653.8645041666664
ABGP0140979,5,2020,2653.8645041666664
ABGP0140979,6,2020,2653.8645041666664
ABGP0140979,7,2020,2653.8645041666664
ABGP0140979,8,2020,2653.8645041666664
ABGP0140979,9,2020,2653.8645041666664
ABGP0140979,10,2020,2653.8645041666664
ABGP0140979,11,2020,2653.8645041666664
ABGP0140979,12,2020,2653.8645041666664
ABGP0140979,1,2019,3065.8143483333333
ABGP0140979,2,2019,3065.8143483333333
ABGP0140979,3,2019,3065.8143483333333
ABGP0140979,4,2019,3065.8143483333333
ABGP0140979,5,2019,3065.8143483333333
ABGP0140979,6,2019,3065.8143483333333
ABGP0140979,7,2019,3065.8143483333333
ABGP0140979,8,2019,3065.8143483333333
ABGP0140979,9,2019,3065.8143483333333
ABGP0140979,10,2019,3065.8143483333333
ABGP0140979,11,2019,3065.8143483333333
ABGP0140979,12,2019,3065.8143483333333
ABGP0140979,1,2018,2688.9838833333333
ABGP0140979,2,2018,2688.9838833333333
ABGP0140979,3,2018,2688.9838833333333
ABGP0140979,4,2018,2688.9838833333333
ABGP0140979,5,2018,2688.9838833333333
ABGP0140979,6,2018,2688.9838833333333
ABGP0140979,7,2018,2688.9838833333333
ABGP0140979,8,2018,2688.9838833333333
ABGP0140979,9,2018,2688.9838833333333
ABGP0140979,10,2018,2688.9838833333333
ABGP0140979,11,2018,2688.9838833333333
ABGP0140979,12,2018,2688.9838833333333
ABGP0142406,1,2022,3421.8440625000003
ABGP0142406,2,2022,3421.8440625000003
ABGP0142406,3,2022,3421.8440625000003
ABGP0142406,4,2022,3421.8440625000003
ABGP0142406,5,2022,3421.8440625000003
ABGP0142406,6,2022,3421.8440625000003
ABGP0142406,7,2022,3421.8440625000003
ABGP0142406,8,2022,3421.8440625000003
ABGP0142406,9,2022,3421.8440625000003
ABGP0142406,10,2022,3421.8440625000003
ABGP0142406,11,2022,3421.8440625000003
ABGP0142406,12,2022,3421.8440625000003
ABGP0142406,1,2021,3194.713423333333
ABGP0142406,2,2021,3194.713423333333
ABGP0142406,3,2021,3194.713423333333
ABGP0142406,4,2021,3194.713423333333
ABGP0142406,5,2021,3194.713423333333
ABGP0142406,6,2021,3194.713423333333
ABGP0142406,7,2021,3194.713423333333
ABGP0142406,8,2021,3194.713423333333
ABGP0142406,9,2021,3194.713423333333
ABGP0142406,10,2021,3194.713423333333
ABGP0142406,11,2021,3194.713423333333
ABGP0142406,12,2021,3194.713423333333
ABGP0142406,1,2020,3276.934583333333
ABGP0142406,2,2020,3276.934583333333
ABGP0142406,3,2020,3276.934583333333
ABGP0142406,4,2020,3276.934583333333
ABGP0142406,5,2020,3276.934583333333
ABGP0142406,6,2020,3276.934583333333
ABGP0142406,7,2020,3276.934583333333
ABGP0142406,8,2020,3276.934583333333
ABGP0142406,9,2020,3276.934583333333
ABGP0142406,10,2020,3276.934583333333
ABGP0142406,11,2020,3276.934583333333
ABGP0142406,12,2020,3276.934583333333
ABGP0142406,1,2019,2793.4011666666665
ABGP0142406,2,2019,2793.4011666666665
ABGP0142406,3,2019,2793.4011666666665
ABGP0142406,4,2019,2793.4011666666665
ABGP0142406,5,2019,2793.4011666666665
ABGP0142406,6,2019,2793.4011666666665
ABGP0142406,7,2019,2793.4011666666665
ABGP0142406,8,2019,2793.4011666666665
ABGP0142406,9,2019,2793.4011666666665
ABGP0142406,10,2019,2793.4011666666665
ABGP0142406,11,2019,2793.4011666666665
ABGP0142406,12,2019,2793.4011666666665
ABGP0142406,1,2018,2989.1062500000003
ABGP0142406,2,2018,2989.1062500000003
ABGP0142406,3,2018,2989.1062500000003
ABGP0142406,4,2018,2989.1062500000003
ABGP0142406,5,2018,2989.1062500000003
ABGP0142406,6,2018,2989.1062500000003
ABGP0142406,7,2018,2989.1062500000003
ABGP0142406,8,2018,2989.1062500000003
ABGP0142406,9,2018,2989.1062500000003
ABGP0142406,10,2018,2989.1062500000003
ABGP0142406,11,2018,2989.1062500000003
ABGP0142406,12,2018,2989.1062500000003
ABGP0142406,1,2017,2638.586083333333
ABGP0142406,2,2017,2638.586083333333
ABGP0142406,3,2017,2638.586083333333
ABGP0142406,4,2017,2638.586083333333
ABGP0142406,5,2017,2638.586083333333
ABGP0142406,6,2017,2638.586083333333
ABGP0142406,7,2017,2638.586083333333
ABGP0142406,8,2017,2638.586083333333
ABGP0142406,9,2017,2638.586083333333
ABGP0142406,10,2017,2638.586083333333
ABGP0142406,11,2017,2638.586083333333
ABGP0142406,12,2017,2638.586083333333
ABGP0142505,1,2022,5005.950916666667
ABGP0142505,2,2022,5005.950916666667
ABGP0142505,3,2022,5005.950916666667
ABGP0142505,4,2022,5005.950916666667
ABGP0142505,5,2022,5005.950916666667
ABGP0142505,6,2022,5005.950916666667
ABGP0142505,7,2022,5005.950916666667
ABGP0142505,8,2022,5005.950916666667
ABGP0142505,9,2022,5005.950916666667
ABGP0142505,10,2022,5005.950916666667
ABGP0142505,11,2022,5005.950916666667
ABGP0142505,12,2022,5005.950916666667
ABGP0142505,1,2021,4959.010333333334
ABGP0142505,2,2021,4959.010333333334
ABGP0142505,3,2021,4959.010333333334
ABGP0142505,4,2021,4959.010333333334
ABGP0142505,5,2021,4959.010333333334
ABGP0142505,6,2021,4959.010333333334
ABGP0142505,7,2021,4959.010333333334
ABGP0142505,8,2021,4959.010333333334
ABGP0142505,9,2021,4959.010333333334
ABGP0142505,10,2021,4959.010333333334
ABGP0142505,11,2021,4959.010333333334
ABGP0142505,12,2021,4959.010333333334
ABGP0142505,1,2020,4488.230916666666
ABGP0142505,2,2020,4488.230916666666
ABGP0142505,3,2020,4488.230916666666
ABGP0142505,4,2020,4488.230916666666
ABGP0142505,5,2020,4488.230916666666
ABGP0142505,6,2020,4488.230916666666
ABGP0142505,7,2020,4488.230916666666
ABGP0142505,8,2020,4488.230916666666
ABGP0142505,9,2020,4488.230916666666
ABGP0142505,10,2020,4488.230916666666
ABGP0142505,11,2020,4488.230916666666
ABGP0142505,12,2020,4488.230916666666
ABGP0142505,1,2019,5121.8125
ABGP0142505,2,2019,5121.8125
ABGP0142505,3,2019,5121.8125
ABGP0142505,4,2019,5121.8125
ABGP0142505,5,2019,5121.8125
ABGP0142505,6,2019,5121.8125
ABGP0142505,7,2019,5121.8125
ABGP0142505,8,2019,5121.8125
ABGP0142505,9,2019,5121.8125
ABGP0142505,10,2019,5121.8125
ABGP0142505,11,2019,5121.8125
ABGP0142505,12,2019,5121.8125
ABGP0142505,1,2018,5392.68
ABGP0142505,2,2018,5392.68
ABGP0142505,3,2018,5392.68
ABGP0142505,4,2018,5392.68
ABGP0142505,5,2018,5392.68
ABGP0142505,6,2018,5392.68
ABGP0142505,7,2018,5392.68
ABGP0142505,8,2018,5392.68
ABGP0142505,9,2018,5392.68
ABGP0142505,10,2018,5392.68
ABGP0142505,11,2018,5392.68
ABGP0142505,12,2018,5392.68
ABGP0142505,1,2017,7574.088500000001
ABGP0142505,2,2017,7574.088500000001
ABGP0142505,3,2017,7574.088500000001
ABGP0142505,4,2017,7574.088500000001
ABGP0142505,5,2017,7574.088500000001
ABGP0142505,6,2017,7574.088500000001
ABGP0142505,7,2017,7574.088500000001
ABGP0142505,8,2017,7574.088500000001
ABGP0142505,9,2017,7574.088500000001
ABGP0142505,10,2017,7574.088500000001
ABGP0142505,11,2017,7574.088500000001
ABGP0142505,12,2017,7574.088500000001
ABGP0142505,1,2016,8302.458929999999
ABGP0142505,2,2016,8302.458929999999
ABGP0142505,3,2016,8302.458929999999
ABGP0142505,4,2016,8302.458929999999
ABGP0142505,5,2016,8302.458929999999
ABGP0142505,6,2016,8302.458929999999
ABGP0142505,7,2016,8302.458929999999
ABGP0142505,8,2016,8302.458929999999
ABGP0142505,9,2016,8302.458929999999
ABGP0142505,10,2016,8302.458929999999
ABGP0142505,11,2016,8302.458929999999
ABGP0142505,12,2016,8302.458929999999
ABGP0142505,1,2015,6943.543598333334
ABGP0142505,2,2015,6943.543598333334
ABGP0142505,3,2015,6943.543598333334
ABGP0142505,4,2015,6943.543598333334
ABGP0142505,5,2015,6943.543598333334
ABGP0142505,6,2015,6943.543598333334
ABGP0142505,7,2015,6943.543598333334
ABGP0142505,8,2015,6943.543598333334
ABGP0142505,9,2015,6943.543598333334
ABGP0142505,10,2015,6943.543598333334
ABGP0142505,11,2015,6943.543598333334
ABGP0142505,12,2015,6943.543598333334
ABGP0142505,1,2014,7326.842560833334
ABGP0142505,2,2014,7326.842560833334
ABGP0142505,3,2014,7326.842560833334
ABGP0142505,4,2014,7326.842560833334
ABGP0142505,5,2014,7326.842560833334
ABGP0142505,6,2014,7326.842560833334
ABGP0142505,7,2014,7326.842560833334
ABGP0142505,8,2014,7326.842560833334
ABGP0142505,9,2014,7326.842560833334
ABGP0142505,10,2014,7326.842560833334
ABGP0142505,11,2014,7326.842560833334
ABGP0142505,12,2014,7326.842560833334
ABGP0142505,1,2013,6201.09925
ABGP0142505,2,2013,6201.09925
ABGP0142505,3,2013,6201.09925
ABGP0142505,4,2013,6201.09925
ABGP0142505,5,2013,6201.09925
ABGP0142505,6,2013,6201.09925
ABGP0142505,7,2013,6201.09925
ABGP0142505,8,2013,6201.09925
ABGP0142505,9,2013,6201.09925
ABGP0142505,10,2013,6201.09925
ABGP0142505,11,2013,6201.09925
ABGP0142505,12,2013,6201.09925
ABGP0142505,1,2012,6414.666588
ABGP0142505,2,2012,6414.666588
ABGP0142505,3,2012,6414.666588
ABGP0142505,4,2012,6414.666588
ABGP0142505,5,2012,6414.666588
ABGP0142505,6,2012,6414.666588
ABGP0142505,7,2012,6414.666588
ABGP0142505,8,2012,6414.666588
ABGP0142505,9,2012,6414.666588
ABGP0142505,10,2012,6414.666588
ABGP0142505,11,2012,6414.666588
ABGP0142505,12,2012,6414.666588
ABGP0143633,1,2022,23581.82715833333
ABGP0143633,2,2022,23581.82715833333
ABGP0143633,3,2022,23581.82715833333
ABGP0143633,4,2022,23581.82715833333
ABGP0143633,5,2022,23581.82715833333
ABGP0143633,6,2022,23581.82715833333
ABGP0143633,7,2022,23581.82715833333
ABGP0143633,8,2022,23581.82715833333
ABGP0143633,9,2022,23581.82715833333
ABGP0143633,10,2022,23581.82715833333
ABGP0143633,11,2022,23581.82715833333
ABGP0143633,12,2022,23581.82715833333
ABGP0143633,1,2021,22811.15166666667
ABGP0143633,2,2021,22811.15166666667
ABGP0143633,3,2021,22811.15166666667
ABGP0143633,4,2021,22811.15166666667
ABGP0143633,5,2021,22811.15166666667
ABGP0143633,6,2021,22811.15166666667
ABGP0143633,7,2021,22811.15166666667
ABGP0143633,8,2021,22811.15166666667
ABGP0143633,9,2021,22811.15166666667
ABGP0143633,10,2021,22811.15166666667
ABGP0143633,11,2021,22811.15166666667
ABGP0143633,12,2021,22811.15166666667
ABGP0143633,1,2020,21988.8
ABGP0143633,2,2020,21988.8
ABGP0143633,3,2020,21988.8
ABGP0143633,4,2020,21988.8
ABGP0143633,5,2020,21988.8
ABGP0143633,6,2020,21988.8
ABGP0143633,7,2020,21988.8
ABGP0143633,8,2020,21988.8
ABGP0143633,9,2020,21988.8
ABGP0143633,10,2020,21988.8
ABGP0143633,11,2020,21988.8
ABGP0143633,12,2020,21988.8
ABGP0143633,1,2019,20194.24248333333
ABGP0143633,2,2019,20194.24248333333
ABGP0143633,3,2019,20194.24248333333
ABGP0143633,4,2019,20194.24248333333
ABGP0143633,5,2019,20194.24248333333
ABGP0143633,6,2019,20194.24248333333
ABGP0143633,7,2019,20194.24248333333
ABGP0143633,8,2019,20194.24248333333
ABGP0143633,9,2019,20194.24248333333
ABGP0143633,10,2019,20194.24248333333
ABGP0143633,11,2019,20194.24248333333
ABGP0143633,12,2019,20194.24248333333
ABGP0143633,1,2018,12995.268983333333
ABGP0143633,2,2018,12995.268983333333
ABGP0143633,3,2018,12995.268983333333
ABGP0143633,4,2018,12995.268983333333
ABGP0143633,5,2018,12995.268983333333
ABGP0143633,6,2018,12995.268983333333
ABGP0143633,7,2018,12995.268983333333
ABGP0143633,8,2018,12995.268983333333
ABGP0143633,9,2018,12995.268983333333
ABGP0143633,10,2018,12995.268983333333
ABGP0143633,11,2018,12995.268983333333
ABGP0143633,12,2018,12995.268983333333
ABGP0143633,1,2017,7937.657333333334
ABGP0143633,2,2017,7937.657333333334
ABGP0143633,3,2017,7937.657333333334
ABGP0143633,4,2017,7937.657333333334
ABGP0143633,5,2017,7937.657333333334
ABGP0143633,6,2017,7937.657333333334
ABGP0143633,7,2017,7937.657333333334
ABGP0143633,8,2017,7937.657333333334
ABGP0143633,9,2017,7937.657333333334
ABGP0143633,10,2017,7937.657333333334
ABGP0143633,11,2017,7937.657333333334
ABGP0143633,12,2017,7937.657333333334
ABGP0144505,1,2022,4197.789386666666
ABGP0144505,2,2022,4197.789386666666
ABGP0144505,3,2022,4197.789386666666
ABGP0144505,4,2022,4197.789386666666
ABGP0144505,5,2022,4197.789386666666
ABGP0144505,6,2022,4197.789386666666
ABGP0144505,7,2022,4197.789386666666
ABGP0144505,8,2022,4197.789386666666
ABGP0144505,9,2022,4197.789386666666
ABGP0144505,10,2022,4197.789386666666
ABGP0144505,11,2022,4197.789386666666
ABGP0144505,12,2022,4197.789386666666
ABGP0144505,1,2021,4482.880809166667
ABGP0144505,2,2021,4482.880809166667
ABGP0144505,3,2021,4482.880809166667
ABGP0144505,4,2021,4482.880809166667
ABGP0144505,5,2021,4482.880809166667
ABGP0144505,6,2021,4482.880809166667
ABGP0144505,7,2021,4482.880809166667
ABGP0144505,8,2021,4482.880809166667
ABGP0144505,9,2021,4482.880809166667
ABGP0144505,10,2021,4482.880809166667
ABGP0144505,11,2021,4482.880809166667
ABGP0144505,12,2021,4482.880809166667
ABGP0144505,1,2020,4166.979416666666
ABGP0144505,2,2020,4166.979416666666
ABGP0144505,3,2020,4166.979416666666
ABGP0144505,4,2020,4166.979416666666
ABGP0144505,5,2020,4166.979416666666
ABGP0144505,6,2020,4166.979416666666
ABGP0144505,7,2020,4166.979416666666
ABGP0144505,8,2020,4166.979416666666
ABGP0144505,9,2020,4166.979416666666
ABGP0144505,10,2020,4166.979416666666
ABGP0144505,11,2020,4166.979416666666
ABGP0144505,12,2020,4166.979416666666
ABGP0144505,1,2019,2997.35075
ABGP0144505,2,2019,2997.35075
ABGP0144505,3,2019,2997.35075
ABGP0144505,4,2019,2997.35075
ABGP0144505,5,2019,2997.35075
ABGP0144505,6,2019,2997.35075
ABGP0144505,7,2019,2997.35075
ABGP0144505,8,2019,2997.35075
ABGP0144505,9,2019,2997.35075
ABGP0144505,10,2019,2997.35075
ABGP0144505,11,2019,2997.35075
ABGP0144505,12,2019,2997.35075
ABGP0144505,1,2018,2357.7000833333336
ABGP0144505,2,2018,2357.7000833333336
ABGP0144505,3,2018,2357.7000833333336
ABGP0144505,4,2018,2357.7000833333336
ABGP0144505,5,2018,2357.7000833333336
ABGP0144505,6,2018,2357.7000833333336
ABGP0144505,7,2018,2357.7000833333336
ABGP0144505,8,2018,2357.7000833333336
ABGP0144505,9,2018,2357.7000833333336
ABGP0144505,10,2018,2357.7000833333336
ABGP0144505,11,2018,2357.7000833333336
ABGP0144505,12,2018,2357.7000833333336
ABGP0144505,1,2017,2535.9910833333333
ABGP0144505,2,2017,2535.9910833333333
ABGP0144505,3,2017,2535.9910833333333
ABGP0144505,4,2017,2535.9910833333333
ABGP0144505,5,2017,2535.9910833333333
ABGP0144505,6,2017,2535.9910833333333
ABGP0144505,7,2017,2535.9910833333333
ABGP0144505,8,2017,2535.9910833333333
ABGP0144505,9,2017,2535.9910833333333
ABGP0144505,10,2017,2535.9910833333333
ABGP0144505,11,2017,2535.9910833333333
ABGP0144505,12,2017,2535.9910833333333
ABGP0144581,1,2022,972.512025
ABGP0144581,2,2022,972.512025
ABGP0144581,3,2022,972.512025
ABGP0144581,4,2022,972.512025
ABGP0144581,5,2022,972.512025
ABGP0144581,6,2022,972.512025
ABGP0144581,7,2022,972.512025
ABGP0144581,8,2022,972.512025
ABGP0144581,9,2022,972.512025
ABGP0144581,10,2022,972.512025
ABGP0144581,11,2022,972.512025
ABGP0144581,12,2022,972.512025
ABGP0144581,1,2020,979.1653333333334
ABGP0144581,2,2020,979.1653333333334
ABGP0144581,3,2020,979.1653333333334
ABGP0144581,4,2020,979.1653333333334
ABGP0144581,5,2020,979.1653333333334
ABGP0144581,6,2020,979.1653333333334
ABGP0144581,7,2020,979.1653333333334
ABGP0144581,8,2020,979.1653333333334
ABGP0144581,9,2020,979.1653333333334
ABGP0144581,10,2020,979.1653333333334
ABGP0144581,11,2020,979.1653333333334
ABGP0144581,12,2020,979.1653333333334
ABGP0146250,1,2022,945.9064383333333
ABGP0146250,2,2022,945.9064383333333
ABGP0146250,3,2022,945.9064383333333
ABGP0146250,4,2022,945.9064383333333
ABGP0146250,5,2022,945.9064383333333
ABGP0146250,6,2022,945.9064383333333
ABGP0146250,7,2022,945.9064383333333
ABGP0146250,8,2022,945.9064383333333
ABGP0146250,9,2022,945.9064383333333
ABGP0146250,10,2022,945.9064383333333
ABGP0146250,11,2022,945.9064383333333
ABGP0146250,12,2022,945.9064383333333
ABGP0146250,1,2020,979.9767499999999
ABGP0146250,2,2020,979.9767499999999
ABGP0146250,3,2020,979.9767499999999
ABGP0146250,4,2020,979.9767499999999
ABGP0146250,5,2020,979.9767499999999
ABGP0146250,6,2020,979.9767499999999
ABGP0146250,7,2020,979.9767499999999
ABGP0146250,8,2020,979.9767499999999
ABGP0146250,9,2020,979.9767499999999
ABGP0146250,10,2020,979.9767499999999
ABGP0146250,11,2020,979.9767499999999
ABGP0146250,12,2020,979.9767499999999
ABGP0147748,1,2022,1057.9256916666666
ABGP0147748,2,2022,1057.9256916666666
ABGP0147748,3,2022,1057.9256916666666
ABGP0147748,4,2022,1057.9256916666666
ABGP0147748,5,2022,1057.9256916666666
ABGP0147748,6,2022,1057.9256916666666
ABGP0147748,7,2022,1057.9256916666666
ABGP0147748,8,2022,1057.9256916666666
ABGP0147748,9,2022,1057.9256916666666
ABGP0147748,10,2022,1057.9256916666666
ABGP0147748,11,2022,1057.9256916666666
ABGP0147748,12,2022,1057.9256916666666
ABGP0148152,1,2022,3789.387541666667
ABGP0148152,2,2022,3789.387541666667
ABGP0148152,3,2022,3789.387541666667
ABGP0148152,4,2022,3789.387541666667
ABGP0148152,5,2022,3789.387541666667
ABGP0148152,6,2022,3789.387541666667
ABGP0148152,7,2022,3789.387541666667
ABGP0148152,8,2022,3789.387541666667
ABGP0148152,9,2022,3789.387541666667
ABGP0148152,10,2022,3789.387541666667
ABGP0148152,11,2022,3789.387541666667
ABGP0148152,12,2022,3789.387541666667
ABGP0148152,1,2021,3111.859966666667
ABGP0148152,2,2021,3111.859966666667
ABGP0148152,3,2021,3111.859966666667
ABGP0148152,4,2021,3111.859966666667
ABGP0148152,5,2021,3111.859966666667
ABGP0148152,6,2021,3111.859966666667
ABGP0148152,7,2021,3111.859966666667
ABGP0148152,8,2021,3111.859966666667
ABGP0148152,9,2021,3111.859966666667
ABGP0148152,10,2021,3111.859966666667
ABGP0148152,11,2021,3111.859966666667
ABGP0148152,12,2021,3111.859966666667
ABGP0148152,1,2020,3816.169075
ABGP0148152,2,2020,3816.169075
ABGP0148152,3,2020,3816.169075
ABGP0148152,4,2020,3816.169075
ABGP0148152,5,2020,3816.169075
ABGP0148152,6,2020,3816.169075
ABGP0148152,7,2020,3816.169075
ABGP0148152,8,2020,3816.169075
ABGP0148152,9,2020,3816.169075
ABGP0148152,10,2020,3816.169075
ABGP0148152,11,2020,3816.169075
ABGP0148152,12,2020,3816.169075
ABGP0148152,1,2019,3188.1377666666667
ABGP0148152,2,2019,3188.1377666666667
ABGP0148152,3,2019,3188.1377666666667
ABGP0148152,4,2019,3188.1377666666667
ABGP0148152,5,2019,3188.1377666666667
ABGP0148152,6,2019,3188.1377666666667
ABGP0148152,7,2019,3188.1377666666667
ABGP0148152,8,2019,3188.1377666666667
ABGP0148152,9,2019,3188.1377666666667
ABGP0148152,10,2019,3188.1377666666667
ABGP0148152,11,2019,3188.1377666666667
ABGP0148152,12,2019,3188.1377666666667
ABGP0148152,1,2018,2261.1055333333334
ABGP0148152,2,2018,2261.1055333333334
ABGP0148152,3,2018,2261.1055333333334
ABGP0148152,4,2018,2261.1055333333334
ABGP0148152,5,2018,2261.1055333333334
ABGP0148152,6,2018,2261.1055333333334
ABGP0148152,7,2018,2261.1055333333334
ABGP0148152,8,2018,2261.1055333333334
ABGP0148152,9,2018,2261.1055333333334
ABGP0148152,10,2018,2261.1055333333334
ABGP0148152,11,2018,2261.1055333333334
ABGP0148152,12,2018,2261.1055333333334
ABGP0149002,1,2022,2793.091391666667
ABGP0149002,2,2022,2793.091391666667
ABGP0149002,3,2022,2793.091391666667
ABGP0149002,4,2022,2793.091391666667
ABGP0149002,5,2022,2793.091391666667
ABGP0149002,6,2022,2793.091391666667
ABGP0149002,7,2022,2793.091391666667
ABGP0149002,8,2022,2793.091391666667
ABGP0149002,9,2022,2793.091391666667
ABGP0149002,10,2022,2793.091391666667
ABGP0149002,11,2022,2793.091391666667
ABGP0149002,12,2022,2793.091391666667
ABGP0149002,1,2021,2920.0302666666666
ABGP0149002,2,2021,2920.0302666666666
ABGP0149002,3,2021,2920.0302666666666
ABGP0149002,4,2021,2920.0302666666666
ABGP0149002,5,2021,2920.0302666666666
ABGP0149002,6,2021,2920.0302666666666
ABGP0149002,7,2021,2920.0302666666666
ABGP0149002,8,2021,2920.0302666666666
ABGP0149002,9,2021,2920.0302666666666
ABGP0149002,10,2021,2920.0302666666666
ABGP0149002,11,2021,2920.0302666666666
ABGP0149002,12,2021,2920.0302666666666
ABGP0149002,1,2020,2470.074
ABGP0149002,2,2020,2470.074
ABGP0149002,3,2020,2470.074
ABGP0149002,4,2020,2470.074
ABGP0149002,5,2020,2470.074
ABGP0149002,6,2020,2470.074
ABGP0149002,7,2020,2470.074
ABGP0149002,8,2020,2470.074
ABGP0149002,9,2020,2470.074
ABGP0149002,10,2020,2470.074
ABGP0149002,11,2020,2470.074
ABGP0149002,12,2020,2470.074
ABGP0149002,1,2020,1471.5878333333333
ABGP0149002,2,2020,1471.5878333333333
ABGP0149002,3,2020,1471.5878333333333
ABGP0149002,4,2020,1471.5878333333333
ABGP0149002,5,2020,1471.5878333333333
ABGP0149002,6,2020,1471.5878333333333
ABGP0149002,7,2020,1471.5878333333333
ABGP0149002,8,2020,1471.5878333333333
ABGP0149002,9,2020,1471.5878333333333
ABGP0149002,10,2020,1471.5878333333333
ABGP0149002,11,2020,1471.5878333333333
ABGP0149002,12,2020,1471.5878333333333
ABGP0150355,1,2022,10518.171049999999
ABGP0150355,2,2022,10518.171049999999
ABGP0150355,3,2022,10518.171049999999
ABGP0150355,4,2022,10518.171049999999
ABGP0150355,5,2022,10518.171049999999
ABGP0150355,6,2022,10518.171049999999
ABGP0150355,7,2022,10518.171049999999
ABGP0150355,8,2022,10518.171049999999
ABGP0150355,9,2022,10518.171049999999
ABGP0150355,10,2022,10518.171049999999
ABGP0150355,11,2022,10518.171049999999
ABGP0150355,12,2022,10518.171049999999
ABGP0150355,1,2021,9259.331133333333
ABGP0150355,2,2021,9259.331133333333
ABGP0150355,3,2021,9259.331133333333
ABGP0150355,4,2021,9259.331133333333
ABGP0150355,5,2021,9259.331133333333
ABGP0150355,6,2021,9259.331133333333
ABGP0150355,7,2021,9259.331133333333
ABGP0150355,8,2021,9259.331133333333
ABGP0150355,9,2021,9259.331133333333
ABGP0150355,10,2021,9259.331133333333
ABGP0150355,11,2021,9259.331133333333
ABGP0150355,12,2021,9259.331133333333
ABGP0150355,1,2020,8194.018416666668
ABGP0150355,2,2020,8194.018416666668
ABGP0150355,3,2020,8194.018416666668
ABGP0150355,4,2020,8194.018416666668
ABGP0150355,5,2020,8194.018416666668
ABGP0150355,6,2020,8194.018416666668
ABGP0150355,7,2020,8194.018416666668
ABGP0150355,8,2020,8194.018416666668
ABGP0150355,9,2020,8194.018416666668
ABGP0150355,10,2020,8194.018416666668
ABGP0150355,11,2020,8194.018416666668
ABGP0150355,12,2020,8194.018416666668
ABGP0150355,1,2019,9223.617083333333
ABGP0150355,2,2019,9223.617083333333
ABGP0150355,3,2019,9223.617083333333
ABGP0150355,4,2019,9223.617083333333
ABGP0150355,5,2019,9223.617083333333
ABGP0150355,6,2019,9223.617083333333
ABGP0150355,7,2019,9223.617083333333
ABGP0150355,8,2019,9223.617083333333
ABGP0150355,9,2019,9223.617083333333
ABGP0150355,10,2019,9223.617083333333
ABGP0150355,11,2019,9223.617083333333
ABGP0150355,12,2019,9223.617083333333
ABGP0150386,1,2022,14689.658133333332
ABGP0150386,2,2022,14689.658133333332
ABGP0150386,3,2022,14689.658133333332
ABGP0150386,4,2022,14689.658133333332
ABGP0150386,5,2022,14689.658133333332
ABGP0150386,6,2022,14689.658133333332
ABGP0150386,7,2022,14689.658133333332
ABGP0150386,8,2022,14689.658133333332
ABGP0150386,9,2022,14689.658133333332
ABGP0150386,10,2022,14689.658133333332
ABGP0150386,11,2022,14689.658133333332
ABGP0150386,12,2022,14689.658133333332
ABGP0150386,1,2021,14351.141408333335
ABGP0150386,2,2021,14351.141408333335
ABGP0150386,3,2021,14351.141408333335
ABGP0150386,4,2021,14351.141408333335
ABGP0150386,5,2021,14351.141408333335
ABGP0150386,6,2021,14351.141408333335
ABGP0150386,7,2021,14351.141408333335
ABGP0150386,8,2021,14351.141408333335
ABGP0150386,9,2021,14351.141408333335
ABGP0150386,10,2021,14351.141408333335
ABGP0150386,11,2021,14351.141408333335
ABGP0150386,12,2021,14351.141408333335
ABGP0150386,1,2020,5811.904166666667
ABGP0150386,2,2020,5811.904166666667
ABGP0150386,3,2020,5811.904166666667
ABGP0150386,4,2020,5811.904166666667
ABGP0150386,5,2020,5811.904166666667
ABGP0150386,6,2020,5811.904166666667
ABGP0150386,7,2020,5811.904166666667
ABGP0150386,8,2020,5811.904166666667
ABGP0150386,9,2020,5811.904166666667
ABGP0150386,10,2020,5811.904166666667
ABGP0150386,11,2020,5811.904166666667
ABGP0150386,12,2020,5811.904166666667
ABGP0150386,1,2019,1259.455
ABGP0150386,2,2019,1259.455
ABGP0150386,3,2019,1259.455
ABGP0150386,4,2019,1259.455
ABGP0150386,5,2019,1259.455
ABGP0150386,6,2019,1259.455
ABGP0150386,7,2019,1259.455
ABGP0150386,8,2019,1259.455
ABGP0150386,9,2019,1259.455
ABGP0150386,10,2019,1259.455
ABGP0150386,11,2019,1259.455
ABGP0150386,12,2019,1259.455
ABGP0150704,1,2022,9013.774183333333
ABGP0150704,2,2022,9013.774183333333
ABGP0150704,3,2022,9013.774183333333
ABGP0150704,4,2022,9013.774183333333
ABGP0150704,5,2022,9013.774183333333
ABGP0150704,6,2022,9013.774183333333
ABGP0150704,7,2022,9013.774183333333
ABGP0150704,8,2022,9013.774183333333
ABGP0150704,9,2022,9013.774183333333
ABGP0150704,10,2022,9013.774183333333
ABGP0150704,11,2022,9013.774183333333
ABGP0150704,12,2022,9013.774183333333
ABGP0150704,1,2021,8212.797041666667
ABGP0150704,2,2021,8212.797041666667
ABGP0150704,3,2021,8212.797041666667
ABGP0150704,4,2021,8212.797041666667
ABGP0150704,5,2021,8212.797041666667
ABGP0150704,6,2021,8212.797041666667
ABGP0150704,7,2021,8212.797041666667
ABGP0150704,8,2021,8212.797041666667
ABGP0150704,9,2021,8212.797041666667
ABGP0150704,10,2021,8212.797041666667
ABGP0150704,11,2021,8212.797041666667
ABGP0150704,12,2021,8212.797041666667
ABGP0150704,1,2020,8251.854036666666
ABGP0150704,2,2020,8251.854036666666
ABGP0150704,3,2020,8251.854036666666
ABGP0150704,4,2020,8251.854036666666
ABGP0150704,5,2020,8251.854036666666
ABGP0150704,6,2020,8251.854036666666
ABGP0150704,7,2020,8251.854036666666
ABGP0150704,8,2020,8251.854036666666
ABGP0150704,9,2020,8251.854036666666
ABGP0150704,10,2020,8251.854036666666
ABGP0150704,11,2020,8251.854036666666
ABGP0150704,12,2020,8251.854036666666
ABGP0150704,1,2019,6188.2728
ABGP0150704,2,2019,6188.2728
ABGP0150704,3,2019,6188.2728
ABGP0150704,4,2019,6188.2728
ABGP0150704,5,2019,6188.2728
ABGP0150704,6,2019,6188.2728
ABGP0150704,7,2019,6188.2728
ABGP0150704,8,2019,6188.2728
ABGP0150704,9,2019,6188.2728
ABGP0150704,10,2019,6188.2728
ABGP0150704,11,2019,6188.2728
ABGP0150704,12,2019,6188.2728
ABGP0152315,1,2022,11245.3214
ABGP0152315,2,2022,11245.3214
ABGP0152315,3,2022,11245.3214
ABGP0152315,4,2022,11245.3214
ABGP0152315,5,2022,11245.3214
ABGP0152315,6,2022,11245.3214
ABGP0152315,7,2022,11245.3214
ABGP0152315,8,2022,11245.3214
ABGP0152315,9,2022,11245.3214
ABGP0152315,10,2022,11245.3214
ABGP0152315,11,2022,11245.3214
ABGP0152315,12,2022,11245.3214
ABGP0152315,1,2021,11848.348358333335
ABGP0152315,2,2021,11848.348358333335
ABGP0152315,3,2021,11848.348358333335
ABGP0152315,4,2021,11848.348358333335
ABGP0152315,5,2021,11848.348358333335
ABGP0152315,6,2021,11848.348358333335
ABGP0152315,7,2021,11848.348358333335
ABGP0152315,8,2021,11848.348358333335
ABGP0152315,9,2021,11848.348358333335
ABGP0152315,10,2021,11848.348358333335
ABGP0152315,11,2021,11848.348358333335
ABGP0152315,12,2021,11848.348358333335
ABGP0152315,1,2020,10423.946783333333
ABGP0152315,2,2020,10423.946783333333
ABGP0152315,3,2020,10423.946783333333
ABGP0152315,4,2020,10423.946783333333
ABGP0152315,5,2020,10423.946783333333
ABGP0152315,6,2020,10423.946783333333
ABGP0152315,7,2020,10423.946783333333
ABGP0152315,8,2020,10423.946783333333
ABGP0152315,9,2020,10423.946783333333
ABGP0152315,10,2020,10423.946783333333
ABGP0152315,11,2020,10423.946783333333
ABGP0152315,12,2020,10423.946783333333
ABGP0152315,1,2019,3813.812141666667
ABGP0152315,2,2019,3813.812141666667
ABGP0152315,3,2019,3813.812141666667
ABGP0152315,4,2019,3813.812141666667
ABGP0152315,5,2019,3813.812141666667
ABGP0152315,6,2019,3813.812141666667
ABGP0152315,7,2019,3813.812141666667
ABGP0152315,8,2019,3813.812141666667
ABGP0152315,9,2019,3813.812141666667
ABGP0152315,10,2019,3813.812141666667
ABGP0152315,11,2019,3813.812141666667
ABGP0152315,12,2019,3813.812141666667
ABGP0153753,1,2022,3046.5687833333336
ABGP0153753,2,2022,3046.5687833333336
ABGP0153753,3,2022,3046.5687833333336
ABGP0153753,4,2022,3046.5687833333336
ABGP0153753,5,2022,3046.5687833333336
ABGP0153753,6,2022,3046.5687833333336
ABGP0153753,7,2022,3046.5687833333336
ABGP0153753,8,2022,3046.5687833333336
ABGP0153753,9,2022,3046.5687833333336
ABGP0153753,10,2022,3046.5687833333336
ABGP0153753,11,2022,3046.5687833333336
ABGP0153753,12,2022,3046.5687833333336
ABGP0153753,1,2021,2557.678575
ABGP0153753,2,2021,2557.678575
ABGP0153753,3,2021,2557.678575
ABGP0153753,4,2021,2557.678575
ABGP0153753,5,2021,2557.678575
ABGP0153753,6,2021,2557.678575
ABGP0153753,7,2021,2557.678575
ABGP0153753,8,2021,2557.678575
ABGP0153753,9,2021,2557.678575
ABGP0153753,10,2021,2557.678575
ABGP0153753,11,2021,2557.678575
ABGP0153753,12,2021,2557.678575
ABGP0153753,1,2020,2172.61775
ABGP0153753,2,2020,2172.61775
ABGP0153753,3,2020,2172.61775
ABGP0153753,4,2020,2172.61775
ABGP0153753,5,2020,2172.61775
ABGP0153753,6,2020,2172.61775
ABGP0153753,7,2020,2172.61775
ABGP0153753,8,2020,2172.61775
ABGP0153753,9,2020,2172.61775
ABGP0153753,10,2020,2172.61775
ABGP0153753,11,2020,2172.61775
ABGP0153753,12,2020,2172.61775
ABGP0153753,1,2019,2229.4214583333332
ABGP0153753,2,2019,2229.4214583333332
ABGP0153753,3,2019,2229.4214583333332
ABGP0153753,4,2019,2229.4214583333332
ABGP0153753,5,2019,2229.4214583333332
ABGP0153753,6,2019,2229.4214583333332
ABGP0153753,7,2019,2229.4214583333332
ABGP0153753,8,2019,2229.4214583333332
ABGP0153753,9,2019,2229.4214583333332
ABGP0153753,10,2019,2229.4214583333332
ABGP0153753,11,2019,2229.4214583333332
ABGP0153753,12,2019,2229.4214583333332
ABGP0153753,1,2018,1573.925
ABGP0153753,2,2018,1573.925
ABGP0153753,3,2018,1573.925
ABGP0153753,4,2018,1573.925
ABGP0153753,5,2018,1573.925
ABGP0153753,6,2018,1573.925
ABGP0153753,7,2018,1573.925
ABGP0153753,8,2018,1573.925
ABGP0153753,9,2018,1573.925
ABGP0153753,10,2018,1573.925
ABGP0153753,11,2018,1573.925
ABGP0153753,12,2018,1573.925
ABGP0154540,1,2022,5351.370765000001
ABGP0154540,2,2022,5351.370765000001
ABGP0154540,3,2022,5351.370765000001
ABGP0154540,4,2022,5351.370765000001
ABGP0154540,5,2022,5351.370765000001
ABGP0154540,6,2022,5351.370765000001
ABGP0154540,7,2022,5351.370765000001
ABGP0154540,8,2022,5351.370765000001
ABGP0154540,9,2022,5351.370765000001
ABGP0154540,10,2022,5351.370765000001
ABGP0154540,11,2022,5351.370765000001
ABGP0154540,12,2022,5351.370765000001
ABGP0154540,1,2021,6223.589791666666
ABGP0154540,2,2021,6223.589791666666
ABGP0154540,3,2021,6223.589791666666
ABGP0154540,4,2021,6223.589791666666
ABGP0154540,5,2021,6223.589791666666
ABGP0154540,6,2021,6223.589791666666
ABGP0154540,7,2021,6223.589791666666
ABGP0154540,8,2021,6223.589791666666
ABGP0154540,9,2021,6223.589791666666
ABGP0154540,10,2021,6223.589791666666
ABGP0154540,11,2021,6223.589791666666
ABGP0154540,12,2021,6223.589791666666
ABGP0154540,1,2020,8496.304133333333
ABGP0154540,2,2020,8496.304133333333
ABGP0154540,3,2020,8496.304133333333
ABGP0154540,4,2020,8496.304133333333
ABGP0154540,5,2020,8496.304133333333
ABGP0154540,6,2020,8496.304133333333
ABGP0154540,7,2020,8496.304133333333
ABGP0154540,8,2020,8496.304133333333
ABGP0154540,9,2020,8496.304133333333
ABGP0154540,10,2020,8496.304133333333
ABGP0154540,11,2020,8496.304133333333
ABGP0154540,12,2020,8496.304133333333
ABGP0154540,1,2019,1161.031015
ABGP0154540,2,2019,1161.031015
ABGP0154540,3,2019,1161.031015
ABGP0154540,4,2019,1161.031015
ABGP0154540,5,2019,1161.031015
ABGP0154540,6,2019,1161.031015
ABGP0154540,7,2019,1161.031015
ABGP0154540,8,2019,1161.031015
ABGP0154540,9,2019,1161.031015
ABGP0154540,10,2019,1161.031015
ABGP0154540,11,2019,1161.031015
ABGP0154540,12,2019,1161.031015
ABGP0156241,1,2022,13936.712791666667
ABGP0156241,2,2022,13936.712791666667
ABGP0156241,3,2022,13936.712791666667
ABGP0156241,4,2022,13936.712791666667
ABGP0156241,5,2022,13936.712791666667
ABGP0156241,6,2022,13936.712791666667
ABGP0156241,7,2022,13936.712791666667
ABGP0156241,8,2022,13936.712791666667
ABGP0156241,9,2022,13936.712791666667
ABGP0156241,10,2022,13936.712791666667
ABGP0156241,11,2022,13936.712791666667
ABGP0156241,12,2022,13936.712791666667
ABGP0156241,1,2021,15173.411408333333
ABGP0156241,2,2021,15173.411408333333
ABGP0156241,3,2021,15173.411408333333
ABGP0156241,4,2021,15173.411408333333
ABGP0156241,5,2021,15173.411408333333
ABGP0156241,6,2021,15173.411408333333
ABGP0156241,7,2021,15173.411408333333
ABGP0156241,8,2021,15173.411408333333
ABGP0156241,9,2021,15173.411408333333
ABGP0156241,10,2021,15173.411408333333
ABGP0156241,11,2021,15173.411408333333
ABGP0156241,12,2021,15173.411408333333
ABGP0156241,1,2020,8849.432091666667
ABGP0156241,2,2020,8849.432091666667
ABGP0156241,3,2020,8849.432091666667
ABGP0156241,4,2020,8849.432091666667
ABGP0156241,5,2020,8849.432091666667
ABGP0156241,6,2020,8849.432091666667
ABGP0156241,7,2020,8849.432091666667
ABGP0156241,8,2020,8849.432091666667
ABGP0156241,9,2020,8849.432091666667
ABGP0156241,10,2020,8849.432091666667
ABGP0156241,11,2020,8849.432091666667
ABGP0156241,12,2020,8849.432091666667
ABGP0156241,1,2019,7426.464915833333
ABGP0156241,2,2019,7426.464915833333
ABGP0156241,3,2019,7426.464915833333
ABGP0156241,4,2019,7426.464915833333
ABGP0156241,5,2019,7426.464915833333
ABGP0156241,6,2019,7426.464915833333
ABGP0156241,7,2019,7426.464915833333
ABGP0156241,8,2019,7426.464915833333
ABGP0156241,9,2019,7426.464915833333
ABGP0156241,10,2019,7426.464915833333
ABGP0156241,11,2019,7426.464915833333
ABGP0156241,12,2019,7426.464915833333
ABGP0156241,1,2018,7091.729333333333
ABGP0156241,2,2018,7091.729333333333
ABGP0156241,3,2018,7091.729333333333
ABGP0156241,4,2018,7091.729333333333
ABGP0156241,5,2018,7091.729333333333
ABGP0156241,6,2018,7091.729333333333
ABGP0156241,7,2018,7091.729333333333
ABGP0156241,8,2018,7091.729333333333
ABGP0156241,9,2018,7091.729333333333
ABGP0156241,10,2018,7091.729333333333
ABGP0156241,11,2018,7091.729333333333
ABGP0156241,12,2018,7091.729333333333
ABGP0156241,1,2017,5623.565583333333
ABGP0156241,2,2017,5623.565583333333
ABGP0156241,3,2017,5623.565583333333
ABGP0156241,4,2017,5623.565583333333
ABGP0156241,5,2017,5623.565583333333
ABGP0156241,6,2017,5623.565583333333
ABGP0156241,7,2017,5623.565583333333
ABGP0156241,8,2017,5623.565583333333
ABGP0156241,9,2017,5623.565583333333
ABGP0156241,10,2017,5623.565583333333
ABGP0156241,11,2017,5623.565583333333
ABGP0156241,12,2017,5623.565583333333
ABGP0156644,1,2022,2905.996316666667
ABGP0156644,2,2022,2905.996316666667
ABGP0156644,3,2022,2905.996316666667
ABGP0156644,4,2022,2905.996316666667
ABGP0156644,5,2022,2905.996316666667
ABGP0156644,6,2022,2905.996316666667
ABGP0156644,7,2022,2905.996316666667
ABGP0156644,8,2022,2905.996316666667
ABGP0156644,9,2022,2905.996316666667
ABGP0156644,10,2022,2905.996316666667
ABGP0156644,11,2022,2905.996316666667
ABGP0156644,12,2022,2905.996316666667
ABGP0156644,1,2021,999.988575
ABGP0156644,2,2021,999.988575
ABGP0156644,3,2021,999.988575
ABGP0156644,4,2021,999.988575
ABGP0156644,5,2021,999.988575
ABGP0156644,6,2021,999.988575
ABGP0156644,7,2021,999.988575
ABGP0156644,8,2021,999.988575
ABGP0156644,9,2021,999.988575
ABGP0156644,10,2021,999.988575
ABGP0156644,11,2021,999.988575
ABGP0156644,12,2021,999.988575
ABGP0157262,1,2018,1075.285
ABGP0157262,2,2018,1075.285
ABGP0157262,3,2018,1075.285
ABGP0157262,4,2018,1075.285
ABGP0157262,5,2018,1075.285
ABGP0157262,6,2018,1075.285
ABGP0157262,7,2018,1075.285
ABGP0157262,8,2018,1075.285
ABGP0157262,9,2018,1075.285
ABGP0157262,10,2018,1075.285
ABGP0157262,11,2018,1075.285
ABGP0157262,12,2018,1075.285
ABGP0157262,1,2017,870.000735
ABGP0157262,2,2017,870.000735
ABGP0157262,3,2017,870.000735
ABGP0157262,4,2017,870.000735
ABGP0157262,5,2017,870.000735
ABGP0157262,6,2017,870.000735
ABGP0157262,7,2017,870.000735
ABGP0157262,8,2017,870.000735
ABGP0157262,9,2017,870.000735
ABGP0157262,10,2017,870.000735
ABGP0157262,11,2017,870.000735
ABGP0157262,12,2017,870.000735
ABGP0157570,1,2022,13936.712791666667
ABGP0157570,2,2022,13936.712791666667
ABGP0157570,3,2022,13936.712791666667
ABGP0157570,4,2022,13936.712791666667
ABGP0157570,5,2022,13936.712791666667
ABGP0157570,6,2022,13936.712791666667
ABGP0157570,7,2022,13936.712791666667
ABGP0157570,8,2022,13936.712791666667
ABGP0157570,9,2022,13936.712791666667
ABGP0157570,10,2022,13936.712791666667
ABGP0157570,11,2022,13936.712791666667
ABGP0157570,12,2022,13936.712791666667
ABGP0157570,1,2021,15173.411408333333
ABGP0157570,2,2021,15173.411408333333
ABGP0157570,3,2021,15173.411408333333
ABGP0157570,4,2021,15173.411408333333
ABGP0157570,5,2021,15173.411408333333
ABGP0157570,6,2021,15173.411408333333
ABGP0157570,7,2021,15173.411408333333
ABGP0157570,8,2021,15173.411408333333
ABGP0157570,9,2021,15173.411408333333
ABGP0157570,10,2021,15173.411408333333
ABGP0157570,11,2021,15173.411408333333
ABGP0157570,12,2021,15173.411408333333
ABGP0157570,1,2020,8849.432091666667
ABGP0157570,2,2020,8849.432091666667
ABGP0157570,3,2020,8849.432091666667
ABGP0157570,4,2020,8849.432091666667
ABGP0157570,5,2020,8849.432091666667
ABGP0157570,6,2020,8849.432091666667
ABGP0157570,7,2020,8849.432091666667
ABGP0157570,8,2020,8849.432091666667
ABGP0157570,9,2020,8849.432091666667
ABGP0157570,10,2020,8849.432091666667
ABGP0157570,11,2020,8849.432091666667
ABGP0157570,12,2020,8849.432091666667
ABGP0157570,1,2019,7426.464915833333
ABGP0157570,2,2019,7426.464915833333
ABGP0157570,3,2019,7426.464915833333
ABGP0157570,4,2019,7426.464915833333
ABGP0157570,5,2019,7426.464915833333
ABGP0157570,6,2019,7426.464915833333
ABGP0157570,7,2019,7426.464915833333
ABGP0157570,8,2019,7426.464915833333
ABGP0157570,9,2019,7426.464915833333
ABGP0157570,10,2019,7426.464915833333
ABGP0157570,11,2019,7426.464915833333
ABGP0157570,12,2019,7426.464915833333
ABGP0157570,1,2018,7091.729333333333
ABGP0157570,2,2018,7091.729333333333
ABGP0157570,3,2018,7091.729333333333
ABGP0157570,4,2018,7091.729333333333
ABGP0157570,5,2018,7091.729333333333
ABGP0157570,6,2018,7091.729333333333
ABGP0157570,7,2018,7091.729333333333
ABGP0157570,8,2018,7091.729333333333
ABGP0157570,9,2018,7091.729333333333
ABGP0157570,10,2018,7091.729333333333
ABGP0157570,11,2018,7091.729333333333
ABGP0157570,12,2018,7091.729333333333
ABGP0157570,1,2017,5623.565583333333
ABGP0157570,2,2017,5623.565583333333
ABGP0157570,3,2017,5623.565583333333
ABGP0157570,4,2017,5623.565583333333
ABGP0157570,5,2017,5623.565583333333
ABGP0157570,6,2017,5623.565583333333
ABGP0157570,7,2017,5623.565583333333
ABGP0157570,8,2017,5623.565583333333
ABGP0157570,9,2017,5623.565583333333
ABGP0157570,10,2017,5623.565583333333
ABGP0157570,11,2017,5623.565583333333
ABGP0157570,12,2017,5623.565583333333
ABGP0158090,1,2022,972.512025
ABGP0158090,2,2022,972.512025
ABGP0158090,3,2022,972.512025
ABGP0158090,4,2022,972.512025
ABGP0158090,5,2022,972.512025
ABGP0158090,6,2022,972.512025
ABGP0158090,7,2022,972.512025
ABGP0158090,8,2022,972.512025
ABGP0158090,9,2022,972.512025
ABGP0158090,10,2022,972.512025
ABGP0158090,11,2022,972.512025
ABGP0158090,12,2022,972.512025
ABGP0158090,1,2020,979.1653333333334
ABGP0158090,2,2020,979.1653333333334
ABGP0158090,3,2020,979.1653333333334
ABGP0158090,4,2020,979.1653333333334
ABGP0158090,5,2020,979.1653333333334
ABGP0158090,6,2020,979.1653333333334
ABGP0158090,7,2020,979.1653333333334
ABGP0158090,8,2020,979.1653333333334
ABGP0158090,9,2020,979.1653333333334
ABGP0158090,10,2020,979.1653333333334
ABGP0158090,11,2020,979.1653333333334
ABGP0158090,12,2020,979.1653333333334
ABGP0158517,1,2022,2408.7376416666666
ABGP0158517,2,2022,2408.7376416666666
ABGP0158517,3,2022,2408.7376416666666
ABGP0158517,4,2022,2408.7376416666666
ABGP0158517,5,2022,2408.7376416666666
ABGP0158517,6,2022,2408.7376416666666
ABGP0158517,7,2022,2408.7376416666666
ABGP0158517,8,2022,2408.7376416666666
ABGP0158517,9,2022,2408.7376416666666
ABGP0158517,10,2022,2408.7376416666666
ABGP0158517,11,2022,2408.7376416666666
ABGP0158517,12,2022,2408.7376416666666
ABGP0158517,1,2021,2756.4583333333335
ABGP0158517,2,2021,2756.4583333333335
ABGP0158517,3,2021,2756.4583333333335
ABGP0158517,4,2021,2756.4583333333335
ABGP0158517,5,2021,2756.4583333333335
ABGP0158517,6,2021,2756.4583333333335
ABGP0158517,7,2021,2756.4583333333335
ABGP0158517,8,2021,2756.4583333333335
ABGP0158517,9,2021,2756.4583333333335
ABGP0158517,10,2021,2756.4583333333335
ABGP0158517,11,2021,2756.4583333333335
ABGP0158517,12,2021,2756.4583333333335
ABGP0158517,1,2020,1981.2133333333334
ABGP0158517,2,2020,1981.2133333333334
ABGP0158517,3,2020,1981.2133333333334
ABGP0158517,4,2020,1981.2133333333334
ABGP0158517,5,2020,1981.2133333333334
ABGP0158517,6,2020,1981.2133333333334
ABGP0158517,7,2020,1981.2133333333334
ABGP0158517,8,2020,1981.2133333333334
ABGP0158517,9,2020,1981.2133333333334
ABGP0158517,10,2020,1981.2133333333334
ABGP0158517,11,2020,1981.2133333333334
ABGP0158517,12,2020,1981.2133333333334
ABGP0158517,1,2019,2650.17975
ABGP0158517,2,2019,2650.17975
ABGP0158517,3,2019,2650.17975
ABGP0158517,4,2019,2650.17975
ABGP0158517,5,2019,2650.17975
ABGP0158517,6,2019,2650.17975
ABGP0158517,7,2019,2650.17975
ABGP0158517,8,2019,2650.17975
ABGP0158517,9,2019,2650.17975
ABGP0158517,10,2019,2650.17975
ABGP0158517,11,2019,2650.17975
ABGP0158517,12,2019,2650.17975
ABGP0158517,1,2018,1285.8255833333333
ABGP0158517,2,2018,1285.8255833333333
ABGP0158517,3,2018,1285.8255833333333
ABGP0158517,4,2018,1285.8255833333333
ABGP0158517,5,2018,1285.8255833333333
ABGP0158517,6,2018,1285.8255833333333
ABGP0158517,7,2018,1285.8255833333333
ABGP0158517,8,2018,1285.8255833333333
ABGP0158517,9,2018,1285.8255833333333
ABGP0158517,10,2018,1285.8255833333333
ABGP0158517,11,2018,1285.8255833333333
ABGP0158517,12,2018,1285.8255833333333
ABGP0158517,1,2017,1130.8379166666666
ABGP0158517,2,2017,1130.8379166666666
ABGP0158517,3,2017,1130.8379166666666
ABGP0158517,4,2017,1130.8379166666666
ABGP0158517,5,2017,1130.8379166666666
ABGP0158517,6,2017,1130.8379166666666
ABGP0158517,7,2017,1130.8379166666666
ABGP0158517,8,2017,1130.8379166666666
ABGP0158517,9,2017,1130.8379166666666
ABGP0158517,10,2017,1130.8379166666666
ABGP0158517,11,2017,1130.8379166666666
ABGP0158517,12,2017,1130.8379166666666
ABGP0160735,1,2022,866.3699416666667
ABGP0160735,2,2022,866.3699416666667
ABGP0160735,3,2022,866.3699416666667
ABGP0160735,4,2022,866.3699416666667
ABGP0160735,5,2022,866.3699416666667
ABGP0160735,6,2022,866.3699416666667
ABGP0160735,7,2022,866.3699416666667
ABGP0160735,8,2022,866.3699416666667
ABGP0160735,9,2022,866.3699416666667
ABGP0160735,10,2022,866.3699416666667
ABGP0160735,11,2022,866.3699416666667
ABGP0160735,12,2022,866.3699416666667
ABGP0162257,1,2022,2822.2277083333333
ABGP0162257,2,2022,2822.2277083333333
ABGP0162257,3,2022,2822.2277083333333
ABGP0162257,4,2022,2822.2277083333333
ABGP0162257,5,2022,2822.2277083333333
ABGP0162257,6,2022,2822.2277083333333
ABGP0162257,7,2022,2822.2277083333333
ABGP0162257,8,2022,2822.2277083333333
ABGP0162257,9,2022,2822.2277083333333
ABGP0162257,10,2022,2822.2277083333333
ABGP0162257,11,2022,2822.2277083333333
ABGP0162257,12,2022,2822.2277083333333
ABGP0165073,1,2022,934.3275208333333
ABGP0165073,2,2022,934.3275208333333
ABGP0165073,3,2022,934.3275208333333
ABGP0165073,4,2022,934.3275208333333
ABGP0165073,5,2022,934.3275208333333
ABGP0165073,6,2022,934.3275208333333
ABGP0165073,7,2022,934.3275208333333
ABGP0165073,8,2022,934.3275208333333
ABGP0165073,9,2022,934.3275208333333
ABGP0165073,10,2022,934.3275208333333
ABGP0165073,11,2022,934.3275208333333
ABGP0165073,12,2022,934.3275208333333
ABGP0165073,1,2020,1275.6963333333333
ABGP0165073,2,2020,1275.6963333333333
ABGP0165073,3,2020,1275.6963333333333
ABGP0165073,4,2020,1275.6963333333333
ABGP0165073,5,2020,1275.6963333333333
ABGP0165073,6,2020,1275.6963333333333
ABGP0165073,7,2020,1275.6963333333333
ABGP0165073,8,2020,1275.6963333333333
ABGP0165073,9,2020,1275.6963333333333
ABGP0165073,10,2020,1275.6963333333333
ABGP0165073,11,2020,1275.6963333333333
ABGP0165073,12,2020,1275.6963333333333
ABGP0165073,1,2019,1713.6441666666667
ABGP0165073,2,2019,1713.6441666666667
ABGP0165073,3,2019,1713.6441666666667
ABGP0165073,4,2019,1713.6441666666667
ABGP0165073,5,2019,1713.6441666666667
ABGP0165073,6,2019,1713.6441666666667
ABGP0165073,7,2019,1713.6441666666667
ABGP0165073,8,2019,1713.6441666666667
ABGP0165073,9,2019,1713.6441666666667
ABGP0165073,10,2019,1713.6441666666667
ABGP0165073,11,2019,1713.6441666666667
ABGP0165073,12,2019,1713.6441666666667
ABGP0165073,1,2018,1761.6138333333336
ABGP0165073,2,2018,1761.6138333333336
ABGP0165073,3,2018,1761.6138333333336
ABGP0165073,4,2018,1761.6138333333336
ABGP0165073,5,2018,1761.6138333333336
ABGP0165073,6,2018,1761.6138333333336
ABGP0165073,7,2018,1761.6138333333336
ABGP0165073,8,2018,1761.6138333333336
ABGP0165073,9,2018,1761.6138333333336
ABGP0165073,10,2018,1761.6138333333336
ABGP0165073,11,2018,1761.6138333333336
ABGP0165073,12,2018,1761.6138333333336
ABGP0165073,1,2017,1237.1135833333333
ABGP0165073,2,2017,1237.1135833333333
ABGP0165073,3,2017,1237.1135833333333
ABGP0165073,4,2017,1237.1135833333333
ABGP0165073,5,2017,1237.1135833333333
ABGP0165073,6,2017,1237.1135833333333
ABGP0165073,7,2017,1237.1135833333333
ABGP0165073,8,2017,1237.1135833333333
ABGP0165073,9,2017,1237.1135833333333
ABGP0165073,10,2017,1237.1135833333333
ABGP0165073,11,2017,1237.1135833333333
ABGP0165073,12,2017,1237.1135833333333
ABGP0165948,1,2022,1971.1380166666668
ABGP0165948,2,2022,1971.1380166666668
ABGP0165948,3,2022,1971.1380166666668
ABGP0165948,4,2022,1971.1380166666668
ABGP0165948,5,2022,1971.1380166666668
ABGP0165948,6,2022,1971.1380166666668
ABGP0165948,7,2022,1971.1380166666668
ABGP0165948,8,2022,1971.1380166666668
ABGP0165948,9,2022,1971.1380166666668
ABGP0165948,10,2022,1971.1380166666668
ABGP0165948,11,2022,1971.1380166666668
ABGP0165948,12,2022,1971.1380166666668
ABGP0165948,1,2021,2662.3455950000002
ABGP0165948,2,2021,2662.3455950000002
ABGP0165948,3,2021,2662.3455950000002
ABGP0165948,4,2021,2662.3455950000002
ABGP0165948,5,2021,2662.3455950000002
ABGP0165948,6,2021,2662.3455950000002
ABGP0165948,7,2021,2662.3455950000002
ABGP0165948,8,2021,2662.3455950000002
ABGP0165948,9,2021,2662.3455950000002
ABGP0165948,10,2021,2662.3455950000002
ABGP0165948,11,2021,2662.3455950000002
ABGP0165948,12,2021,2662.3455950000002
ABGP0168285,1,2018,1598.9988241666667
ABGP0168285,2,2018,1598.9988241666667
ABGP0168285,3,2018,1598.9988241666667
ABGP0168285,4,2018,1598.9988241666667
ABGP0168285,5,2018,1598.9988241666667
ABGP0168285,6,2018,1598.9988241666667
ABGP0168285,7,2018,1598.9988241666667
ABGP0168285,8,2018,1598.9988241666667
ABGP0168285,9,2018,1598.9988241666667
ABGP0168285,10,2018,1598.9988241666667
ABGP0168285,11,2018,1598.9988241666667
ABGP0168285,12,2018,1598.9988241666667
ABGP0168285,1,2017,1290.5629358333333
ABGP0168285,2,2017,1290.5629358333333
ABGP0168285,3,2017,1290.5629358333333
ABGP0168285,4,2017,1290.5629358333333
ABGP0168285,5,2017,1290.5629358333333
ABGP0168285,6,2017,1290.5629358333333
ABGP0168285,7,2017,1290.5629358333333
ABGP0168285,8,2017,1290.5629358333333
ABGP0168285,9,2017,1290.5629358333333
ABGP0168285,10,2017,1290.5629358333333
ABGP0168285,11,2017,1290.5629358333333
ABGP0168285,12,2017,1290.5629358333333
ABGP0168309,1,2021,1079.2833333333333
ABGP0168309,2,2021,1079.2833333333333
ABGP0168309,3,2021,1079.2833333333333
ABGP0168309,4,2021,1079.2833333333333
ABGP0168309,5,2021,1079.2833333333333
ABGP0168309,6,2021,1079.2833333333333
ABGP0168309,7,2021,1079.2833333333333
ABGP0168309,8,2021,1079.2833333333333
ABGP0168309,9,2021,1079.2833333333333
ABGP0168309,10,2021,1079.2833333333333
ABGP0168309,11,2021,1079.2833333333333
ABGP0168309,12,2021,1079.2833333333333
ABGP0168309,1,2020,1100.4916666666666
ABGP0168309,2,2020,1100.4916666666666
ABGP0168309,3,2020,1100.4916666666666
ABGP0168309,4,2020,1100.4916666666666
ABGP0168309,5,2020,1100.4916666666666
ABGP0168309,6,2020,1100.4916666666666
ABGP0168309,7,2020,1100.4916666666666
ABGP0168309,8,2020,1100.4916666666666
ABGP0168309,9,2020,1100.4916666666666
ABGP0168309,10,2020,1100.4916666666666
ABGP0168309,11,2020,1100.4916666666666
ABGP0168309,12,2020,1100.4916666666666
ABGP0169442,1,2022,2506.5
ABGP0169442,2,2022,2506.5
ABGP0169442,3,2022,2506.5
ABGP0169442,4,2022,2506.5
ABGP0169442,5,2022,2506.5
ABGP0169442,6,2022,2506.5
ABGP0169442,7,2022,2506.5
ABGP0169442,8,2022,2506.5
ABGP0169442,9,2022,2506.5
ABGP0169442,10,2022,2506.5
ABGP0169442,11,2022,2506.5
ABGP0169442,12,2022,2506.5
ABGP0169442,1,2020,1368.8166666666666
ABGP0169442,2,2020,1368.8166666666666
ABGP0169442,3,2020,1368.8166666666666
ABGP0169442,4,2020,1368.8166666666666
ABGP0169442,5,2020,1368.8166666666666
ABGP0169442,6,2020,1368.8166666666666
ABGP0169442,7,2020,1368.8166666666666
ABGP0169442,8,2020,1368.8166666666666
ABGP0169442,9,2020,1368.8166666666666
ABGP0169442,10,2020,1368.8166666666666
ABGP0169442,11,2020,1368.8166666666666
ABGP0169442,12,2020,1368.8166666666666
ABGP0169442,1,2019,3423.5166666666664
ABGP0169442,2,2019,3423.5166666666664
ABGP0169442,3,2019,3423.5166666666664
ABGP0169442,4,2019,3423.5166666666664
ABGP0169442,5,2019,3423.5166666666664
ABGP0169442,6,2019,3423.5166666666664
ABGP0169442,7,2019,3423.5166666666664
ABGP0169442,8,2019,3423.5166666666664
ABGP0169442,9,2019,3423.5166666666664
ABGP0169442,10,2019,3423.5166666666664
ABGP0169442,11,2019,3423.5166666666664
ABGP0169442,12,2019,3423.5166666666664
ABGP0169442,1,2018,5573.583333333333
ABGP0169442,2,2018,5573.583333333333
ABGP0169442,3,2018,5573.583333333333
ABGP0169442,4,2018,5573.583333333333
ABGP0169442,5,2018,5573.583333333333
ABGP0169442,6,2018,5573.583333333333
ABGP0169442,7,2018,5573.583333333333
ABGP0169442,8,2018,5573.583333333333
ABGP0169442,9,2018,5573.583333333333
ABGP0169442,10,2018,5573.583333333333
ABGP0169442,11,2018,5573.583333333333
ABGP0169442,12,2018,5573.583333333333
ABGP0169442,1,2017,4908.016666666666
ABGP0169442,2,2017,4908.016666666666
ABGP0169442,3,2017,4908.016666666666
ABGP0169442,4,2017,4908.016666666666
ABGP0169442,5,2017,4908.016666666666
ABGP0169442,6,2017,4908.016666666666
ABGP0169442,7,2017,4908.016666666666
ABGP0169442,8,2017,4908.016666666666
ABGP0169442,9,2017,4908.016666666666
ABGP0169442,10,2017,4908.016666666666
ABGP0169442,11,2017,4908.016666666666
ABGP0169442,12,2017,4908.016666666666
ABGP0171549,1,2022,4064.770826666667
ABGP0171549,2,2022,4064.770826666667
ABGP0171549,3,2022,4064.770826666667
ABGP0171549,4,2022,4064.770826666667
ABGP0171549,5,2022,4064.770826666667
ABGP0171549,6,2022,4064.770826666667
ABGP0171549,7,2022,4064.770826666667
ABGP0171549,8,2022,4064.770826666667
ABGP0171549,9,2022,4064.770826666667
ABGP0171549,10,2022,4064.770826666667
ABGP0171549,11,2022,4064.770826666667
ABGP0171549,12,2022,4064.770826666667
ABGP0171549,1,2021,3940.8082566666667
ABGP0171549,2,2021,3940.8082566666667
ABGP0171549,3,2021,3940.8082566666667
ABGP0171549,4,2021,3940.8082566666667
ABGP0171549,5,2021,3940.8082566666667
ABGP0171549,6,2021,3940.8082566666667
ABGP0171549,7,2021,3940.8082566666667
ABGP0171549,8,2021,3940.8082566666667
ABGP0171549,9,2021,3940.8082566666667
ABGP0171549,10,2021,3940.8082566666667
ABGP0171549,11,2021,3940.8082566666667
ABGP0171549,12,2021,3940.8082566666667
ABGP0171549,1,2020,4520.35575
ABGP0171549,2,2020,4520.35575
ABGP0171549,3,2020,4520.35575
ABGP0171549,4,2020,4520.35575
ABGP0171549,5,2020,4520.35575
ABGP0171549,6,2020,4520.35575
ABGP0171549,7,2020,4520.35575
ABGP0171549,8,2020,4520.35575
ABGP0171549,9,2020,4520.35575
ABGP0171549,10,2020,4520.35575
ABGP0171549,11,2020,4520.35575
ABGP0171549,12,2020,4520.35575
ABGP0171549,1,2019,3949.3920833333336
ABGP0171549,2,2019,3949.3920833333336
ABGP0171549,3,2019,3949.3920833333336
ABGP0171549,4,2019,3949.3920833333336
ABGP0171549,5,2019,3949.3920833333336
ABGP0171549,6,2019,3949.3920833333336
ABGP0171549,7,2019,3949.3920833333336
ABGP0171549,8,2019,3949.3920833333336
ABGP0171549,9,2019,3949.3920833333336
ABGP0171549,10,2019,3949.3920833333336
ABGP0171549,11,2019,3949.3920833333336
ABGP0171549,12,2019,3949.3920833333336
ABGP0171549,1,2018,3987.9515833333335
ABGP0171549,2,2018,3987.9515833333335
ABGP0171549,3,2018,3987.9515833333335
ABGP0171549,4,2018,3987.9515833333335
ABGP0171549,5,2018,3987.9515833333335
ABGP0171549,6,2018,3987.9515833333335
ABGP0171549,7,2018,3987.9515833333335
ABGP0171549,8,2018,3987.9515833333335
ABGP0171549,9,2018,3987.9515833333335
ABGP0171549,10,2018,3987.9515833333335
ABGP0171549,11,2018,3987.9515833333335
ABGP0171549,12,2018,3987.9515833333335
ABGP0171549,1,2017,3203.2977499999997
ABGP0171549,2,2017,3203.2977499999997
ABGP0171549,3,2017,3203.2977499999997
ABGP0171549,4,2017,3203.2977499999997
ABGP0171549,5,2017,3203.2977499999997
ABGP0171549,6,2017,3203.2977499999997
ABGP0171549,7,2017,3203.2977499999997
ABGP0171549,8,2017,3203.2977499999997
ABGP0171549,9,2017,3203.2977499999997
ABGP0171549,10,2017,3203.2977499999997
ABGP0171549,11,2017,3203.2977499999997
ABGP0171549,12,2017,3203.2977499999997
ABGP0171549,1,2014,4367.795033333333
ABGP0171549,2,2014,4367.795033333333
ABGP0171549,3,2014,4367.795033333333
ABGP0171549,4,2014,4367.795033333333
ABGP0171549,5,2014,4367.795033333333
ABGP0171549,6,2014,4367.795033333333
ABGP0171549,7,2014,4367.795033333333
ABGP0171549,8,2014,4367.795033333333
ABGP0171549,9,2014,4367.795033333333
ABGP0171549,10,2014,4367.795033333333
ABGP0171549,11,2014,4367.795033333333
ABGP0171549,12,2014,4367.795033333333
