id,raw_gas_mcf/d,sales_gas_mcf/d,ethane__c2_bbl/d,propane__c3_bbl/d,butane__c4_bbl/d,pentane_plus__c5+_bbl/d,natural_gas_liquids_bbl/d,sulphur_ton/d,sub_type,location,injection_mcf/d,shrinkage_mcf/d,fuel_mcf/d,flared_mcf/d,other_mcf/d
ABGP0001001,3201.67,2958.23,0.0,0.0,0.0,16.32,29.72,0.0,Gas Plant Sweet,15-36-036-16W4M,0.0,38.05,176.12,0.23,0.0
ABGP0001002,0.0,0.0,0.0,0.0,0.0,4.47,0.0,0.0,Gas Plant Sulphur Recovery,16-33-038-22W4M,0.0,0.0,0.0,0.0,0.0
ABGP0001003,,,,,,,,,Gas Plant Sulphur Recovery,01-23-004-29W4M,,,,,
ABGP0001004,201227.85,151844.16,12715.62,12074.45,7100.35,0.0,0.0,8.84,Gas Plant Sulphur Recovery,02-05-044-01W5M,0.0,37156.72,11692.57,3293.15,0.0
ABGP0001005,367268.84,217590.15,0.0,0.0,0.0,0.0,0.0,0.0,Gas Plant Sweet,06-13-040-03W5M,1896.28,117107.98,30172.73,1575.95,0.0
ABGP0001006,,,,,,,,,Gas Plant Sulphur Recovery,15-22-039-22W4M,,,,,
ABGP0001007,18709.02,17481.33,0.0,0.0,0.0,184.22,205.05,0.0,Gas Plant Sweet,16-30-072-04W5M,0.0,250.05,279.56,3.87,0.0
ABGP0001008,269.07,119.61,0.0,0.0,0.0,5.81,0.0,0.0,Gas Plant Acid Gas Flaring < 1 T/D Sulphur,12-12-020-12W4M,0.0,63.34,109.25,0.0,0.0
ABGP0001009,1112.75,951.1,0.0,0.0,0.0,0.0,0.0,0.0,Gas Plant Sweet,09-29-031-05W4M,0.0,6.61,111.53,0.0,0.0
ABGP0001010,10598.96,10576.17,0.0,0.0,0.0,0.0,0.0,0.0,Gas Plant Acid Gas Flaring < 1 T/D Sulphur,01-26-054-25W4M,0.0,0.11,17.54,0.0,5.13
ABGP0001011,,,,,,,,,Gas Plant Sweet,01-03-035-01W5M,,,,,
ABGP0001012,39876.18,39292.0,0.0,0.0,0.0,56.98,107.24,0.0,Gas Plant Sweet,12-33-022-18W4M,0.0,137.5,561.73,10.14,0.0
ABGP0001013,36.91,0.0,0.0,0.0,0.0,0.0,0.0,0.0,Gas Plant Acid Gas Flaring < 1 T/D Sulphur,15-22-040-03W5M,0.0,0.0,17.54,19.37,0.0
ABGP0001014,188381.74,188285.14,0.0,0.0,0.0,0.0,0.0,0.0,Gas Plant Sweet,08-17-029-22W4M,0.0,0.0,96.6,0.0,0.0
ABGP0001015,843.34,753.34,0.0,0.0,0.0,0.0,0.0,0.0,Gas Plant Sweet,02-31-022-11W4M,0.0,0.0,83.27,0.0,0.0
ABGP0001016,714.27,603.2,0.0,0.0,0.0,0.0,0.0,0.0,Gas Plant Sweet,16-08-043-23W4M,0.0,1.37,65.05,3.42,41.24
ABGP0001017,0.0,0.0,0.0,0.0,0.0,1.06,0.0,0.0,Gas Plant Sweet,04-15-027-15W4M,0.0,0.0,0.0,0.0,0.0
ABGP0001018,2013.29,1696.75,0.0,0.0,0.0,20.85,55.13,0.0,Gas Plant Sweet,07-34-034-06W4M,0.0,72.4,118.66,6.47,0.0
ABGP0001019,,,,,,,,,Gas Plant Sweet,01-01-001-01W4M,,,,,
ABGP0001020,19612.62,14077.11,89.05,1401.85,1334.05,1844.1,0.0,2.86,Gas Plant Sulphur Recovery,03-03-030-02W5M,0.0,2597.79,2845.11,13.21,0.0
ABGP0001021,45571.41,36962.6,0.0,1248.12,668.81,0.0,0.0,116.6,Gas Plant Sulphur Recovery,06-18-032-01W5M,0.0,7409.02,2405.16,21.76,0.0
ABGP0001022,17855.21,16074.1,0.0,0.0,0.0,0.0,0.0,0.0,Gas Plant Sweet,02-08-024-12W4M,0.0,6.04,1046.34,7.86,0.0
ABGP0001023,21.9,0.0,0.0,0.0,0.0,0.0,0.0,0.0,Gas Plant Acid Gas Flaring > 1 T/D Sulphur,02-34-050-26W4M,0.0,0.0,21.9,0.0,0.0
ABGP0001024,5684.98,5035.19,0.0,0.0,0.0,24.28,100.79,0.0,Gas Plant Acid Gas Flaring > 1 T/D Sulphur,01-14-085-13W6M,0.0,152.76,239.0,18.68,0.0
ABGP0001025,0.0,0.0,0.0,117.68,110.52,67.56,0.0,3.78,Gas Plant Sweet,13-09-079-22W5M,0.0,0.0,0.0,0.0,0.0
ABGP0001026,0.0,0.0,0.0,0.0,0.0,6.03,0.0,0.0,Gas Plant Sweet,07-17-026-14W4M,0.0,6.95,0.0,0.0,0.0
ABGP0001027,,,,,,,,,Gas Plant Sweet,15-22-051-27W4M,,,,,
ABGP0001028,1469.09,826.48,0.0,0.0,61.33,1.42,113.66,1.46,Gas Plant Sulphur Recovery,01-29-057-21W4M,0.0,205.96,260.87,138.52,0.0
ABGP0001029,1465.56,1315.0,0.0,0.0,0.0,0.0,0.0,0.0,Gas Plant Sweet,05-21-045-27W4M,0.0,77.57,88.64,0.0,0.0
ABGP0001030,,,,,,,,,Gas Plant Sulphur Recovery,14-06-020-02W5M,,,,,
ABGP0001031,1324.3,1186.91,0.0,0.0,0.0,10.74,0.0,0.0,Gas Plant Sweet,08-20-076-09W6M,0.0,12.42,102.41,1.48,0.0
ABGP0001032,59989.81,59417.26,0.0,0.0,0.0,0.0,0.0,0.0,Gas Plant Sweet,07-22-087-07W6M,91.7,50.01,2837.02,32.69,0.0
ABGP0001033,6055.78,5577.67,0.0,0.0,0.0,0.0,142.56,0.0,Gas Plant Sweet,13-13-035-26W4M,0.0,188.42,96.03,0.0,0.0
ABGP0001034,0.59,0.0,0.0,0.0,0.0,0.0,0.0,0.0,Gas Plant Sulphur Recovery,08-17-060-15W5M,0.0,0.0,0.59,0.0,0.0
ABGP0001035,,,,,,,,,Gas Plant Sweet,04-02-053-26W4M,,,,,
ABGP0001036,10717.77,9617.66,0.0,0.0,0.0,97.74,309.49,0.0,Gas Plant Sweet,08-19-036-05W4M,0.0,436.99,565.83,2.39,0.0
ABGP0001037,81015.37,59620.72,0.0,958.34,758.49,0.0,0.0,412.48,Gas Plant Sulphur Recovery,13-13-025-05W5M,0.0,17651.18,3658.14,880.82,0.0
ABGP0001038,5761.07,5742.85,0.0,0.0,0.0,0.0,0.0,0.0,Gas Plant Sweet,08-36-020-16W4M,0.0,0.46,41.69,0.0,0.0
ABGP0001039,2027.75,1738.39,0.0,0.0,0.0,0.0,12.22,0.0,Gas Plant Acid Gas Flaring > 1 T/D Sulphur,11-35-013-17W4M,0.0,15.95,96.83,0.0,0.0
ABGP0001040,3391.12,1387.41,0.0,0.0,0.0,0.0,0.0,0.0,Gas Plant Sulphur Recovery,04-27-020-29W4M,0.0,1600.67,1088.94,0.0,0.0
ABGP0001041,112.67,112.67,0.0,0.0,0.0,0.0,0.0,0.0,Gas Plant Sweet,03-06-024-10W4M,0.0,0.0,0.0,0.0,0.0
ABGP0001042,62058.23,55740.89,0.0,0.0,0.0,0.0,2897.26,0.0,Gas Plant Sweet,10-10-065-02W6M,0.0,4225.11,3155.42,52.4,0.0
ABGP0001043,16592.08,15090.41,28.89,586.82,742.17,0.0,0.0,0.0,Gas Plant Sweet,13-36-024-21W4M,0.0,1073.22,1246.95,4.67,0.0
ABGP0001044,2393.54,2246.01,0.0,0.0,0.0,19.93,51.85,0.0,Gas Plant Sweet,12-04-028-20W4M,0.0,68.35,38.73,0.8,0.0
ABGP0001045,0.57,0.0,0.0,0.0,0.0,0.0,0.0,0.0,Gas Plant Sulphur Recovery,04-17-047-27W4M,0.0,0.0,0.0,0.57,0.0
ABGP0001046,3234.82,0.0,0.0,0.0,0.0,0.0,0.0,0.0,Gas Plant Acid Gas Flaring > 1 T/D Sulphur,01-28-049-10W5M,0.0,214.17,185.12,35.43,2800.11
ABGP0001047,144.68,138.07,0.0,0.0,0.0,0.0,0.0,0.0,Gas Plant Sulphur Recovery,10-05-046-06W5M,0.0,0.0,5.35,0.0,0.0
ABGP0001048,1562.05,1241.82,0.0,0.0,0.0,0.0,0.0,0.0,Gas Plant Acid Gas Flaring < 1 T/D Sulphur,01-18-001-08W4M,0.0,0.0,196.96,29.16,0.0
ABGP0001049,15578.66,14660.83,0.0,0.0,0.0,112.07,272.03,0.0,Gas Plant Sweet,05-17-027-19W4M,0.0,354.06,398.49,2.28,0.0
ABGP0001050,16339.85,16305.39,0.0,0.0,0.0,0.0,0.0,0.0,Gas Plant Sulphur Recovery,10-02-026-29W4M,0.0,0.0,34.46,0.0,0.0
ABGP0001051,0.0,0.0,0.0,0.0,0.0,0.0,0.0,191.91,Gas Plant Sulphur Recovery,01-11-008-05W5M,0.0,0.0,0.0,0.0,0.0
ABGP0001052,1649.76,1705.24,0.0,0.0,0.0,0.0,0.0,0.0,Gas Plant Sweet,07-23-033-16W4M,0.0,0.0,82.14,0.0,0.0
ABGP0001053,,,,,,,,,Gas Plant Sweet,05-06-028-02W4M,,,,,
ABGP0001054,43936.57,36227.83,0.0,0.0,0.0,0.0,0.0,115.08,Gas Plant Sulphur Recovery,06-16-026-05W5M,0.0,5281.02,2573.53,17.43,1.48
ABGP0001055,348.13,335.72,0.0,0.0,0.0,0.0,15.37,0.0,Gas Plant Sweet,10-30-052-17W5M,0.0,15.49,0.0,0.0,0.0
ABGP0001056,123292.03,90960.43,0.0,427.67,559.35,0.0,0.0,726.22,Gas Plant Sulphur Recovery,02-20-004-30W4M,0.0,27027.91,5126.66,1753.77,0.0
ABGP0001057,6988.54,6261.63,0.0,0.0,0.0,48.98,202.81,0.0,Gas Plant Sweet,09-17-050-07W5M,0.0,308.26,342.1,5.58,0.0
ABGP0001058,77074.48,72804.94,0.0,0.0,0.0,0.0,1141.67,0.0,Gas Plant Acid Gas Flaring > 1 T/D Sulphur,08-09-064-19W5M,15.95,2797.38,1513.75,262.58,0.0
ABGP0001059,99.23,74.98,0.0,0.0,0.0,0.0,0.0,0.0,Gas Plant Sweet,06-33-030-19W4M,0.0,0.0,15.54,4.24,0.0
ABGP0001060,388164.53,324441.04,0.0,0.0,0.0,2882.4,31981.34,0.0,Gas Plant Sulphur Recovery,09-27-031-04W5M,0.0,51779.61,9565.15,409.76,0.0
ABGP0001061,5122.27,4920.16,0.0,0.0,0.0,0.0,0.0,0.0,Gas Plant Sweet,01-24-041-03W5M,0.0,213.3,77.57,0.0,0.0
ABGP0001062,4858.16,3632.28,0.0,0.0,0.0,0.0,333.81,0.0,Gas Plant Acid Gas Flaring > 1 T/D Sulphur,04-23-061-12W5M,0.0,547.72,965.91,307.92,0.0
ABGP0001063,581.1,504.66,0.0,0.0,0.0,0.0,0.0,0.0,Gas Plant Sweet,13-05-039-08W4M,0.0,0.57,95.58,0.0,0.0
ABGP0001064,1028.68,909.3,0.0,0.0,0.0,0.0,0.0,0.0,Gas Plant Acid Gas Flaring < 1 T/D Sulphur,07-27-040-03W5M,0.0,4.1,104.35,0.0,10.94
ABGP0001065,2808.43,2038.11,0.0,0.0,0.0,0.0,13.15,0.0,Gas Plant Acid Gas Flaring < 1 T/D Sulphur,12-02-013-19W4M,0.0,176.0,513.77,0.57,0.0
ABGP0001066,,,,,,,,,Gas Plant Sweet,01-29-027-05W4M,,,,,
ABGP0001067,43.29,0.0,0.0,4.85,28.11,0.0,0.0,0.0,Gas Plant Sweet,01-21-038-02W5M,0.0,19.37,9.34,22.78,0.0
ABGP0001068,502.17,398.82,0.0,0.0,0.0,0.0,0.0,0.0,Gas Plant Sweet,07-15-060-02W5M,0.0,0.0,82.4,0.0,0.0
ABGP0001069,11964.15,6121.74,0.0,0.0,0.0,0.0,2773.84,0.0,Gas Plant Acid Gas Flaring > 1 T/D Sulphur,15-25-064-11W5M,2609.3,4117.58,1781.8,93.53,0.0
ABGP0001070,26032.26,22423.79,0.0,1968.98,1075.25,0.0,0.0,0.0,Gas Plant Acid Gas Flaring > 1 T/D Sulphur,14-32-037-03W5M,0.0,1620.15,1147.61,798.79,0.0
ABGP0001071,5364.75,4487.58,0.0,0.0,0.0,0.0,0.0,0.0,Gas Plant Acid Gas Flaring > 1 T/D Sulphur,10-12-041-03W5M,0.0,457.04,161.65,0.0,258.48
ABGP0001072,1300.95,1290.35,0.0,0.0,0.0,0.0,0.0,0.0,Gas Plant Sweet,10-12-036-08W4M,0.0,0.0,21.19,0.0,0.0
ABGP0001073,1363.26,0.0,0.0,0.0,0.0,24.81,33.25,0.0,Gas Plant Acid Gas Flaring < 1 T/D Sulphur,10-10-041-03W5M,0.0,117.79,136.36,0.0,0.0
ABGP0001074,36.11,0.0,0.0,0.0,0.0,0.0,0.0,0.0,Gas Plant Acid Gas Flaring > 1 T/D Sulphur,03-17-047-27W4M,0.0,0.0,36.11,0.0,0.0
ABGP0001075,17209.97,16212.28,0.0,0.0,0.0,105.13,607.85,0.0,Gas Plant Sweet,02-18-052-11W5M,0.0,1076.98,561.73,5.13,0.0
ABGP0001076,10044.17,9074.62,0.0,0.0,0.0,66.77,165.38,0.0,Gas Plant Sweet,01-20-028-21W4M,0.0,218.72,22.21,11.39,0.0
ABGP0001077,2367.45,2200.45,0.0,0.0,0.0,0.0,0.0,0.0,Gas Plant Acid Gas Flaring > 1 T/D Sulphur,08-26-040-03W5M,0.0,29.62,95.12,48.76,0.0
ABGP0001078,1112.65,937.72,0.0,0.0,0.0,0.48,16.7,0.0,Gas Plant Sweet,10-33-028-15W4M,0.0,22.72,83.22,0.0,0.0
ABGP0001079,0.0,0.0,0.0,0.0,0.0,0.93,0.0,0.0,Gas Plant Sulphur Recovery,09-14-028-01W5M,0.0,0.0,0.0,0.0,0.0
ABGP0001080,1307.78,1022.53,0.0,0.0,0.0,11.14,38.71,0.0,Gas Plant Sweet,04-24-056-05W5M,0.0,64.14,98.2,13.67,0.0
ABGP0001081,400.88,400.88,0.0,0.0,0.0,0.0,0.0,0.0,Gas Plant Sulphur Recovery,04-12-034-26W4M,0.0,0.0,0.0,0.0,0.0
ABGP0001082,0.0,0.0,0.0,0.0,0.0,0.0,1.95,0.0,Gas Plant Sweet,01-17-042-06W5M,0.0,0.0,0.0,0.0,0.0
ABGP0001083,1022.01,877.1,0.0,0.0,0.0,19.7,0.0,0.0,Gas Plant Acid Gas Flaring > 1 T/D Sulphur,02-03-031-04W5M,0.0,58.27,38.14,28.49,0.0
ABGP0001084,125363.86,115833.57,0.0,0.0,0.0,256.28,3661.17,0.0,Gas Plant Sulphur Recovery,04-11-053-18W5M,0.0,5891.97,5693.86,302.57,0.0
ABGP0001085,989.38,1006.01,0.0,0.0,0.0,0.0,0.0,0.0,Gas Plant Sweet,03-02-050-06W5M,0.0,10.14,42.72,0.0,0.0
ABGP0001086,1672.78,1419.54,0.0,0.0,0.0,19.89,42.73,0.0,Gas Plant Sweet,15-20-034-08W4M,0.0,54.45,0.0,0.0,0.0
ABGP0001087,44.31,20.96,0.0,0.0,0.0,0.0,0.0,0.0,Gas Plant Sweet,14-36-028-05W4M,0.0,0.0,2.51,0.0,20.85
ABGP0001088,9736.02,8490.56,0.0,49.69,0.0,5.6,94.62,0.0,Gas Plant Sweet,05-35-048-04W5M,0.0,343.01,488.71,0.57,0.0
ABGP0001089,0.0,0.0,0.0,0.0,0.0,0.0,0.0,0.0,Gas Plant Sulphur Recovery,13-06-057-08W5M,0.0,0.0,0.0,11.54,0.0
ABGP0001090,8716.68,0.0,0.0,0.0,0.0,0.0,0.0,0.0,Gas Plant Sweet,10-27-031-04W5M,0.0,5787.28,0.0,0.0,2929.41
ABGP0001091,16522.59,15659.32,0.0,0.0,0.0,107.69,272.18,0.0,Gas Plant Sweet,01-18-025-17W4M,0.0,355.99,443.71,2.85,0.0
ABGP0001092,,,,,,,,,Gas Plant Sweet,08-20-030-03W5M,,,,,
ABGP0001093,0.0,0.0,0.0,0.0,0.0,1.74,0.0,0.0,Gas Plant Sweet,09-22-039-08W5M,0.0,0.0,0.0,0.0,0.0
ABGP0001094,15178.01,10461.34,0.0,0.0,0.0,0.0,0.0,0.0,Gas Plant Sulphur Recovery,06-23-030-28W4M,0.0,2704.88,1486.06,0.0,525.73
ABGP0001095,11483.08,10271.21,0.0,0.0,0.0,111.77,634.08,0.0,Gas Plant Sweet,04-33-031-23W4M,0.0,895.17,88.06,4.21,0.0
ABGP0001096,9726.8,9085.89,0.0,0.0,0.0,56.29,332.49,0.0,Gas Plant Acid Gas Flaring < 1 T/D Sulphur,01-29-043-04W5M,0.0,511.27,80.2,10.14,0.0
ABGP0001097,19364.28,17677.72,0.0,0.0,0.0,132.48,368.8,0.0,Gas Plant Sweet,08-11-031-21W4M,0.0,576.54,432.21,12.64,0.0
ABGP0001098,1614.7,1447.55,0.0,0.0,0.0,0.0,41.18,0.0,Gas Plant Sweet,11-12-041-04W5M,0.0,46.97,52.97,0.35,66.86
ABGP0001099,9665.74,8460.22,0.0,0.0,0.0,0.0,0.0,0.0,Gas Plant Acid Gas Flaring > 1 T/D Sulphur,12-36-034-06W5M,0.0,751.14,347.14,0.0,107.24
ABGP0001100,8386.06,6065.88,0.0,0.0,0.0,44.26,0.0,0.0,Gas Plant Acid Gas Flaring > 1 T/D Sulphur,08-24-015-22W4M,1219.65,51.09,936.66,117.48,0.0
ABGP0001101,0.0,0.0,0.0,0.0,0.0,0.0,0.0,0.04,Gas Plant Sulphur Recovery,06-10-061-22W5M,0.0,0.0,0.0,0.0,0.0
ABGP0001102,,,,,,,,,Gas Plant Sweet,01-14-028-01W5M,,,,,
ABGP0001103,1814.95,1724.84,0.0,0.0,0.0,22.05,58.81,0.0,Gas Plant Sweet,10-12-038-03W5M,0.0,78.03,0.0,0.0,0.0
ABGP0001104,26198.42,25830.44,0.0,0.0,0.0,0.0,0.0,0.0,Gas Plant Sulphur Recovery,03-20-034-04W5M,0.0,0.0,452.62,18.6,0.0
ABGP0001105,104978.87,82231.1,0.0,0.0,0.0,69.4,1972.19,0.0,Gas Plant Sulphur Recovery,10-10-109-08W6M,0.0,3077.16,1575.6,85.78,0.0
ABGP0001106,0.0,0.0,0.0,0.0,0.0,1.75,6.68,0.0,Gas Plant Sweet,05-19-035-22W4M,0.0,9.11,0.0,0.0,0.0
ABGP0001107,143446.45,122793.98,0.0,0.0,0.0,0.0,6320.98,0.0,Gas Plant Sulphur Recovery,01-12-062-20W5M,0.0,12138.22,6905.95,399.85,258.59
ABGP0001108,150969.84,144173.02,0.0,0.0,0.0,526.19,2698.75,0.0,Gas Plant Sulphur Recovery,06-12-046-14W5M,0.0,5757.88,1542.57,520.95,0.0
ABGP0001109,118.02,8.2,0.0,0.0,0.0,0.0,0.0,0.0,Gas Plant Acid Gas Flaring > 1 T/D Sulphur,12-01-030-21W4M,0.0,15.04,94.67,0.11,0.0
ABGP0001110,10868.14,9879.79,0.0,0.0,0.0,146.08,496.57,0.0,Gas Plant Sweet,01-20-039-07W5M,0.0,673.03,654.92,28.71,0.0
ABGP0001111,515.48,477.2,0.0,0.0,0.0,5.28,0.0,0.0,Gas Plant Sweet,12-19-064-11W5M,0.0,5.7,46.59,5.92,0.0
ABGP0001112,3.76,0.0,0.0,0.0,0.0,0.0,0.0,0.0,Gas Plant Sulphur Recovery,02-02-069-22W5M,0.0,0.0,3.76,0.0,0.0
ABGP0001113,213311.95,191807.15,0.0,0.0,0.0,68.53,3999.3,0.0,Gas Plant Sulphur Recovery,09-06-063-25W5M,0.0,20236.33,4184.79,647.17,0.0
ABGP0001114,9644.66,8030.21,0.0,13.19,30.94,0.0,0.0,0.0,Gas Plant Acid Gas Injection,04-33-017-12W4M,0.0,177.71,472.19,69.6,0.0
ABGP0001115,6449.14,5460.44,0.0,0.0,0.0,0.0,0.0,0.0,Gas Plant Acid Gas Flaring > 1 T/D Sulphur,12-26-059-11W5M,0.0,34.97,701.96,133.28,0.0
ABGP0001116,2917.56,2860.15,0.0,0.0,0.0,18.7,45.35,0.0,Gas Plant Sweet,02-02-039-11W4M,0.0,69.03,93.3,2.16,0.0
ABGP0001117,1873.27,1540.63,0.0,0.0,0.0,0.0,0.0,0.0,Gas Plant Acid Gas Injection,14-22-074-24W4M,0.0,2.16,300.06,0.0,0.0
ABGP0001118,0.0,0.0,0.0,0.0,0.0,0.06,0.0,0.0,Gas Plant Sweet,11-17-034-03W5M,0.0,0.0,0.0,0.0,0.0
ABGP0001119,10429.79,9932.99,0.0,0.0,0.0,28.97,77.28,0.0,Gas Plant Sweet,02-05-028-17W4M,0.0,103.21,227.72,2.39,0.0
ABGP0001120,,,,,,,,,Gas Plant Sweet,01-12-062-20W5M,,,,,
ABGP0001121,47783.47,46131.32,0.0,0.0,0.0,92.08,476.51,0.0,Gas Plant Sulphur Recovery,06-10-044-12W5M,0.0,1296.62,792.07,155.38,0.0
ABGP0001122,43683.33,38511.44,0.0,1576.97,1074.05,0.0,0.0,0.0,Gas Plant Sweet,01-06-041-07W5M,0.0,3776.28,1807.43,14.58,0.0
ABGP0001123,2360.16,1761.29,0.0,0.0,0.0,0.0,167.13,0.0,Gas Plant Acid Gas Flaring < 1 T/D Sulphur,10-30-072-04W5M,228.52,256.32,410.11,11.73,0.0
ABGP0001124,1931.36,1670.03,0.0,0.0,0.0,0.0,0.0,0.0,Gas Plant Acid Gas Flaring > 1 T/D Sulphur,05-31-045-20W4M,0.0,112.89,101.35,0.0,47.09
ABGP0001125,13654.02,12805.89,0.0,0.0,0.0,0.0,193.8,0.0,Gas Plant Sweet,15-07-064-23W5M,0.0,282.97,338.34,1.25,0.0
ABGP0001126,225.07,173.75,0.0,0.0,0.0,0.0,0.0,0.0,Gas Plant Sweet,16-28-038-15W4M,0.0,0.0,2.59,0.35,48.38
ABGP0001127,545.55,344.15,0.0,0.0,0.0,0.0,0.0,0.0,Gas Plant Acid Gas Flaring > 1 T/D Sulphur,09-26-059-09W5M,0.0,2.73,162.45,25.4,0.0
ABGP0001128,466.38,0.0,0.0,0.0,0.0,0.0,0.0,0.0,Gas Plant Acid Gas Injection,06-33-029-24W4M,0.0,0.0,5.47,0.0,460.91
ABGP0001129,160055.16,146272.31,0.0,0.0,0.0,108.22,1528.62,0.0,Gas Plant Sulphur Recovery,13-26-067-05W6M,60.38,9890.38,3738.0,467.75,0.0
ABGP0001130,6489.7,5542.35,0.0,0.0,0.0,53.94,224.35,0.0,Gas Plant Acid Gas Flaring < 1 T/D Sulphur,02-27-040-03W5M,0.0,437.9,210.29,295.28,0.0
ABGP0001131,473.22,473.22,0.0,0.0,0.0,0.0,0.0,0.0,Gas Plant Sulphur Recovery,10-13-030-07W5M,0.0,0.0,0.0,0.0,0.0
ABGP0001132,5537.11,4867.39,0.0,0.0,0.0,0.0,0.0,0.0,Gas Plant Acid Gas Injection,10-18-076-25W4M,0.0,0.0,816.45,2.16,0.0
ABGP0001133,217289.3,198475.12,0.0,0.0,0.0,373.27,7829.77,0.0,Gas Plant Sulphur Recovery,11-35-037-09W5M,0.0,14678.71,5988.68,317.26,0.0
ABGP0001134,11435.69,5799.35,0.0,0.0,0.0,44.94,332.93,58.95,Gas Plant Sulphur Recovery,02-04-021-04W5M,0.0,2518.16,2571.82,415.0,0.0
ABGP0001135,113.01,61.74,0.0,0.0,0.0,2.6,11.85,0.0,Gas Plant Acid Gas Flaring > 1 T/D Sulphur,10-17-064-13W5M,9.0,18.11,19.25,27.11,0.0
ABGP0001136,4121.9,3950.69,0.0,0.0,0.0,21.7,0.0,0.0,Gas Plant Sweet,16-02-035-09W4M,0.0,25.06,217.24,0.0,0.0
ABGP0001137,232.14,64.15,0.0,0.0,0.0,0.0,0.0,0.0,Gas Plant Sweet,11-31-039-26W4M,0.0,6.47,23.78,0.0,137.73
ABGP0001138,3515.29,2593.92,0.0,0.0,0.0,55.21,229.1,0.0,Gas Plant Acid Gas Flaring > 1 T/D Sulphur,06-28-051-08W5M,0.0,317.72,195.03,147.52,0.0
ABGP0001139,1330.07,908.76,0.0,0.0,0.0,7.15,0.0,4.61,Gas Plant Sulphur Recovery,05-27-029-28W4M,0.0,181.75,324.78,65.8,0.0
ABGP0001140,6.71,0.0,0.0,0.0,0.0,0.0,0.0,0.0,Gas Plant Sweet,14-33-043-27W4M,0.0,0.0,5.77,0.0,0.0
ABGP0001141,13006.62,11576.26,0.0,0.0,0.0,0.0,0.0,0.0,Gas Plant Sulphur Recovery,04-02-037-10W5M,0.0,0.0,1811.3,0.0,0.0
ABGP0001143,5299.25,4963.19,0.0,0.0,0.0,41.96,176.3,0.0,Gas Plant Sweet,13-16-040-05W5M,0.0,243.9,260.64,0.0,0.0
ABGP0001144,119951.04,88728.55,0.0,0.0,0.0,0.0,4169.94,447.53,Gas Plant Sulphur Recovery,03-15-059-18W5M,0.0,19343.09,8631.81,423.32,0.0
ABGP0001145,4151.59,0.0,0.0,0.0,0.0,0.0,0.0,0.0,Gas Plant Sweet,12-23-110-07W6M,1398.7,2745.95,0.0,0.0,6.95
ABGP0001147,289872.66,266361.18,0.0,0.0,0.0,0.0,5997.94,327.21,Gas Plant Sulphur Recovery,11-18-074-12W6M,0.0,18002.39,2428.28,484.84,9557.51
ABGP0001148,616.64,414.66,0.0,0.0,0.0,0.0,0.1,0.0,Gas Plant Sweet,10-22-051-08W5M,0.0,0.11,158.57,0.0,0.0
ABGP0001149,1581.19,1403.13,0.0,0.0,0.0,21.36,72.51,0.0,Gas Plant Sweet,06-15-048-03W5M,0.0,97.74,12.76,2.16,0.0
ABGP0001150,0.0,0.0,0.0,0.0,0.0,0.0,0.0,0.0,Gas Plant Acid Gas Flaring > 1 T/D Sulphur,16-31-014-18W4M,0.0,2.94,0.0,0.0,0.0
ABGP0001151,4212.33,3819.99,0.0,0.0,0.0,1.76,0.0,0.0,Gas Plant Sweet,02-01-027-21W4M,0.0,2.0,145.5,0.0,0.0
ABGP0001152,707.82,661.56,0.0,0.0,0.0,3.48,0.0,0.0,Gas Plant Sweet,09-06-063-25W5M,0.0,4.0,0.0,0.0,0.0
ABGP0001153,5675.98,5072.89,0.0,0.0,0.0,70.68,218.0,0.0,Gas Plant Sweet,02-01-044-28W4M,0.0,295.16,409.19,7.06,0.0
ABGP0001154,,,,,,,,,Gas Plant Sweet,10-03-038-02W5M,,,,,
ABGP0001155,7.53,0.0,0.0,0.0,0.0,0.0,0.0,0.0,Gas Plant Sulphur Recovery,10-10-110-06W6M,0.0,0.0,7.53,0.0,0.0
ABGP0001156,8534.87,7598.23,0.0,0.0,0.0,61.47,151.74,0.0,Gas Plant Acid Gas Flaring < 1 T/D Sulphur,05-05-040-03W5M,136.47,460.34,400.42,20.05,0.0
ABGP0001157,237.06,199.02,0.0,0.0,0.0,0.0,0.0,0.0,Gas Plant Sweet,11-30-075-04W6M,0.0,0.0,29.73,0.0,8.32
ABGP0001158,5295.15,4739.68,0.0,0.0,0.0,53.23,186.84,0.0,Gas Plant Sweet,09-25-048-07W5M,0.0,274.66,210.52,57.98,0.0
ABGP0001159,10001.23,9203.11,0.0,0.0,0.0,91.98,297.55,0.0,Gas Plant Sweet,10-15-047-07W5M,0.0,407.03,568.68,1.82,0.0
ABGP0001160,,,,,,,,,Gas Plant Sweet,15-05-049-08W5M,,,,,
ABGP0001161,7657.36,6622.41,0.0,0.0,0.0,72.31,288.58,0.0,Gas Plant Acid Gas Flaring < 1 T/D Sulphur,09-16-049-08W5M,0.0,405.66,454.31,19.59,0.0
ABGP0001162,,,,,,,,,Gas Plant Sweet,07-02-048-08W5M,,,,,
ABGP0001163,3291.21,3102.98,0.0,0.0,0.0,8.41,0.0,0.0,Gas Plant Sweet,11-24-079-11W6M,0.0,9.77,215.65,0.0,0.0
ABGP0001164,9866.92,8802.81,0.0,0.0,0.0,87.19,302.04,0.0,Gas Plant Sweet,04-34-047-09W5M,0.0,415.35,472.08,4.9,0.0
ABGP0001165,4320.81,3580.91,0.0,0.0,0.0,34.79,145.41,0.0,Gas Plant Sweet,05-05-049-09W5M,0.0,214.62,292.54,43.52,0.0
ABGP0001166,37.93,0.0,0.0,0.0,0.0,0.0,0.0,0.0,Gas Plant Sweet,04-20-096-03W6M,0.0,0.0,37.93,0.0,0.0
ABGP0001167,9922.39,9142.97,0.0,0.0,0.0,110.94,390.2,0.0,Gas Plant Sweet,06-17-034-24W4M,0.0,551.14,407.37,7.06,0.0
ABGP0001168,3580.34,3226.05,0.0,0.0,0.0,17.03,37.72,0.0,Gas Plant Sweet,07-09-030-11W4M,0.0,48.76,183.29,0.0,0.0
ABGP0001169,24649.41,23385.37,0.0,0.0,0.0,0.0,438.49,0.0,Gas Plant Sweet,15-03-081-04W6M,0.0,562.87,774.19,71.77,0.0
ABGP0001170,2766.51,719.51,0.0,0.0,0.0,0.0,0.0,0.0,Gas Plant Sulphur Recovery,15-17-039-26W4M,0.0,688.86,792.76,17.09,548.29
ABGP0001171,0.0,0.0,0.0,0.0,0.0,5.52,0.0,0.0,Gas Plant Sweet,04-08-031-18W4M,0.0,0.0,0.0,0.0,0.0
ABGP0001172,3100.06,2659.08,0.0,0.0,0.0,31.97,101.36,0.0,Gas Plant Sweet,10-08-037-23W4M,0.0,135.9,277.39,7.97,0.0
ABGP0001173,20.36,0.0,0.0,0.0,0.0,3.82,0.0,0.0,Gas Plant Sweet,11-30-035-08W5M,0.0,0.0,0.0,20.36,0.0
ABGP0001174,5795.93,5386.4,0.0,0.0,0.0,11.39,20.36,0.0,Gas Plant Acid Gas Flaring < 1 T/D Sulphur,10-20-018-15W4M,0.0,25.86,112.67,68.01,0.0
ABGP0001175,19.82,1.71,0.0,0.0,0.0,0.0,0.0,0.0,Gas Plant Sweet,04-06-047-15W4M,0.0,0.91,16.29,0.0,0.0
ABGP0001176,261.56,223.62,0.0,0.0,0.0,0.0,4.12,0.0,Gas Plant Sweet,10-24-026-23W4M,0.0,5.35,37.93,0.0,0.0
ABGP0001177,13458.19,13622.46,0.0,0.0,0.0,28.97,38.47,0.0,Gas Plant Sweet,10-05-022-18W4M,0.0,47.96,17.89,6.61,0.0
ABGP0001178,2499.82,2122.87,0.0,0.0,0.0,0.0,0.0,0.0,Gas Plant Sweet,05-01-029-12W4M,0.0,21.42,265.66,0.0,0.0
ABGP0001179,2324.46,2221.8,0.0,0.0,0.0,0.0,0.0,0.0,Gas Plant Acid Gas Flaring > 1 T/D Sulphur,13-14-044-17W4M,0.0,0.0,0.0,0.0,0.0
ABGP0001180,199.93,199.93,0.0,0.0,0.0,0.0,0.0,0.0,Gas Plant Sweet,16-26-029-04W4M,0.0,0.0,0.68,0.0,0.0
ABGP0001181,457.32,259.45,0.0,0.0,0.0,3.71,8.35,0.0,Gas Plant Sweet,10-30-036-27W4M,0.0,13.89,120.78,0.0,0.0
ABGP0001182,1469.09,1228.61,0.0,0.0,0.0,0.0,0.0,0.0,Gas Plant Sweet,08-25-031-14W4M,0.0,2.62,175.09,0.0,0.0
ABGP0001183,248.03,235.31,0.0,0.0,0.0,0.0,0.0,0.0,Gas Plant Sweet,06-10-023-14W4M,0.0,0.0,0.0,0.0,12.71
ABGP0001184,12673.75,10660.36,51.48,1274.31,1750.41,0.0,0.0,0.0,Gas Plant Sweet,09-10-074-11W6M,0.0,871.47,1035.18,24.72,0.0
ABGP0001185,6033.57,5555.0,0.0,0.0,0.0,91.15,361.13,0.0,Gas Plant Sweet,12-10-031-24W4M,0.0,496.23,391.54,0.8,0.0
ABGP0001186,721.79,557.63,0.0,0.0,0.0,0.0,41.01,0.0,Gas Plant Sweet,16-19-038-01W5M,0.0,55.25,74.62,0.0,0.0
ABGP0001187,588.58,560.44,0.0,0.0,0.0,0.0,0.0,0.0,Gas Plant Sweet,04-03-028-03W4M,0.0,0.0,20.01,0.0,8.12
ABGP0001188,,,,,,,,,Gas Plant Sweet,13-26-061-08W5M,,,,,
ABGP0001189,0.0,0.0,0.0,0.0,0.0,4.3,0.0,0.0,Gas Plant Sweet,13-25-037-03W5M,0.0,0.0,0.0,0.0,0.0
ABGP0001190,193.32,74.96,0.0,0.0,0.0,0.0,0.0,0.0,Gas Plant Sweet,04-36-047-04W5M,0.0,9.23,0.0,45.11,64.02
ABGP0001191,6001.67,5352.79,0.0,0.0,0.0,33.23,94.56,0.0,Gas Plant Acid Gas Injection,12-19-012-18W4M,0.0,155.61,657.31,0.0,0.0
ABGP0001192,1253.1,442.69,0.0,0.0,0.0,35.44,212.25,0.0,Gas Plant Acid Gas Flaring < 1 T/D Sulphur,01-08-070-10W5M,153.33,301.31,310.77,122.46,0.0
ABGP0001193,442.12,334.81,0.0,0.0,0.0,2.68,0.0,0.0,Gas Plant Sweet,15-11-043-09W4M,0.0,3.08,88.29,0.0,0.0
ABGP0001194,126.56,107.88,0.0,0.0,0.0,0.0,0.0,0.0,Gas Plant Acid Gas Flaring < 1 T/D Sulphur,02-16-042-12W4M,0.0,0.0,23.92,0.46,0.0
ABGP0001195,15.38,14.35,0.0,0.0,0.0,0.0,0.0,0.0,Gas Plant Sweet,07-05-026-12W4M,0.0,0.0,3.53,0.0,0.0
ABGP0001196,152.31,152.31,0.0,0.0,0.0,0.0,0.0,0.0,Gas Plant Sweet,11-20-056-23W4M,0.0,0.0,0.0,0.0,0.0
ABGP0001197,494.29,399.41,0.0,0.0,0.0,0.0,19.19,0.0,Gas Plant Sweet,04-16-033-07W4M,0.0,25.78,83.46,0.0,0.0
ABGP0001198,1749.56,1084.05,0.0,0.0,0.0,1.93,0.0,0.0,Gas Plant Acid Gas Flaring < 1 T/D Sulphur,06-30-015-21W4M,0.0,256.54,168.26,0.0,240.71
ABGP0001199,,,,,,,,,Gas Plant Sweet,01-01-060-11W5M,,,,,
ABGP0001200,,,,,,,,,Gas Plant Acid Gas Injection,16-19-077-10W6M,,,,,
ABGP0001201,8319.11,7937.71,0.0,0.0,0.0,0.0,223.15,0.0,Gas Plant Sweet,07-34-054-14W5M,0.0,760.52,444.05,0.46,0.0
ABGP0001202,0.0,0.0,0.0,0.0,0.0,3.41,0.0,0.0,Gas Plant Acid Gas Flaring > 1 T/D Sulphur,15-13-086-13W6M,0.0,0.0,0.0,0.0,0.0
ABGP0001203,0.0,0.0,0.0,0.0,0.0,4.57,0.0,0.0,Gas Plant Sweet,11-20-035-17W4M,0.0,0.0,0.0,0.0,0.0
ABGP0001204,781.4,635.43,0.0,0.0,0.0,0.0,6.08,0.0,Gas Plant Acid Gas Flaring > 1 T/D Sulphur,01-17-042-13W4M,0.0,32.14,95.82,0.0,18.01
ABGP0001205,,,,,,,,,Gas Plant Sweet,11-20-039-23W4M,,,,,
ABGP0001206,0.0,0.0,0.0,0.0,0.0,135.32,268.56,82.31,Gas Plant Sulphur Recovery,16-33-054-15W5M,0.0,0.0,0.0,0.0,0.0
ABGP0001207,13.67,11.28,0.0,0.0,0.0,0.0,0.14,0.0,Gas Plant Sweet,06-21-040-02W5M,0.0,0.23,0.0,0.0,2.16
ABGP0001209,,,,,,,,,Gas Plant Sweet,07-13-030-02W5M,,,,,
ABGP0001210,40.67,29.62,0.0,0.0,0.0,0.0,0.0,0.0,Gas Plant Sweet,16-05-035-26W4M,0.0,0.0,3.19,0.0,0.0
ABGP0001211,238.09,178.85,0.0,0.0,0.0,0.0,0.0,0.0,Gas Plant Sweet,12-23-043-11W4M,0.0,0.0,30.19,0.0,0.0
ABGP0001212,,,,,,,,,Gas Plant Sweet,11-09-044-24W4M,,,,,
ABGP0001213,2284.06,2087.32,0.0,0.0,0.0,0.0,0.0,0.0,Gas Plant Sweet,05-15-033-13W4M,0.0,1.03,219.18,0.0,0.0
ABGP0001214,407.83,406.46,0.0,0.0,0.0,0.0,0.0,0.0,Gas Plant Sweet,15-22-048-02W5M,0.0,0.0,1.37,0.0,0.0
ABGP0001215,3353.18,2909.24,0.0,0.0,0.0,5.52,32.93,0.0,Gas Plant Acid Gas Flaring < 1 T/D Sulphur,16-21-022-25W4M,0.0,45.34,219.29,2.85,0.0
ABGP0001216,425.83,435.17,0.0,0.0,0.0,0.0,0.0,0.0,Gas Plant Sweet,09-16-057-03W5M,0.0,0.0,15.27,0.0,0.0
ABGP0001217,525.16,419.22,0.0,0.0,0.0,0.02,25.03,0.0,Gas Plant Sweet,11-10-056-11W5M,0.0,32.81,71.54,0.0,0.0
ABGP0001218,499.82,404.47,0.0,0.0,0.0,0.0,6.13,0.0,Gas Plant Sweet,11-29-030-09W4M,0.0,7.65,81.34,0.0,0.0
ABGP0001219,1444.96,967.86,0.0,0.0,0.0,8.31,1.41,0.0,Gas Plant Sulphur Recovery,13-12-116-06W6M,169.86,11.65,98.76,0.0,28.49
ABGP0001220,15669.69,14614.46,0.0,0.0,0.0,0.0,0.0,0.0,Gas Plant Sweet,12-07-041-22W4M,0.0,0.0,1008.29,0.0,0.0
ABGP0001221,2.85,0.0,0.0,0.0,0.0,3.0,0.0,0.0,Gas Plant Sweet,06-19-039-19W4M,0.0,0.0,0.0,0.0,0.0
ABGP0001222,2230.59,2177.74,0.0,0.0,0.0,0.0,0.0,0.0,Gas Plant Sweet,07-16-062-08W6M,0.0,16.83,5.65,47.67,0.0
ABGP0001223,18.0,17.32,0.0,0.0,0.0,0.0,0.0,0.0,Gas Plant Sweet,06-34-051-23W4M,0.0,1.94,0.0,0.0,0.0
ABGP0001224,167.12,112.44,0.0,0.0,0.0,3.61,1.62,0.0,Gas Plant Sweet,06-16-038-04W5M,0.0,5.24,49.9,0.0,0.0
ABGP0001225,1159.12,897.33,0.0,0.0,0.0,0.0,109.74,0.0,Gas Plant Sweet,08-24-063-10W5M,0.0,156.64,146.5,0.0,45.57
ABGP0001226,1020.25,853.25,0.0,0.0,0.0,0.0,0.0,0.0,Gas Plant Sweet,11-35-034-27W4M,0.0,9.0,71.65,0.34,0.0
ABGP0001227,3376.99,3053.35,0.0,0.0,0.0,1.01,90.15,0.0,Gas Plant Sweet,10-08-041-01W5M,0.0,124.51,191.38,0.0,0.0
ABGP0001228,0.0,0.0,0.0,0.0,0.0,1.58,0.02,0.0,Gas Plant Sweet,16-21-033-01W5M,0.0,0.0,0.0,0.0,0.0
ABGP0001229,3049.77,2802.69,0.0,0.0,0.0,0.0,0.0,0.0,Gas Plant Sweet,14-29-074-25W4M,0.0,0.0,216.24,0.0,0.0
ABGP0001230,1548.19,1400.23,0.0,0.0,0.0,0.0,0.0,0.0,Gas Plant Sweet,08-10-042-22W4M,0.0,0.0,94.17,6.12,0.0
ABGP0001231,5756.63,5079.84,0.0,0.0,0.0,57.75,212.37,0.0,Gas Plant Sweet,13-05-034-03W5M,0.0,290.49,229.32,0.0,0.0
ABGP0001232,1262.26,1138.78,0.0,0.0,0.0,2.94,0.0,0.0,Gas Plant Acid Gas Flaring < 1 T/D Sulphur,13-17-040-09W4M,0.0,3.41,115.01,0.0,0.0
ABGP0001233,4832.53,4305.54,0.0,0.0,0.0,55.84,163.31,0.0,Gas Plant Sweet,06-31-032-24W4M,0.0,218.72,139.09,0.8,0.0
ABGP0001234,0.0,0.0,0.0,0.0,0.0,24.74,42.68,0.0,Gas Plant Sweet,01-13-030-05W4M,0.0,0.0,0.0,0.0,0.0
ABGP0001235,,,,,,,,,Gas Plant Sweet,14-35-029-24W4M,,,,,
ABGP0001236,,,,,,,,,Gas Plant Sweet,06-03-029-23W4M,,,,,
ABGP0001237,24.97,24.97,0.0,0.0,0.0,0.09,0.0,0.0,Gas Plant Sweet,04-31-030-02W4M,0.0,0.13,0.0,0.0,0.0
ABGP0001238,6644.74,5912.93,0.0,0.0,0.0,0.0,0.0,0.0,Gas Plant Acid Gas Injection,04-35-094-02W6M,0.0,126.56,409.31,41.92,154.02
ABGP0001239,665.28,552.73,0.0,0.0,0.0,0.0,0.0,0.0,Gas Plant Sweet,05-26-030-04W4M,0.0,0.8,81.34,0.0,0.0
ABGP0001240,1037.54,1032.25,0.0,0.0,0.0,0.0,0.0,0.0,Gas Plant Acid Gas Flaring < 1 T/D Sulphur,08-12-044-21W4M,0.0,0.0,53.09,0.0,0.0
ABGP0001241,,,,,,,,,Gas Plant Sweet,07-28-040-26W4M,,,,,
ABGP0001242,1401.42,1154.33,0.0,0.0,0.0,0.0,31.5,0.0,Gas Plant Sweet,10-29-053-10W5M,0.0,51.15,183.86,0.0,0.0
ABGP0001243,8.66,0.0,0.0,0.0,0.0,0.0,0.0,0.0,Gas Plant Acid Gas Injection,02-35-094-02W6M,0.0,0.0,8.66,0.0,0.0
ABGP0001244,0.0,0.0,0.0,0.0,0.0,0.0,8.3,0.0,Gas Plant Acid Gas Flaring > 1 T/D Sulphur,11-16-044-18W4M,0.0,0.0,0.0,0.0,0.0
ABGP0001245,2987.96,2789.63,0.0,0.0,0.0,0.0,0.0,0.0,Gas Plant Sweet,11-16-031-23W4M,0.0,0.0,198.33,0.0,0.0
ABGP0001246,80.88,80.88,0.0,0.0,0.0,2.25,0.0,0.0,Gas Plant Sweet,06-36-040-03W5M,0.0,2.62,0.0,0.0,0.0
ABGP0001247,792.99,643.07,0.0,0.0,0.0,0.0,23.89,0.0,Gas Plant Sweet,16-15-053-18W5M,0.0,32.12,123.26,0.0,0.0
ABGP0001248,181.87,133.69,0.0,0.0,0.0,0.0,0.0,0.0,Gas Plant Sweet,10-19-054-26W4M,0.0,0.0,26.36,0.0,0.0
ABGP0001249,14181.23,12047.43,0.0,0.0,0.0,157.75,584.71,0.0,Gas Plant Sweet,07-07-051-11W5M,0.0,929.23,652.87,17.43,0.0
ABGP0001250,941.76,843.68,0.0,0.0,0.0,0.0,0.0,0.0,Gas Plant Sweet,02-20-034-03W5M,0.0,90.22,29.73,0.0,0.0
ABGP0001251,311.68,242.76,0.0,0.0,0.0,0.0,0.0,0.0,Gas Plant Sweet,11-20-074-23W4M,0.0,0.0,32.92,0.0,0.0
ABGP0001252,227.96,219.93,0.0,0.0,0.0,0.0,0.0,0.0,Gas Plant Sweet,16-31-037-02W4M,0.0,0.0,0.0,0.0,0.0
ABGP0001253,213.3,169.63,0.0,0.0,0.0,0.36,0.0,0.0,Gas Plant Acid Gas Flaring < 1 T/D Sulphur,05-27-040-10W4M,0.0,0.47,30.14,0.0,13.07
ABGP0001254,20934.19,20012.59,0.0,0.0,0.0,6.54,186.92,0.0,Gas Plant Sweet,05-31-033-07W5M,0.0,721.67,92.73,42.95,0.0
ABGP0001256,13571.31,13380.38,0.0,0.0,0.0,112.4,307.94,0.0,Gas Plant Sweet,10-28-015-15W4M,0.0,409.42,144.9,0.0,0.0
ABGP0001257,,,,,,,,,Gas Plant Sweet,10-35-015-16W4M,,,,,
ABGP0001259,,,,,,,,,Gas Plant Sweet,06-07-033-08W4M,,,,,
ABGP0001260,464.39,383.05,0.0,0.0,0.0,1.36,0.0,0.0,Gas Plant Acid Gas Flaring < 1 T/D Sulphur,13-24-060-26W4M,0.0,1.53,76.4,3.18,0.0
ABGP0001261,335.94,326.6,0.0,0.0,0.0,0.0,0.0,0.0,Gas Plant Sweet,05-24-047-05W4M,0.0,0.0,0.57,0.0,0.0
ABGP0001262,,,,,,,,,Gas Plant Sweet,06-25-023-16W4M,,,,,
ABGP0001263,4302.15,0.0,0.0,0.0,0.0,9.67,0.0,0.0,Gas Plant Sweet,03-31-044-27W4M,0.0,138.08,191.05,0.0,3973.02
ABGP0001264,,,,,,,,,Gas Plant Sweet,10-06-042-22W4M,,,,,
ABGP0001265,1298.55,1249.46,0.0,0.0,0.0,0.0,27.38,0.0,Gas Plant Sweet,11-27-048-16W5M,0.0,32.47,31.67,3.65,0.0
ABGP0001266,821.12,840.6,0.0,0.0,0.0,0.0,0.0,0.0,Gas Plant Sweet,04-13-065-24W5M,0.0,0.0,0.0,0.0,0.0
ABGP0001267,6774.83,5879.09,0.0,0.0,0.0,58.97,210.26,0.0,Gas Plant Sweet,14-18-054-12W5M,0.0,287.99,466.84,14.13,0.0
ABGP0001268,29039.7,27974.34,0.0,0.0,0.0,161.87,482.97,0.0,Gas Plant Sulphur Recovery,16-11-054-15W5M,0.0,938.91,277.05,0.0,0.0
ABGP0001269,0.0,0.0,0.0,0.0,0.0,0.0,3.31,0.0,Gas Plant Acid Gas Flaring < 1 T/D Sulphur,11-27-046-21W4M,0.0,0.0,0.0,0.0,0.0
ABGP0001270,753.91,711.19,0.0,0.0,0.0,0.0,0.0,0.0,Gas Plant Acid Gas Flaring < 1 T/D Sulphur,11-16-082-07W6M,0.0,0.0,45.8,5.92,0.0
ABGP0001271,1019.42,987.4,0.0,0.0,0.0,0.0,0.0,0.0,Gas Plant Sweet,13-05-039-08W4M,0.0,0.0,1.18,3.3,27.55
ABGP0001272,589.64,411.81,0.0,0.0,0.0,0.0,0.0,0.0,Gas Plant Sweet,06-01-031-14W4M,0.0,0.0,149.46,0.0,0.0
ABGP0001273,1831.65,1614.94,0.0,0.0,0.0,0.0,0.0,0.0,Gas Plant Sweet,11-24-041-21W4M,0.0,0.0,216.6,0.0,0.0
ABGP0001274,845.62,837.98,0.0,0.0,0.0,0.0,0.0,0.0,Gas Plant Sweet,04-30-027-11W4M,0.0,0.0,0.0,0.0,7.63
ABGP0001275,353.39,303.1,0.0,0.0,0.0,0.0,0.0,0.0,Gas Plant Acid Gas Injection,10-27-042-13W4M,0.0,0.0,23.02,0.0,27.28
ABGP0001276,1291.15,1057.16,0.0,0.0,0.0,0.0,0.0,0.0,Gas Plant Acid Gas Flaring < 1 T/D Sulphur,15-29-070-24W4M,0.0,4.9,211.09,0.11,0.0
ABGP0001277,242.65,91.02,0.0,0.0,0.0,2.07,11.25,0.0,Gas Plant Sweet,02-34-038-16W4M,0.0,15.61,100.25,0.0,0.0
ABGP0001278,174.64,171.9,0.0,0.0,0.0,4.22,1.81,0.0,Gas Plant Sweet,14-36-038-27W4M,0.0,3.42,1.82,0.0,0.0
ABGP0001279,2782.8,2782.8,0.0,0.0,0.0,0.0,0.0,0.0,Gas Plant Sweet,10-22-061-20W5M,0.0,0.0,0.0,0.0,0.0
ABGP0001280,131.35,57.07,0.0,0.0,0.0,2.52,0.0,0.0,Gas Plant Acid Gas Flaring > 1 T/D Sulphur,03-28-041-12W4M,0.0,0.0,95.81,15.38,0.0
ABGP0001281,677.02,618.8,0.0,0.0,0.0,0.0,0.0,0.0,Gas Plant Sweet,04-05-044-09W4M,0.0,4.21,84.19,0.0,0.0
ABGP0001282,480.75,450.14,0.0,0.0,0.0,0.0,0.0,0.0,Gas Plant Sweet,14-11-039-16W4M,0.0,0.0,49.79,0.0,0.0
ABGP0001283,307.24,226.58,0.0,0.0,0.0,0.0,0.0,0.0,Gas Plant Acid Gas Flaring < 1 T/D Sulphur,05-20-049-25W4M,0.0,17.66,19.59,0.0,43.4
ABGP0001284,,,,,,,,,Gas Plant Sweet,02-02-037-13W4M,,,,,
ABGP0001285,7129.8,6539.93,0.0,0.0,0.0,26.61,64.59,0.0,Gas Plant Sweet,05-03-038-13W4M,0.0,99.45,212.8,1.71,0.0
ABGP0001286,,,,,,,,,Gas Plant Sweet,07-31-093-01W6M,,,,,
ABGP0001287,302.11,170.19,0.0,0.0,0.0,0.0,0.0,0.0,Gas Plant Acid Gas Injection,10-19-066-24W4M,0.0,0.0,55.71,3.3,72.91
ABGP0001288,279.1,226.84,0.0,0.0,0.0,0.0,0.0,0.0,Gas Plant Sweet,07-08-080-12W6M,0.0,0.94,0.94,0.0,50.38
ABGP0001289,8.89,8.89,0.0,0.0,0.0,0.0,0.0,0.0,Gas Plant Sweet,06-24-039-09W5M,0.0,0.0,0.0,0.0,0.0
ABGP0001290,100.46,77.33,0.0,0.0,0.0,0.0,0.0,0.0,Gas Plant Sweet,07-13-094-03W6M,0.0,0.0,16.32,0.0,0.0
ABGP0001291,935.01,932.78,0.0,0.0,0.0,0.0,0.0,0.0,Gas Plant Sweet,11-17-029-04W4M,0.0,0.0,47.2,0.0,0.0
ABGP0001292,322938.69,317654.48,0.0,0.0,0.0,0.0,0.0,0.0,Gas Plant Sweet,16-36-067-09W6M,0.0,2033.78,500.33,27.0,0.0
ABGP0001293,1473.08,1313.93,0.0,0.0,0.0,0.0,0.0,0.0,Gas Plant Acid Gas Flaring > 1 T/D Sulphur,13-36-066-27W4M,0.0,0.0,155.84,16.86,0.0
ABGP0001294,89.31,99.11,0.0,0.0,0.0,0.0,0.0,0.0,Gas Plant Acid Gas Flaring < 1 T/D Sulphur,06-20-040-16W4M,0.0,13.44,14.35,0.0,0.0
ABGP0001295,290.38,0.0,0.0,0.0,0.0,0.0,0.0,0.0,Gas Plant Sweet,15-18-040-18W4M,0.0,0.0,273.4,0.0,0.0
ABGP0001296,20907.53,19737.14,0.0,0.0,0.0,76.79,404.25,16.47,Gas Plant Sulphur Recovery,07-02-074-04W6M,0.0,1046.23,293.68,143.88,82.36
ABGP0001297,747.53,599.78,0.0,0.0,0.0,0.0,0.0,0.0,Gas Plant Acid Gas Flaring < 1 T/D Sulphur,01-22-041-08W4M,0.0,3.19,88.63,0.0,55.93
ABGP0001298,2342.84,2032.07,0.0,0.0,0.0,22.84,34.94,0.0,Gas Plant Sweet,03-30-037-02W4M,0.0,43.74,220.66,5.35,0.0
ABGP0001299,1392.54,1138.04,0.0,0.0,0.0,23.77,106.27,0.0,Gas Plant Sweet,04-02-033-25W4M,0.0,148.44,15.49,1.59,0.0
ABGP0001300,35.43,35.43,0.0,0.0,0.0,0.0,0.0,0.0,Gas Plant Sweet,10-26-026-11W4M,0.0,0.0,3.65,0.0,0.0
ABGP0001303,3470.8,4141.53,0.0,0.0,0.0,0.0,0.0,0.0,Gas Plant Sweet,10-29-106-05W6M,0.0,3.03,33.17,0.13,0.0
ABGP0001304,1902.96,1839.52,0.0,0.0,0.0,0.0,0.0,0.0,Gas Plant Acid Gas Flaring > 1 T/D Sulphur,11-33-104-05W6M,0.0,1.39,106.7,0.13,0.0
ABGP0001305,435.97,312.71,0.0,0.0,0.0,0.0,0.0,0.0,Gas Plant Acid Gas Injection,08-18-068-23W4M,0.0,20.39,75.76,9.11,0.0
ABGP0001306,235.67,212.48,0.0,0.0,0.0,0.0,0.0,0.0,Gas Plant Acid Gas Flaring < 1 T/D Sulphur,05-14-067-02W5M,0.0,0.0,23.07,0.12,0.0
ABGP0001307,2143.98,0.0,0.0,0.0,0.0,0.0,53.44,0.0,Gas Plant Sweet,14-11-045-27W4M,0.0,72.65,128.77,0.0,0.0
ABGP0001308,1388.66,1041.21,0.0,0.0,0.0,20.4,0.0,0.0,Gas Plant Sweet,07-09-030-12W4M,0.0,23.58,37.14,35.2,0.0
ABGP0001309,1412.94,1228.13,0.0,0.0,0.0,0.19,0.0,0.0,Gas Plant Acid Gas Flaring < 1 T/D Sulphur,16-20-080-24W5M,0.0,20.6,174.34,1.41,0.0
ABGP0001310,,,,,,,,,Gas Plant Acid Gas Flaring > 1 T/D Sulphur,11-11-026-15W4M,,,,,
ABGP0001311,289.12,210.98,0.0,0.0,0.0,0.0,0.0,0.0,Gas Plant Sweet,09-32-025-15W4M,0.0,4.21,16.97,0.0,0.0
ABGP0001312,260.3,225.79,0.0,0.0,0.0,0.0,0.0,0.0,Gas Plant Sweet,15-07-108-06W6M,0.0,0.0,34.18,0.0,0.0
ABGP0001313,,,,,,,,,Gas Plant Sweet,15-08-070-23W5M,,,,,
ABGP0001314,551.93,465.13,0.0,0.0,0.0,0.0,0.0,0.0,Gas Plant Sweet,02-36-031-14W4M,0.0,2.85,38.39,0.0,45.57
ABGP0001315,4053.67,3713.96,0.0,0.0,0.0,16.34,35.46,0.0,Gas Plant Sweet,09-16-037-22W4M,0.0,47.85,277.73,1.59,0.0
ABGP0001316,520.3,404.82,0.0,0.0,0.0,0.0,0.0,0.0,Gas Plant Sweet,09-07-082-05W6M,0.0,4.36,85.11,0.0,0.0
ABGP0001317,275.68,275.34,0.0,0.0,0.0,0.0,0.0,0.0,Gas Plant Sweet,06-24-040-24W4M,0.0,0.0,0.0,0.0,0.0
ABGP0001318,,,,,,,,,Gas Plant Sweet,04-03-038-13W4M,,,,,
ABGP0001319,117.91,89.43,0.0,0.0,0.0,0.0,0.0,0.0,Gas Plant Acid Gas Injection,01-32-061-22W4M,0.0,0.0,20.62,0.0,0.0
ABGP0001320,0.0,0.0,0.0,0.0,0.0,0.0,1.22,0.0,Gas Plant Sweet,06-33-023-18W4M,0.0,0.0,0.0,0.0,0.0
ABGP0001321,94.89,71.88,0.0,0.0,0.0,0.0,0.0,0.0,Gas Plant Acid Gas Flaring > 1 T/D Sulphur,03-23-046-02W5M,0.0,0.57,14.35,0.0,8.09
ABGP0001322,1.25,1.25,0.0,0.0,0.0,0.0,0.0,0.0,Gas Plant Sweet,09-01-083-10W6M,0.0,0.0,0.0,0.0,0.0
ABGP0001323,6733.59,6634.94,0.0,0.0,0.0,0.0,0.0,0.0,Gas Plant Acid Gas Flaring < 1 T/D Sulphur,14-34-065-24W4M,0.0,0.0,393.59,0.0,0.0
ABGP0001324,1084.73,956.8,0.0,0.0,0.0,0.0,0.0,0.0,Gas Plant Sweet,06-25-054-21W5M,0.0,0.0,64.36,5.47,58.1
ABGP0001325,,,,,,,,,Gas Plant Sweet,04-25-051-15W4M,,,,,
ABGP0001326,2800.68,2623.54,0.0,0.0,0.0,0.0,46.73,0.0,Gas Plant Sweet,11-22-060-19W5M,0.0,60.72,148.32,2.85,0.0
ABGP0001327,1451.67,1322.3,0.0,0.0,0.0,0.0,0.0,0.0,Gas Plant Sweet,05-22-041-25W4M,0.0,0.0,99.71,20.95,0.0
ABGP0001328,2387.73,2068.53,0.0,0.0,0.0,21.72,69.2,0.0,Gas Plant Sweet,10-16-055-13W5M,0.0,171.56,142.28,0.23,0.0
ABGP0001329,14369.31,13630.55,0.0,0.0,0.0,0.0,0.0,0.0,Gas Plant Sweet,10-07-028-23W4M,0.0,0.0,123.26,0.0,615.5
ABGP0001330,1747.28,1747.28,0.0,0.0,0.0,0.0,0.0,0.0,Gas Plant Sweet,05-28-067-22W4M,0.0,0.0,113.01,0.0,0.0
ABGP0001331,0.35,0.35,0.0,0.0,0.0,0.0,0.0,0.0,Gas Plant Sweet,13-12-026-02W4M,0.0,0.0,0.0,0.0,0.0
ABGP0001332,856.25,821.07,0.0,0.0,0.0,1.21,0.0,0.0,Gas Plant Sweet,08-21-029-09W4M,0.0,1.39,105.82,1.77,0.0
ABGP0001333,1478.55,0.0,0.0,0.0,0.0,0.0,0.0,0.0,Gas Plant Sweet,16-12-038-25W4M,0.0,0.0,24.38,0.0,1454.17
ABGP0001334,2629.53,2187.74,0.0,0.0,0.0,0.0,0.0,0.0,Gas Plant Acid Gas Flaring < 1 T/D Sulphur,02-03-035-05W4M,0.0,18.25,176.46,0.0,0.0
ABGP0001335,1405.41,1405.41,0.0,0.0,0.0,0.0,0.0,0.0,Gas Plant Sweet,09-34-060-18W5M,0.0,0.0,0.0,0.0,0.0
ABGP0001336,379.92,330.14,0.0,0.0,0.0,4.04,5.24,0.0,Gas Plant Sweet,10-04-032-23W4M,0.0,11.96,10.37,0.0,27.45
ABGP0001337,0.0,0.0,0.0,0.0,0.0,2.48,0.0,0.0,Gas Plant Acid Gas Flaring < 1 T/D Sulphur,10-36-059-13W5M,0.0,0.0,0.0,0.0,0.0
ABGP0001338,772.21,621.54,0.0,0.0,0.0,0.0,25.0,0.0,Gas Plant Sweet,10-17-075-10W6M,0.0,32.14,67.57,25.43,0.0
ABGP0001339,280.63,226.48,0.0,0.0,0.0,0.0,10.53,0.0,Gas Plant Sweet,06-19-027-12W4M,0.0,14.01,54.15,0.0,0.0
ABGP0001340,8344.63,7383.38,0.0,0.0,0.0,0.0,0.0,0.0,Gas Plant Sweet,01-13-054-19W5M,0.0,64.02,470.37,2.96,0.0
ABGP0001341,,,,,,,,,Gas Plant Sweet,01-04-062-21W5M,,,,,
ABGP0001343,2729.14,2701.23,0.0,0.0,0.0,0.0,0.0,0.0,Gas Plant Sweet,04-19-072-11W6M,0.0,27.68,17.89,12.64,0.0
ABGP0001344,5143.07,5288.66,0.0,0.0,0.0,0.0,0.0,0.0,Gas Plant Sweet,01-24-028-24W4M,0.0,4.21,74.62,0.0,0.0
ABGP0001345,0.0,0.0,0.0,0.0,0.0,5.06,0.0,0.0,Gas Plant Sweet,01-19-035-21W4M,0.0,0.0,0.0,0.0,0.0
ABGP0001346,384.59,384.59,0.0,0.0,0.0,0.0,0.0,0.0,Gas Plant Sweet,10-18-065-23W5M,0.0,0.0,0.0,0.0,0.0
ABGP0001347,,,,,,,,,Gas Plant Acid Gas Injection,11-14-039-07W4M,,,,,
ABGP0001348,1646.8,1595.08,0.0,0.0,0.0,0.0,44.13,0.0,Gas Plant Sweet,16-22-035-21W4M,0.0,54.45,192.86,0.0,0.0
ABGP0001350,125819.76,111272.74,0.0,0.0,0.0,0.0,4606.16,0.0,Gas Plant Sweet,01-08-070-11W6M,0.0,10477.97,4443.5,597.96,0.0
ABGP0001351,362540.44,327974.11,0.0,0.0,0.0,0.0,21202.49,0.0,Gas Plant Sweet,04-08-069-08W6M,0.0,32429.91,5632.46,253.01,0.0
ABGP0001352,696.5,556.6,0.0,0.0,0.0,0.0,0.0,0.0,Gas Plant Sweet,02-07-067-26W4M,0.0,0.0,134.2,0.0,0.0
ABGP0001353,5462.49,4489.06,0.0,0.0,0.0,40.4,195.79,0.0,Gas Plant Sweet,14-20-038-07W5M,0.0,272.95,383.33,6.84,0.0
ABGP0001354,12.99,10.25,0.0,0.0,0.0,0.0,0.0,0.0,Gas Plant Sweet,10-02-079-08W6M,0.0,0.0,0.8,0.0,0.0
ABGP0001355,1134.31,989.87,0.0,0.0,0.0,3.5,0.0,0.0,Gas Plant Sweet,05-13-077-26W5M,0.0,4.0,97.23,4.0,0.0
ABGP0001356,372.63,0.0,0.0,0.0,0.0,0.0,0.0,0.0,Gas Plant Acid Gas Injection,10-21-040-09W4M,0.0,11.28,24.26,1.82,335.26
ABGP0001357,7758.98,7017.97,0.0,0.0,0.0,0.0,458.06,0.0,Gas Plant Acid Gas Flaring > 1 T/D Sulphur,10-07-051-09W5M,0.0,711.94,86.64,76.04,0.0
ABGP0001358,17682.29,17078.41,0.0,0.0,0.0,0.0,0.0,0.0,Gas Plant Sweet,16-07-024-16W4M,0.0,0.0,0.0,0.0,0.0
ABGP0001359,377.3,0.0,0.0,0.0,0.0,0.0,0.0,0.0,Gas Plant Acid Gas Flaring < 1 T/D Sulphur,09-16-051-11W5M,0.0,16.29,34.63,32.01,294.36
ABGP0001360,69769.58,59446.08,0.0,0.0,0.0,0.0,0.0,154.04,Gas Plant Sulphur Recovery,15-02-049-20W5M,0.11,6528.09,4555.14,150.83,51.95
ABGP0001361,128.61,114.03,0.0,0.0,0.0,0.0,0.0,0.0,Gas Plant Sweet,11-36-063-19W5M,0.0,0.0,15.38,0.0,0.0
ABGP0001362,3.53,3.53,0.0,0.0,0.0,0.0,0.0,0.0,Gas Plant Sweet,07-26-022-16W4M,0.0,0.0,0.0,0.0,0.0
ABGP0001363,83.05,0.0,0.0,0.0,0.0,0.0,0.0,0.0,Gas Plant Acid Gas Flaring > 1 T/D Sulphur,03-32-045-21W4M,0.0,12.08,97.51,115.17,0.0
ABGP0001364,220.32,183.18,0.0,0.0,0.0,0.0,4.95,0.0,Gas Plant Sweet,07-18-078-02W6M,0.0,6.04,28.94,0.0,0.0
ABGP0001365,68.39,68.39,0.0,0.0,0.0,0.27,0.0,0.0,Gas Plant Acid Gas Flaring > 1 T/D Sulphur,13-14-042-16W4M,0.0,0.35,0.0,0.0,0.0
ABGP0001366,296.19,245.38,0.0,0.0,0.0,0.0,0.0,0.0,Gas Plant Sweet,13-09-033-08W4M,0.0,0.0,28.48,0.0,22.33
ABGP0001367,,,,,,,,,Gas Plant Sweet,09-02-026-07W5M,,,,,
ABGP0001368,14.95,0.0,0.0,0.0,0.0,3.84,11.47,0.0,Gas Plant Sweet,05-04-049-01W5M,0.0,15.3,0.0,0.0,0.0
ABGP0001369,0.0,0.0,0.0,0.0,0.0,0.0,3.9,0.0,Gas Plant Sweet,07-14-050-22W4M,0.0,4.78,0.0,0.0,0.0
ABGP0001370,12563.48,12041.96,0.0,0.0,0.0,130.51,434.84,0.0,Gas Plant Sweet,16-35-048-12W5M,0.0,667.33,434.48,3.87,0.0
ABGP0001371,,,,,,,,,Gas Plant Sweet,10-11-066-22W5M,,,,,
ABGP0001372,54031.21,7717.96,0.0,0.0,0.0,0.0,0.0,0.0,Gas Plant Sweet,04-31-048-12W5M,45089.65,1167.55,372.4,0.0,0.0
ABGP0001373,23.9,23.9,0.0,0.0,0.0,0.0,0.0,0.0,Gas Plant Sweet,07-14-047-26W4M,0.0,0.0,0.0,0.0,0.0
ABGP0001374,14128.26,11344.09,0.0,0.0,0.0,0.0,871.46,0.22,Gas Plant Sulphur Recovery,01-11-035-06W5M,0.0,1304.36,748.33,42.04,0.0
ABGP0001375,,,,,,,,,Gas Plant Sweet,04-06-047-12W5M,,,,,
ABGP0001376,6452.22,5718.92,0.0,0.0,0.0,46.02,101.64,0.0,Gas Plant Sweet,10-25-045-09W5M,0.0,186.14,163.24,0.23,383.68
ABGP0001377,4494.19,4487.81,0.0,0.0,0.0,24.36,79.35,0.0,Gas Plant Acid Gas Flaring < 1 T/D Sulphur,10-14-039-03W5M,4197.09,107.99,155.73,5.81,0.0
ABGP0001378,,,,,,,,,Gas Plant Acid Gas Flaring < 1 T/D Sulphur,07-20-040-10W4M,,,,,
ABGP0001379,18207.21,17416.51,0.0,0.0,0.0,189.07,513.46,0.0,Gas Plant Sweet,01-34-040-09W5M,0.0,685.1,487.57,1.94,0.0
ABGP0001380,9416.83,8397.94,0.0,0.0,0.0,0.69,201.35,0.0,Gas Plant Sweet,01-24-096-05W6M,0.0,627.46,712.44,2.39,0.0
ABGP0001381,4093.99,3561.08,0.0,0.0,0.0,30.61,83.17,0.0,Gas Plant Acid Gas Flaring < 1 T/D Sulphur,10-04-051-04W5M,0.0,108.34,131.8,200.04,0.0
ABGP0001382,0.0,0.0,0.0,0.0,0.0,0.0,14.03,0.0,Gas Plant Sweet,09-08-051-09W5M,0.0,0.0,0.0,0.0,0.0
ABGP0001383,26091.61,25946.94,0.0,0.0,0.0,0.0,0.0,0.0,Gas Plant Sweet,01-29-075-09W6M,0.0,216.9,292.2,2.16,0.0
ABGP0001384,,,,,,,,,Gas Plant Sweet,08-14-044-13W4M,,,,,
ABGP0001385,1922.65,1581.86,0.0,0.0,0.0,0.0,0.0,0.0,Gas Plant Acid Gas Flaring > 1 T/D Sulphur,13-12-054-25W4M,0.0,98.17,254.03,0.0,0.0
ABGP0001386,35077.48,32756.74,0.0,0.0,0.0,280.44,1418.86,0.0,Gas Plant Sweet,13-27-042-08W5M,0.0,1973.75,484.84,28.37,0.0
ABGP0001387,8582.94,7690.74,10.7,328.89,395.7,0.0,0.0,0.0,Gas Plant Sweet,14-12-026-19W4M,0.0,601.26,275.57,30.76,0.0
ABGP0001389,827.5,2948.09,0.0,0.0,0.0,0.0,0.0,0.0,Gas Plant Sweet,06-16-039-19W4M,0.0,0.0,0.34,0.0,0.0
ABGP0001390,438.47,0.0,0.0,0.0,0.0,0.0,0.0,0.0,Gas Plant Sweet,06-09-031-01W4M,0.0,0.0,0.0,0.0,438.47
ABGP0001391,257.91,218.13,0.0,0.0,0.0,0.0,0.0,0.0,Gas Plant Sweet,04-20-096-03W6M,0.0,0.0,23.31,0.0,0.0
ABGP0001392,44622.47,43328.7,0.0,0.0,0.0,163.74,801.14,0.0,Gas Plant Sweet,12-01-049-16W5M,0.0,1600.44,628.6,74.62,0.0
ABGP0001393,407.14,409.42,0.0,0.0,0.0,0.0,0.0,0.0,Gas Plant Sweet,05-14-055-19W4M,0.0,0.57,50.58,0.0,0.0
ABGP0001394,14506.47,12716.01,0.0,0.0,0.0,104.24,545.1,0.0,Gas Plant Sweet,10-16-053-13W5M,0.0,1075.96,630.31,61.97,0.0
ABGP0001396,1919.18,1697.95,0.0,0.0,0.0,0.0,0.0,0.0,Gas Plant Acid Gas Flaring < 1 T/D Sulphur,06-15-020-27W4M,0.0,0.0,216.1,5.13,0.0
ABGP0001397,8158.94,7612.02,0.0,0.0,0.0,0.0,0.0,0.0,Gas Plant Acid Gas Flaring < 1 T/D Sulphur,01-20-070-22W4M,8.32,70.29,408.28,5.47,0.0
ABGP0001398,414.32,393.13,0.0,0.0,0.0,0.0,0.0,0.0,Gas Plant Sweet,04-17-052-18W4M,0.0,0.0,39.19,0.0,0.0
ABGP0001399,1665.37,1516.71,0.0,0.0,0.0,0.0,50.16,0.0,Gas Plant Acid Gas Flaring > 1 T/D Sulphur,10-34-042-05W5M,0.0,71.2,2.51,2.05,0.0
ABGP0001400,,,,,,,,,Gas Plant Sweet,14-08-055-03W5M,,,,,
ABGP0001401,201.86,146.16,0.0,0.0,0.0,0.0,0.0,0.0,Gas Plant Sweet,01-25-057-23W4M,0.0,0.91,40.33,0.11,0.0
ABGP0001402,17038.3,15204.33,0.0,0.0,0.0,128.94,695.0,0.0,Gas Plant Sulphur Recovery,11-22-049-12W5M,0.0,966.03,784.78,35.2,0.0
ABGP0001403,4986.31,4983.61,0.0,0.0,0.0,2.35,0.0,0.0,Gas Plant Sweet,07-16-064-21W5M,0.0,2.71,0.0,0.0,0.0
ABGP0001404,163.74,0.0,0.0,0.0,0.0,0.0,0.0,0.0,Gas Plant Sweet,02-14-077-25W5M,0.0,0.0,163.74,0.0,0.0
ABGP0001405,1617.98,1686.45,0.0,0.0,0.0,0.0,0.0,0.0,Gas Plant Sweet,07-09-054-21W5M,0.0,2.73,10.82,0.0,0.0
ABGP0001406,1.03,1.03,0.0,0.0,0.0,0.0,0.0,0.0,Gas Plant Sweet,07-21-042-12W4M,0.0,0.0,0.0,0.0,0.0
ABGP0001407,554.09,497.23,0.0,0.0,0.0,5.45,11.6,0.0,Gas Plant Sweet,13-12-038-27W4M,0.0,15.3,28.84,0.0,0.0
ABGP0001408,2195.75,2149.72,0.0,0.0,0.0,0.0,20.03,0.0,Gas Plant Sweet,14-24-036-17W4M,0.0,39.67,93.47,0.0,0.0
ABGP0001409,,,,,,,,,Gas Plant Acid Gas Flaring > 1 T/D Sulphur,11-25-042-21W4M,,,,,
ABGP0001410,26.49,0.0,0.0,0.0,0.0,0.0,0.0,0.0,Gas Plant Sweet,02-30-022-22W4M,0.0,0.82,0.0,0.0,25.66
ABGP0001411,1682.04,1298.99,0.0,0.0,0.0,0.0,0.0,0.0,Gas Plant Acid Gas Injection,08-36-086-19W4M,0.0,41.2,214.83,1.53,0.0
ABGP0001412,328.88,258.94,0.0,0.0,0.0,4.91,0.81,0.0,Gas Plant Sweet,06-28-034-15W4M,0.0,1.59,54.23,0.0,0.0
ABGP0001413,1012.51,850.74,0.0,0.0,0.0,8.12,9.2,0.0,Gas Plant Sweet,02-04-027-13W4M,0.0,11.05,108.11,0.0,0.0
ABGP0001414,8037.96,7824.36,0.0,0.0,0.0,0.0,0.0,0.0,Gas Plant Sweet,07-11-015-27W4M,0.0,50.58,136.7,0.0,0.0
ABGP0001415,,,,,,,,,Gas Plant Sulphur Recovery,06-18-006-06W4M,,,,,
ABGP0001416,,,,,,,,,Gas Plant Sweet,07-10-009-06W4M,,,,,
ABGP0001417,68939.35,68500.31,0.0,0.0,0.0,0.0,383.93,0.0,Gas Plant Acid Gas Flaring > 1 T/D Sulphur,14-14-053-20W5M,0.0,725.32,1635.64,4.44,0.0
ABGP0001418,1613.2,1347.08,0.0,0.0,0.0,0.0,26.37,0.0,Gas Plant Sweet,10-04-066-23W5M,0.0,33.26,110.96,1.25,0.0
ABGP0001419,2670.7,2486.95,0.0,0.0,0.0,0.0,0.0,0.0,Gas Plant Sweet,04-05-045-12W4M,0.0,9.11,134.2,0.0,0.0
ABGP0001420,,,,,,,,,Gas Plant Acid Gas Injection,10-23-067-24W4M,,,,,
ABGP0001421,0.0,0.0,0.0,0.0,0.0,0.0,1.38,0.0,Gas Plant Sweet,07-08-006-22W4M,0.0,1.71,0.0,0.0,0.0
ABGP0001422,,,,,,,,,Gas Plant Sweet,16-01-082-17W4M,,,,,
ABGP0001423,128.31,0.0,0.0,0.0,0.0,0.9,2.14,0.0,Gas Plant Sweet,10-28-069-10W5M,0.0,3.18,2.47,122.66,0.0
ABGP0001424,0.88,0.88,0.0,0.0,0.0,0.0,0.0,0.0,Gas Plant Sweet,10-33-085-11W6M,0.0,0.0,0.0,0.0,0.0
ABGP0001425,96.49,63.22,0.0,0.0,0.0,1.68,3.13,0.0,Gas Plant Sweet,09-21-038-23W4M,0.0,4.21,24.61,0.0,0.0
ABGP0001426,6063.76,5592.93,0.0,0.0,0.0,0.0,218.81,0.0,Gas Plant Acid Gas Flaring < 1 T/D Sulphur,11-31-049-05W5M,0.0,336.4,346.08,3.3,0.0
ABGP0001427,107.12,75.1,0.0,0.0,0.0,0.0,0.0,0.0,Gas Plant Acid Gas Flaring < 1 T/D Sulphur,05-32-098-07W6M,0.0,6.95,21.9,0.12,0.0
ABGP0001428,235.01,209.84,0.0,0.0,0.0,0.0,0.0,0.0,Gas Plant Sweet,10-10-084-12W6M,0.0,0.0,41.92,0.0,0.0
ABGP0001429,6514.42,5992.67,0.0,0.0,0.0,8.02,11.53,0.0,Gas Plant Sweet,14-35-029-24W4M,0.0,18.8,427.19,21.76,0.0
ABGP0001430,989.72,0.0,0.0,0.0,0.0,0.0,0.0,0.0,Gas Plant Sweet,06-24-044-16W4M,0.0,0.0,0.0,0.0,989.72
ABGP0001431,132.78,0.0,0.0,0.0,0.0,0.0,0.0,0.0,Gas Plant Sweet,01-25-035-14W4M,0.0,0.0,0.0,0.0,132.78
ABGP0001432,,,,,,,,,Gas Plant Sweet,06-24-044-16W4M,,,,,
ABGP0001433,29880.19,27142.62,0.0,0.0,0.0,0.0,346.35,0.0,Gas Plant Acid Gas Flaring < 1 T/D Sulphur,06-01-077-21W5M,100.7,753.23,1484.13,0.0,0.0
ABGP0001434,11409.03,10578.91,0.0,0.0,0.0,32.01,49.69,0.0,Gas Plant Sweet,14-01-024-22W4M,0.0,63.34,482.44,15.27,0.0
ABGP0001435,,,,,,,,,Gas Plant Acid Gas Injection,10-27-078-19W5M,,,,,
ABGP0001436,567.54,424.23,0.0,0.0,0.0,0.2,0.0,0.0,Gas Plant Sweet,15-05-062-01W5M,0.0,0.23,113.23,0.0,0.0
ABGP0001437,28613.65,27634.29,0.0,0.0,0.0,5.01,419.02,0.0,Gas Plant Acid Gas Flaring > 1 T/D Sulphur,03-26-033-06W5M,0.0,1329.43,128.5,16.86,275.0
ABGP0001438,198.56,145.13,0.0,0.0,0.0,0.0,0.0,0.0,Gas Plant Sweet,11-16-030-10W4M,0.0,0.0,33.83,1.94,0.0
ABGP0001439,5993.6,5574.3,0.0,0.0,0.0,0.0,0.0,0.0,Gas Plant Sweet,08-27-035-19W4M,0.0,0.0,358.68,2.83,0.0
ABGP0001440,0.0,0.0,0.0,0.0,0.0,2.64,0.06,0.0,Gas Plant Sweet,11-20-042-25W4M,0.0,0.0,0.0,0.0,0.0
ABGP0001441,2967.84,2674.85,0.0,0.0,0.0,0.0,0.0,0.0,Gas Plant Acid Gas Injection,06-02-016-15W4M,0.0,59.8,230.49,2.71,0.0
ABGP0001442,,,,,,,,,Gas Plant Acid Gas Injection,04-26-041-16W4M,,,,,
ABGP0001443,0.0,0.0,0.0,0.0,0.0,0.83,0.0,0.0,Gas Plant Acid Gas Flaring < 1 T/D Sulphur,10-11-059-25W4M,0.0,0.0,0.0,0.0,0.0
ABGP0001444,4619.39,4331.17,0.0,0.0,0.0,6.27,0.0,0.0,Gas Plant Acid Gas Injection,10-03-035-04W4M,0.0,7.29,247.77,123.03,0.0
ABGP0001445,7826.18,7370.4,0.0,0.0,0.0,22.29,191.34,0.0,Gas Plant Sweet,06-19-045-06W5M,0.0,338.57,460.23,13.1,0.0
ABGP0001446,,,,,,,,,Gas Plant Sweet,09-31-039-20W4M,,,,,
ABGP0001447,0.0,0.0,0.0,0.0,0.0,4.99,0.0,0.0,Gas Plant Sweet,06-36-038-11W5M,0.0,0.0,0.0,0.0,0.0
ABGP0001448,551.82,379.92,0.0,0.0,0.0,0.0,0.0,0.0,Gas Plant Sweet,16-36-045-04W5M,0.0,41.92,70.29,21.07,38.62
ABGP0001449,323.19,304.16,0.0,0.0,0.0,0.0,0.61,0.0,Gas Plant Sweet,13-11-048-20W4M,0.0,0.68,42.49,0.0,0.0
ABGP0001450,1436.37,1118.53,0.0,0.0,0.0,0.0,0.0,0.0,Gas Plant Acid Gas Injection,05-18-067-22W4M,0.0,0.0,0.0,117.01,200.82
ABGP0001451,1110.71,783.38,0.0,0.0,0.0,0.0,0.0,0.0,Gas Plant Acid Gas Injection,14-21-089-21W4M,0.0,0.0,292.87,0.0,0.0
ABGP0001452,901.44,750.84,0.0,0.0,0.0,0.0,0.0,0.0,Gas Plant Sweet,15-16-056-20W4M,0.0,0.0,80.2,0.0,0.0
ABGP0001453,410.22,0.0,0.0,0.0,0.0,0.0,0.0,0.0,Gas Plant Acid Gas Injection,06-36-033-02W4M,0.0,0.0,19.48,0.0,390.74
ABGP0001454,1482.08,1461.23,0.0,0.0,0.0,0.0,0.0,0.0,Gas Plant Acid Gas Flaring < 1 T/D Sulphur,14-36-053-26W4M,0.0,0.0,36.23,3.3,0.0
ABGP0001455,3736.97,3184.81,0.0,0.0,0.0,0.0,0.0,0.0,Gas Plant Sweet,02-03-035-19W4M,0.0,219.86,181.47,0.0,150.83
ABGP0001456,0.0,0.0,0.0,0.0,0.0,0.57,2.33,0.0,Gas Plant Sweet,10-34-040-04W5M,0.0,3.42,0.0,0.0,0.0
ABGP0001457,19.54,0.0,0.0,0.0,0.0,0.0,0.0,0.0,Gas Plant Sweet,16-35-016-16W4M,0.0,0.0,18.83,0.0,0.0
ABGP0001458,5.35,0.0,0.0,0.0,0.0,0.0,0.0,0.0,Gas Plant Sulphur Recovery,10-10-047-14W5M,0.0,0.0,5.35,0.0,0.0
ABGP0001459,,,,,,,,,Gas Plant Acid Gas Flaring > 1 T/D Sulphur,06-30-012-25W4M,,,,,
ABGP0001460,,,,,,,,,Gas Plant Acid Gas Injection,04-01-022-21W4M,,,,,
ABGP0001461,83.24,0.0,0.0,0.0,0.0,0.0,0.0,0.0,Gas Plant Sweet,12-31-094-18W4M,0.0,0.0,83.24,0.0,0.0
ABGP0001462,3836.08,3480.32,0.0,0.0,0.0,0.0,157.71,0.0,Gas Plant Sweet,06-10-061-22W5M,0.0,184.89,140.35,45.57,0.0
ABGP0001463,284.23,78.72,0.0,0.0,0.0,0.0,0.0,0.0,Gas Plant Acid Gas Flaring < 1 T/D Sulphur,07-20-078-12W6M,0.0,0.0,26.2,163.47,0.0
ABGP0001464,843.08,763.62,0.0,0.0,0.0,7.68,24.37,0.0,Gas Plant Sweet,13-05-032-17W4M,0.0,32.84,69.57,0.0,0.0
ABGP0001465,,,,,,,,,Gas Plant Acid Gas Injection,10-16-049-23W4M,,,,,
ABGP0001466,0.0,0.0,0.0,0.0,0.0,0.0,17.47,0.0,Gas Plant Sweet,08-36-033-21W4M,0.0,0.0,0.0,0.0,0.0
ABGP0001467,10.82,10.82,0.0,0.0,0.0,2.33,5.81,0.0,Gas Plant Sweet,08-29-040-06W5M,0.0,7.63,0.0,0.0,0.0
ABGP0001468,337.38,206.46,0.0,0.0,0.0,0.0,0.0,0.0,Gas Plant Sweet,09-28-053-18W4M,0.0,0.13,158.29,0.0,0.0
ABGP0001469,483.92,0.0,0.0,0.0,0.0,0.0,0.0,0.0,Gas Plant Acid Gas Flaring > 1 T/D Sulphur,16-24-018-14W4M,0.0,41.92,99.56,65.62,276.82
ABGP0001470,,,,,,,,,Gas Plant Sweet,01-03-055-22W4M,,,,,
ABGP0001471,,,,,,,,,Gas Plant Sweet,04-03-019-09W4M,,,,,
ABGP0001472,9.23,9.0,0.0,0.0,0.0,0.0,0.0,0.0,Gas Plant Acid Gas Flaring < 1 T/D Sulphur,02-11-080-08W5M,0.0,0.0,0.0,0.0,9.0
ABGP0001473,1507.14,1505.89,0.0,0.0,0.0,0.0,19.61,0.0,Gas Plant Sweet,15-07-036-15W4M,0.0,24.61,86.24,0.0,0.0
ABGP0001474,743.96,614.36,0.0,0.0,0.0,0.0,14.79,0.0,Gas Plant Sweet,08-12-034-21W4M,0.0,18.13,74.63,0.0,36.84
ABGP0001475,3694.83,3017.69,0.0,0.0,0.0,8.53,2.33,0.0,Gas Plant Acid Gas Flaring < 1 T/D Sulphur,10-34-019-09W4M,0.0,3.08,209.61,152.76,0.0
ABGP0001476,1003.05,0.0,0.0,0.0,0.0,0.0,54.12,0.0,Gas Plant Sweet,02-36-040-07W5M,0.0,72.75,28.13,0.71,0.0
ABGP0001477,21562.34,17091.73,0.0,0.0,0.0,35.87,889.97,0.0,Gas Plant Sweet,15-31-039-05W5M,0.0,3624.77,732.72,6.38,0.0
ABGP0001478,26559.02,0.0,0.0,0.0,0.0,0.0,0.0,0.0,Gas Plant Sweet,03-17-047-27W4M,0.0,0.0,1303.68,17.66,25235.4
ABGP0001479,14429.34,13384.14,0.0,0.0,0.0,0.0,0.0,0.0,Gas Plant Acid Gas Injection,03-18-067-10W5M,0.0,0.0,676.1,18.0,0.0
ABGP0001480,2061.12,1914.28,0.0,0.0,0.0,7.25,8.34,0.0,Gas Plant Sweet,01-18-017-18W4M,0.0,10.02,136.02,0.0,0.0
ABGP0001481,,,,,,,,,Gas Plant Acid Gas Injection,11-19-055-20W5M,,,,,
ABGP0001482,95151.26,82051.8,0.0,0.0,36.09,0.0,6136.46,0.0,Gas Plant Sulphur Recovery,04-31-048-12W5M,10554.76,9295.62,3589.91,28.14,0.0
ABGP0001483,122.31,113.48,0.0,0.0,0.0,0.0,0.0,0.0,Gas Plant Sweet,16-32-030-17W4M,0.0,0.0,12.24,0.0,0.0
ABGP0001484,422.86,352.92,0.0,0.0,0.0,0.0,0.0,0.0,Gas Plant Acid Gas Flaring < 1 T/D Sulphur,01-18-068-23W4M,0.0,3.19,68.35,0.11,0.0
ABGP0001485,564.47,0.0,0.0,0.0,0.0,0.0,0.0,0.0,Gas Plant Acid Gas Injection,11-15-055-25W4M,0.0,4.56,2.28,0.0,557.63
ABGP0001486,119.39,100.59,0.0,0.0,0.0,0.0,3.49,0.0,Gas Plant Acid Gas Flaring < 1 T/D Sulphur,13-29-080-23W5M,2.51,4.67,7.63,0.0,0.0
ABGP0001487,153.11,0.0,0.0,0.0,0.0,0.0,0.0,0.0,Gas Plant Sweet,09-31-056-06W5M,0.0,0.0,15.83,0.0,137.27
ABGP0001488,12388.95,9543.73,242.4,508.48,332.83,244.63,0.0,7.89,Gas Plant Sulphur Recovery,10-12-019-02W5M,0.0,2215.25,473.44,84.07,72.45
ABGP0001489,,,,,,,,,Gas Plant Sweet,06-06-094-01W6M,,,,,
ABGP0001490,,,,,,,,,Gas Plant Sweet,15-23-018-14W4M,,,,,
ABGP0001491,,,,,,,,,Gas Plant Acid Gas Flaring < 1 T/D Sulphur,10-35-042-02W4M,,,,,
ABGP0001492,789.99,0.0,0.0,0.0,0.0,0.0,0.0,0.0,Gas Plant Sweet,16-20-031-24W4M,0.0,0.0,35.67,0.0,754.32
ABGP0001493,,,,,,,,,Gas Plant Sweet,06-29-076-04W6M,,,,,
ABGP0001494,969.2,776.44,0.0,0.0,0.0,0.0,11.8,0.0,Gas Plant Sweet,11-03-049-21W4M,0.0,14.86,57.11,0.12,0.0
ABGP0001495,0.0,0.0,0.0,0.0,0.0,0.0,0.0,0.0,Gas Plant Sweet,06-36-050-07W5M,0.0,0.11,0.0,0.0,0.0
ABGP0001496,,,,,,,,,Gas Plant Sweet,01-30-035-13W4M,,,,,
ABGP0001497,7733.23,7126.73,0.0,0.0,0.0,4.34,34.59,0.0,Gas Plant Sweet,10-33-052-21W5M,0.0,138.3,216.79,2.05,0.0
ABGP0001498,997.64,879.81,0.0,0.0,0.0,0.0,0.0,0.0,Gas Plant Acid Gas Injection,10-28-028-03W4M,0.0,0.0,9.89,0.0,107.95
ABGP0001499,5087.59,4690.24,0.0,0.0,0.0,41.98,149.55,0.0,Gas Plant Sweet,06-31-020-24W4M,0.0,203.46,192.75,4.1,0.0
ABGP0001500,584.63,508.65,0.0,0.0,0.0,0.0,0.0,0.0,Gas Plant Sweet,07-06-035-24W4M,0.0,13.33,89.43,0.0,0.0
ABGP0001501,0.0,0.0,0.0,0.0,0.0,0.0,4.51,0.0,Gas Plant Acid Gas Flaring < 1 T/D Sulphur,06-03-044-22W4M,0.0,0.0,0.0,0.0,0.0
ABGP0001502,,,,,,,,,Gas Plant Sweet,14-22-049-23W4M,,,,,
ABGP0001503,4254.24,4039.64,0.0,0.0,0.0,0.0,0.0,0.0,Gas Plant Sweet,02-04-031-15W4M,0.0,83.11,191.76,0.0,0.0
ABGP0001504,0.0,0.0,0.0,0.0,0.0,0.0,4.68,0.0,Gas Plant Sweet,09-29-053-17W5M,0.0,0.0,0.0,0.0,0.0
ABGP0001505,1937.64,1809.14,0.0,0.0,0.0,0.0,27.53,0.0,Gas Plant Sweet,04-31-032-23W4M,0.0,36.23,68.58,0.0,0.0
ABGP0001506,156774.32,152534.74,0.0,0.0,0.0,91.45,2105.84,33.78,Gas Plant Sulphur Recovery,01-01-078-10W6M,0.0,6055.9,732.84,326.72,22.78
ABGP0001507,0.0,0.0,0.0,0.0,0.0,5.16,0.0,0.0,Gas Plant Sweet,08-32-034-17W4M,0.0,0.0,0.0,0.0,0.0
ABGP0001508,2437.89,2382.09,0.0,0.0,0.0,0.0,0.0,0.0,Gas Plant Sweet,16-10-018-10W4M,0.0,0.0,159.74,0.0,0.0
ABGP0001509,0.0,0.0,0.0,0.0,0.0,0.0,1.1,0.0,Gas Plant Acid Gas Flaring < 1 T/D Sulphur,08-07-012-13W4M,0.0,0.0,0.0,0.0,0.0
ABGP0001510,784.46,696.05,0.0,0.0,0.0,0.0,0.0,0.0,Gas Plant Acid Gas Flaring > 1 T/D Sulphur,06-27-041-13W4M,0.0,0.0,76.75,0.0,0.0
ABGP0001511,26577.36,23594.52,0.0,0.0,0.0,0.0,664.59,0.0,Gas Plant Sweet,01-24-052-20W5M,0.0,1400.28,1095.78,6.72,0.0
ABGP0001512,,,,,,,,,Gas Plant Sweet,11-08-041-23W4M,,,,,
ABGP0001513,863.04,803.47,0.0,0.0,0.0,0.0,0.57,0.0,Gas Plant Sweet,08-25-039-23W4M,0.0,0.68,14.13,0.0,44.77
ABGP0001514,,,,,,,,,Gas Plant Sweet,16-15-054-02W5M,,,,,
ABGP0001515,223.96,209.27,0.0,0.0,0.0,0.0,2.23,0.0,Gas Plant Sweet,07-32-063-20W5M,0.0,2.62,6.38,0.0,5.7
ABGP0001516,2741.22,2428.05,0.0,0.0,0.0,5.48,41.96,0.0,Gas Plant Sweet,09-06-046-03W5M,0.0,84.64,210.41,8.09,0.0
ABGP0001517,12248.83,11564.87,0.0,0.0,0.0,113.7,528.01,0.0,Gas Plant Sweet,05-11-029-04W5M,0.0,737.85,114.49,2.39,0.0
ABGP0001518,872.27,839.01,0.0,0.0,0.0,0.0,2.82,0.0,Gas Plant Sweet,13-32-031-17W4M,0.0,3.42,68.01,3.76,0.0
ABGP0001519,153.11,90.34,0.0,0.0,0.0,10.8,3.92,0.0,Gas Plant Sweet,04-18-032-22W4M,0.0,4.78,31.44,0.0,0.0
ABGP0001520,132647.11,106652.67,0.0,0.0,0.0,0.0,8456.91,0.0,Gas Plant Sulphur Recovery,06-19-073-08W6M,3.19,16311.27,4727.95,275.8,222.48
ABGP0001521,564.21,515.36,0.0,0.0,0.0,0.0,0.0,0.0,Gas Plant Acid Gas Flaring < 1 T/D Sulphur,11-23-083-23W5M,0.0,0.0,36.02,2.35,0.0
ABGP0001522,7192.12,6681.19,0.0,0.0,0.0,0.0,93.64,0.0,Gas Plant Sweet,12-29-096-11W6M,0.0,115.74,478.0,0.0,0.0
ABGP0001523,0.0,0.0,0.0,0.0,0.0,0.0,6.09,0.0,Gas Plant Sweet,16-36-035-16W4M,0.0,0.0,0.0,0.0,0.0
ABGP0001524,5446.09,4589.43,0.0,0.0,0.0,0.0,171.98,0.0,Gas Plant Sweet,16-36-055-15W5M,0.0,407.26,362.15,8.2,0.0
ABGP0001525,539.74,135.45,0.0,0.0,0.0,0.0,0.0,0.0,Gas Plant Acid Gas Flaring < 1 T/D Sulphur,05-30-049-03W5M,0.0,0.0,204.37,190.93,0.0
ABGP0001526,428.1,391.76,0.0,0.0,0.0,0.0,0.0,0.0,Gas Plant Sweet,15-07-035-13W4M,0.0,11.05,43.52,0.0,0.0
ABGP0001527,6520.8,5579.72,0.0,0.0,0.0,4.97,291.28,0.0,Gas Plant Sweet,05-01-039-01W5M,0.0,431.29,326.15,16.29,0.0
ABGP0001528,,,,,,,,,Gas Plant Sweet,16-02-031-17W4M,,,,,
ABGP0001529,256.2,234.56,0.0,0.0,0.0,0.0,0.0,0.0,Gas Plant Sweet,02-14-072-12W6M,0.0,2.73,75.64,0.0,0.0
ABGP0001530,352.12,0.0,0.0,0.0,0.0,0.0,0.0,0.0,Gas Plant Sulphur Recovery,01-35-019-28W4M,0.0,0.0,0.0,0.0,0.0
ABGP0001531,12863.99,11984.54,0.0,0.0,0.0,0.0,271.93,0.0,Gas Plant Sweet,10-07-063-05W6M,0.0,366.48,317.72,9.34,0.0
ABGP0001532,1165.85,1050.49,0.0,0.0,0.0,7.68,0.0,0.0,Gas Plant Sweet,16-21-028-13W4M,0.0,8.83,134.78,0.0,0.0
ABGP0001533,9.91,0.23,0.0,0.0,0.0,0.0,0.0,0.0,Gas Plant Sweet,16-17-055-14W5M,0.0,0.11,3.08,0.0,6.49
ABGP0001534,182.5,0.0,0.0,0.0,0.0,0.0,0.0,0.0,Gas Plant Sweet,14-13-042-26W4M,0.0,0.0,182.5,0.0,0.0
ABGP0001535,169.4,169.4,0.0,0.0,0.0,10.09,1.5,0.0,Gas Plant Sweet,04-31-018-19W4M,0.0,4.1,3.3,0.0,0.0
ABGP0001536,1583.24,1436.62,0.0,0.0,0.0,0.0,5.05,0.0,Gas Plant Sweet,11-18-059-02W5M,0.0,6.27,146.61,3.08,0.0
ABGP0001537,7331.32,7139.71,0.0,0.0,0.0,0.0,39.71,0.0,Gas Plant Sweet,11-34-079-12W6M,0.0,56.96,134.31,1.59,0.0
ABGP0001538,0.0,0.0,0.0,0.0,0.0,92.62,0.0,0.0,Gas Plant Sweet,07-21-039-10W5M,0.0,0.0,0.0,0.0,0.0
ABGP0001539,,,,,,,,,Gas Plant Sweet,06-27-040-07W4M,,,,,
ABGP0001540,0.0,0.0,0.0,0.0,0.0,0.0,1.18,0.0,Gas Plant Sweet,11-31-041-24W4M,0.0,1.82,0.0,0.0,0.0
ABGP0001541,3357.29,3137.65,0.0,0.0,0.0,20.58,52.45,0.0,Gas Plant Sweet,13-28-031-16W4M,0.0,69.6,270.44,0.0,0.0
ABGP0001542,1136.11,1076.07,0.0,0.0,0.0,0.0,0.0,0.0,Gas Plant Sweet,13-33-033-20W4M,0.0,0.0,77.81,0.0,0.0
ABGP0001543,90.22,58.44,0.0,0.0,0.0,0.0,0.59,0.0,Gas Plant Acid Gas Flaring < 1 T/D Sulphur,09-20-059-06W5M,0.0,1.03,28.82,0.0,0.0
ABGP0001544,212.48,98.65,0.0,0.0,0.0,0.0,8.6,0.0,Gas Plant Sweet,14-10-036-01W5M,0.0,11.3,111.12,0.0,0.0
ABGP0001545,1721.19,1704.45,0.0,0.0,0.0,0.0,0.0,0.0,Gas Plant Sweet,08-07-061-04W5M,0.0,0.0,39.53,0.0,0.0
ABGP0001546,19.07,19.07,0.0,0.0,0.0,0.0,0.0,0.0,Gas Plant Sweet,02-24-024-13W4M,0.0,0.0,0.0,0.0,0.0
ABGP0001547,3066.0,1957.91,0.0,0.0,0.0,2.11,290.67,0.0,Gas Plant Sulphur Recovery,08-27-051-27W4M,127.59,440.52,604.11,0.23,0.0
ABGP0001548,0.0,0.0,0.0,0.0,0.0,0.0,0.31,0.0,Gas Plant Sweet,16-21-073-10W6M,0.0,0.5,0.0,0.0,0.0
ABGP0001549,2335.44,2439.45,0.0,0.0,0.0,0.0,30.02,0.0,Gas Plant Sweet,09-19-043-25W4M,0.0,44.88,54.23,0.0,0.0
ABGP0001550,3172.55,3072.02,0.0,0.0,0.0,0.0,0.0,0.0,Gas Plant Sweet,07-08-080-12W6M,0.0,0.0,98.17,0.35,0.0
ABGP0001551,169.17,124.51,0.0,0.0,0.0,0.0,0.0,0.0,Gas Plant Acid Gas Injection,07-17-090-20W4M,0.0,27.11,24.49,0.8,0.0
ABGP0001552,6289.77,5662.76,0.0,0.0,0.0,0.0,0.0,0.0,Gas Plant Sweet,15-30-090-19W4M,0.0,0.0,494.86,0.0,132.15
ABGP0001553,6889.21,6776.2,0.0,0.0,0.0,149.61,85.81,0.0,Gas Plant Sweet,08-36-054-21W5M,0.0,278.76,7.75,46.25,0.0
ABGP0001554,2474.71,0.0,0.0,0.0,0.0,0.0,98.0,0.0,Gas Plant Sweet,13-09-052-08W5M,0.0,141.99,0.0,1.22,2331.5
ABGP0001555,2405.28,0.0,0.0,0.0,0.0,0.0,31.53,0.0,Gas Plant Sweet,04-29-034-23W4M,0.0,38.02,135.84,0.0,0.0
ABGP0001556,37.59,11.28,0.0,0.0,0.0,0.0,0.0,0.0,Gas Plant Acid Gas Flaring < 1 T/D Sulphur,03-36-037-17W4M,0.0,0.0,0.0,26.32,0.0
ABGP0001557,6982.21,6995.96,0.0,0.0,0.0,0.0,0.0,0.0,Gas Plant Sweet,06-30-079-11W6M,0.0,66.21,0.0,0.0,0.0
ABGP0001558,576.88,0.0,0.0,0.0,0.0,0.0,0.0,0.0,Gas Plant Acid Gas Flaring > 1 T/D Sulphur,11-14-029-03W5M,0.0,0.0,14.35,7.18,555.35
ABGP0001559,923.48,754.67,0.0,0.0,0.0,0.0,26.3,0.0,Gas Plant Sweet,04-02-030-03W5M,0.0,34.73,78.75,0.35,0.0
ABGP0001560,449.98,277.16,0.0,0.0,0.0,0.0,8.04,0.0,Gas Plant Acid Gas Flaring > 1 T/D Sulphur,08-34-077-06W6M,0.0,58.55,84.98,26.88,0.0
ABGP0001561,2740.18,2561.02,0.0,0.0,0.0,9.25,94.98,0.0,Gas Plant Sweet,16-12-056-14W5M,0.0,136.2,119.01,0.0,0.0
ABGP0001562,2108.74,1869.97,0.0,0.0,0.0,0.0,45.71,0.0,Gas Plant Sweet,11-19-060-19W5M,0.0,65.84,160.4,1.25,0.0
ABGP0001563,955.32,849.6,0.0,0.0,0.0,0.0,8.32,0.0,Gas Plant Sweet,16-07-054-19W5M,0.0,9.34,81.0,0.11,15.27
ABGP0001564,348.67,319.13,0.0,0.0,0.0,0.0,0.0,0.0,Gas Plant Sweet,06-33-046-14W5M,0.0,23.43,79.93,0.0,0.0
ABGP0001565,36.0,25.18,0.0,0.0,0.0,0.0,0.0,0.0,Gas Plant Sweet,06-28-054-12W5M,0.0,0.0,4.21,0.0,0.0
ABGP0001566,2991.27,2758.53,0.0,0.0,0.0,8.59,54.06,0.0,Gas Plant Sweet,09-21-043-04W5M,0.0,95.46,185.12,1.03,0.0
ABGP0001567,1.03,0.0,0.0,0.0,0.0,0.0,0.0,0.0,Gas Plant Sweet,03-29-054-19W5M,0.0,1.14,0.0,0.0,0.0
ABGP0001568,,,,,,,,,Gas Plant Sweet,13-14-034-22W4M,,,,,
ABGP0001569,486.43,0.0,0.0,0.0,0.0,3.19,4.14,0.0,Gas Plant Sweet,15-35-046-03W5M,0.0,8.77,104.46,0.0,0.0
ABGP0001570,1485.04,1395.73,0.0,0.0,0.0,0.0,0.0,0.0,Gas Plant Sweet,06-13-044-18W4M,0.0,0.0,130.44,0.0,0.0
ABGP0001571,1696.36,1464.99,0.0,0.0,0.0,0.0,37.43,0.0,Gas Plant Acid Gas Flaring < 1 T/D Sulphur,08-25-077-06W6M,0.0,47.5,187.28,66.76,0.0
ABGP0001572,129.18,93.19,0.0,0.0,0.0,0.0,19.57,0.0,Gas Plant Sweet,12-28-080-09W5M,0.0,27.23,11.51,0.34,0.0
ABGP0001573,2624.9,2532.63,0.0,0.0,0.0,7.75,45.25,0.0,Gas Plant Sweet,04-09-031-20W4M,0.0,62.77,113.8,0.0,0.0
ABGP0001574,1887.22,1480.51,0.0,0.0,0.0,0.0,0.0,0.0,Gas Plant Acid Gas Flaring < 1 T/D Sulphur,04-31-033-01W4M,0.0,16.48,160.56,0.0,0.0
ABGP0001575,1117.88,1016.95,0.0,0.0,0.0,14.17,0.0,0.0,Gas Plant Sweet,11-19-079-11W6M,0.0,16.4,9.57,1.14,0.0
ABGP0001576,1493.7,1205.48,0.0,0.0,0.0,17.11,49.41,0.0,Gas Plant Sweet,14-05-055-11W5M,0.0,78.95,153.33,8.77,0.0
ABGP0001577,9473.56,8980.29,0.0,0.0,0.0,0.0,366.33,0.0,Gas Plant Sweet,10-23-057-19W5M,0.0,488.94,215.31,0.91,0.0
ABGP0001578,1128.47,1041.78,0.0,0.0,0.0,7.53,10.27,0.0,Gas Plant Sweet,02-11-020-23W4M,0.0,13.21,83.62,0.0,0.0
ABGP0001579,0.0,0.0,0.0,0.0,0.0,0.0,8.02,0.0,Gas Plant Sweet,02-02-069-03W5M,0.0,0.0,0.0,0.0,0.0
ABGP0001580,2238.82,1928.69,0.0,0.0,0.0,7.62,93.74,0.0,Gas Plant Sweet,04-27-049-01W5M,0.0,137.85,145.67,2.9,0.0
ABGP0001581,0.0,0.0,0.0,0.0,0.0,0.0,37.35,0.0,Gas Plant Sweet,04-02-034-20W4M,0.0,0.0,0.0,0.0,0.0
ABGP0001582,9046.36,8357.5,0.0,0.0,0.0,29.94,371.04,0.0,Gas Plant Sweet,02-26-052-12W5M,0.0,618.35,317.26,46.59,0.0
ABGP0001583,5848.22,5336.62,0.0,0.0,0.0,0.0,117.29,0.0,Gas Plant Acid Gas Flaring < 1 T/D Sulphur,11-20-041-04W5M,0.0,159.37,310.54,0.0,0.0
ABGP0001584,1612.17,1417.6,0.0,0.0,0.0,12.18,20.16,0.0,Gas Plant Sweet,05-01-036-28W4M,0.0,24.72,105.6,0.0,0.0
ABGP0001585,6172.43,1962.7,0.0,0.0,0.0,31.89,154.99,2.27,Gas Plant Sulphur Recovery,11-31-013-14W4M,0.0,451.46,1657.28,91.02,0.0
ABGP0001586,0.0,0.0,0.0,0.0,0.0,1.64,0.0,0.0,Gas Plant Sweet,13-27-032-23W4M,0.0,0.0,0.0,0.0,0.0
ABGP0001587,889.13,713.01,0.0,0.0,0.0,3.27,25.82,0.0,Gas Plant Sweet,08-30-075-09W6M,0.0,38.28,118.82,8.89,0.0
ABGP0001588,2.51,2.05,0.0,0.0,0.0,0.0,0.0,0.0,Gas Plant Sweet,07-28-005-05W4M,0.0,0.0,0.0,0.0,0.0
ABGP0001589,2793.63,2626.94,0.0,0.0,0.0,0.0,0.0,0.0,Gas Plant Sweet,03-29-092-20W4M,0.0,0.0,0.0,0.0,0.0
ABGP0001590,769.63,673.83,0.0,0.0,0.0,0.0,0.0,0.0,Gas Plant Sweet,01-17-026-10W4M,0.0,7.86,76.44,0.0,0.0
ABGP0001591,5049.43,4821.25,0.0,0.0,0.0,0.0,0.0,0.0,Gas Plant Acid Gas Injection,12-02-070-25W4M,0.0,0.0,0.0,0.0,228.18
ABGP0001592,2053.49,1892.3,0.0,0.0,0.0,31.4,95.67,0.0,Gas Plant Sweet,13-13-037-06W5M,0.0,130.44,13.78,0.0,0.0
ABGP0001593,0.0,0.0,0.0,0.0,0.0,11.83,0.0,0.0,Gas Plant Sweet,05-35-033-21W4M,0.0,0.0,0.0,0.0,0.0
ABGP0001594,639.76,433.8,0.0,0.0,0.0,0.0,0.0,0.0,Gas Plant Sweet,06-30-056-04W5M,0.0,29.28,71.31,12.76,92.62
ABGP0001595,574.9,384.56,0.0,0.0,0.0,0.0,2.65,0.0,Gas Plant Sweet,03-16-036-21W4M,0.0,10.59,45.67,0.0,134.07
ABGP0001596,719.12,695.11,0.0,0.0,0.0,10.51,0.0,0.0,Gas Plant Acid Gas Flaring > 1 T/D Sulphur,07-14-108-07W6M,0.0,197.29,114.54,52.97,0.0
ABGP0001597,2587.77,2528.19,0.0,0.0,0.0,1.26,11.06,0.0,Gas Plant Sweet,04-01-028-18W4M,0.0,16.86,82.14,0.0,0.0
ABGP0001598,1180.22,1027.07,0.0,0.0,0.0,0.0,37.74,0.0,Gas Plant Sweet,05-35-049-06W5M,0.0,50.85,83.46,0.12,0.0
ABGP0001599,4182.96,3865.59,0.0,0.0,0.0,0.0,0.0,0.0,Gas Plant Acid Gas Injection,08-36-086-19W4M,0.0,51.26,389.26,0.0,0.0
ABGP0001600,722.3,629.19,0.0,0.0,0.0,0.0,8.41,0.0,Gas Plant Sweet,16-09-032-12W4M,0.0,10.71,82.64,1.53,0.0
ABGP0001601,,,,,,,,,Gas Plant Sweet,01-01-001-01W4M,,,,,
ABGP0001602,,,,,,,,,Gas Plant Sweet,07-29-057-21W4M,,,,,
ABGP0001603,0.57,0.57,0.0,0.0,0.0,0.0,0.0,0.0,Gas Plant Sweet,01-32-047-10W5M,0.0,0.0,0.0,0.0,0.0
ABGP0001604,360.67,369.21,0.0,0.0,0.0,0.0,0.0,0.0,Gas Plant Sweet,11-22-054-21W5M,0.0,28.82,38.85,0.0,0.0
ABGP0001605,638.28,598.98,0.0,0.0,0.0,0.0,0.0,0.0,Gas Plant Sweet,03-29-054-19W5M,0.0,5.92,30.99,0.0,2.39
ABGP0001606,39.99,27.91,0.0,0.0,0.0,0.0,0.0,0.0,Gas Plant Sweet,12-06-011-20W4M,0.0,0.0,9.91,0.0,0.0
ABGP0001607,11667.73,9652.79,0.0,0.0,0.0,1.45,0.0,43.61,Gas Plant Sulphur Recovery,09-09-052-21W5M,0.0,1612.23,605.41,0.0,0.0
ABGP0001608,837.41,719.39,0.0,0.0,0.0,5.38,9.32,0.0,Gas Plant Sweet,14-18-036-20W4M,0.0,12.99,54.68,0.0,0.0
ABGP0001609,2900.93,0.0,0.0,0.0,0.0,0.0,52.13,0.0,Gas Plant Sweet,06-22-075-11W6M,0.0,66.87,223.96,0.0,0.0
ABGP0001610,3356.15,3239.27,0.0,0.0,0.0,16.32,37.7,0.0,Gas Plant Sweet,08-34-029-22W4M,0.0,49.78,119.16,0.0,0.0
ABGP0001611,1842.63,1598.5,0.0,0.0,0.0,0.0,0.0,0.0,Gas Plant Sweet,01-10-094-21W4M,0.0,0.0,284.34,0.46,0.0
ABGP0001612,801.01,587.23,0.0,0.0,0.0,0.0,31.76,0.0,Gas Plant Sweet,01-12-075-09W6M,0.0,43.01,27.87,0.5,0.0
ABGP0001613,127.7,127.7,0.0,0.0,0.0,0.0,0.0,0.0,Gas Plant Sweet,11-10-047-12W4M,0.0,0.0,0.0,0.0,0.0
ABGP0001614,2087.21,2005.19,0.0,0.0,0.0,7.9,20.14,0.0,Gas Plant Sweet,01-32-035-26W4M,0.0,25.18,180.9,0.8,0.0
ABGP0001615,6906.75,7843.04,0.0,0.0,0.0,0.0,0.0,0.0,Gas Plant Acid Gas Injection,10-24-081-25W4M,0.0,49.44,402.7,0.0,0.0
ABGP0001616,0.0,0.0,0.0,0.0,0.0,7.21,0.0,0.0,Gas Plant Sulphur Recovery,11-22-081-11W6M,0.0,0.0,0.0,0.0,0.0
ABGP0001617,9425.37,8678.29,0.0,0.0,0.0,138.73,529.86,0.0,Gas Plant Sweet,01-04-042-03W5M,0.0,729.65,300.97,14.01,0.0
ABGP0001618,550.03,485.07,0.0,0.0,0.0,0.0,0.0,0.0,Gas Plant Acid Gas Injection,06-24-009-10W4M,0.0,0.25,45.15,0.0,19.55
ABGP0001619,189.67,129.75,0.0,0.0,0.0,0.0,0.0,0.0,Gas Plant Sweet,10-18-038-26W4M,0.0,5.24,6.49,25.97,22.21
ABGP0001621,0.0,0.0,0.0,0.0,0.0,0.0,16.07,0.0,Gas Plant Sweet,12-35-045-27W4M,0.0,0.0,0.0,0.0,0.0
ABGP0001622,716.65,603.06,0.0,0.0,0.0,0.0,0.0,0.0,Gas Plant Acid Gas Flaring < 1 T/D Sulphur,02-03-061-11W5M,0.0,21.54,106.77,0.0,0.0
ABGP0001623,99078.82,90640.32,0.0,0.0,0.0,0.0,0.0,0.0,Gas Plant Sweet,06-08-062-03W6M,0.0,11590.5,2807.97,637.14,0.0
ABGP0001624,23156.3,22650.47,0.0,315.78,184.28,3.69,5.96,0.0,Gas Plant Sweet,07-27-051-19W5M,0.0,950.67,389.52,41.08,0.0
ABGP0001625,57566.43,47426.11,0.0,0.0,0.0,0.0,6178.1,0.0,Gas Plant Sulphur Recovery,06-28-049-11W5M,0.0,9283.2,633.5,47.62,0.0
ABGP0001626,303.94,268.98,0.0,0.0,0.0,4.8,6.15,0.0,Gas Plant Sweet,09-16-049-08W5M,0.0,8.24,28.25,0.0,0.0
ABGP0001627,208.13,148.89,0.0,0.0,0.0,0.0,0.35,0.0,Gas Plant Sweet,16-02-027-14W4M,0.0,0.0,36.11,0.0,0.0
ABGP0001628,71.77,71.77,0.0,0.0,0.0,0.0,0.0,0.0,Gas Plant Sulphur Recovery,05-02-053-26W4M,0.0,0.0,71.77,0.0,0.0
ABGP0001629,10775.76,10694.65,0.0,0.0,0.0,0.0,15.91,1.04,Gas Plant Sulphur Recovery,07-22-078-09W6M,0.0,92.05,139.32,32.69,0.0
ABGP0001630,1084.73,966.6,0.0,0.0,0.0,13.54,39.79,0.0,Gas Plant Sweet,07-26-055-14W5M,0.0,69.03,53.09,0.0,0.0
ABGP0001631,284.11,165.52,0.0,0.0,0.0,0.0,0.0,0.0,Gas Plant Sweet,14-28-087-07W6M,0.0,2.85,88.51,3.42,0.0
ABGP0001632,17.09,12.87,0.0,0.0,0.0,0.0,0.0,0.0,Gas Plant Acid Gas Flaring < 1 T/D Sulphur,11-10-036-05W4M,0.0,2.62,0.0,0.0,0.0
ABGP0001633,415.01,362.89,0.0,0.0,0.0,4.93,2.39,0.0,Gas Plant Sweet,15-36-012-27W4M,0.0,8.77,42.86,0.0,0.0
ABGP0001634,7701.79,7262.63,0.0,0.0,0.0,59.36,0.0,0.0,Gas Plant Sweet,03-03-081-13W6M,28.48,68.58,448.72,27.8,0.0
ABGP0001635,155.5,116.88,0.0,0.0,0.0,0.0,0.0,0.0,Gas Plant Sweet,14-30-052-06W5M,0.0,0.0,38.62,0.0,0.0
ABGP0001636,8065.64,0.0,0.0,0.0,0.0,0.0,0.0,0.0,Gas Plant Sweet,11-03-076-08W6M,0.0,0.0,0.0,0.0,8065.64
ABGP0001637,78.28,61.92,0.0,0.0,0.0,0.0,3.0,0.0,Gas Plant Sweet,05-23-049-21W4M,0.0,3.88,4.59,0.0,0.0
ABGP0001638,19937.06,19364.62,0.0,0.0,0.0,0.0,0.0,0.03,Gas Plant Sulphur Recovery,06-01-055-25W4M,0.0,311.22,774.3,0.8,0.0
ABGP0001639,1290.58,0.0,0.0,0.0,0.0,0.0,0.0,0.0,Gas Plant Sweet,03-32-087-03W6M,0.0,0.0,0.0,0.0,1290.58
ABGP0001640,2774.14,1404.84,0.0,0.0,0.0,0.0,0.0,0.0,Gas Plant Acid Gas Flaring < 1 T/D Sulphur,01-05-018-20W4M,0.0,473.33,783.42,0.0,112.55
ABGP0001641,2216.39,2074.22,0.0,0.0,0.0,0.0,0.0,0.0,Gas Plant Acid Gas Flaring < 1 T/D Sulphur,16-36-079-03W6M,0.0,9.0,131.12,0.0,0.0
ABGP0001642,6154.66,5687.03,0.0,0.0,0.0,42.63,116.97,0.0,Gas Plant Sweet,07-14-049-01W5M,0.0,155.38,416.49,0.46,0.0
ABGP0001643,435.55,0.0,0.0,0.0,0.0,0.0,0.0,0.0,Gas Plant Sulphur Recovery,01-05-034-06W5M,0.0,0.0,435.55,0.0,0.0
ABGP0001644,567.74,551.38,0.0,0.0,0.0,0.0,0.0,0.0,Gas Plant Acid Gas Flaring < 1 T/D Sulphur,16-07-078-11W6M,0.0,0.0,16.36,0.0,0.0
ABGP0001645,2346.49,2202.04,0.0,0.0,0.0,0.0,30.31,0.0,Gas Plant Sweet,13-16-078-01W6M,2.28,38.05,122.8,2.28,0.0
ABGP0001646,2975.66,2680.72,0.0,0.0,0.0,29.5,104.6,0.0,Gas Plant Sweet,15-22-048-02W5M,0.0,142.17,138.41,3.53,0.0
ABGP0001647,1990.72,1900.5,0.0,0.0,0.0,0.0,9.38,0.0,Gas Plant Acid Gas Flaring < 1 T/D Sulphur,08-12-044-21W4M,0.0,12.08,77.69,10.82,0.0
ABGP0001648,3587.97,0.0,0.0,0.0,0.0,3.98,0.0,0.0,Gas Plant Sweet,06-04-038-24W4M,0.0,3.78,172.03,0.0,3412.15
ABGP0001649,5176.56,4851.67,0.0,0.0,0.0,0.0,68.15,0.0,Gas Plant Acid Gas Flaring < 1 T/D Sulphur,08-15-084-08W6M,0.0,88.17,264.63,165.64,0.0
ABGP0001650,4548.19,4757.91,0.0,0.0,0.0,5.36,0.0,0.0,Gas Plant Acid Gas Flaring < 1 T/D Sulphur,16-02-065-25W4M,0.0,1.82,251.76,0.0,0.0
ABGP0001651,56221.63,54047.04,0.0,0.0,0.0,226.1,693.49,0.0,Gas Plant Sweet,10-09-045-08W5M,0.0,1773.02,579.5,41.01,0.0
ABGP0001652,9669.04,0.0,0.0,0.0,0.0,0.0,0.0,0.0,Gas Plant Sweet,04-17-057-05W5M,0.0,18.13,0.0,0.0,9650.91
ABGP0001653,108.53,0.0,0.0,0.0,0.0,0.0,0.0,0.0,Gas Plant Acid Gas Flaring < 1 T/D Sulphur,06-11-049-28W4M,0.0,0.0,0.0,0.0,108.53
ABGP0001654,213.03,0.0,0.0,0.0,0.0,0.0,0.0,0.0,Gas Plant Sulphur Recovery,10-15-029-24W4M,0.0,0.0,190.13,4.9,0.0
ABGP0001655,9639.02,8706.36,0.0,0.0,0.0,0.0,0.0,0.0,Gas Plant Acid Gas Injection,16-36-080-25W4M,0.0,9.65,572.92,0.12,0.0
ABGP0001656,698.55,690.91,0.0,0.0,0.0,0.0,0.59,0.0,Gas Plant Sweet,09-30-054-27W4M,0.0,0.8,0.0,0.0,0.0
ABGP0001657,93.53,75.64,0.0,0.0,0.0,0.0,0.0,0.0,Gas Plant Acid Gas Injection,14-22-049-23W4M,0.0,0.0,7.97,3.99,5.92
ABGP0001658,2446.17,1694.31,0.0,0.0,0.0,0.0,21.82,0.0,Gas Plant Sulphur Recovery,12-24-110-08W6M,0.0,29.5,316.92,71.2,0.0
ABGP0001659,523.8,0.0,0.0,0.0,0.0,0.0,0.0,0.0,Gas Plant Acid Gas Flaring < 1 T/D Sulphur,07-32-039-08W5M,0.0,0.0,0.0,0.0,523.8
ABGP0001660,76890.74,72400.1,0.0,0.0,0.0,0.0,0.0,0.0,Gas Plant Acid Gas Flaring < 1 T/D Sulphur,13-12-056-21W5M,0.0,407.38,3779.8,2.14,0.0
ABGP0001661,7239.28,6573.65,0.0,0.0,0.0,0.0,124.82,0.0,Gas Plant Sweet,11-14-097-11W6M,0.0,312.59,278.87,4.1,0.0
ABGP0001662,106393.74,71072.47,0.0,0.0,0.0,0.0,4140.42,606.83,Gas Plant Sulphur Recovery,12-35-034-06W5M,0.0,29124.69,3622.71,1333.76,0.0
ABGP0001663,17907.61,18405.2,0.0,0.0,0.0,29.7,59.42,0.0,Gas Plant Sweet,08-21-021-15W4M,0.0,76.1,40.21,8.54,0.0
ABGP0001664,322.27,211.89,0.0,0.0,0.0,0.0,0.0,0.0,Gas Plant Sweet,11-22-087-07W6M,0.0,22.67,59.81,19.94,0.0
ABGP0001665,20.05,0.0,0.0,0.0,0.0,0.0,0.0,0.0,Gas Plant Sulphur Recovery,08-25-014-23W4M,20.05,0.0,0.0,0.0,0.0
ABGP0001666,58077.24,56526.02,0.0,0.0,0.0,391.68,552.68,0.0,Gas Plant Sweet,14-36-057-23W5M,0.0,1248.43,882.18,12.53,0.0
ABGP0001667,2153.62,2002.34,0.0,0.0,0.0,24.3,0.0,0.0,Gas Plant Sweet,07-18-078-02W6M,0.0,26.43,64.36,0.0,60.49
ABGP0001668,82390.36,78612.83,0.0,0.0,0.0,20.54,645.67,0.0,Gas Plant Acid Gas Flaring > 1 T/D Sulphur,11-26-079-09W6M,0.0,894.03,2507.57,33.38,0.0
ABGP0001669,54566.85,51189.51,0.0,0.0,0.0,122.33,1655.51,0.0,Gas Plant Sweet,05-01-051-15W5M,0.0,3239.61,1480.03,12.64,0.0
ABGP0001670,2379.15,2227.06,0.0,0.0,0.0,0.0,0.0,0.0,Gas Plant Acid Gas Flaring < 1 T/D Sulphur,16-13-030-01W4M,0.0,11.89,125.13,8.83,0.0
ABGP0001671,196.51,196.51,0.0,0.0,0.0,0.0,0.0,0.0,Gas Plant Sweet,09-07-081-07W6M,0.0,0.0,0.0,0.0,0.0
ABGP0001672,7395.57,6701.01,0.0,0.0,0.0,32.91,87.55,0.0,Gas Plant Acid Gas Flaring > 1 T/D Sulphur,08-18-048-26W4M,0.0,120.18,492.92,42.61,0.0
ABGP0001673,5720.18,5436.18,0.0,0.0,0.0,25.66,49.57,0.0,Gas Plant Sweet,04-22-019-21W4M,0.0,62.66,194.34,1.94,0.0
ABGP0001674,2795.33,2662.38,0.0,0.0,0.0,24.38,71.98,0.0,Gas Plant Sweet,01-15-019-25W4M,0.0,96.49,95.69,0.0,0.0
ABGP0001675,0.0,0.0,0.0,0.0,0.0,20.03,0.0,0.0,Gas Plant Sweet,01-23-032-28W4M,0.0,0.12,0.0,0.0,0.0
ABGP0001676,22442.58,22331.74,0.0,0.0,0.0,0.0,0.0,0.0,Gas Plant Acid Gas Flaring > 1 T/D Sulphur,07-23-049-27W4M,0.0,186.6,201.18,109.48,0.0
ABGP0001677,579.84,427.65,0.0,0.0,0.0,0.0,1.1,0.0,Gas Plant Sweet,11-27-023-13W4M,0.0,1.71,82.36,0.0,0.0
ABGP0001678,616.98,584.4,0.0,0.0,0.0,0.0,0.22,0.0,Gas Plant Sweet,14-12-075-03W6M,0.0,0.23,37.59,41.47,0.0
ABGP0001679,2050.64,1932.17,0.0,0.0,0.0,8.55,27.4,0.0,Gas Plant Acid Gas Flaring < 1 T/D Sulphur,02-25-056-06W5M,0.0,36.57,23.81,37.48,0.0
ABGP0001680,1633.82,1435.48,0.0,0.0,0.0,0.0,0.0,0.0,Gas Plant Sweet,08-14-093-01W6M,0.0,0.0,102.87,0.0,0.0
ABGP0001681,3214.43,3130.93,0.0,0.0,0.0,12.3,35.56,0.0,Gas Plant Sweet,05-04-039-11W5M,0.0,54.45,73.93,0.0,0.0
ABGP0001682,2526.71,1832.15,0.0,0.0,0.0,0.0,0.0,0.0,Gas Plant Acid Gas Injection,05-08-088-18W4M,0.0,174.29,355.99,8.66,0.0
ABGP0001683,538.49,486.66,0.0,0.0,0.0,3.98,0.0,0.0,Gas Plant Sweet,16-02-079-24W5M,0.0,4.56,113.23,0.0,0.0
ABGP0001684,106.86,0.0,0.0,0.0,0.0,0.0,0.0,0.0,Gas Plant Acid Gas Injection,02-10-039-10W4M,0.0,0.0,0.0,106.86,0.0
ABGP0001685,112.32,42.72,0.0,0.0,0.0,0.0,0.0,0.0,Gas Plant Acid Gas Injection,10-34-086-18W5M,0.0,8.54,68.58,0.0,0.0
ABGP0001686,2428.39,2428.39,0.0,0.0,0.0,8.85,54.34,0.0,Gas Plant Sweet,11-14-063-22W5M,0.0,82.86,0.0,0.0,0.0
ABGP0001687,2656.8,2638.46,0.0,0.0,0.0,0.0,2.5,0.0,Gas Plant Acid Gas Flaring < 1 T/D Sulphur,01-28-043-23W4M,0.0,3.53,115.4,0.23,0.0
ABGP0001688,1418.51,1299.24,0.0,0.0,0.0,7.96,11.83,0.0,Gas Plant Sweet,08-24-038-19W4M,0.0,16.63,84.41,0.0,0.0
ABGP0001689,131.84,125.6,0.0,0.0,0.0,0.0,0.0,0.0,Gas Plant Sweet,04-22-090-23W5M,0.0,0.0,0.0,0.0,0.0
ABGP0001690,0.0,0.0,0.0,0.0,0.0,3.53,10.09,0.0,Gas Plant Sulphur Recovery,01-14-041-15W4M,0.0,13.44,0.0,0.0,0.0
ABGP0001691,86.01,76.78,0.0,0.0,0.0,0.0,0.0,0.0,Gas Plant Sulphur Recovery,16-31-008-17W4M,0.0,2.16,27.0,0.0,0.0
ABGP0001692,11784.16,11784.16,0.0,0.0,0.0,0.0,0.0,0.0,Gas Plant Sweet,05-01-064-17W5M,0.0,0.0,0.0,0.0,0.0
ABGP0001693,2853.54,2547.1,0.0,0.0,0.0,0.0,78.99,0.0,Gas Plant Sweet,16-12-056-14W5M,0.0,123.6,180.1,0.23,0.0
ABGP0001694,1512.17,1420.83,0.0,0.0,0.0,0.0,0.0,0.0,Gas Plant Sweet,06-11-033-18W4M,0.0,0.0,124.9,0.0,0.0
ABGP0001695,0.0,0.0,0.0,0.0,0.0,0.0,0.0,0.0,Gas Plant Sulphur Recovery,13-30-040-10W4M,0.0,0.11,0.0,0.0,0.0
ABGP0001696,4305.2,4029.52,0.0,0.0,0.0,15.61,0.0,0.0,Gas Plant Acid Gas Flaring < 1 T/D Sulphur,01-18-084-12W6M,0.0,18.0,335.26,0.0,0.0
ABGP0001697,13219.76,12892.02,0.0,0.0,0.0,0.0,207.22,0.0,Gas Plant Sweet,10-12-056-17W5M,0.0,318.06,135.33,8.32,0.0
ABGP0001698,8855.78,7841.22,0.0,0.0,0.0,86.13,228.45,0.0,Gas Plant Sulphur Recovery,08-14-040-03W4M,0.0,614.36,644.21,183.29,703.33
ABGP0001699,2095.57,2081.45,0.0,0.0,0.0,0.0,0.0,0.0,Gas Plant Sweet,05-14-036-20W4M,0.0,0.0,0.0,0.0,14.13
ABGP0001700,308.38,62.09,0.0,0.0,0.0,0.04,0.0,0.0,Gas Plant Fractionation,13-24-048-07W5M,0.0,0.0,180.22,66.07,0.0
ABGP0001701,5446.55,0.0,10434.86,31521.8,28356.91,16049.78,0.0,0.0,Gas Plant Fractionation,02-14-055-22W4M,0.0,0.0,5389.25,99.34,0.0
ABGP0001702,0.0,0.0,78.4,871.6,1211.09,1083.49,0.02,0.0,Gas Plant Fractionation,11-20-042-09W4M,0.0,0.0,0.0,0.0,0.0
ABGP0001703,5430.48,0.0,0.0,16814.41,7298.75,12171.08,0.0,0.0,Gas Plant Fractionation,02-23-055-22W4M,0.0,0.0,4938.81,583.03,0.0
ABGP0001704,0.0,0.0,0.0,0.0,0.0,0.0,119.61,0.0,Gas Plant Fractionation,01-04-099-22W5M,0.0,0.0,0.0,0.0,0.0
ABGP0001705,0.0,0.0,0.0,0.0,0.0,367.23,0.0,0.0,Gas Plant Fractionation,03-26-033-06W5M,0.0,0.0,0.0,0.0,0.0
ABGP0001706,0.0,0.0,28867.63,18041.13,11019.26,5838.24,0.0,0.0,Gas Plant Fractionation,01-13-055-22W4M,0.0,0.0,0.0,21.19,0.0
ABGP0001707,9379.69,0.0,19543.56,22248.34,15662.3,9012.14,0.0,0.0,Gas Plant Fractionation,09-01-056-22W4M,0.0,0.0,0.0,0.0,0.0
ABGP0001713,16699.28,15563.63,0.0,0.0,0.0,0.0,0.0,0.0,Gas Plant Sweet,13-31-048-12W4M,0.0,52.17,756.65,13.21,0.0
ABGP0001714,0.0,0.0,0.0,0.0,0.0,0.0,0.0,0.0,Gas Plant Sweet,12-05-054-20W5M,0.0,2.0,0.0,0.0,0.0
ABGP0001715,2304.11,2304.11,0.0,0.0,0.0,0.0,0.0,0.0,Gas Plant Sweet,13-09-058-02W6M,0.0,74.62,72.22,54.91,0.0
ABGP0001716,522.07,449.91,0.0,0.0,0.0,0.0,0.0,0.0,Gas Plant Sweet,06-20-076-02W6M,0.0,0.0,71.22,0.0,0.0
ABGP0001717,984.71,815.09,0.0,0.0,0.0,0.0,0.0,0.0,Gas Plant Sweet,05-36-061-18W5M,0.0,24.72,118.7,3.08,0.0
ABGP0001718,91340.69,87840.78,0.0,0.0,0.0,250.35,711.56,0.0,Gas Plant Sweet,14-23-058-26W5M,0.0,1632.33,1029.14,8.89,0.0
ABGP0001719,200.82,196.7,0.0,0.0,0.0,0.0,0.0,0.0,Gas Plant Sweet,16-07-021-13W4M,0.0,0.0,10.36,0.0,0.0
ABGP0001720,37.02,37.02,0.0,0.0,0.0,0.0,0.0,0.0,Gas Plant Sweet,08-30-046-01W5M,0.0,0.0,0.0,0.0,0.0
ABGP0001727,2600.92,2410.93,0.0,0.0,0.0,0.0,0.0,0.0,Gas Plant Sweet,01-13-032-19W4M,0.0,0.0,127.96,0.0,0.0
ABGP0001728,3189.48,3047.54,0.0,0.0,0.0,0.0,13.26,0.0,Gas Plant Sweet,04-28-048-10W4M,0.0,15.95,212.69,1.37,0.0
ABGP0001729,3102.68,3065.88,0.0,0.0,0.0,0.0,0.0,0.0,Gas Plant Sweet,13-33-110-04W6M,0.0,0.0,132.37,0.0,0.0
ABGP0001730,155.95,155.04,0.0,0.0,0.0,0.0,0.2,0.0,Gas Plant Sweet,15-28-053-02W5M,0.0,0.23,2.39,0.0,0.0
ABGP0001731,1520.81,1493.7,0.0,0.0,0.0,4.97,5.26,0.0,Gas Plant Sweet,04-30-029-19W4M,0.0,6.15,76.44,0.0,0.0
ABGP0001732,3260.91,3068.73,0.0,0.0,0.0,0.0,0.0,0.0,Gas Plant Sweet,12-11-041-24W4M,0.0,0.0,188.53,0.0,0.0
ABGP0001733,25.1,0.0,0.0,0.0,0.0,0.0,0.0,0.0,Gas Plant Sweet,06-16-031-01W4M,0.0,0.0,0.0,0.0,25.1
ABGP0001734,947.34,875.23,0.0,0.0,0.0,0.0,0.0,0.0,Gas Plant Sulphur Recovery,16-07-017-18W4M,0.0,0.0,54.0,10.82,0.0
ABGP0001735,294.64,257.44,0.0,0.0,0.0,0.0,3.63,0.0,Gas Plant Sweet,06-32-082-05W6M,0.0,4.47,70.04,0.12,0.0
ABGP0001736,197.88,184.78,0.0,0.0,0.0,3.69,0.0,0.0,Gas Plant Sweet,04-23-087-05W6M,0.0,3.99,6.95,1.82,0.34
ABGP0001737,7323.81,7047.78,0.0,0.0,0.0,0.0,0.0,0.0,Gas Plant Sweet,06-24-039-23W4M,0.0,0.0,225.44,0.0,0.0
ABGP0001738,5965.1,4813.5,0.0,0.0,0.0,0.0,0.0,0.0,Gas Plant Sweet,09-17-122-20W5M,254.61,0.0,655.83,1.59,0.0
ABGP0001739,4195.61,4168.38,0.0,0.0,0.0,20.34,45.94,0.0,Gas Plant Sweet,01-08-020-13W4M,0.0,59.12,5.01,6.38,0.0
ABGP0001740,180513.29,176468.39,0.0,0.0,0.0,0.0,704.27,0.0,Gas Plant Sweet,04-25-062-06W6M,0.0,3864.79,1215.05,345.74,0.0
ABGP0001741,100.48,89.31,0.0,0.0,0.0,0.0,0.85,0.0,Gas Plant Sweet,06-33-060-09W5M,0.0,0.91,8.66,0.0,0.0
ABGP0001742,3079.67,2644.95,0.0,0.0,0.0,0.0,81.58,0.0,Gas Plant Acid Gas Injection,11-17-049-04W5M,0.0,109.13,156.07,21.53,0.0
ABGP0001743,414.12,353.03,0.0,0.0,0.0,0.0,0.0,0.0,Gas Plant Sweet,02-31-031-11W4M,0.0,0.0,34.26,0.0,26.84
ABGP0001744,316.07,285.04,0.0,0.0,0.0,0.0,2.07,0.0,Gas Plant Sweet,12-13-083-05W6M,0.0,2.52,28.13,0.0,0.0
ABGP0001745,188.11,167.27,0.0,0.0,0.0,0.0,1.64,0.0,Gas Plant Sweet,11-02-056-02W5M,0.0,2.35,24.37,0.0,0.0
ABGP0001746,40958.06,39464.36,0.0,0.0,0.0,8.22,464.98,0.0,Gas Plant Acid Gas Flaring > 1 T/D Sulphur,05-23-080-13W6M,2.05,634.75,649.68,7.4,14824.87
ABGP0001747,894.49,873.87,0.0,0.0,0.0,0.0,0.0,0.0,Gas Plant Sweet,05-11-034-12W4M,0.0,0.0,0.0,0.0,0.0
ABGP0001748,9.68,0.0,0.0,0.0,0.0,0.0,0.0,0.0,Gas Plant Sweet,06-05-063-22W5M,0.0,0.0,8.66,0.0,0.0
ABGP0001749,57.21,0.0,0.0,0.0,0.0,0.0,8.35,0.0,Gas Plant Sweet,12-28-076-22W5M,0.0,11.42,0.0,0.0,0.0
ABGP0001750,,,,,,,,,Gas Plant Fractionation,03-17-047-27W4M,,,,,
ABGP0001751,13975.49,13006.62,0.0,0.0,0.0,0.0,107.99,0.0,Gas Plant Sweet,03-06-039-11W5M,0.0,439.38,292.54,4.21,0.0
ABGP0001752,86.24,51.83,0.0,0.0,0.0,0.0,0.0,0.0,Gas Plant Sweet,04-21-078-23W5M,0.0,0.0,24.49,2.39,0.0
ABGP0001753,829.78,743.32,0.0,0.0,0.0,0.0,0.0,0.0,Gas Plant Sweet,04-26-064-26W4M,0.0,0.0,73.59,0.0,0.0
ABGP0001754,82.87,0.0,0.0,0.0,0.0,0.0,0.0,0.0,Gas Plant Sweet,09-05-010-11W4M,0.0,0.0,6.59,0.0,0.0
ABGP0001755,5149.11,4754.04,0.0,0.0,0.0,1.36,0.0,0.0,Gas Plant Sweet,08-36-082-26W5M,0.0,1.59,140.69,0.0,252.78
ABGP0001756,1996.37,2096.11,0.0,0.0,0.0,0.0,0.0,0.0,Gas Plant Sweet,11-18-074-12W6M,0.0,0.0,0.0,0.0,0.0
ABGP0001757,,,,,,,,,Gas Plant Sweet,12-05-054-20W5M,,,,,
ABGP0001758,6174.37,5370.56,0.0,0.0,0.0,0.0,74.32,0.0,Gas Plant Sweet,08-21-087-09W6M,0.0,94.21,518.56,286.39,0.0
ABGP0001759,7353.88,6986.84,0.0,0.0,0.0,0.0,80.89,0.0,Gas Plant Sweet,07-27-051-19W5M,0.0,160.28,28.48,3.65,0.0
ABGP0001760,,,,,,,,,Gas Plant Sweet,08-03-007-01W4M,,,,,
ABGP0001761,1576.17,1387.07,0.0,0.0,0.0,0.0,23.75,0.0,Gas Plant Sweet,03-18-045-25W4M,0.0,32.81,165.86,1.03,0.0
ABGP0001764,,,,,,,,,Gas Plant Sweet,07-16-026-05W5M,,,,,
ABGP0001765,143.14,143.14,0.0,0.0,0.0,0.0,0.0,0.0,Gas Plant Sweet,01-28-122-22W5M,0.0,0.0,0.0,0.0,0.0
ABGP0001766,111624.64,109650.77,0.0,0.0,0.0,1844.46,1203.12,0.0,Gas Plant Sweet,11-17-055-21W5M,0.0,2292.15,3833.81,8.54,0.0
ABGP0001767,482.22,482.22,0.0,0.0,0.0,0.0,0.0,0.0,Gas Plant Sweet,06-27-090-20W4M,0.0,0.0,0.0,0.0,0.0
ABGP0001768,6924.41,6934.66,0.0,0.0,0.0,0.0,252.63,0.0,Gas Plant Sweet,13-07-069-24W5M,0.0,343.46,374.68,0.0,0.0
ABGP0001769,142.65,127.13,0.0,0.0,0.0,0.0,0.0,0.0,Gas Plant Sweet,14-07-010-21W4M,0.0,0.0,15.39,0.0,0.0
ABGP0001770,119.61,65.28,0.0,0.0,0.0,0.0,0.0,0.0,Gas Plant Sweet,05-30-032-10W4M,0.0,0.0,35.77,0.0,0.0
ABGP0001771,209.42,143.5,0.0,0.0,0.0,0.0,0.02,0.0,Gas Plant Sweet,11-05-076-22W5M,0.0,0.0,61.09,0.0,0.0
ABGP0001772,,,,,,,,,Gas Plant Sweet,16-06-081-08W6M,,,,,
ABGP0001773,265.09,171.67,0.0,0.0,0.0,0.0,0.0,0.0,Gas Plant Sweet,04-08-079-08W5M,0.0,0.0,46.14,0.34,0.0
ABGP0001774,0.0,0.0,0.0,0.0,0.0,1.44,0.0,0.0,Gas Plant Sweet,06-29-049-21W4M,0.0,0.0,0.0,0.0,0.0
ABGP0001775,3476.9,2977.25,0.0,0.0,0.0,0.0,30.98,0.0,Gas Plant Acid Gas Flaring > 1 T/D Sulphur,05-34-078-25W5M,0.0,90.0,514.23,1.14,0.0
ABGP0001776,933.9,801.42,0.0,0.0,0.0,0.0,25.6,0.0,Gas Plant Acid Gas Flaring < 1 T/D Sulphur,06-22-070-20W5M,0.0,34.4,151.97,35.88,0.0
ABGP0001777,14238.99,14325.34,0.0,0.0,0.0,0.0,0.0,0.0,Gas Plant Sweet,01-36-060-03W6M,0.0,0.0,294.71,7.29,0.0
ABGP0001778,112.1,112.1,0.0,0.0,0.0,0.0,0.0,0.0,Gas Plant Sweet,06-08-073-07W5M,0.0,0.0,0.0,0.0,0.0
ABGP0001779,0.0,0.0,0.0,0.0,0.0,0.0,0.0,0.0,Gas Plant Sweet,04-14-031-02W4M,0.0,0.11,0.0,0.0,0.0
ABGP0001780,4817.42,4830.79,0.0,0.0,0.0,0.0,0.0,0.0,Gas Plant Sweet,11-25-059-09W6M,0.0,0.0,0.0,0.0,0.0
ABGP0001781,207.65,207.65,0.0,0.0,0.0,0.0,0.0,0.0,Gas Plant Sweet,03-31-091-01W6M,0.0,0.0,0.0,0.0,0.0
ABGP0001782,4494.76,4318.41,0.0,0.0,0.0,0.0,0.0,0.0,Gas Plant Sweet,04-12-018-17W4M,0.0,0.0,274.54,0.0,0.0
ABGP0001783,3274.73,3001.75,0.0,0.0,0.0,0.0,0.0,0.0,Gas Plant Sweet,10-01-048-15W4M,0.0,0.0,47.32,0.0,0.0
ABGP0001784,618.89,611.57,0.0,0.0,0.0,0.0,0.0,0.0,Gas Plant Acid Gas Injection,07-26-039-16W4M,0.0,0.0,31.53,0.0,0.0
ABGP0001785,11069.73,10629.83,0.0,0.0,0.0,0.0,0.0,0.0,Gas Plant Acid Gas Injection,10-02-077-05W5M,0.0,0.0,623.66,2.35,0.0
ABGP0001786,760.8,540.9,0.0,0.0,0.0,2.96,13.63,0.0,Gas Plant Sweet,02-24-012-02W5M,0.0,21.42,141.26,1.41,0.0
ABGP0001787,22.48,9.42,0.0,0.0,0.0,0.0,0.0,0.0,Gas Plant Sweet,10-14-048-03W5M,0.0,0.0,11.65,0.35,0.0
ABGP0001788,2262.53,2011.23,0.0,0.0,0.0,16.48,36.66,0.0,Gas Plant Sweet,02-04-031-15W4M,0.0,48.53,190.93,0.0,0.0
ABGP0001789,184.55,129.87,0.0,0.0,0.0,0.0,0.0,0.0,Gas Plant Sweet,07-14-052-04W5M,0.0,0.0,35.66,0.0,0.0
ABGP0001790,1340.78,1332.07,0.0,0.0,0.0,0.0,0.0,0.0,Gas Plant Sweet,13-17-102-02W6M,0.0,0.0,12.71,0.0,0.0
ABGP0001791,3419.03,3094.02,0.0,0.0,0.0,0.0,0.0,0.0,Gas Plant Sweet,09-34-060-18W5M,0.0,26.66,162.45,0.0,0.0
ABGP0001792,3509.25,2996.51,0.0,0.0,0.0,0.0,125.76,0.0,Gas Plant Sweet,06-20-076-02W6M,0.0,156.07,92.62,0.57,0.0
ABGP0001793,22.1,0.0,0.0,0.0,0.0,0.0,0.0,0.0,Gas Plant Acid Gas Injection,07-02-077-04W6M,0.0,0.0,22.1,0.0,0.0
ABGP0001794,141.49,139.89,0.0,0.0,0.0,0.0,0.0,0.0,Gas Plant Sweet,04-36-086-11W5M,0.0,0.0,0.0,0.46,27.0
ABGP0001795,479.03,438.93,0.0,0.0,0.0,0.0,0.0,0.0,Gas Plant Sweet,16-31-052-21W5M,0.0,6.38,33.15,0.0,0.0
ABGP0001796,248.8,210.18,0.0,0.0,0.0,0.0,0.0,0.0,Gas Plant Sweet,07-09-083-18W4M,0.0,0.0,26.32,0.0,0.0
ABGP0001797,2831.89,2532.63,0.0,0.0,0.0,12.0,23.34,0.0,Gas Plant Sweet,15-22-035-20W4M,0.0,29.96,91.48,0.0,0.0
ABGP0001798,50159.92,47946.15,0.0,0.0,0.0,0.0,0.0,0.0,Gas Plant Sweet,10-08-062-10W6M,0.0,1.48,1069.35,16.97,0.0
ABGP0001799,457.32,407.77,0.0,0.0,0.0,0.0,0.0,0.0,Gas Plant Sweet,11-32-072-03W5M,0.0,4.47,51.32,0.0,0.0
ABGP0001800,4989.62,3966.06,0.0,0.0,0.0,0.0,0.0,0.0,Gas Plant Sweet,16-15-020-08W4M,0.0,14.7,473.1,212.69,0.0
ABGP0001801,370109.51,346676.3,0.0,0.0,0.0,0.0,15959.59,0.0,Gas Plant Sweet,04-08-069-08W6M,0.0,24197.61,4899.62,252.9,0.0
ABGP0001802,278480.04,256976.6,0.0,0.0,0.0,0.0,9195.53,0.0,Gas Plant Sweet,01-08-070-11W6M,0.0,14076.99,4223.75,0.0,0.0
ABGP0001803,40397.45,11241.29,0.0,0.0,0.0,0.0,0.0,0.0,Gas Plant Sweet,15-25-064-11W5M,14946.55,13025.81,545.36,54.23,584.21
ABGP0001804,,,,,,,,,Gas Plant Sweet,02-20-004-30W4M,,,,,
ABGP0001805,34838.03,25477.93,0.0,0.0,0.0,0.0,1827.39,0.0,Gas Plant Sweet,06-19-073-08W6M,6415.99,2729.25,264.4,0.0,0.0
ABGP0001806,0.0,0.0,0.0,0.0,0.0,0.0,0.02,0.0,Gas Plant Sweet,03-15-059-18W5M,0.0,0.0,0.0,0.0,0.0
ABGP0001807,17175.46,17212.48,0.0,0.0,0.0,0.0,0.0,0.0,Gas Plant Sweet,12-01-049-16W5M,0.0,717.57,250.28,0.0,0.0
ABGP0001808,30089.57,0.0,0.0,0.0,0.0,0.0,0.0,0.0,Gas Plant Sweet,16-35-048-12W5M,23767.22,3474.17,17.77,0.0,2830.41
ABGP0001809,,,,,,,,,Gas Plant Sweet,04-04-052-24W4M,,,,,
ABGP0001810,,,,,,,,,Gas Plant Sweet,05-02-053-26W4M,,,,,
ABGP0001811,106809.77,92093.8,0.0,0.0,0.0,0.0,7923.05,0.0,Gas Plant Sweet,09-27-031-04W5M,0.0,12137.31,0.0,0.0,0.0
ABGP0001831,606.96,489.85,0.0,0.0,0.0,2.82,0.0,0.0,Gas Plant Sweet,01-17-105-01W6M,0.0,3.3,36.68,0.0,0.0
ABGP0001832,21.42,0.0,0.0,0.0,0.0,0.0,0.0,0.0,Gas Plant Sweet,08-26-079-16W5M,0.0,0.0,0.46,20.96,0.0
ABGP0001833,,,,,,,,,Gas Plant Sweet,13-29-022-24W4M,,,,,
ABGP0001834,1580.21,1375.74,0.0,0.0,0.0,0.0,0.0,0.0,Gas Plant Sweet,08-04-029-05W4M,0.0,0.0,141.96,0.0,0.0
ABGP0001836,305.87,235.7,0.0,0.0,0.0,0.0,0.0,0.0,Gas Plant Sweet,10-18-029-03W4M,0.0,1.03,72.0,0.0,0.0
ABGP0001837,276.37,526.87,0.0,0.0,0.0,0.0,14.82,0.0,Gas Plant Sweet,13-29-022-24W4M,0.0,18.57,48.64,0.0,0.0
ABGP0001838,0.0,0.0,0.0,0.0,0.0,2.64,0.0,0.0,Gas Plant Acid Gas Injection,02-23-088-08W5M,0.0,0.0,0.0,0.0,0.0
ABGP0001839,1962.7,1924.54,0.0,0.0,0.0,0.0,0.0,0.0,Gas Plant Sweet,16-20-021-14W4M,0.0,0.0,49.55,0.0,0.0
ABGP0001840,534.62,402.47,0.0,0.0,0.0,0.0,0.0,0.0,Gas Plant Sweet,15-10-096-01W6M,0.0,0.0,66.64,0.0,0.0
ABGP0001841,67580.87,65312.42,0.0,0.0,0.0,0.0,141.77,0.0,Gas Plant Sweet,14-15-059-24W5M,0.0,1460.09,1304.25,5.24,0.0
ABGP0001842,,,,,,,,,Gas Plant Sweet,01-01-092-09W4M,,,,,
ABGP0001843,177.04,139.85,0.0,0.0,0.0,0.0,0.0,0.0,Gas Plant Sweet,15-29-001-11W4M,0.0,0.0,40.49,0.0,0.0
ABGP0001844,141.6,141.6,0.0,0.0,0.0,0.0,0.0,0.0,Gas Plant Sweet,16-29-001-11W4M,0.0,0.0,0.0,0.0,0.0
ABGP0001845,226.58,187.4,0.0,0.0,0.0,0.0,0.0,0.0,Gas Plant Sweet,01-16-075-01W6M,0.0,1.37,47.73,0.8,0.0
ABGP0001846,2513.77,2264.3,0.0,0.0,0.0,0.0,0.0,0.0,Gas Plant Sweet,09-13-021-07W4M,0.0,0.0,96.23,0.0,0.0
ABGP0001847,,,,,,,,,Gas Plant Sweet,10-01-077-25W5M,,,,,
ABGP0001848,625.64,595.11,0.0,0.0,0.0,0.0,0.0,0.0,Gas Plant Sweet,14-03-110-03W6M,0.0,0.0,30.53,0.0,0.0
ABGP0001849,3254.53,3225.94,0.0,0.0,0.0,0.0,0.0,0.0,Gas Plant Sweet,11-09-062-24W4M,0.0,4.67,115.74,0.0,0.0
ABGP0001850,1267.45,1125.4,0.0,0.0,0.0,0.0,0.0,0.0,Gas Plant Sweet,04-23-020-09W4M,0.0,0.0,165.18,0.0,0.0
ABGP0001851,650.59,515.02,0.0,0.0,0.0,0.0,13.91,0.0,Gas Plant Sweet,12-19-011-25W4M,0.0,16.97,105.94,0.0,0.0
ABGP0001852,328.43,183.41,0.0,0.0,0.0,20.28,5.05,0.0,Gas Plant Sweet,10-20-073-01W6M,0.0,27.34,28.37,0.0,89.31
ABGP0001853,41042.47,37185.2,0.0,0.0,0.0,726.77,1086.33,0.0,Gas Plant Sweet,14-28-059-22W5M,0.0,1431.5,2365.85,18.45,0.0
ABGP0001854,3200.88,3010.86,0.0,0.0,0.0,0.0,48.86,0.0,Gas Plant Sweet,07-04-063-16W5M,0.0,69.72,188.65,1.14,0.0
ABGP0001855,4406.13,2811.84,0.0,0.0,0.0,0.0,17.62,0.0,Gas Plant Acid Gas Flaring < 1 T/D Sulphur,09-15-084-14W5M,0.0,21.64,900.41,740.92,0.0
ABGP0001856,1182.13,295.28,0.0,0.0,0.0,0.0,142.87,0.0,Gas Plant Acid Gas Flaring > 1 T/D Sulphur,08-09-040-03W4M,167.8,211.09,298.24,54.0,155.73
ABGP0001857,903.03,785.58,0.0,0.0,0.0,0.0,0.0,0.0,Gas Plant Sweet,16-35-006-22W4M,0.0,0.8,132.94,0.0,0.0
ABGP0001858,79971.31,76311.57,0.0,0.0,0.0,333.89,458.93,0.0,Gas Plant Sweet,10-20-056-23W5M,0.0,1433.78,2316.53,274.88,0.0
ABGP0001859,3716.24,3429.74,0.0,0.0,0.0,13.7,35.77,0.0,Gas Plant Sweet,13-04-037-25W4M,0.0,48.76,190.59,13.1,0.0
ABGP0001860,373.42,0.0,0.0,0.0,0.0,0.0,0.0,0.0,Gas Plant Sweet,12-22-087-09W6M,0.0,0.0,0.0,0.0,0.0
ABGP0001861,0.0,0.0,0.0,0.0,0.0,0.02,0.0,0.0,Gas Plant Acid Gas Flaring < 1 T/D Sulphur,02-23-064-06W5M,0.0,0.0,0.0,0.0,0.0
ABGP0001862,67.33,42.83,0.0,0.0,0.0,3.25,0.0,0.0,Gas Plant Sweet,01-18-071-03W6M,0.0,3.76,32.01,2.28,0.0
ABGP0001863,962.04,962.04,0.0,0.0,0.0,6.11,0.0,0.0,Gas Plant Sweet,01-03-077-07W6M,0.0,7.06,97.63,0.0,0.0
ABGP0001864,5952.12,5617.88,0.0,0.0,0.0,8.36,6.72,0.0,Gas Plant Sweet,16-32-023-23W4M,0.0,8.66,110.5,4.33,0.0
ABGP0001865,766.78,692.85,0.0,0.0,0.0,0.0,0.0,0.0,Gas Plant Sweet,16-09-075-04W6M,0.0,0.0,45.11,0.0,28.82
ABGP0001866,1936.19,1710.76,0.0,0.0,0.0,0.0,0.0,0.0,Gas Plant Acid Gas Injection,15-19-081-01W5M,0.0,0.0,170.33,0.0,0.0
ABGP0001867,5222.67,5438.58,0.0,0.0,0.0,0.0,0.0,0.0,Gas Plant Sweet,07-27-095-04W6M,0.0,65.27,161.11,0.0,0.0
ABGP0001868,8.66,0.0,0.0,0.0,0.0,0.0,0.0,0.0,Gas Plant Sweet,11-03-060-25W5M,0.0,0.0,8.66,0.0,0.0
ABGP0001869,20.51,0.0,0.0,0.0,0.0,0.0,1.04,0.0,Gas Plant Sweet,16-31-082-07W6M,0.0,0.91,17.09,0.0,2.51
ABGP0001870,433.31,364.92,0.0,0.0,0.0,0.0,0.0,0.0,Gas Plant Acid Gas Flaring > 1 T/D Sulphur,04-14-031-02W4M,0.0,0.0,90.76,0.0,0.0
ABGP0001871,406.23,387.44,0.0,0.0,0.0,0.0,6.09,0.0,Gas Plant Sweet,11-14-072-08W6M,0.0,7.06,50.69,0.0,0.0
ABGP0001872,63.92,56.15,0.0,0.0,0.0,0.0,0.0,0.0,Gas Plant Acid Gas Injection,16-12-040-04W4M,0.0,0.0,0.0,0.0,0.0
ABGP0001873,116.41,0.0,0.0,0.0,0.0,0.0,0.0,0.0,Gas Plant Acid Gas Injection,12-11-039-08W4M,0.0,0.0,18.92,0.0,97.49
ABGP0001874,2762.18,2578.88,0.0,0.0,0.0,0.0,0.0,0.0,Gas Plant Sweet,11-33-096-08W6M,0.0,0.0,178.85,0.0,0.0
ABGP0001875,726.68,426.05,0.0,0.0,0.0,9.64,13.46,0.0,Gas Plant Acid Gas Flaring < 1 T/D Sulphur,06-12-063-15W5M,0.0,17.2,103.44,59.35,0.0
ABGP0001876,63.92,39.79,0.0,0.0,0.0,0.0,0.0,0.0,Gas Plant Sweet,10-30-051-08W5M,0.0,0.0,24.13,0.0,0.0
ABGP0001877,188.42,19.37,0.0,0.0,0.0,0.83,0.0,0.0,Gas Plant Sweet,15-05-095-15W5M,0.0,0.91,160.17,0.0,0.0
ABGP0001878,78.38,16.4,0.0,0.0,0.0,0.0,0.0,0.0,Gas Plant Acid Gas Flaring > 1 T/D Sulphur,13-12-116-06W6M,0.0,0.0,17.43,6.04,0.0
ABGP0001879,2356.97,1848.1,0.0,0.0,0.0,0.0,0.0,0.0,Gas Plant Acid Gas Injection,07-20-082-13W5M,0.0,174.29,315.44,0.0,19.14
ABGP0001880,7278.12,6561.92,0.1,3.17,4.87,9.62,37.78,0.0,Gas Plant Sulphur Recovery,16-11-088-13W6M,0.0,50.35,182.72,272.83,0.0
ABGP0001881,1525.48,1274.51,0.0,0.0,0.0,6.02,11.41,0.0,Gas Plant Sweet,11-27-028-20W4M,0.0,14.24,129.49,0.0,0.0
ABGP0001882,409.88,0.0,0.0,0.0,0.0,0.0,0.0,0.0,Gas Plant Acid Gas Flaring > 1 T/D Sulphur,07-29-008-10W4M,0.0,0.0,1.59,0.0,408.28
ABGP0001883,2950.89,2653.9,0.0,0.0,0.0,0.0,0.0,0.0,Gas Plant Sweet,07-13-094-03W6M,0.0,0.0,210.95,0.0,86.05
ABGP0001884,2163.99,2163.99,0.0,0.0,0.0,0.0,0.0,0.0,Gas Plant Sweet,06-25-020-21W4M,0.0,0.0,0.0,0.0,0.0
ABGP0001885,8590.58,7808.3,0.0,0.0,0.0,0.0,0.0,0.0,Gas Plant Sweet,13-31-011-26W4M,0.0,66.98,335.38,6.38,0.0
ABGP0001886,1096.69,904.28,0.0,0.0,0.0,0.0,0.0,0.0,Gas Plant Acid Gas Injection,11-25-081-11W6M,0.0,13.67,170.76,21.19,0.0
ABGP0001887,16023.17,15070.82,0.0,0.0,0.0,5.14,272.2,0.0,Gas Plant Sweet,02-26-068-25W5M,0.0,370.35,528.13,13.21,0.0
ABGP0001888,0.0,0.0,0.0,0.0,0.0,24.12,145.07,0.0,Gas Plant Sulphur Recovery,01-20-028-21W4M,0.0,201.18,0.0,0.0,0.0
ABGP0001889,534.16,0.0,0.0,0.0,0.0,0.0,15.27,0.0,Gas Plant Acid Gas Flaring > 1 T/D Sulphur,12-15-040-08W4M,0.0,137.73,98.88,64.48,233.08
ABGP0001890,793.17,570.57,0.0,0.0,0.0,0.0,8.64,0.0,Gas Plant Sweet,10-25-050-06W5M,0.0,11.3,124.78,0.71,0.0
ABGP0001891,20.36,7.77,0.0,0.0,0.0,0.0,0.0,0.0,Gas Plant Acid Gas Flaring < 1 T/D Sulphur,16-13-012-22W4M,0.0,3.06,8.59,0.0,0.0
ABGP0001892,205131.71,183047.29,0.0,0.0,0.0,0.0,3320.32,477.31,Gas Plant Sulphur Recovery,04-08-075-07W6M,0.11,20133.8,1183.95,1206.51,0.0
ABGP0001893,284.28,270.51,0.0,0.0,0.0,0.0,4.24,0.0,Gas Plant Sulphur Recovery,04-20-079-07W6M,8.59,14.01,100.41,8.24,0.0
ABGP0001894,143.76,128.73,0.0,0.0,0.0,5.83,2.11,0.0,Gas Plant Acid Gas Flaring < 1 T/D Sulphur,16-32-032-06W4M,0.0,3.3,22.1,0.11,0.0
ABGP0001895,47312.88,45851.99,0.0,0.0,0.0,0.0,276.99,0.0,Gas Plant Acid Gas Flaring > 1 T/D Sulphur,16-11-082-09W6M,0.0,442.0,683.4,104.46,0.0
ABGP0001896,1611.64,1408.35,0.0,0.0,0.0,0.0,23.81,0.0,Gas Plant Sweet,09-09-052-21W5M,0.0,26.72,31.55,1.88,143.14
ABGP0001897,2373.03,1827.48,0.0,0.0,0.0,0.0,0.0,0.0,Gas Plant Acid Gas Injection,03-32-091-08W5M,0.0,0.0,434.03,115.85,0.0
ABGP0001898,54.45,0.0,0.0,0.0,0.0,0.0,0.0,0.0,Gas Plant Acid Gas Flaring < 1 T/D Sulphur,02-33-083-25W4M,0.0,0.0,54.45,0.0,0.0
ABGP0001899,1024.69,986.08,0.0,0.0,0.0,0.0,0.0,0.0,Gas Plant Acid Gas Injection,03-05-017-17W4M,0.0,0.0,110.73,0.0,0.0
ABGP0001901,1150367.16,1087648.66,14746.04,17279.27,4159.73,0.0,0.0,0.0,Gas Plant Mainline Straddle,10-11-020-01W4M,0.0,23270.08,15163.55,699.57,0.0
ABGP0001902,3604837.7,3527684.96,473.85,0.0,0.0,2866.75,49394.16,0.0,Gas Plant Mainline Straddle,04-12-020-01W4M,0.0,73012.27,4132.04,386.64,0.0
ABGP0001903,2389377.53,2235464.84,47950.05,0.0,0.0,1800.8,35031.82,0.0,Gas Plant Mainline Straddle,16-16-026-04W5M,0.0,127237.93,25856.94,13.9,0.0
ABGP0001906,174303.95,158570.92,5844.74,0.0,0.0,130.87,3749.84,0.0,Gas Plant Mainline Straddle,04-04-052-24W4M,0.0,14777.93,391.88,22.9,0.0
ABGP0001907,2.28,0.0,0.0,0.0,0.0,0.0,0.0,0.0,Gas Plant Mainline Straddle,01-10-020-01W4M,0.0,0.0,0.8,1.48,0.0
ABGP0001908,4948.38,4948.38,0.0,0.0,0.0,0.0,188.42,0.0,Gas Plant Mainline Straddle,02-03-055-22W4M,0.0,281.95,17.32,9.68,0.0
ABGP0001909,1133652.38,1074069.37,17837.0,13435.68,1263.61,55.38,1880.31,0.0,Gas Plant Mainline Straddle,16-02-020-01W4M,0.0,50961.11,8536.58,185.57,0.0
ABGP0001910,33617.28,32643.05,0.0,0.0,0.0,0.0,1402.76,0.0,Gas Plant Sweet,08-05-054-26W4M,0.0,2161.37,12.19,5.92,0.0
ABGP0001935,7.63,0.0,0.0,0.0,0.0,0.0,0.0,0.0,Gas Plant Sweet,08-17-060-15W5M,0.0,0.0,7.63,0.0,0.0
ABGP0001936,,,,,,,,,,01-01-092-09W4M,,,,,
ABGP0001937,,,,,,,,,,01-01-001-01W4M,,,,,
ABGP0001938,,,,,,,,,,01-01-001-01W4M,,,,,
ABGP0001939,,,,,,,,,,01-01-001-01W4M,,,,,
ABGP0001940,,,,,,,,,,01-01-001-01W4M,,,,,
ABGP0001941,,,,,,,,,Gas Plant Sweet,02-14-055-22W4M,,,,,
ABGP0001942,,,,,,,,,Gas Plant Sweet,01-01-055-22W4M,,,,,
ABGP0001943,,,,,,,,,Gas Plant Sweet,01-01-001-01W4M,,,,,
ABGP0001944,0.0,0.0,0.0,178.91,0.0,0.0,0.0,0.0,Gas Plant Sweet,01-01-001-01W4M,0.0,0.0,0.0,0.0,0.0
ABGP0001945,,,,,,,,,Gas Plant Sweet,13-24-048-07W5M,,,,,
ABGP0001946,0.0,0.0,0.0,0.0,0.0,0.0,0.02,0.0,Gas Plant Sweet,01-24-096-05W6M,0.0,0.0,0.0,0.0,0.0
ABGP0001947,,,,,,,,,Gas Plant Sweet,01-01-001-01W4M,,,,,
ABGP0001950,,,,,,,,,Gas Plant Sweet,11-20-042-09W4M,,,,,
ABGP0001951,0.0,0.0,0.0,0.0,0.0,0.02,0.0,0.0,Gas Plant Fractionation,15-25-064-11W5M,0.0,0.0,0.0,0.0,0.0
ABGP0001960,49606.39,47280.18,0.0,0.0,0.0,0.0,782.75,0.0,Gas Plant Acid Gas Flaring < 1 T/D Sulphur,13-21-076-09W6M,0.0,1214.94,438.81,64.02,0.0
ABGP0001961,128.96,0.0,0.0,0.0,0.0,1.68,0.0,0.0,Gas Plant Sweet,08-19-087-05W6M,0.0,1.37,20.51,1.48,105.6
ABGP0001962,5119.92,4385.73,0.0,0.0,0.0,0.0,67.52,0.0,Gas Plant Sweet,01-07-075-07W6M,0.0,88.29,25.9,0.0,0.0
ABGP0001963,934.7,859.51,0.0,0.0,0.0,0.0,10.49,0.0,Gas Plant Sweet,13-06-021-18W4M,0.0,13.33,0.0,0.0,0.0
ABGP0001964,45.91,46.36,0.0,0.0,0.0,0.0,0.0,0.0,Gas Plant Acid Gas Flaring > 1 T/D Sulphur,03-26-074-01W6M,0.0,1.94,2.28,0.0,0.0
ABGP0001965,8851.22,8275.25,0.0,0.0,0.0,20.14,24.72,0.0,Gas Plant Sweet,04-28-022-16W4M,0.0,31.1,280.92,0.0,0.0
ABGP0001966,666.76,479.6,0.0,0.0,0.0,0.0,19.87,0.0,Gas Plant Sweet,05-22-036-22W4M,0.0,27.23,117.79,1.03,0.0
ABGP0001967,2034.76,1717.68,0.0,0.0,0.0,0.0,53.65,0.0,Gas Plant Sweet,16-33-030-01W5M,0.0,66.21,197.64,0.0,53.22
ABGP0001968,238.32,156.52,0.0,0.0,0.0,2.78,0.73,0.0,Gas Plant Sweet,13-01-101-13W6M,0.0,10.94,60.49,0.0,10.37
ABGP0001969,22257.35,21639.23,0.0,0.0,0.0,0.0,332.28,0.0,Gas Plant Sweet,11-33-045-08W5M,0.0,842.43,552.5,7.63,0.0
ABGP0001970,71027.47,66106.2,0.0,0.0,0.0,0.0,1838.17,0.0,Gas Plant Acid Gas Flaring < 1 T/D Sulphur,06-25-045-10W5M,0.0,3761.92,1292.52,105.26,0.0
ABGP0001971,364.2,356.68,0.0,0.0,0.0,0.0,0.0,0.0,Gas Plant Sweet,08-27-059-05W5M,0.0,0.0,0.0,0.0,0.0
ABGP0001972,689.09,386.52,0.0,0.0,0.0,0.06,0.0,0.0,Gas Plant Acid Gas Flaring < 1 T/D Sulphur,05-27-065-04W5M,0.0,9.91,257.57,1.37,0.0
ABGP0001973,19.02,0.0,0.0,0.0,0.0,0.0,0.0,0.0,Gas Plant Acid Gas Injection,06-10-087-01W5M,0.0,0.0,19.02,0.0,0.0
ABGP0001974,2330.39,2266.82,0.0,0.0,0.0,0.0,0.0,0.0,Gas Plant Acid Gas Injection,02-28-102-11W6M,0.0,0.88,349.87,0.0,0.0
ABGP0001975,5472.12,3747.95,0.0,0.0,0.0,5.66,0.0,0.0,Gas Plant Sulphur Recovery,06-32-122-02W6M,575.51,6.59,950.67,0.0,0.0
ABGP0001976,914.53,713.36,0.0,0.0,0.0,0.0,11.52,0.0,Gas Plant Sweet,01-15-062-15W5M,0.0,19.54,161.62,6.83,0.0
ABGP0001977,6354.59,6052.93,0.0,0.0,0.0,12.02,0.0,0.0,Gas Plant Sweet,07-05-015-26W4M,0.0,13.9,221.12,0.0,0.0
ABGP0001978,48228.41,44368.4,0.0,0.0,0.0,273.15,156.11,0.0,Gas Plant Sulphur Recovery,13-12-116-06W6M,2234.12,476.39,1509.0,122.54,0.0
ABGP0001979,1.59,1.03,0.0,0.0,0.0,0.0,0.02,0.0,Gas Plant Sweet,07-06-029-21W4M,0.0,0.0,0.34,0.0,0.0
ABGP0001980,2251.25,1989.24,0.0,0.0,0.0,0.0,26.71,0.0,Gas Plant Sweet,05-21-080-06W6M,0.0,36.0,100.02,0.91,0.0
ABGP0001981,1617.64,1259.71,0.0,0.0,0.0,0.0,0.0,0.0,Gas Plant Acid Gas Flaring < 1 T/D Sulphur,01-27-063-06W5M,0.0,0.0,67.78,33.61,0.0
ABGP0001982,1330.0,1062.97,0.0,0.0,0.0,6.76,13.26,0.0,Gas Plant Sweet,01-30-034-23W4M,0.0,17.09,108.34,0.0,0.0
ABGP0001983,2580.87,2259.38,0.0,0.0,0.0,0.0,20.32,0.0,Gas Plant Sweet,15-30-060-05W5M,0.0,24.97,0.0,0.0,0.0
ABGP0001984,1307.82,1248.73,0.0,0.0,0.0,0.17,33.52,0.0,Gas Plant Sweet,06-25-056-14W5M,0.0,44.97,0.0,0.0,0.0
ABGP0001985,1799.87,1570.33,0.0,0.0,0.0,0.78,20.07,0.0,Gas Plant Sweet,04-18-057-12W5M,0.0,26.37,117.01,0.0,0.0
ABGP0001986,97.12,0.0,0.0,0.0,0.0,0.27,0.0,0.0,Gas Plant Sweet,08-26-087-04W6M,0.0,0.24,1.41,0.0,95.47
ABGP0001987,8908.18,7796.68,0.0,0.0,0.0,6.68,205.33,0.0,Gas Plant Sweet,13-35-047-10W5M,0.0,424.92,388.23,9.0,0.0
ABGP0001988,127498.23,117328.18,0.0,0.0,0.0,0.0,0.0,0.0,Gas Plant Acid Gas Flaring < 1 T/D Sulphur,11-11-026-15W4M,2784.16,1855.27,6117.3,398.49,0.0
ABGP0001989,29.16,29.85,0.0,0.0,0.0,0.0,0.0,0.0,Gas Plant Sweet,01-05-096-07W6M,0.0,0.0,0.0,0.0,0.0
ABGP0001990,2101.68,1820.19,0.0,0.0,0.0,0.0,16.54,0.0,Gas Plant Acid Gas Flaring > 1 T/D Sulphur,03-36-079-23W5M,0.0,34.52,216.33,24.95,0.0
ABGP0001991,,,,,,,,,,01-01-092-09W4M,,,,,
ABGP0001992,,,,,,,,,,01-01-093-10W4M,,,,,
ABGP0001993,,,,,,,,,Gas Plant Sweet,01-26-048-03W5M,,,,,
ABGP0001994,3234.03,2987.85,0.0,0.0,0.0,0.0,11.0,0.0,Gas Plant Sweet,01-30-047-09W4M,0.0,13.33,129.41,2.73,0.0
ABGP0001995,21.31,21.31,0.0,0.0,0.0,0.0,0.0,0.0,Gas Plant Acid Gas Injection,03-28-085-06W6M,0.0,0.0,0.0,0.0,0.0
ABGP0001996,4.24,4.24,0.0,0.0,0.0,0.0,0.0,0.0,Gas Plant Sweet,08-20-085-06W6M,0.0,0.0,0.0,0.0,0.0
ABGP0001997,2901.5,2453.23,0.0,0.0,0.0,0.0,0.0,0.0,Gas Plant Acid Gas Flaring < 1 T/D Sulphur,16-04-085-08W6M,0.0,29.05,282.52,48.76,0.0
ABGP0001998,213.71,229.89,0.0,0.0,0.0,0.0,0.0,0.0,Gas Plant Sweet,12-31-111-04W6M,0.0,0.0,0.0,0.0,0.0
ABGP0001999,,,,,,,,,,01-01-001-01W4M,,,,,
ABGP0075252,0.0,0.0,0.0,0.0,0.0,0.83,0.0,0.0,Gas Plant Sweet,12-21-018-13W4M,0.0,0.0,0.0,0.0,0.0
ABGP0075650,10133.83,0.0,0.0,0.0,0.0,99.67,6380.1,0.0,Gas Plant Mainline Straddle,03-29-038-25W4M,0.0,9867.14,191.61,1.59,0.0
ABGP0075866,115.74,87.38,0.0,0.0,0.0,0.0,0.0,0.0,Gas Plant Sweet,03-17-043-14W5M,0.0,0.0,45.11,0.0,0.0
ABGP0075995,22331.74,19551.68,0.0,0.0,0.0,315.8,1509.56,0.0,Gas Plant Sweet,10-22-050-26W4M,0.0,2087.55,166.78,6.95,0.0
ABGP0076045,,,,,,,,,Gas Plant Acid Gas Flaring < 1 T/D Sulphur,16-06-042-14W4M,,,,,
ABGP0076120,3854.99,3332.91,0.0,0.0,0.0,22.15,41.65,0.0,Gas Plant Sweet,01-17-035-03W4M,0.0,51.6,181.02,0.0,0.0
ABGP0076575,56.96,55.48,0.0,0.0,0.0,1.04,0.0,0.0,Gas Plant Sweet,12-01-046-09W4M,0.0,1.14,0.0,0.0,0.0
ABGP0076666,892.66,739.56,0.0,0.0,0.0,5.5,0.0,0.0,Gas Plant Sweet,07-27-029-14W4M,0.0,6.38,50.92,1.03,0.0
ABGP0077070,582.12,514.68,0.0,0.0,0.0,5.54,4.26,0.0,Gas Plant Sweet,15-11-076-06W6M,0.0,5.35,83.73,12.76,0.0
ABGP0077266,6672.59,6429.62,0.0,0.0,0.0,0.0,0.0,0.0,Gas Plant Sweet,13-21-015-11W4M,0.0,0.0,186.81,0.0,0.0
ABGP0077288,0.0,0.0,0.0,0.0,0.0,0.0,0.0,0.0,Gas Plant Sweet,07-09-047-10W4M,0.0,0.71,0.0,0.0,0.0
ABGP0077308,153.56,149.57,0.0,0.0,0.0,0.0,0.0,0.0,Gas Plant Sweet,01-28-102-03W6M,0.0,0.0,15.61,0.0,0.0
ABGP0077324,813.83,650.02,0.0,0.0,0.0,0.0,0.0,0.0,Gas Plant Sweet,05-10-033-26W4M,0.0,0.0,2.05,0.0,0.0
ABGP0077819,519.83,479.93,0.0,0.0,0.0,2.77,0.0,0.0,Gas Plant Sweet,10-20-096-07W6M,0.0,3.18,105.83,0.0,0.0
ABGP0078091,0.0,0.0,0.0,0.0,0.0,0.0,8.52,0.0,Gas Plant Sweet,10-11-075-07W6M,0.0,0.0,0.0,0.0,0.0
ABGP0078222,118.93,98.43,0.0,0.0,0.0,1.87,3.21,0.0,Gas Plant Sweet,16-15-059-24W5M,0.0,6.27,9.23,0.0,0.0
ABGP0079061,34590.83,32696.02,0.0,0.0,0.0,0.0,0.0,0.0,Gas Plant Sweet,07-36-058-03W6M,0.0,383.11,1249.68,88.63,0.0
ABGP0079080,27.43,0.0,0.0,0.0,0.0,0.0,0.0,0.0,Gas Plant Acid Gas Flaring < 1 T/D Sulphur,03-02-002-20W4M,0.0,0.0,27.43,0.0,0.0
ABGP0079260,10827.02,10983.2,0.0,0.0,0.0,49.9,120.52,0.0,Gas Plant Sweet,06-04-027-21W4M,0.0,157.89,144.45,2.39,0.0
ABGP0079548,1312.79,1216.42,0.0,0.0,0.0,0.0,0.0,0.0,Gas Plant Sulphur Recovery,07-15-110-21W5M,0.0,55.02,41.01,0.34,0.0
ABGP0080025,190.7,167.27,0.0,0.0,0.0,7.17,5.27,0.0,Gas Plant Sweet,16-29-018-02W5M,0.0,6.71,7.42,4.36,0.0
ABGP0080187,19326.23,18869.54,0.0,0.0,0.0,102.55,281.03,0.0,Gas Plant Sweet,02-11-060-04W6M,0.0,601.37,696.95,3.76,0.0
ABGP0080688,223394.97,225804.46,0.0,0.0,0.0,0.0,515.04,0.0,Gas Plant Sweet,14-20-056-23W5M,0.0,1144.88,3335.64,12.3,0.0
ABGP0080799,484.69,244.93,0.0,0.0,0.0,0.49,0.0,0.0,Gas Plant Sweet,16-35-107-04W6M,0.0,0.63,148.2,0.0,0.0
ABGP0080972,25614.18,23307.56,0.0,0.0,0.0,179.37,834.5,0.0,Gas Plant Sweet,10-36-065-25W5M,0.0,1138.16,1149.89,15.04,0.0
ABGP0081174,1451.31,1531.48,0.0,0.0,0.0,0.0,0.0,0.0,Gas Plant Sweet,08-17-029-22W4M,0.0,7.89,80.05,0.0,0.0
ABGP0081379,,,,,,,,,Gas Plant Fractionation,01-35-019-28W4M,,,,,
ABGP0081382,,,,,,,,,Gas Plant Sweet,01-35-019-28W4M,,,,,
ABGP0081833,159.6,18.8,0.0,0.0,0.0,0.0,0.0,0.0,Gas Plant Sweet,16-36-086-10W6M,0.0,0.0,129.18,11.62,0.0
ABGP0081848,737.37,700.64,0.0,0.0,0.0,2.01,7.82,0.0,Gas Plant Sweet,02-01-027-21W4M,0.0,10.83,27.43,0.12,0.0
ABGP0081971,43.86,16.29,0.0,0.0,0.0,0.69,1.04,0.0,Gas Plant Sweet,02-04-019-16W4M,0.0,1.25,0.34,21.42,0.0
ABGP0082137,617.89,489.11,0.0,0.0,0.0,0.0,0.0,0.0,Gas Plant Sweet,09-36-049-05W4M,0.0,0.0,82.52,0.0,0.0
ABGP0082273,60.49,52.52,0.0,0.0,0.0,0.0,0.0,0.0,Gas Plant Acid Gas Flaring < 1 T/D Sulphur,16-28-064-06W6M,0.0,0.0,5.47,0.0,0.0
ABGP0082296,876.94,666.99,0.0,0.0,0.0,0.0,0.0,0.0,Gas Plant Sweet,13-05-021-12W4M,0.0,0.0,47.62,0.0,0.0
ABGP0082304,2839.18,2686.31,0.0,0.0,0.0,25.52,63.68,0.0,Gas Plant Sweet,06-17-025-20W4M,0.0,84.07,131.8,1.25,0.0
ABGP0082962,3.29,1.34,0.0,0.0,0.0,0.0,0.0,0.0,Gas Plant Sweet,08-23-041-07W4M,0.0,0.0,1.95,0.0,0.0
ABGP0083567,9161.42,7251.7,0.0,0.0,0.0,218.63,1085.84,0.0,Gas Plant Sweet,06-17-040-27W4M,0.0,1525.14,376.84,5.13,0.0
ABGP0083667,2193.84,2019.66,0.0,0.0,0.0,0.0,0.0,0.0,Gas Plant Sweet,15-10-062-06W5M,0.0,0.0,154.7,0.68,0.0
ABGP0083746,1171.31,1091.79,0.0,0.0,0.0,0.0,20.85,0.0,Gas Plant Sweet,01-20-019-11W4M,0.0,27.0,0.0,0.0,0.0
ABGP0083873,2637.32,2628.78,0.0,0.0,0.0,0.0,13.56,0.0,Gas Plant Sweet,05-15-017-12W4M,0.0,16.97,0.0,0.0,0.0
ABGP0084058,1505.32,1390.03,0.0,0.0,0.0,0.0,25.98,0.0,Gas Plant Sweet,10-24-062-22W5M,0.0,39.07,97.97,0.68,0.0
ABGP0084179,776.69,643.2,0.0,0.0,0.0,0.0,0.0,0.0,Gas Plant Sweet,04-06-063-09W6M,0.0,8.36,122.9,0.35,0.0
ABGP0084226,2936.02,2855.36,0.0,0.0,0.0,0.0,41.01,0.0,Gas Plant Sweet,11-09-061-22W5M,0.0,54.57,101.96,1.48,0.0
ABGP0084455,6384.89,6176.88,0.0,0.0,0.0,0.0,0.0,0.0,Gas Plant Sweet,06-05-109-12W6M,0.0,28.94,173.04,7.06,0.0
ABGP0084636,2990.58,2832.24,0.0,0.0,0.0,22.27,52.07,0.0,Gas Plant Sweet,07-21-039-10W5M,0.0,68.12,113.69,0.0,0.0
ABGP0084773,110136.86,108516.49,0.0,0.0,0.0,61.45,215.48,0.0,Gas Plant Sweet,15-04-058-23W5M,0.0,635.09,1162.65,9.8,0.0
ABGP0084966,0.0,0.0,0.0,0.0,0.0,4.63,0.0,0.0,Gas Plant Sweet,07-02-048-09W5M,0.0,0.0,0.0,0.0,0.0
ABGP0084973,114.03,0.0,0.0,0.0,0.0,0.0,0.0,0.0,Gas Plant Sweet,07-07-087-14W5M,0.0,0.0,0.0,114.03,0.0
ABGP0085141,1463.74,1262.78,0.0,0.0,0.0,0.0,13.46,0.0,Gas Plant Sweet,01-02-018-22W4M,0.0,17.09,183.52,1.59,0.0
ABGP0085152,27572.44,26448.97,0.0,0.0,0.0,64.92,516.08,0.0,Gas Plant Sweet,07-18-040-09W5M,0.0,1159.0,629.63,16.52,0.0
ABGP0085275,3379.61,3115.44,0.0,0.0,0.0,13.48,26.33,0.0,Gas Plant Sweet,02-11-027-16W4M,0.0,35.31,186.94,0.91,0.0
ABGP0086281,1556.79,1146.55,0.0,0.0,0.0,0.0,0.0,0.0,Gas Plant Sweet,05-06-028-02W4M,0.0,0.0,142.44,0.0,0.0
ABGP0086283,0.0,0.0,0.0,0.0,0.0,3.69,0.0,0.0,Gas Plant Sweet,02-02-037-13W4M,0.0,0.0,0.0,0.0,0.0
ABGP0086359,0.0,0.0,0.0,0.0,0.0,3.33,0.0,0.0,Gas Plant Sweet,16-11-012-26W4M,0.0,0.0,0.0,0.0,0.0
ABGP0086379,3753.38,3548.1,0.0,0.0,0.0,0.0,0.0,0.0,Gas Plant Sweet,14-31-011-26W4M,0.0,39.87,193.21,0.0,0.0
ABGP0086427,251.08,0.0,0.0,1163.73,1166.62,0.0,0.0,0.0,Gas Plant Fractionation,08-20-074-16W5M,0.0,0.0,223.62,29.96,0.0
ABGP0086640,162537.44,166751.51,0.0,0.0,0.0,0.0,0.0,0.0,Gas Plant Sweet,07-19-054-19W5M,332.64,0.0,373.08,6.27,0.0
ABGP0086745,5452.81,5420.8,0.0,0.0,0.0,10.6,17.34,0.0,Gas Plant Sweet,07-07-032-27W4M,0.0,21.53,215.42,0.0,0.0
ABGP0086768,1252.85,945.61,0.0,0.0,0.0,0.0,0.0,0.0,Gas Plant Acid Gas Flaring < 1 T/D Sulphur,15-14-083-05W4M,0.0,0.0,282.64,0.12,0.0
ABGP0086769,1.94,0.0,0.0,0.0,0.0,0.0,0.0,0.0,Gas Plant Acid Gas Flaring < 1 T/D Sulphur,11-19-080-04W4M,0.0,0.0,1.94,0.0,0.0
ABGP0086771,557.74,388.92,0.0,0.0,0.0,0.0,0.0,0.0,Gas Plant Acid Gas Flaring < 1 T/D Sulphur,07-02-085-06W4M,0.0,10.82,127.13,10.14,0.0
ABGP0086803,652.64,600.35,0.0,0.0,0.0,0.0,0.0,0.0,Gas Plant Sweet,08-35-062-27W4M,0.0,0.0,42.26,0.0,0.0
ABGP0086883,4690.02,4579.97,0.0,0.0,0.0,0.0,0.0,0.0,Gas Plant Sweet,11-17-063-06W5M,0.0,0.0,256.09,6.49,0.0
ABGP0087651,9229.54,8833.79,0.0,0.0,0.0,0.0,0.0,0.0,Gas Plant Sweet,08-28-032-26W4M,0.0,0.0,0.0,0.0,0.0
ABGP0087677,22397.01,20322.79,0.0,0.0,0.0,0.0,531.46,0.0,Gas Plant Sweet,04-08-047-09W5M,0.0,940.51,946.77,5.58,0.0
ABGP0087898,42181.54,40581.45,0.0,0.0,0.0,65.45,156.53,0.0,Gas Plant Sweet,12-34-056-22W5M,0.0,447.13,1080.74,10.94,0.0
ABGP0088035,1591.28,1491.46,0.0,0.0,0.0,0.0,0.0,0.0,Gas Plant Sweet,05-22-020-04W4M,0.0,0.0,0.0,0.0,0.0
ABGP0088160,3000.45,3000.45,0.0,0.0,0.0,0.0,0.0,0.0,Gas Plant Acid Gas Flaring < 1 T/D Sulphur,16-14-020-12W4M,0.0,0.0,0.0,0.0,0.0
ABGP0088446,8032.04,7925.52,0.0,0.0,0.0,0.0,0.0,0.0,Gas Plant Acid Gas Flaring > 1 T/D Sulphur,14-23-058-26W5M,0.0,0.0,101.16,0.23,0.0
ABGP0088508,1007.83,879.9,0.0,0.0,0.0,0.0,0.0,0.0,Gas Plant Sweet,07-33-090-12W6M,0.0,0.0,106.17,0.0,0.0
ABGP0088516,3746.89,3482.03,0.0,0.0,0.0,0.0,0.0,0.0,Gas Plant Sweet,09-14-030-27W4M,0.0,0.0,232.51,0.0,0.0
ABGP0088615,3033.76,2887.03,0.0,0.0,0.0,0.0,0.97,0.0,Gas Plant Sweet,13-31-045-13W4M,0.0,1.14,136.36,0.0,0.0
ABGP0089018,53533.84,50688.73,0.0,0.0,0.0,300.7,816.63,0.0,Gas Plant Sweet,04-21-055-23W5M,0.0,1626.18,1756.05,11.05,0.0
ABGP0089265,2484.79,2336.24,0.0,0.0,0.0,0.0,92.46,0.0,Gas Plant Sweet,16-26-047-08W5M,0.0,123.03,7.63,3.42,0.0
ABGP0089314,134.2,110.21,0.0,0.0,0.0,0.0,4.73,0.0,Gas Plant Sweet,02-30-071-26W5M,0.0,6.7,17.29,0.12,0.0
ABGP0089350,782.16,676.67,0.0,0.0,0.0,0.0,0.0,0.0,Gas Plant Sweet,01-15-063-25W5M,0.0,5.47,60.83,0.0,0.0
ABGP0089584,4841.07,4362.39,0.0,0.0,0.0,0.0,0.0,0.0,Gas Plant Sweet,07-25-062-06W5M,0.0,0.0,253.01,0.23,0.0
ABGP0089756,2521.24,2273.35,0.0,0.0,0.0,6.6,10.35,0.0,Gas Plant Sweet,02-29-031-28W4M,0.0,13.1,229.09,0.0,0.0
ABGP0089914,5.89,4.71,0.0,0.0,0.0,0.0,0.0,0.0,Gas Plant Sweet,05-07-062-06W5M,0.0,0.0,1.18,0.0,0.0
ABGP0089955,8157.57,7771.73,0.0,0.0,0.0,0.0,0.0,0.0,Gas Plant Sweet,09-06-061-05W5M,0.0,0.0,327.74,2.16,0.0
ABGP0090067,520.42,483.69,0.0,0.0,0.0,0.0,0.0,0.0,Gas Plant Sweet,13-10-016-09W4M,0.0,0.0,0.0,2.24,0.0
ABGP0090090,105.49,105.49,0.0,0.0,0.0,0.0,0.0,0.0,Gas Plant Sweet,07-01-087-11W5M,0.0,0.0,0.0,0.0,0.0
ABGP0090092,2320.17,2056.91,0.0,0.0,0.0,0.0,15.29,0.0,Gas Plant Acid Gas Flaring < 1 T/D Sulphur,13-07-088-12W6M,0.0,43.52,201.29,12.42,0.0
ABGP0090355,,,,,,,,,Gas Plant Sweet,16-09-075-04W6M,,,,,
ABGP0090715,867.6,654.69,0.0,0.0,0.0,0.0,35.59,0.0,Gas Plant Sweet,03-03-072-26W5M,0.0,48.64,140.92,0.8,0.0
ABGP0090799,588.5,475.04,0.0,0.0,0.0,0.0,6.58,0.0,Gas Plant Acid Gas Flaring < 1 T/D Sulphur,01-25-076-01W6M,0.0,10.82,16.4,2.62,0.0
ABGP0090807,467.29,451.69,0.0,0.0,0.0,0.0,0.0,0.0,Gas Plant Sweet,06-24-072-18W5M,0.0,0.0,0.0,0.0,0.0
ABGP0090927,1923.85,1795.01,0.0,0.0,0.0,0.0,0.0,0.0,Gas Plant Sweet,13-34-008-02W5M,0.0,0.0,91.93,0.0,0.0
ABGP0091427,73009.53,70401.94,0.0,0.0,0.0,315.29,694.51,0.0,Gas Plant Sweet,11-21-055-20W5M,0.0,1285.34,2143.94,9.0,0.0
ABGP0091983,334.69,295.85,0.0,0.0,0.0,0.0,0.0,0.0,Gas Plant Sweet,16-30-060-13W5M,0.0,3.42,46.48,0.0,0.0
ABGP0092557,306.21,174.86,0.0,0.0,0.0,0.0,8.34,0.0,Gas Plant Sweet,10-03-061-07W5M,0.0,10.25,159.94,0.0,0.0
ABGP0092867,958.39,784.33,0.0,0.0,0.0,3.74,4.79,0.0,Gas Plant Sweet,16-28-038-15W4M,0.0,5.81,120.64,0.0,0.0
ABGP0093212,,,,,,,,,Gas Plant Acid Gas Injection,06-28-049-11W5M,,,,,
ABGP0093223,3200.31,2910.04,0.0,0.0,0.0,13.4,34.31,0.0,Gas Plant Sweet,09-16-043-21W4M,0.0,46.25,138.3,0.0,0.0
ABGP0093277,15197.84,13322.74,0.0,0.0,0.0,168.53,652.98,0.0,Gas Plant Sweet,14-01-042-07W5M,0.0,964.32,848.58,4.21,0.0
ABGP0093647,21.78,0.0,0.0,0.0,0.0,0.0,17.77,0.0,Gas Plant Sweet,02-21-060-08W6M,0.0,21.78,0.0,0.0,0.0
ABGP0094071,0.0,0.0,0.0,0.0,0.0,1.78,0.0,0.0,Gas Plant Sweet,04-36-058-24W5M,0.0,0.0,0.0,0.0,0.0
ABGP0094290,,,,,,,,,Gas Plant Sweet,04-05-041-09W4M,,,,,
ABGP0094322,6.83,2.47,0.0,0.0,0.0,0.0,0.06,0.0,Gas Plant Sweet,12-32-041-20W4M,0.0,0.0,0.59,3.53,0.0
ABGP0094379,57769.43,54217.12,0.0,0.0,0.0,0.0,0.0,0.0,Gas Plant Sweet,01-35-060-05W6M,0.0,560.93,1643.95,132.37,0.0
ABGP0094382,41768.82,36320.11,0.0,0.0,0.0,0.0,2283.3,0.0,Gas Plant Sweet,01-21-063-02W6M,0.0,3164.08,801.42,30.64,0.0
ABGP0094954,268294.15,223784.46,0.0,0.0,0.0,0.0,20243.9,0.0,Gas Plant Sweet,08-11-060-03W6M,0.0,32679.85,8129.09,353.37,0.0
ABGP0094957,2705.46,2466.49,0.0,0.0,0.0,48.85,0.0,0.0,Gas Plant Sweet,07-11-060-03W6M,0.0,56.39,60.98,13.3,0.0
ABGP0095425,26.74,5.42,0.0,0.0,0.0,0.36,12.27,0.0,Gas Plant Sweet,10-28-053-16W5M,0.0,16.27,0.25,0.0,0.0
ABGP0095721,13090.8,12712.48,0.0,0.0,0.0,57.16,121.17,0.0,Gas Plant Sweet,16-24-023-17W4M,0.0,158.0,331.96,0.0,0.0
ABGP0095741,26064.84,23324.65,0.0,0.0,0.0,95.94,905.52,0.0,Gas Plant Sweet,12-15-053-15W5M,0.0,2215.6,839.46,9.34,0.0
ABGP0095750,176.57,108.45,0.0,0.0,0.0,0.0,0.12,0.0,Gas Plant Acid Gas Flaring < 1 T/D Sulphur,06-26-011-11W4M,0.0,0.11,57.64,20.05,0.0
ABGP0096078,,,,,,,,,Gas Plant Sweet,16-07-029-26W4M,,,,,
ABGP0096335,34301.47,32268.15,0.0,0.0,0.0,0.0,0.0,0.0,Gas Plant Sweet,15-07-054-21W5M,0.0,168.71,1484.36,21.64,0.0
ABGP0096366,,,,,,,,,Gas Plant Acid Gas Flaring > 1 T/D Sulphur,13-09-055-18W5M,,,,,
ABGP0096897,36.11,33.61,0.0,0.0,0.0,0.0,0.0,0.0,Gas Plant Sweet,01-26-073-01W5M,0.0,0.0,0.0,0.0,0.0
ABGP0096963,25.21,25.21,0.0,0.0,0.0,0.0,0.0,0.0,Gas Plant Sweet,13-24-026-12W4M,0.0,0.0,0.0,0.0,0.0
ABGP0097389,11539.69,7808.76,0.0,0.0,0.0,65.87,398.74,0.0,Gas Plant Sweet,06-16-064-21W5M,0.0,2300.35,677.7,12.64,0.0
ABGP0097445,7938.74,7814.11,0.0,0.0,0.0,0.0,0.0,0.0,Gas Plant Sweet,10-24-056-21W5M,0.0,90.91,305.64,14.47,0.0
ABGP0097476,521.8,416.23,0.0,0.0,0.0,0.0,0.0,0.0,Gas Plant Sweet,08-25-096-10W6M,0.0,0.0,99.49,0.0,0.0
ABGP0097699,1910.07,1800.25,0.0,0.0,0.0,13.03,7.67,0.0,Gas Plant Sweet,09-34-053-20W5M,0.0,11.96,56.85,5.01,0.0
ABGP0098003,38.39,30.19,0.0,0.0,0.0,0.0,0.0,0.0,Gas Plant Sweet,09-30-054-27W4M,0.0,0.0,6.84,0.0,0.0
ABGP0098419,5.6,5.6,0.0,0.0,0.0,0.0,0.0,0.0,Gas Plant Sweet,06-22-041-26W4M,0.0,0.0,0.0,0.0,0.0
ABGP0098480,0.0,0.0,0.0,0.0,0.0,1.48,0.0,0.0,Gas Plant Sweet,05-14-039-05W5M,0.0,0.0,0.0,0.0,0.0
ABGP0098678,7.42,0.0,0.0,0.0,0.0,0.0,0.0,0.0,Gas Plant Acid Gas Flaring < 1 T/D Sulphur,10-19-086-11W6M,0.0,0.0,0.0,7.42,0.0
ABGP0098890,2225.96,2066.82,0.0,0.0,0.0,0.0,0.0,0.0,Gas Plant Sweet,16-23-054-17W5M,0.0,0.0,155.61,0.0,0.0
ABGP0099099,0.0,0.0,0.0,0.0,0.0,3.47,0.0,0.0,Gas Plant Sweet,04-08-018-18W4M,0.0,0.0,0.0,0.0,0.0
ABGP0099238,0.0,0.0,0.0,0.0,0.0,0.0,0.19,0.0,Gas Plant Sweet,01-24-045-08W4M,0.0,0.0,0.0,0.0,0.0
ABGP0099610,728.39,554.1,0.0,0.0,0.0,0.0,0.0,0.0,Gas Plant Sweet,11-27-022-04W4M,0.0,0.0,146.61,0.0,0.0
ABGP0099613,1288.07,1178.94,0.0,0.0,0.0,0.0,0.0,0.0,Gas Plant Sweet,11-20-022-03W4M,0.0,0.0,114.15,0.0,0.0
ABGP0101007,562.98,431.41,0.0,0.0,0.0,3.92,4.28,0.0,Gas Plant Sweet,05-33-008-22W4M,0.0,5.92,92.62,0.0,0.0
ABGP0102810,9011.73,8278.55,0.0,0.0,0.0,1.5,0.0,0.0,Gas Plant Sweet,09-29-055-16W4M,0.0,1.71,529.15,0.0,0.0
ABGP0103480,455.9,60.49,0.0,0.0,0.0,0.0,22.65,0.0,Gas Plant Acid Gas Flaring < 1 T/D Sulphur,12-29-091-12W5M,0.0,31.56,327.74,26.43,0.0
ABGP0104350,6620.36,5958.95,0.0,0.0,0.0,45.04,105.33,0.0,Gas Plant Sweet,13-19-032-01W4M,0.0,140.12,274.66,7.06,0.0
ABGP0104557,971.95,860.54,0.0,0.0,0.0,0.0,0.0,0.0,Gas Plant Acid Gas Flaring < 1 T/D Sulphur,12-30-036-04W4M,0.0,0.0,69.03,39.76,0.0
ABGP0105487,199.93,199.93,0.0,0.0,0.0,0.0,0.0,0.0,Gas Plant Sweet,11-31-111-04W6M,0.0,0.0,0.0,0.0,0.0
ABGP0105488,398.17,330.44,0.0,0.0,0.0,0.0,0.0,0.0,Gas Plant Sweet,11-33-104-05W6M,0.0,21.06,109.98,0.0,0.0
ABGP0105489,21.42,16.48,0.0,0.0,0.0,0.0,0.0,0.0,Gas Plant Sweet,12-23-107-06W6M,0.0,0.0,4.71,0.0,0.0
ABGP0106663,305261.88,297000.41,0.0,0.0,0.0,0.0,2367.13,0.0,Gas Plant Acid Gas Injection,03-22-078-12W6M,0.0,4941.66,7950.01,19.14,0.0
ABGP0106720,0.0,0.0,19557.55,13714.74,6673.87,0.0,0.0,0.0,Gas Plant Fractionation,09-27-031-04W5M,0.0,0.0,0.0,0.0,0.0
ABGP0106875,5330.81,4996.11,0.0,0.0,0.0,0.0,0.0,0.0,Gas Plant Sweet,11-21-033-27W4M,0.0,0.0,111.64,0.0,0.0
ABGP0107835,385954.17,374366.98,0.0,0.0,0.0,0.0,1673.48,0.0,Gas Plant Acid Gas Injection,05-02-076-12W6M,0.0,3130.02,9101.04,100.93,0.0
ABGP0110241,340.73,233.99,0.0,0.0,0.0,0.47,0.0,0.0,Gas Plant Sweet,02-15-026-03W4M,0.0,0.57,93.75,0.0,0.0
ABGP0110251,2.62,2.62,0.0,0.0,0.0,0.0,0.0,0.0,Gas Plant Sweet,13-15-081-09W5M,0.0,0.0,0.0,0.0,0.0
ABGP0110804,388.58,370.69,0.0,0.0,0.0,0.0,0.0,0.0,Gas Plant Acid Gas Flaring < 1 T/D Sulphur,06-18-072-07W5M,0.0,0.0,17.89,0.0,0.0
ABGP0110886,18.11,18.11,0.0,0.0,0.0,0.0,0.0,0.0,Gas Plant Sweet,16-28-094-18W5M,0.0,0.0,0.0,0.0,0.0
ABGP0111570,17059.83,15394.0,0.0,0.0,0.0,0.0,0.0,0.0,Gas Plant Sweet,06-32-051-25W5M,0.0,11.96,741.84,2.96,0.0
ABGP0112787,53.91,0.0,0.0,0.0,0.0,0.0,0.0,0.0,Gas Plant Sweet,16-01-048-13W4M,0.0,0.0,6.83,47.09,0.0
ABGP0113730,2444.34,2308.67,0.0,0.0,0.0,0.0,0.0,0.0,Gas Plant Sweet,13-01-081-23W4M,9.57,0.0,215.19,49.21,0.0
ABGP0113988,,,,,,,,,Gas Plant Sweet,13-04-037-25W4M,,,,,
ABGP0113989,,,,,,,,,Gas Plant Sweet,13-04-037-25W4M,,,,,
ABGP0114466,184.93,123.72,0.0,0.0,0.0,4.11,5.08,0.0,Gas Plant Sweet,14-05-019-24W4M,0.0,8.24,42.97,0.0,0.0
ABGP0115041,,,,,,,,,Gas Plant Sweet,04-30-094-12W6M,,,,,
ABGP0115356,164222.07,160721.7,0.0,0.0,0.0,80.63,201.17,0.0,Gas Plant Sweet,15-12-050-21W5M,0.0,1363.83,3400.92,14.13,0.0
ABGP0115599,374.56,279.67,0.0,0.0,0.0,0.0,0.0,0.0,Gas Plant Acid Gas Flaring < 1 T/D Sulphur,04-29-014-10W4M,0.0,0.0,28.02,25.75,0.0
ABGP0115771,17325.03,16754.19,0.0,0.0,0.0,166.23,466.67,0.0,Gas Plant Sweet,05-29-055-19W5M,0.0,626.09,719.51,5.58,0.0
ABGP0116752,7339.33,6423.38,0.0,0.0,0.0,60.08,205.13,0.0,Gas Plant Sweet,07-20-053-15W5M,0.0,346.67,433.9,0.0,0.0
ABGP0117576,0.0,0.0,0.0,0.0,0.0,0.0,0.0,0.0,Gas Plant Acid Gas Injection,03-03-081-13W6M,0.0,0.73,0.0,0.0,0.0
ABGP0117818,21823.09,19707.52,0.0,0.0,0.0,110.47,279.59,0.0,Gas Plant Sweet,01-09-051-24W5M,0.0,686.02,890.61,5.13,0.0
ABGP0118855,150927.58,138863.29,0.0,0.0,0.0,0.0,6978.67,0.0,Gas Plant Sweet,08-13-063-05W6M,0.0,10093.16,8438.15,1149.89,0.0
ABGP0119271,73875.43,68720.74,0.0,0.0,0.0,0.0,1262.07,0.0,Gas Plant Sweet,08-13-062-06W6M,0.0,3476.67,2964.84,8.2,0.0
ABGP0119546,8043.43,7368.69,0.0,0.0,0.0,0.0,32.07,0.0,Gas Plant Sweet,10-02-077-05W5M,0.0,38.96,443.37,0.46,0.0
ABGP0119547,,,,,,,,,Gas Plant Sweet,16-36-080-25W4M,,,,,
ABGP0119690,2407.32,2144.51,0.0,0.0,0.0,0.0,0.0,0.0,Gas Plant Acid Gas Flaring < 1 T/D Sulphur,16-36-080-25W4M,0.0,0.0,234.56,0.11,0.0
ABGP0119722,0.71,0.59,0.0,0.0,0.0,0.0,0.0,0.0,Gas Plant Sweet,12-25-062-04W5M,0.0,0.0,0.0,0.0,0.0
ABGP0119754,155542.18,166357.24,0.0,0.0,0.0,0.0,0.0,0.0,Gas Plant Sweet,15-14-028-01W5M,0.0,0.0,58.78,18.0,0.0
ABGP0119968,44.61,37.43,0.0,0.0,0.0,0.0,0.0,0.0,Gas Plant Acid Gas Flaring < 1 T/D Sulphur,03-18-022-16W4M,0.0,0.0,7.89,0.94,0.0
ABGP0119984,21.19,0.0,0.0,0.0,0.0,0.0,0.0,0.0,Gas Plant Acid Gas Flaring < 1 T/D Sulphur,07-16-098-05W6M,0.0,0.0,21.19,0.0,0.0
ABGP0120344,37368.04,33665.13,0.0,0.0,0.0,182.98,1074.7,0.0,Gas Plant Sweet,10-07-067-24W5M,54.57,1473.53,1805.38,138.98,0.0
ABGP0120365,16867.88,15727.44,0.0,0.0,0.0,78.78,519.41,0.0,Gas Plant Acid Gas Flaring < 1 T/D Sulphur,02-26-068-25W5M,0.0,720.19,472.08,32.81,0.0
ABGP0121326,80738.09,77011.71,0.0,0.0,0.0,370.97,971.33,0.0,Gas Plant Sweet,12-31-053-19W5M,0.0,1785.9,2598.59,6.49,0.0
ABGP0121540,24.6,0.0,0.0,0.0,0.0,0.0,0.0,0.0,Gas Plant Acid Gas Flaring < 1 T/D Sulphur,12-24-110-08W6M,0.0,0.0,24.6,0.0,0.0
ABGP0122937,37.37,0.0,0.0,0.0,0.0,0.0,0.0,0.0,Gas Plant Fractionation,02-18-052-11W5M,0.0,0.0,0.0,0.0,0.0
ABGP0123090,107016.53,92863.55,0.0,0.0,0.0,0.0,7106.56,0.0,Gas Plant Acid Gas Injection,16-31-078-11W6M,0.0,10535.5,3789.15,123.94,0.0
ABGP0126279,127584.36,110830.63,0.0,0.0,0.0,0.0,8759.65,0.0,Gas Plant Sweet,12-36-057-23W5M,0.0,13655.5,2882.47,123.6,0.0
ABGP0126524,4494.76,4443.5,0.0,0.0,0.0,0.0,0.0,0.0,Gas Plant Acid Gas Flaring > 1 T/D Sulphur,04-13-002-29W4M,0.0,165.07,25.75,17.54,0.0
ABGP0127090,736.82,671.09,0.0,0.0,0.0,4.24,5.3,0.0,Gas Plant Sweet,05-17-057-21W4M,0.0,6.72,4.33,0.0,0.0
ABGP0128196,2.85,2.73,0.0,0.0,0.0,0.0,0.0,0.0,Gas Plant Sweet,10-29-104-02W6M,0.0,0.0,0.0,0.0,0.0
ABGP0128197,0.34,0.34,0.0,0.0,0.0,0.0,0.0,0.0,Gas Plant Sweet,10-29-106-05W6M,0.0,0.0,0.0,0.0,0.0
ABGP0128198,217.7,204.03,0.0,0.0,0.0,0.16,0.0,0.0,Gas Plant Sweet,09-28-103-04W6M,0.0,0.23,13.67,0.0,0.0
ABGP0129178,56636.86,54682.7,0.0,0.0,0.0,225.89,602.23,0.0,Gas Plant Sweet,06-12-044-13W5M,0.0,1198.99,1828.16,2.16,0.0
ABGP0129179,95247.63,91305.6,0.0,0.0,0.0,338.01,866.1,0.0,Gas Plant Sweet,14-17-055-21W5M,0.0,1674.71,2385.9,6.27,0.0
ABGP0129279,43099.5,42200.22,0.0,0.0,0.0,117.07,178.68,0.0,Gas Plant Sweet,01-34-051-18W5M,0.0,235.47,1070.95,5.24,0.0
ABGP0130963,,,,,,,,,Gas Plant Acid Gas Flaring > 1 T/D Sulphur,15-07-060-18W5M,,,,,
ABGP0130964,128302.84,116608.22,0.0,0.0,0.0,0.0,2993.58,0.0,Gas Plant Acid Gas Flaring > 1 T/D Sulphur,15-07-060-18W5M,0.0,10944.24,947.8,81.45,0.0
ABGP0131384,0.0,0.0,0.0,0.0,0.0,5.43,7.91,0.0,Gas Plant Acid Gas Flaring < 1 T/D Sulphur,04-22-017-14W4M,0.0,9.89,0.0,0.0,0.0
ABGP0131712,97613.37,97516.77,0.0,0.0,0.0,0.0,0.0,0.0,Gas Plant Sweet,15-27-054-14W5M,0.0,0.0,48.76,47.85,0.0
ABGP0132407,30760.55,26482.69,0.0,0.0,0.0,0.0,903.33,0.0,Gas Plant Sweet,05-31-062-24W5M,0.0,3451.72,848.01,59.01,0.0
ABGP0133259,83167.85,62626.91,0.0,0.0,0.0,0.0,3198.2,0.0,Gas Plant Sweet,15-31-062-21W5M,0.0,10506.8,2082.43,86.92,0.0
ABGP0134386,4.21,0.0,0.0,0.0,0.0,0.0,0.0,0.0,Gas Plant Acid Gas Injection,09-17-122-20W5M,0.0,0.0,4.21,0.0,0.0
ABGP0134471,147.87,98.08,0.0,0.0,0.0,0.0,0.0,0.0,Gas Plant Acid Gas Flaring < 1 T/D Sulphur,03-07-056-26W4M,0.0,0.0,19.94,31.1,0.0
ABGP0134628,68655.35,66362.29,0.0,0.0,0.0,0.0,1106.9,0.0,Gas Plant Sweet,09-26-062-06W6M,0.0,2124.12,846.07,84.53,0.0
ABGP0134673,38659.3,38359.13,0.0,0.0,0.0,0.0,0.0,0.0,Gas Plant Acid Gas Flaring < 1 T/D Sulphur,03-26-069-05W6M,0.0,0.57,1598.96,4.67,91.48
ABGP0134834,11.62,0.0,0.0,0.0,0.0,0.0,0.0,0.0,Gas Plant Acid Gas Injection,06-32-122-02W6M,0.0,0.0,11.62,0.0,0.0
ABGP0135009,3251.23,2982.84,0.0,0.0,0.0,0.0,39.26,0.0,Gas Plant Acid Gas Injection,06-01-077-21W5M,0.0,51.04,37.71,0.34,0.0
ABGP0135330,54346.65,49506.71,0.0,0.0,0.0,0.0,1091.2,0.0,Gas Plant Acid Gas Flaring > 1 T/D Sulphur,03-10-077-07W6M,0.0,1972.72,2204.66,46.48,69.03
ABGP0135716,13237.76,11738.25,0.0,0.0,0.0,0.0,269.64,0.0,Gas Plant Sweet,04-25-065-07W6M,0.0,1183.72,1288.87,6.15,0.0
ABGP0135948,13054.01,11993.32,0.0,0.0,0.0,0.0,0.0,0.0,Gas Plant Sweet,06-16-054-18W5M,0.0,0.0,20.39,0.0,0.0
ABGP0136119,1020.25,874.55,0.0,0.0,0.0,0.0,0.0,0.0,Gas Plant Sweet,09-01-071-02W5M,0.0,1.82,91.48,0.0,0.0
ABGP0137047,167559.19,150630.25,0.0,0.0,0.0,0.0,9533.7,0.0,Gas Plant Sweet,10-09-045-08W5M,0.0,16233.13,1495.29,172.59,0.0
ABGP0137118,0.0,0.0,15720.81,18443.81,4409.23,0.0,0.0,0.0,Gas Plant Fractionation,09-01-056-22W4M,0.0,0.0,0.0,1.94,0.0
ABGP0137513,8602.42,7130.37,0.0,0.0,0.0,102.09,715.01,0.0,Gas Plant Sweet,06-20-037-01W5M,0.0,1026.18,510.01,7.29,0.0
ABGP0137899,206736.59,183410.69,0.0,0.0,0.0,0.0,12329.23,0.0,Gas Plant Sweet,12-36-057-23W5M,0.0,19155.36,3037.4,33.15,0.0
ABGP0137978,33179.95,31283.32,0.0,0.0,0.0,0.0,358.59,0.0,Gas Plant Sweet,10-03-052-17W5M,0.0,774.07,947.34,125.65,0.0
ABGP0138158,4449.19,3761.58,0.0,0.0,0.0,0.0,0.0,0.0,Gas Plant Acid Gas Flaring < 1 T/D Sulphur,06-02-016-15W4M,0.0,0.0,152.76,172.24,0.0
ABGP0138191,25741.31,24965.19,0.0,0.0,0.0,156.98,341.82,0.0,Gas Plant Sweet,14-24-059-16W5M,0.0,489.39,794.58,8.66,0.0
ABGP0138443,30666.57,26911.14,0.0,0.0,0.0,275.24,1414.07,0.0,Gas Plant Sweet,11-10-049-12W5M,0.0,3022.48,859.74,14.01,0.0
ABGP0138789,4790.38,4451.58,0.0,0.0,0.0,45.33,139.15,0.0,Gas Plant Sweet,11-17-049-04W5M,0.0,187.62,210.52,0.0,0.0
ABGP0138811,171042.35,167428.3,0.0,0.0,0.0,0.0,2484.06,0.0,Gas Plant Sweet,01-21-063-02W6M,0.0,3314.79,1694.42,101.62,0.0
ABGP0138891,39189.59,38041.64,0.0,0.0,0.0,139.03,241.08,0.0,Gas Plant Sweet,12-31-050-17W5M,0.0,408.51,1130.41,1.82,0.0
ABGP0139140,,,,,,,,,Gas Plant Fractionation,02-25-038-09W5M,,,,,
ABGP0139294,35238.91,32191.25,0.0,0.0,0.0,264.97,1078.58,0.0,Gas Plant Sweet,02-25-038-09W5M,0.0,1881.25,1337.97,14.58,0.0
ABGP0139501,67690.35,65933.5,0.0,0.0,0.0,5.4,43.83,0.0,Gas Plant Sweet,04-17-051-18W5M,0.0,456.13,1725.63,11.85,0.0
ABGP0140036,32414.87,31117.8,0.0,0.0,0.0,0.0,320.1,0.0,Gas Plant Sweet,13-11-062-27W5M,0.0,652.64,848.01,12.19,0.0
ABGP0140178,3270.48,3151.89,0.0,0.0,0.0,0.0,0.0,0.0,Gas Plant Sweet,08-08-070-11W6M,0.0,0.0,0.11,27.34,0.0
ABGP0140267,53.88,0.0,0.0,0.0,0.0,1.81,0.0,0.0,Gas Plant Sweet,10-10-065-05W6M,0.0,0.0,13.1,40.78,0.0
ABGP0140277,7336.11,0.0,20347.77,21149.52,16375.57,0.0,0.0,0.0,Gas Plant Fractionation,09-01-056-22W4M,0.0,0.0,0.0,0.0,0.0
ABGP0140439,89753.01,77657.28,0.0,0.0,0.0,0.0,2625.16,0.0,Gas Plant Sweet,10-29-063-23W5M,1.03,10517.05,2940.34,163.93,1.03
ABGP0140643,243678.01,228917.73,0.0,0.0,0.0,0.0,7528.79,0.0,Gas Plant Sweet,11-21-066-03W6M,153.11,11161.6,3294.17,117.56,0.0
ABGP0140842,64727.33,61458.33,0.0,0.0,0.0,308.78,1185.64,0.0,Gas Plant Sweet,15-36-044-15W5M,0.0,2647.69,2344.78,7.06,0.0
ABGP0140979,53102.89,51533.89,0.0,0.0,0.0,0.0,0.0,0.0,Gas Plant Sweet,07-09-062-08W6M,0.0,300.4,1392.88,19.37,0.0
ABGP0142406,29108.28,26636.03,0.0,0.0,0.0,291.6,987.13,0.0,Gas Plant Sweet,04-13-039-09W5M,0.0,1342.53,1428.88,34.29,0.0
ABGP0142505,167122.31,150031.72,0.0,0.0,0.0,0.0,10249.91,0.0,Gas Plant Sweet,04-25-062-06W6M,0.0,15940.58,0.0,13.56,0.0
ABGP0143117,847.32,761.77,0.0,0.0,0.0,0.0,0.0,0.0,Gas Plant Sweet,11-16-048-13W4M,0.0,0.0,27.57,0.0,0.0
ABGP0143189,32549.07,29882.93,0.0,0.0,0.0,36.54,1421.28,0.0,Gas Plant Sweet,02-03-055-22W4M,0.0,2198.05,14.58,7.06,0.0
ABGP0143633,3383.49,0.0,0.0,19578.84,19585.44,0.0,0.0,0.0,Gas Plant Fractionation,09-01-056-22W4M,0.0,0.0,0.0,0.0,0.0
ABGP0144505,50311.2,45884.45,0.0,0.0,0.0,0.0,0.0,0.0,Gas Plant Acid Gas Flaring < 1 T/D Sulphur,16-07-063-05W6M,0.0,3016.56,1665.26,148.89,0.0
ABGP0144581,0.0,0.0,0.0,0.0,0.0,1.99,0.0,0.0,Gas Plant Acid Gas Flaring < 1 T/D Sulphur,13-21-015-11W4M,0.0,0.0,0.0,0.0,0.0
ABGP0145129,276381.21,255460.46,0.0,0.0,0.0,0.0,13301.46,0.0,Gas Plant Sweet,14-28-062-20W5M,0.0,18519.92,1454.17,455.45,0.0
ABGP0145222,1012.28,979.7,0.0,0.0,0.0,0.0,0.0,0.0,Gas Plant Sweet,01-24-060-08W6M,0.0,0.0,0.0,0.0,0.0
ABGP0145469,524.14,476.98,0.0,0.0,0.0,0.0,4.06,0.0,Gas Plant Acid Gas Flaring < 1 T/D Sulphur,02-23-088-08W5M,0.0,5.35,0.0,1.71,0.0
ABGP0146250,6424.19,6045.3,0.0,0.0,0.0,12.81,23.89,0.0,Gas Plant Sweet,04-22-017-14W4M,0.0,29.62,314.98,0.0,0.0
ABGP0147725,,,,,,,,,Gas Plant Mainline Straddle,09-27-031-04W5M,,,,,
ABGP0147748,23130.65,21054.49,0.0,0.0,0.0,76.47,179.14,0.0,Gas Plant Sweet,11-13-043-13W5M,0.0,345.17,634.18,1.82,0.0
ABGP0148152,65880.41,63997.91,0.0,0.0,0.0,0.0,0.0,0.0,Gas Plant Sweet,03-16-060-02W6M,0.0,63.68,1555.21,86.24,0.0
ABGP0148981,217750.32,207336.83,0.0,0.0,0.0,1745.89,5459.53,0.0,Gas Plant Sweet,10-23-067-05W6M,0.0,7313.21,2144.51,112.44,0.0
ABGP0149002,21487.95,21054.15,0.0,0.0,0.0,0.0,0.0,0.0,Gas Plant Acid Gas Flaring > 1 T/D Sulphur,07-11-060-23W5M,0.0,0.0,959.76,104.58,0.0
ABGP0149088,11257.52,8608.46,0.0,0.0,0.0,0.0,0.0,0.0,Gas Plant Acid Gas Flaring < 1 T/D Sulphur,03-18-084-17W5M,0.0,23.13,1043.49,2254.9,0.0
ABGP0150177,109.82,26.54,0.0,0.0,0.0,0.0,0.0,0.0,Gas Plant Acid Gas Flaring < 1 T/D Sulphur,10-29-043-22W4M,0.0,0.0,24.72,58.44,0.0
ABGP0150355,271757.04,232649.69,0.0,0.0,0.0,4.08,3407.97,0.0,Gas Plant Acid Gas Injection,03-19-067-07W6M,0.0,26852.59,7134.25,307.24,0.0
ABGP0150386,250793.11,210381.29,0.0,0.0,0.0,428.38,6571.2,0.0,Gas Plant Acid Gas Flaring < 1 T/D Sulphur,04-07-073-08W6M,0.0,25349.32,8747.21,573.81,0.0
ABGP0150704,204972.0,197905.42,0.0,0.0,0.0,0.0,2016.3,0.0,Gas Plant Sulphur Recovery,07-35-067-07W6M,0.0,4879.35,4141.84,318.4,0.0
ABGP0151188,0.0,0.0,0.0,2848.4,2851.44,0.0,0.0,0.0,Gas Plant Fractionation,04-31-048-12W5M,0.0,0.0,0.0,0.0,0.0
ABGP0152315,104243.87,73877.36,0.0,0.0,0.0,0.0,7479.87,0.0,Gas Plant Acid Gas Injection,12-35-070-09W6M,0.57,14663.67,6673.33,276.71,21.76
ABGP0153429,223343.03,194350.83,0.0,0.0,0.0,0.0,0.0,0.0,Gas Plant Acid Gas Flaring < 1 T/D Sulphur,14-28-062-20W5M,0.0,0.0,445.88,594.54,0.0
ABGP0153753,6947.65,6096.91,0.0,0.0,0.0,0.0,336.47,0.0,Gas Plant Sweet,12-07-064-23W5M,0.0,454.53,605.02,0.0,0.0
ABGP0154540,92161.93,88268.43,0.0,0.0,0.0,82.03,354.98,0.0,Gas Plant Sweet,06-20-049-18W5M,0.0,1273.83,2812.98,17.43,0.0
ABGP0154913,6027.99,5913.04,0.0,0.0,0.0,0.0,0.0,0.0,Gas Plant Sweet,12-31-016-28W4M,0.0,136.93,282.86,6.84,0.0
ABGP0155173,,,,,,,,,Gas Plant Sweet,01-04-044-11W5M,,,,,
ABGP0155556,125709.6,123246.81,0.0,0.0,0.0,2.52,507.16,0.0,Gas Plant Sweet,01-04-044-11W5M,0.0,2069.55,1878.97,194.0,0.0
ABGP0156241,72558.45,61903.78,0.0,0.0,0.0,0.0,1066.66,0.0,Gas Plant Sweet,06-18-066-04W6M,0.0,10945.78,4146.06,267.33,0.0
ABGP0156644,2665.35,0.0,0.0,0.0,0.0,0.0,0.0,0.0,Gas Plant Sweet,16-29-001-11W4M,0.0,0.0,0.0,0.0,0.0
ABGP0156929,13944.51,12837.91,0.0,0.0,0.0,0.0,476.05,0.0,Gas Plant Sweet,04-31-048-12W5M,0.0,727.6,379.35,0.8,0.0
ABGP0157262,57.19,36.68,0.0,0.0,0.0,0.0,0.0,0.0,Gas Plant Sweet,03-36-055-05W5M,0.0,0.0,20.51,0.0,0.0
ABGP0157570,150074.56,128581.94,0.0,0.0,0.0,0.0,1407.51,0.0,Gas Plant Acid Gas Flaring > 1 T/D Sulphur,06-18-066-04W6M,2.73,16858.88,6921.22,312.48,0.0
ABGP0158090,11676.28,11295.11,0.0,0.0,0.0,22.72,47.95,0.0,Gas Plant Sweet,13-21-015-11W4M,0.0,61.97,357.93,4.1,0.0
ABGP0158167,890.04,803.81,0.0,0.0,0.0,0.0,0.0,0.0,Gas Plant Sweet,01-13-032-19W4M,0.0,0.0,85.44,0.0,0.0
ABGP0158517,127.13,0.0,0.0,0.0,0.0,35.81,95.31,0.0,Gas Plant Sweet,05-26-066-24W5M,0.0,127.36,4.67,0.0,0.0
ABGP0159328,14628.13,13493.28,0.0,0.0,0.0,213.61,314.95,0.0,Gas Plant Sweet,11-04-075-25W4M,0.0,385.16,651.84,88.06,675.99
ABGP0160678,0.0,0.0,0.0,0.0,0.0,0.0,0.0,0.0,Gas Plant Sweet,09-21-022-25W4M,0.0,0.59,0.0,0.0,0.0
ABGP0160735,30104.15,22768.73,0.0,0.0,0.0,21.48,380.56,0.0,Gas Plant Acid Gas Injection,09-14-028-01W5M,0.0,1047.48,2574.67,415.8,0.0
ABGP0161844,13020.63,11869.83,0.0,0.0,0.0,0.0,390.58,0.0,Gas Plant Sweet,14-28-046-07W5M,0.0,540.66,387.78,3.42,0.0
ABGP0162257,80774.77,77946.52,0.0,0.0,0.0,151.8,1051.99,0.0,Gas Plant Sweet,02-15-041-11W5M,0.0,2766.05,1480.6,2.05,0.0
ABGP0162604,34.14,0.0,0.0,0.0,0.0,0.0,0.0,0.0,Gas Plant Sweet,01-07-020-25W4M,0.0,0.0,34.73,0.0,0.0
ABGP0163662,72.22,0.0,0.0,0.0,0.0,0.0,0.0,0.0,Gas Plant Sweet,05-27-054-25W4M,0.0,0.0,0.0,72.22,0.0
ABGP0163748,0.0,0.0,0.0,9.74,1.44,34.61,0.0,0.0,Gas Plant Fractionation,12-02-053-26W4M,0.0,0.0,0.0,0.0,0.0
ABGP0164870,677151.7,644872.62,12875.64,8720.6,2911.69,0.0,0.0,0.0,Gas Plant Mainline Straddle,10-33-080-13W4M,0.0,38317.09,1933.65,184.09,0.0
ABGP0164871,0.0,0.0,10103.43,6663.01,2228.08,0.0,0.02,0.0,Gas Plant Fractionation,12-07-056-21W4M,0.0,29807.28,1755.82,61.17,0.0
ABGP0165073,11751.47,11471.11,0.0,0.0,0.0,0.0,0.0,0.0,Gas Plant Sweet,13-24-019-15W4M,0.0,0.0,365.11,0.0,0.0
ABGP0165694,174824.89,176736.9,0.0,0.0,0.0,0.0,0.0,0.0,Gas Plant Sweet,11-18-074-12W6M,0.0,0.0,474.24,102.07,0.0
ABGP0165710,2289.19,2289.19,0.0,0.0,0.0,0.0,0.0,0.0,Gas Plant Sulphur Recovery,02-29-019-13W4M,0.0,0.0,0.0,0.0,0.0
ABGP0165856,12889.28,11838.39,0.0,0.0,0.0,156.12,523.99,0.0,Gas Plant Sweet,14-28-073-07W6M,0.0,710.17,340.05,0.68,0.0
ABGP0165948,8705.06,8451.94,0.0,0.0,0.0,0.0,0.0,0.0,Gas Plant Sweet,15-29-073-24W4M,0.0,83.39,25.4,21.87,0.0
ABGP0166849,1852.65,0.0,0.0,0.0,0.0,0.0,0.0,0.0,Gas Plant Sweet,11-03-012-04W4M,0.0,0.0,0.0,0.0,0.0
ABGP0166887,656.85,435.4,0.0,0.0,0.0,0.0,0.0,0.0,Gas Plant Acid Gas Flaring > 1 T/D Sulphur,03-27-075-09W6M,0.0,25.86,151.06,4.1,0.0
ABGP0167176,1047.9,0.0,0.0,0.0,0.0,0.0,0.0,0.0,Gas Plant Sweet,14-12-020-12W4M,0.0,0.0,32.02,6.12,0.0
ABGP0168285,14164.03,13738.09,0.0,0.0,0.0,0.0,0.0,0.0,Gas Plant Sweet,05-31-027-26W4M,0.0,0.0,407.71,0.0,0.0
ABGP0168309,8768.06,8417.08,0.0,0.0,0.0,0.0,0.0,0.0,Gas Plant Sweet,10-31-026-23W4M,0.0,3.53,281.15,0.0,0.0
ABGP0168539,269.07,269.07,0.0,0.0,0.0,0.0,0.0,0.0,Gas Plant Sweet,05-35-056-25W4M,0.0,0.0,0.0,0.0,0.0
ABGP0168764,1097.6,981.41,0.0,0.0,0.0,0.0,0.0,0.0,Gas Plant Sweet,11-16-031-23W4M,0.0,0.0,114.94,0.0,0.0
ABGP0168803,0.0,0.0,0.0,0.0,0.0,0.0,0.18,0.0,Gas Plant Sweet,08-13-063-05W6M,0.0,0.46,0.0,0.0,0.0
ABGP0168934,,,,,,,,,Gas Plant Sulphur Recovery,13-34-072-09W6M,,,,,
ABGP0168995,471.62,0.0,0.0,904.81,879.17,0.0,0.0,0.0,Gas Plant Fractionation,05-15-053-17W5M,0.0,0.0,457.5,20.62,0.0
ABGP0169442,128284.61,123055.42,0.0,0.0,0.0,0.0,0.0,0.0,Gas Plant Acid Gas Flaring < 1 T/D Sulphur,10-10-065-05W6M,0.0,311.34,5290.82,543.5,0.0
ABGP0170268,4079.3,3707.01,0.0,0.0,0.0,32.24,116.76,0.0,Gas Plant Sweet,01-20-028-21W4M,0.0,155.84,398.83,0.0,0.0
ABGP0171028,660.95,513.89,0.0,0.0,0.0,0.0,0.0,0.0,Gas Plant Sweet,16-33-054-22W4M,0.0,0.0,0.0,137.5,0.0
ABGP0171549,,,,,,,,,Gas Plant Acid Gas Injection,06-19-073-08W6M,,,,,
ABGS0131512,148.55,147.87,0.0,0.0,0.0,0.0,0.0,0.0,Gas Gathering System,03-07-056-26W4M,0.0,0.0,0.0,0.0,0.0
BCGP0000160,115941.45,0.0,0.0,0.0,0.0,0.0,0.0,0.0,,D-044-L 094-A-13,0.0,0.0,0.0,0.0,0.0
BCGP0000298,,,,,,,,,,08-34-083-15W6M,,,,,
BCGP0000303,3454.95,886.28,0.0,0.0,0.0,0.0,0.0,0.0,,A-074-G 093-I-15,0.0,0.0,0.0,0.0,0.0
BCGP0000317,4999.73,4526.28,0.0,0.0,0.0,12.19,0.0,0.0,,06-29-081-15W6M,0.0,0.0,0.0,0.0,0.0
BCGP0000322,1102.39,684.88,0.0,0.0,0.0,0.0,0.0,0.0,,B-041-I 094-G-03,0.0,0.0,0.0,0.0,0.0
BCGP0000437,9233.65,4886.07,0.0,0.0,0.0,0.0,0.0,0.0,,B-084-G 094-J-10,0.0,0.0,0.0,0.0,0.0
BCGP0000438,,,,,,,,,,A-030-G 094-G-07,,,,,
BCGP0000439,582585.05,537984.27,0.0,1267.01,2281.0,2389.82,0.0,145.93,,15-25-082-18W6M,0.0,0.0,0.0,0.0,0.0
BCGP0000440,,,,,,,,,,13-10-085-14W6M,,,,,
BCGP0000442,155066.57,101029.6,0.0,0.0,0.0,0.0,0.0,1071.16,,C-085-D 093-P-12,0.0,0.0,0.0,0.0,0.0
BCGP0000445,5547.25,4000.47,0.0,85.18,208.7,1.42,0.0,25.48,,07-02-085-14W6M,0.0,603.88,771.45,90.11,0.0
BCGP0000457,0.0,0.0,0.0,66.91,14.64,0.0,0.0,2.75,,D-013-F 093-P-10,0.0,0.0,0.0,0.0,0.0
BCGP0000464,3318.33,3147.68,0.0,0.0,0.0,0.0,0.0,0.0,,B-099-C 094-B-16,0.0,0.0,0.0,0.0,0.0
BCGP0000465,167.8,146.95,0.0,0.3,0.0,0.91,0.0,0.0,,11-24-084-15W6M,0.0,0.0,0.0,0.0,0.0
BCGP0000558,4105.61,3644.7,0.0,0.0,0.0,0.0,0.0,0.0,,A-081-H 094-G-06,0.0,0.0,150.6,133.17,0.0
BCGP0000559,87384.72,81049.74,14.22,844.0,845.76,486.25,0.0,0.0,,D-044-L 094-A-13,0.0,0.0,0.0,0.0,0.0
BCGP0000730,4281.67,3735.58,0.0,0.0,0.0,31.51,0.0,0.03,,14-24-084-15W6M,0.0,0.0,0.0,0.0,0.0
BCGP0000740,86559.54,85336.97,0.0,1402.88,869.27,0.0,0.0,122.69,,C-081-I 094-H-09,0.0,4303.49,529.38,0.0,0.0
BCGP0000921,18752.79,16192.01,9.31,211.94,233.72,293.42,0.0,0.0,,C-081-I 094-H-09,0.0,0.0,0.0,0.0,0.0
BCGP0000932,605946.4,562296.42,2330.59,3422.55,1180.56,338.83,0.0,0.0,,01-36-082-18W6M,0.0,0.0,0.0,0.0,0.0
BCGP0001243,,,,,,,,,,06-07-080-13W6M,,,,,
BCGP0001279,,,,,,,,,,D-031-F 094-G-15,,,,,
BCGP0001593,,,,,,,,,,07-06-077-25W6M,,,,,
BCGP0001647,,,,,,,,,,B-002-E 094-H-06,,,,,
BCGP0001692,206.53,221.0,0.0,0.0,0.0,27.49,0.0,0.0,,C-053-D 094-I-02,0.0,0.0,0.0,0.0,0.0
BCGP0001726,,,,,,,,,,06-29-081-15W6M,,,,,
BCGP0002153,7.63,0.0,0.0,0.0,0.0,0.0,0.0,0.0,,D-083-C 094-P-08,0.0,0.0,0.0,0.0,0.0
BCGP0002267,34135.15,28034.83,0.0,87.41,120.99,296.5,0.0,0.0,,B-088-J 094-G-01,0.0,0.0,0.0,0.0,0.0
BCGP0002268,687.04,623.25,0.0,0.0,0.0,0.0,0.0,0.0,,C-032-H 094-H-08,0.0,0.0,0.0,0.0,0.0
BCGP0002411,5097.04,0.0,0.0,0.0,0.0,0.0,0.0,0.0,,C-004-G 094-G-07,0.0,0.0,0.0,0.0,0.0
BCGP0002435,158240.41,144197.65,14.52,594.15,1150.42,1189.86,0.0,0.0,,B-088-J 094-G-01,0.0,0.0,0.0,0.0,0.0
BCGP0002436,107559.28,96543.93,0.0,837.83,1162.54,1356.05,0.0,0.0,,B-036-I 094-B-16,0.0,0.0,0.0,0.0,0.0
BCGP0002438,22072.49,19509.23,0.0,0.0,0.0,52.42,0.0,0.0,,B-031-I 094-P-02,0.0,0.0,0.0,0.0,0.0
BCGP0002766,1605.4,1266.74,0.0,0.0,0.0,0.0,0.0,0.0,,A-049-B 094-H-16,0.0,0.0,0.0,0.0,0.0
BCGP0002787,,,,,,,,,,10-36-082-18W6M,,,,,
BCGP0002889,8.09,0.91,0.0,0.53,2.23,4.34,0.0,0.0,,C-032-H 094-H-08,0.0,0.0,0.0,0.0,0.0
BCGP0002917,101.0,76.28,0.0,0.0,0.0,0.0,0.0,0.0,,D-075-A 094-P-11,0.0,0.0,0.0,0.0,0.0
BCGP0003164,80204.31,68736.11,20.01,1065.63,946.32,624.67,0.0,0.0,,02-34-087-21W6M,0.0,0.0,0.0,0.0,0.0
BCGP0003479,16527.5,15922.68,3.08,34.36,38.01,73.06,0.0,0.0,,05-03-081-18W6M,0.0,0.0,0.0,0.0,0.0
BCGP0003548,47561.56,38045.28,0.0,0.0,0.0,0.0,0.0,0.0,,D-036-I 094-O-14,0.0,0.0,0.0,0.0,0.0
BCGP0003738,40994.2,34733.38,0.0,0.0,0.0,193.74,0.0,0.0,,A-026-K 094-I-11,0.0,0.0,0.0,0.0,0.0
BCGP0004070,2354.8,2049.73,0.0,0.0,0.0,0.0,0.0,0.0,,B-017-I 094-H-01,0.0,0.0,0.0,0.0,0.0
BCGP0004556,6499.26,5908.03,0.0,0.0,0.0,0.0,0.0,0.0,,C-081-I 094-H-09,0.0,0.0,0.0,0.0,0.0
BCGP0004576,,,,,,,,,,B-047-H 094-H-01,,,,,
BCGP0004579,,,,,,,,,,A-076-G 094-J-10,,,,,
BCGP0007158,36.0,28.82,0.0,0.0,0.0,0.0,0.0,0.0,,B-032-I 094-G-06,0.0,0.0,0.0,0.0,0.0
BCGP0007192,,,,,,,,,,D-057-G 093-P-05,,,,,
BCGP0007193,,,,,,,,,,A-030-A 094-P-05,,,,,
BCGP0007286,7903.19,7769.57,0.0,0.0,0.0,0.0,0.0,0.0,,04-15-080-19W6M,0.0,0.0,0.0,0.0,0.0
BCGP0007309,13580.72,12662.54,0.0,0.0,0.0,0.0,0.0,0.0,,A-019-F 094-I-12,0.0,0.0,0.0,0.0,0.0
BCGP0007346,,,,,,,,,,D-057-G 093-P-05,,,,,
BCGP0007354,,,,,,,,,,B-075-F 094-B-15,,,,,
BCGP0007362,3078.97,2795.74,0.0,0.0,0.0,0.0,0.0,0.0,,02-25-085-14W6M,0.0,0.0,0.0,0.0,0.0
BCGP0007383,0.0,0.0,0.0,0.0,0.0,0.0,0.0,0.03,,D-013-F 093-P-10,0.0,0.0,0.0,0.0,0.0
BCGP0007435,8438.72,7647.11,0.0,0.0,0.0,112.2,0.0,0.0,,B-099-H 094-I-08,0.0,0.0,0.0,0.0,0.0
BCGP0007442,46747.67,44728.85,13.28,62.36,91.37,103.01,0.0,0.0,,D-058-F 094-B-16,0.0,0.0,0.0,0.0,0.0
BCGP0007463,14638.52,13607.8,0.0,0.0,0.0,0.0,0.0,0.0,,07-34-077-19W6M,0.0,0.0,0.0,0.0,0.0
BCGP0007466,165957.49,157148.48,12.88,202.42,352.0,665.53,0.0,29.71,,C-064-A 093-P-08,0.0,0.0,0.0,0.0,0.0
BCGP0007472,773.27,773.27,0.0,0.0,0.0,0.0,0.0,0.0,,B-046-A 094-I-16,0.0,0.0,0.0,0.0,0.0
BCGP0007473,47.86,47.86,0.0,0.0,0.0,0.0,0.0,0.0,,B-024-A 094-I-16,0.0,0.0,0.0,0.0,0.0
BCGP0007633,50.69,0.0,0.0,0.0,0.0,0.67,0.0,0.0,,B-076-H 094-I-09,0.0,0.0,0.0,0.0,0.0
BCGP0007652,52999.66,49342.23,7.38,115.7,302.37,443.29,0.0,0.0,,02-25-080-15W6M,0.0,0.0,0.0,0.0,0.0
BCGP0007676,91467.09,88772.7,0.0,0.0,0.0,311.6,0.0,0.0,,A-021-B 093-P-09,0.0,0.0,0.0,0.0,0.0
BCGP0007702,10274.17,10274.17,0.0,0.0,0.0,0.0,0.0,0.0,,C-004-A 094-B-01,0.0,0.0,0.0,0.0,0.0
BCGP0007717,10.48,6.61,0.0,0.0,0.0,0.0,0.0,0.0,,C-093-H 094-B-01,0.0,0.0,0.0,0.0,0.0
BCGP0007727,235356.92,225255.87,46.76,208.69,277.52,919.95,0.0,0.0,,04-15-080-19W6M,0.0,0.0,0.0,0.0,0.0
BCGP0007743,108647.21,101133.78,117.57,1610.35,1489.98,1206.05,0.0,0.0,,03-09-081-16W6M,0.0,0.0,0.0,0.0,0.0
BCGP0007776,36801.06,36857.91,6.59,212.36,245.95,2065.68,0.0,0.0,,12-27-081-18W6M,0.0,0.0,0.0,0.0,0.0
BCGP0007778,76412.45,70655.93,1.36,86.19,170.41,1021.37,0.0,0.0,,B-088-I 094-B-01,0.0,0.0,0.0,0.0,0.0
BCGP0007795,53136.09,55905.23,0.0,0.0,0.0,0.0,0.0,0.0,,06-19-080-20W6M,0.0,0.0,0.0,0.0,0.0
BCGP0007806,174334.6,167566.07,919.64,1752.8,1243.87,2317.35,0.0,0.0,,08-22-081-19W6M,0.0,0.0,0.0,0.0,0.0
BCGP0007808,316572.76,312620.81,0.0,0.0,0.0,0.0,0.0,0.0,,05-01-077-17W6M,0.0,0.0,0.0,0.0,0.0
BCGP0007810,,,,,,,,,,04-15-080-19W6M,,,,,
BCGP0007812,0.0,0.0,3.15,146.73,301.2,741.91,0.0,0.0,,D-076-J 094-P-04,0.0,0.0,0.0,0.0,0.0
BCGP0007819,72820.95,68029.69,2.06,421.33,552.39,1398.82,0.0,0.0,,03-18-080-17W6M,0.0,0.0,0.0,0.0,0.0
BCGP0007830,,,,,,,,,,B-017-I 094-P-04,,,,,
BCGP0007834,53811.19,52199.31,5.85,212.76,366.6,739.66,0.0,0.0,,B-024-H 094-B-08,0.0,0.0,0.0,0.0,0.0
BCGP0007854,,,,,,,,,,07-14-078-22W6M,,,,,
BCGP0007858,323655.0,323850.88,1.13,35.2,110.92,428.96,0.0,0.0,,13-36-078-18W6M,0.0,0.0,0.0,0.0,0.0
BCGP0007868,213416.16,210901.75,21.54,35.41,52.73,160.11,0.0,0.0,,03-28-080-20W6M,0.0,0.0,0.0,0.0,0.0
BCGP0007883,,,,,,,,,,15-22-084-25W6M,,,,,
BCGP0007896,,,,,,,,,,13-08-080-18W6M,,,,,
BCGP0007925,188605.49,179035.57,40.42,70.04,112.92,284.9,0.0,0.0,,A-029-J 094-G-02,0.0,0.0,0.0,0.0,0.0
BCGP0007932,1721.83,1552.67,0.25,3.69,8.91,7.64,0.0,0.0,,13-24-080-15W6M,0.0,0.0,0.0,0.0,0.0
BCGP0007936,62004.54,63751.56,50.64,725.21,840.6,1367.84,0.0,0.0,,13-25-080-16W6M,0.0,0.0,0.0,0.0,0.0
BCGP0007966,91644.73,87241.11,0.0,0.0,0.0,0.0,0.0,0.0,,C-016-F 094-G-07,0.0,0.0,0.0,0.0,0.0
BCGP0007974,,,,,,,,,,15-26-078-17W6M,,,,,
BCGP0008619,14259.26,12973.47,0.0,0.0,0.0,0.02,0.0,0.0,,A-065-A 093-I-09,0.0,0.0,0.0,0.0,0.0
BCGP0008645,218933.6,208134.26,1.24,311.46,609.02,1150.8,0.0,0.51,,11-26-078-17W6M,0.0,0.0,0.0,0.0,0.0
BCGP0008649,,,,,,,,,,A-079-B 094-B-16,,,,,
BCGP0008651,42618.56,41295.44,2.6,102.83,136.11,165.63,0.0,0.0,,C-065-G 094-B-08,0.0,0.0,0.0,0.0,0.0
BCGP0009075,4787.84,0.0,0.0,48.31,83.97,74.57,0.0,0.0,,A-060-I 094-O-11,0.0,0.0,0.0,0.0,0.0
BCGP0009092,457.09,464.62,0.0,0.0,0.0,0.0,0.0,0.0,,A-059-L 094-G-07,0.0,0.0,0.0,0.0,0.0
BCGP0009132,684.19,355.31,0.0,0.0,0.0,0.0,0.0,0.0,,B-037-B 093-P-10,0.0,0.0,0.0,0.0,0.0
BCGP0017858,,,,,,,,,,B-024-H 094-G-08,,,,,
BCGP0017909,382479.93,371036.09,20.49,2073.33,2731.65,5888.01,0.0,0.0,,B-072-A 094-B-08,0.0,0.0,0.0,0.0,0.0
BCGP0017968,6567.0,6554.99,0.0,0.0,0.0,0.0,0.0,0.0,,D-086-E 094-B-16,0.0,0.0,0.0,0.0,0.0
BCGP0018016,17859.8,17334.32,0.0,0.0,0.0,18.5,0.0,0.0,,A-054-C 094-B-16,0.0,0.0,0.0,0.0,0.0
BCGP0018051,372013.48,359836.16,9.71,681.71,838.08,1201.35,0.0,0.0,,04-26-078-17W6M,0.0,0.0,0.0,0.0,0.0
BCGP0018074,93248.37,85115.87,1.76,815.28,766.51,1777.8,0.0,0.0,,10-14-082-20W6M,0.0,0.0,0.0,0.0,0.0
BCGP0018136,155978.74,144489.71,15.77,3186.35,2138.95,1218.74,0.0,0.0,,03-07-081-17W6M,0.0,0.0,0.0,0.0,0.0
BCGP0018229,175554.72,159649.0,24.5,1679.0,1836.28,1592.47,0.0,0.0,,C-072-A 094-B-16,0.0,0.0,0.0,0.0,0.0
BCGP0018237,120729.77,109098.29,45.48,1250.64,818.39,1603.55,0.0,0.0,,C-038-C 094-H-04,0.0,0.0,0.0,0.0,0.0
BCGP0018246,296699.79,264981.8,28.32,4392.02,2320.83,2017.83,0.0,0.0,,A-033-J 094-B-09,0.0,0.0,0.0,0.0,0.0
BCGP0018260,459697.55,443149.81,252.24,4649.07,3958.03,3563.34,0.0,0.0,,15-27-079-17W6M,0.0,0.0,0.0,0.0,0.0
BCGP0018270,192157.79,178521.39,111.61,1867.77,1951.23,4362.43,0.0,0.0,,13-07-080-14W6M,0.0,0.0,0.0,0.0,0.0
BCGP0018309,362107.96,336498.0,85.46,2566.59,2776.16,2926.0,0.0,0.0,,B-089-J 094-B-16,0.0,0.0,0.0,0.0,0.0
BCGP0024114,120876.44,114570.89,38.99,412.41,643.72,2462.82,0.0,0.0,,05-35-079-14W6M,0.0,0.0,0.0,0.0,0.0
BCGP0026223,,,,,,,,,,C-042-H 094-G-02,,,,,
BCGP0026229,93361.73,82905.29,1.41,681.45,686.11,3882.6,0.0,0.0,,02-11-080-16W6M,0.0,0.0,0.0,0.0,0.0
BCGP0026354,27573.57,24247.28,323.1,596.65,374.03,461.27,0.0,0.0,,14-16-081-18W6M,0.0,0.0,0.0,0.0,0.0
BCGP0026427,384333.71,335773.34,2.06,9644.22,5086.78,8640.63,0.0,0.0,,C-060-A 094-B-16,0.0,0.0,0.0,0.0,0.0
BCGP0026623,199567.63,180007.9,165.44,4550.27,2976.49,3590.02,0.0,0.0,,C-046-C 094-H-04,0.0,0.0,0.0,0.0,0.0
BCGP0026696,113888.02,86508.33,10.93,2078.81,1599.92,12200.68,0.0,0.0,,C-011-K 094-A-12,0.0,0.0,0.0,0.0,0.0
BCGP0026801,68610.27,63561.68,3.48,787.3,710.32,1427.64,0.0,0.0,,B-048-G 094-H-04,0.0,0.0,0.0,0.0,0.0
BCGP0026856,,,,,,,,,,02-10-088-23W6M,,,,,
BCGP0026937,58924.28,43057.64,109.06,1210.71,1018.98,9914.16,0.0,0.0,,05-20-084-24W6M,0.0,0.0,0.0,0.0,0.0
BCGP0026943,,,,,,,,,,B-041-I 094-G-03,,,,,
BCGP0026945,,,,,,,,,,C-085-G 094-J-10,,,,,
BCGP0026946,,,,,,,,,,15-25-082-18W6M,,,,,
BCGP0026947,,,,,,,,,,D-044-L 094-A-13,,,,,
BCGP0026950,,,,,,,,,,B-047-I 094-P-04,,,,,
BCGP0026951,,,,,,,,,,11-26-078-17W6M,,,,,
BCGP0027469,,,,,,,,,,09-13-081-19W6M,,,,,
BCGP0027707,,,,,,,,,,15-25-081-22W6M,,,,,
