id,status,name,type,plant_name,current_operator,original_operator,co-owner,constructed_date,activated_date,field_name,latitude,longitude,location
ABGP0001001,Active,Maple Glen 15-36-036-16W4,GP,Maple Glen,Canadian Natural Resources Limited,,0.0% - Cansearch Resources Ltd.; 0.0% - Canadian Natural Resources Limited,,,,52.14108,-112.15671,15-36-036-16W4M
ABGP0001002,Suspended,Keyera Nevis Gas Plant 16-33-38-22W4,GP,Nevis,Keyera Energy Ltd.,,100.0% - Keyera Energy Ltd.,1956-01-01,,,52.31571,-113.07948,16-33-038-22W4M
ABGP0001003,Suspended,* Gulf Pincher Creek,GP,Pincher Creek,Gulf Canada Limited,,100.0% - Palmer Ranch (1984) Ltd.,,,,49.30742,-113.79413,01-23-004-29W4M
ABGP0001004,Active,Keyera Homeglen-Rimbey 2-05-44-01W5,GP,Rimbey,Keyera Energy Ltd.,,0.0% - Centipede Holdings Ltd.; 0.8% - Bellatrix Exploration Ltd.; 0.1% - Altagas Pipeline Partnership; 98.8% - Keyera Energy Ltd.; 0.1% - Mosaic Energy Ltd.; 0.0% - Canadian Natural Resources Limited; 0.0% - Bonavista Energy Corporation; 1.0% - Green Valley Energy Ltd.,1961-01-01,,,52.75808,-114.10751,02-05-044-01W5M
ABGP0001005,Suspended,* Gulf Gilby,GP,Gilby,Cenovus Energy Inc.,,100.0% - Cenovus Energy Inc.,,,,52.44144,-114.30466,06-13-040-03W5M
ABGP0001006,Abandoned,* Chevron Nevis,GP,Nevis,Chevron Canada Limited,,100.0% - Chevron Canada Limited,,,,52.37406,-113.0847,15-22-039-22W4M
ABGP0001007,Active,Mitsue 16-30-072-04W5,GP,Mitsue,Canadian Natural Resources Limited,,90.0% - Canadian Natural Resources Limited; 10.0% - Superman Resources Inc.,1974-01-01,,,55.27045,-114.59501,16-30-072-04W5M
ABGP0001008,Suspended,* Chevron Princess,GP,Princess,Chevron Canada Limited,,100.0% - Chevron Canada Limited,,,,50.68309,-111.54795,12-12-020-12W4M
ABGP0001009,Suspended,Sedalia 9-29-31-5 Gp,GP,Sedalia,Baytex Energy Ltd.,,100.0% - Baytex Energy Ltd.,1961-01-01,,,51.68719,-110.66947,09-29-031-05W4M
ABGP0001010,Suspended,* Norcen Campbell-Namao,GP,Campbell,Canadian Natural Resources Limited,,100.0% - Canadian Natural Resources Limited,,,,53.68898,-113.56889,01-26-054-25W4M
ABGP0001011,Abandoned,* Shell Innisfail,GP,Innisfail,Shell Canada Limited,,100.0% - Enhance Energy Inc.,,,,51.97168,-114.05239,01-03-035-01W5M
ABGP0001012,Active,Pancdn Countess,GP,Makepeace,Torxen Energy Ltd.,,100.0% - Torxen Energy Ltd.,,,,50.91588,-112.44847,12-33-022-18W4M
ABGP0001013,Active,Keyera Gilby Plant 15-22-040-03W5,GP,Gilby,Keyera Energy Ltd.,,80.2% - Keyera Energy Ltd.; 1.2% - Harvest Operations Corp.; 5.1% - Pengrowth Energy Corporation; 5.1% - Nal Resources Limited; 5.7% - Omers Energy Inc.; 1.3% - Signalta Resources Limited,,,,52.46301,-114.34679,15-22-040-03W5M
ABGP0001014,Active,Atco Carbon,GP,Carbon,Atco Energy Solutions Ltd.,,100.0% - Atco Energy Solutions Ltd.,1967-01-01,,,51.47964,-113.05534,08-17-029-22W4M
ABGP0001015,Suspended,Wardlow 2-31-22-11W4,GP,Wardlow,Canadian Natural Resources Limited,,100.0% - Canadian Natural Resources Limited,1992-01-01,,,50.90893,-111.5137,02-31-022-11W4M
ABGP0001016,Suspended,Cometra Wood River,GP,Cometra Wood River,Vintage Petroleum Canada; Inc.,,100.0% - Vintage Petroleum Canada  Inc.,,,,52.69611,-113.29673,16-08-043-23W4M
ABGP0001017,Suspended,Cessford 04-15-027-15W4,GP,Cessford,Canadian Natural Resources Limited,,50.0% - Canadian Natural Resources Limited; 50.0% - Arc Resources Ltd.,1960-01-01,,,51.30157,-112.04131,04-15-027-15W4M
ABGP0001018,Active,Taurus Consort 7-34-34-6W4 Gp,GP,Provost,Tamarack Acquisition Corp.,,,1959-01-01,,,51.95995,-110.76973,07-34-034-06W4M
ABGP0001019,Suspended,* Amoco Buck Creek,GP,Buck Creek,Bp Canada Energy Group Ulc,,100.0% - Bp Canada Energy Group Ulc,,,,49.00158,-110.00785,01-01-001-01W4M
ABGP0001020,Suspended,Devon Carstairs,GP,Carstairs,Bonavista Energy Corporation,,20.0% - Bonavista Energy Corporation; 36.0% - Direct Energy Marketing Limited; 18.0% - Exxonmobil Canada Energy; 10.0% - Provident Energy Ltd.; 2.0% - Signalta Resources Limited; 8.0% - Bp Canada Energy Company,1960-01-01,,,51.53479,-114.20383,03-03-030-02W5M
ABGP0001021,Active,Garrington Olds,GP,Garrington,Whitecap Resources Inc.,,100.0% - Whitecap Resources Inc.,1964-01-01,,,51.74229,-114.13455,06-18-032-01W5M
ABGP0001022,Active,Cessford 02-08-024-12W4,GP,Cessford,Canadian Natural Resources Limited,,47.0% - Imperial Oil Limited; 52.0% - Canadian Natural Resources Limited,1958-01-01,,,51.02502,-111.64172,02-08-024-12W4M
ABGP0001023,Abandoned,Imperial Leduc-Woodbend,GP,Leduc Woodbend,Imperial Oil Resources Limited,,100.0% - Imperial Oil Resources Limited,,,,53.35414,-113.71731,02-34-050-26W4M
ABGP0001024,Active,Boundary Lake 01-14-085-13W6,GP,Boundary Lake South,Canadian Natural Resources Limited,,100.0% - Canadian Natural Resources Limited,,,,56.36475,-119.92871,01-14-085-13W6M
ABGP0001025,Reclamation Certified,Devon Normandville,GP,Normandville,Canadian Natural Resources Limited,,100.0% - Canadian Natural Resources Limited,,,,55.83788,-117.39082,13-09-079-22W5M
ABGP0001026,Abandoned,Cessford 7-17-26-14W4,GP,Cessford,Canadian Natural Resources Limited,,100.0% - Canadian Natural Resources Limited,,,,51.21801,-111.92082,07-17-026-14W4M
ABGP0001027,Suspended,* Imperial Golden Spike,GP,Golden Spike,Imperial Oil Resources Limited,,100.0% - Imperial Oil Resources Limited,,,,53.42286,-113.8948,15-22-051-27W4M
ABGP0001028,Active,Accel Energy Redwater Gp,GP,Redwater,Accel Canada Holdings Limited,,100.0% - Arc Resources Ltd.,1956-01-01,,,53.95089,-113.07819,01-29-057-21W4M
ABGP0001029,Suspended,* Samson Ferrybank,GP,Ferrybank,Obsidian Energy Ltd.,,100.0% - Obsidian Energy Ltd.,,,,52.89245,-113.87048,05-21-045-27W4M
ABGP0001030,Suspended,* Talisman Turner Valley,GP,Turner Valley,Repsol Oil & Gas Canada Inc.,,100.0% - Repsol Oil & Gas Canada Inc.,,,,50.67209,-114.27017,14-06-020-02W5M
ABGP0001031,Suspended,Valhalla 8-20-76-9W6,GP,Valhalla,Canadian Natural Resources Limited,,100.0% - Canadian Natural Resources Limited,,,,55.59771,-119.3482,08-20-076-09W6M
ABGP0001032,Abandoned,* Shell Worsley,GP,Worsley,Shell Canada Limited,,100.0% - Shell Canada Limited,,,,56.55739,-119.02205,07-22-087-07W6M
ABGP0001033,Suspended,Crestar Three Hills Ck,GP,Three Hills Creek,Pine Cliff Energy Ltd.,,100.0% - Pine Cliff Energy Ltd.,,,,52.01016,-113.59672,13-13-035-26W4M
ABGP0001034,Active,Semcams West Whitecourt (Windfall),GP,Windfall,Energy Transfer Canada Ulc,,72.8% - Energy Transfer Canada Ulc; 0.1% - Bp Canada Energy Company; 10.4% - Sw Resources Ulc; 16.7% - Sinopec Daylight Energy Ltd.,1959-01-01,,,54.18694,-116.20467,08-17-060-15W5M
ABGP0001035,Suspended,* Icg Acheson,GP,Icg Acheson,Cnooc Petroleum North America Ulc,,100.0% - Cnooc Petroleum North America Ulc,,,,53.54311,-113.73491,04-02-053-26W4M
ABGP0001036,Active,Apache Provost,GP,Consort,Karve Energy Inc.,,100.0% - Karve Energy Inc.,,,,52.10473,-110.69847,08-19-036-05W4M
ABGP0001037,Active,Shell Jumping Pound,GP,Jumping Pound,Pieridae Alberta Production Ltd.,,100.0% - Shell Canada Limited,1951-01-01,,,51.13772,-114.58008,13-13-025-05W5M
ABGP0001038,Active,Apf Energy Countess,GP,Countess,Journey Energy Inc.,,24.1% - Cenovus Fccl Ltd.; 22.7% - Enermark Inc.; 53.3% - Journey Energy Inc.,1960-01-01,,,50.73756,-112.085,08-36-020-16W4M
ABGP0001039,Suspended,Vista Midstream Enchant Ggs,GP,Enchant,Campus Energy Partners Operations Inc.,,100.0% - Campus Energy Partners Operations Inc.,1963-01-01,,,50.12981,-112.22533,11-35-013-17W4M
ABGP0001040,Reclamation Certified,* Can Oxy Okotoks,GP,Can Oxy Okotoks,Cnooc Petroleum North America Ulc,,100.0% - Cnooc Petroleum North America Ulc,,,,50.71951,-113.94883,04-27-020-29W4M
ABGP0001041,Abandoned,Cessford 3-6-24-10W4,GP,Cessford Plant,Canadian Natural Resources Limited,,100.0% - Canadian Natural Resources Limited,,,,51.01046,-111.39158,03-06-024-10W4M
ABGP0001042,Active,Karr 10-10-065-02W6,GP,Karr Creek,Canadian Natural Resources Limited,,62.0% - Canadian Natural Resources Limited; 10.0% - Devon Canada; 11.5% - Progress Exploration Ltd.; 3.2% - Enerplus Energy Ltd.; 0.5% - Iteration Energy Ltd.; 12.8% - Signalta Resources Limited,1981-01-01,,,54.6124,-118.21115,10-10-065-02W6M
ABGP0001043,Active,Husky Hussar 13-36,GP,Hussar,Torxen Energy Ltd.,,25.0% - Husky Oil Operations Limited; 25.0% - Harvard International Resources Ltd.; 50.0% - Torxen Energy Ltd.,1959-01-01,,,51.0942,-112.81593,13-36-024-21W4M
ABGP0001044,Active,Husky Wayne-Rosedale 12-4,GP,Wayne,Torxen Energy Ltd.,,25.0% - Husky Oil Operations Limited; 25.0% - Harvard International Resources Ltd.; 50.0% - Torxen Energy Ltd.,1981-01-01,,,51.36697,-112.76773,12-04-028-20W4M
ABGP0001045,Suspended,Imperial Bonnie Glen,GP,Bonnie Glen Solutions,Imperial Oil Resources Limited,,100.0% - Imperial Oil Resources Limited,,,,53.04881,-113.9239,04-17-047-27W4M
ABGP0001046,Suspended,* Imperial Pembina,GP,Pembina,Whitecap Resources Inc.,,100.0% - Whitecap Resources Inc.,,,,53.25256,-115.39433,01-28-049-10W5M
ABGP0001047,Active,Keyera Minnehik-Buck Lake 10-05,GP,Minnehik,Keyera Energy Ltd.,,79.8% - Keyera Energy Ltd.; 10.0% - Canlin Resources Partnership; 8.1% - Enerplus Resources Corporation; 1.7% - Taqa North; 0.5% - Sabre Energy Ltd.,1961-01-01,,,52.94033,-114.83234,10-05-046-06W5M
ABGP0001048,Active,Altana Black Butte,GP,Black Butte,Pine Cliff Energy Ltd.,,100.0% - Pine Cliff Energy Ltd.,1962-01-01,,,49.03026,-111.05495,01-18-001-08W4M
ABGP0001049,Active,Pancdn Wayne-Rosedale,GP,Wayne Dalum,Torxen Energy Ltd.,,100.0% - Torxen Energy Ltd.,,,,51.30522,-112.65054,05-17-027-19W4M
ABGP0001050,Suspended,Wascana Crossfield,GP,Crossfield,Cnooc Petroleum North America Ulc,,6.3% - Bonavista Petroleum Ltd.; 0.6% - Coastal Resources Limited; 1.4% - Dewpoint Resources Ltd.; 0.0% - Encana Corporation; 2.1% - Enermark Inc.; 33.0% - Exxonmobil Canada Energy; 1.8% - Imperial Oil Limited; 46.7% - Cnooc Petroleum North America Ulc; 0.0% - Pegasus Oil & Gas Inc.; 8.1% - Enerplus Resources Corporation,1961-01-01,,,51.19259,-113.94389,10-02-026-29W4M
ABGP0001051,Active,Devon Savanna Creek,GP,Coleman,Canadian Natural Resources Limited,,100.0% - Canadian Natural Resources Limited,1961-01-01,,,49.62787,-114.56868,01-11-008-05W5M
ABGP0001052,Suspended,Husky Farrell Exp Chain 7-23,GP,Farrell Exp Chain,Husky Oil Operations Limited,,100.0% - Husky Oil Operations Limited,,,,51.84357,-112.16354,07-23-033-16W4M
ABGP0001053,Suspended,Merit Sibbald,GP,Merit Sibbald,Nuvista Energy Ltd.,,100.0% - Nuvista Energy Ltd.,,,,51.36338,-110.28327,05-06-028-02W4M
ABGP0001054,Active,D Energy Wildcat Hills 6-16-26-5W5,GP,Wildcat Hills,Canlin Resources Partnership,,,1962-01-01,,,51.21797,-114.64407,06-16-026-05W5M
ABGP0001055,Suspended,Tom Brown Edson,GP,Tom Brown Edson,Ovintiv Canada Ulc,,100.0% - Long Run Exploration Ltd.,,,,53.52123,-116.4921,10-30-052-17W5M
ABGP0001056,Active,Shell Waterton,GP,Waterton,Pieridae Alberta Production Ltd.,,100.0% - Shell Canada Limited,1962-01-01,,,49.30728,-113.99976,02-20-004-30W4M
ABGP0001057,Active,Penn West Pembina,GP,Lobstick Glauconite,Obsidian Energy Ltd.,,87.3% - Obsidian Energy Ltd.; 10.7% - Arc Resources Ltd.; 0.1% - Bonterra Energy Corp.; 0.3% - Canadian Natural Resources Limited; 0.5% - Laramide Oil & Gas Ltd.; 0.5% - Signalta Resources Limited; 0.5% - Owlco Resources Ltd,1980-01-01,,,53.31794,-114.97985,09-17-050-07W5M
ABGP0001058,Active,Trilogy Kaybob,GP,Kaybob,Paramount Resources Ltd.,,90.0% - Paramount Resources Ltd.,1962-01-01,,,54.5216,-116.80216,08-09-064-19W5M
ABGP0001059,Suspended,Drumheller  6-33-30-19W4,GP,Drumheller,Canadian Natural Resources Limited,,100.0% - Canadian Natural Resources Limited,,,,51.61063,-112.6214,06-33-030-19W4M
ABGP0001060,Active,Solex Harmattan-Elkton,GP,Alta Gas Harmattan,Altagas Ltd.,,100.0% - Altagas Ltd.,1960-01-01,,,51.68774,-114.47718,09-27-031-04W5M
ABGP0001061,Suspended,* Gulf Gilby,GP,Gilby,Cenovus Energy Inc.,,100.0% - Cenovus Energy Inc.,,,,52.53958,-114.29278,01-24-041-03W5M
ABGP0001062,Active,Accel Energy Carson Creek Gp,GP,Carson Creek,Accel Canada Holdings Limited,,95.0% - Accel Canada Holdings Limited; 5.0% - Journey Energy Inc.,1960-01-01,,,54.28503,-115.69813,04-23-061-12W5M
ABGP0001063,Active,Apache Canada Provost,GP,Kessler,Battle River Energy Ltd.,,98.0% - Battle River Energy Ltd.,,,,52.33036,-111.12946,13-05-039-08W4M
ABGP0001064,Suspended,* Petro-Can Gilby,GP,Gilby,Canlin Resources Partnership,,100.0% - Canlin Resources Partnership,,,,52.47043,-114.34679,07-27-040-03W5M
ABGP0001065,Suspended,Vista Midstream Retlaw,GP,Retlaw,Campus Energy Partners Operations Inc.,,83.5% - Campus Energy Partners Operations Inc.; 16.5% - Enermark Inc.,1963-01-01,,,50.05708,-112.50397,12-02-013-19W4M
ABGP0001066,Suspended,* Poco Kirkwall,GP,Poco Kirkwall,Conocophillips Canada Resources Corp.,,100.0% - Conocophillips Canada Resources Corp.,,,,51.33068,-110.66429,01-29-027-05W4M
ABGP0001067,Suspended,Renaissance Sylvan Lake-21,GP,Sylvan Lake,Husky Oil Operations Limited,,100.0% - Husky Oil Operations Limited,,,,52.27729,-114.21904,01-21-038-02W5M
ABGP0001068,Active,Westlock 07-15-060-02W5,GP,Westlock West,Canadian Natural Resources Limited,,100.0% - Canadian Natural Resources Limited,,,,54.18683,-114.21129,07-15-060-02W5M
ABGP0001069,Active,Cfr Jc 15-25-64-11W5 Gp,GP,Judy Creek Conservation Plant,Conifer Energy Inc.,,51.0% - Conifer Energy Inc.; 24.5% - Obsidian Energy Ltd.; 24.5% - Canadian Natural Resources Limited,1960-01-01,,,54.57231,-115.52295,15-25-064-11W5M
ABGP0001070,Active,Ocelot Sylvan Lake,GP,Sylvan Lake,Btg Energy Corporation,,40.0% - Btg Energy Corporation,1965-01-01,,,52.22988,-114.39736,14-32-037-03W5M
ABGP0001071,Suspended,Rigel Gilby,GP,Rigel Gilby,Talisman Energy Inc.,,100.0% - I3 Energy Canada Ltd.,,,,52.51772,-114.29871,10-12-041-03W5M
ABGP0001072,Active,Real Resources West Provost,GP,Provost West,Karve Energy Inc.,,100.0% - Karve Energy Inc.,1964-01-01,,,52.07935,-111.01382,10-12-036-08W4M
ABGP0001073,Suspended,Altaquest Gilby,GP,Gilby,Cequel Energy Inc.,,100.0% - Manitok Energy Inc.,,,,52.51768,-114.34659,10-10-041-03W5M
ABGP0001074,Suspended,Imperial Bonnie Glen,GP,Bonnie Glen Cycle,Imperial Oil Resources Limited,,100.0% - Imperial Oil Resources Limited,,,,53.04881,-113.91788,03-17-047-27W4M
ABGP0001075,Active,Vermilion Carrot Creek,GP,Granada,Vermilion Energy Inc.,,52.0% - Vermilion Energy Inc.; 48.0% - Obsidian Energy Ltd.,1972-01-01,,,53.48488,-115.60766,02-18-052-11W5M
ABGP0001076,Active,Pancdn Wayne-Rosedale,GP,Redlands High Pressure,Lynx Energy Ulc,,100.0% - Lynx Energy Ulc,,,,51.40332,-112.91469,01-20-028-21W4M
ABGP0001077,Suspended,* Amoco Gilby South,GP,Amoco Gilby South,Bp Canada Energy Group Ulc,,100.0% - Bp Canada Energy Group Ulc,,,,52.47053,-114.31681,08-26-040-03W5M
ABGP0001078,Suspended,Handhills 10-33-28-15W4,GP,Handhills Coyote,Canadian Natural Resources Limited,,100.0% - Canadian Natural Resources Limited,,,,51.43971,-112.05319,10-33-028-15W4M
ABGP0001079,Active,Primewest Crossfield East,GP,Crossfield East,Taqa North Ltd.,,55.0% - Taqa North Ltd.,1967-01-01,,,51.39652,-114.02818,09-14-028-01W5M
ABGP0001080,Active,Calcrude Cherhill,GP,Cherhill,Journey Energy Inc.,,90.0% - Journey Energy Inc.; 10.0% - Ridgmar Canada Inc.,1972-01-01,,,53.84799,-114.61854,04-24-056-05W5M
ABGP0001081,Suspended,Devon Wimborne,GP,Wimborne,Vantage Point Resources Inc.,,99.8% - Vantage Point Resources Inc.,1964-01-01,,,51.89821,-113.5687,04-12-034-26W4M
ABGP0001082,Suspended,Imperial Willesden Green,GP,Willesden Green,Entrada Resources Inc.,,100.0% - Entrada Resources Inc.,1964-01-01,,,52.61221,-114.82036,01-17-042-06W5M
ABGP0001083,Suspended,Bonavista Harmattan-Elkton Plant,GP,Harmattan Elkton South Unit 1,Bonavista Energy Corporation,,100.0% - Bonavista Energy Corporation,,,,51.62229,-114.48303,02-03-031-04W5M
ABGP0001084,Active,Edson 04-11-053-18W5 Gp,GP,Edson,Repsol Oil & Gas Canada Inc.,,0.0% - Chair Resources Inc.; 0.0% - Conocophillips Canada Resources Corp.; 0.0% - Crocotta Energy Inc.; 0.0% - Conocophillips Canada (Brc) Ltd.; 0.0% - Daylight Energy Ltd.; 0.0% - Enerplus Oil & Gas Ltd.; 0.0% - Enermark Inc.; 59.0% - Repsol Oil & Gas Canada Inc.; 22.0% - Keyera Energy Ltd.,1965-01-01,,,53.55751,-116.55334,04-11-053-18W5M
ABGP0001085,Active,Penn West Tomahawk 04-02 Gp,GP,Berrymoor,Obsidian Energy Ltd.,,2.9% - Signalta Resources Limited; 6.2% - Canetic Resources Inc.; 90.9% - Obsidian Energy Ltd.,,,,53.28161,-114.77261,03-02-050-06W5M
ABGP0001086,Active,Tamarack Veteran 15-20-034-08W4 Gp,GP,Veteran,Tamarack Acquisition Corp.,,100.0% - Tamarack Acquisition Corp.,,,,51.93817,-111.10061,15-20-034-08W4M
ABGP0001087,Suspended,* Crestar Oyen,GP,Crestar Oyen,Conocophillips Canada Energy Partnership,,100.0% - Conocophillips Canada Energy Partnership,,,,51.44334,-110.58213,14-36-028-05W4M
ABGP0001088,Active,Bonterra 05-35 Sweet Gas Plant,GP,Keystone,Bonterra Energy Corp.,,100.0% - Bonterra Energy Corp.,1965-01-01,,,53.18327,-114.48599,05-35-048-04W5M
ABGP0001089,Active,Paddle River 13-06-057-8W5 Gas Plant,GP,Paddle River,Tidewater Midstream And Infrastructure Ltd.,,100.0% - Tidewater Midstream And Infrastructure Ltd.,1966-01-01,,,53.90244,-115.18864,13-06-057-08W5M
ABGP0001090,Suspended,* Mobil Harmattan-Elkton,GP,Harmattan-Elkton,Exxonmobil Canada Energy,,100.0% - Exxonmobil Canada Ltd.,,,,51.68773,-114.48301,10-27-031-04W5M
ABGP0001091,Active,Pancdn Wintering Hills,GP,Wintering Hills,Torxen Energy Ltd.,,100.0% - Torxen Energy Ltd.,,,,51.12702,-112.35696,01-18-025-17W4M
ABGP0001092,Suspended,* Steen Crossfield,GP,Steen Crossfield,Steen Resources Ltd.,,100.0% - Steen Resources Ltd.,,,,51.58207,-114.3797,08-20-030-03W5M
ABGP0001093,Active,Ferrier 09-22-39-8W5,GP,Ferrier 1,Canadian Natural Resources Limited,,100.0% - Canadian Natural Resources Limited,,,,52.37213,-115.06014,09-22-039-08W5M
ABGP0001094,Suspended,* Amoco Lone Pine Creek,GP,Lone Pine Creek,Bp Canada Energy Group Ulc,,100.0% - Taqa North Ltd.,,,,51.58139,-113.84049,06-23-030-28W4M
ABGP0001095,Active,Cdn 88 Twining,GP,Three Hills Creek,Artis Exploration Ltd.,,100.0% - Artis Exploration Ltd.,,,,51.69442,-113.21466,04-33-031-23W4M
ABGP0001096,Active,Petro-Can Wilson Creek,GP,Wilson Creek,Tamarack Acquisition Corp.,,52.2% - Tamarack Acquisition Corp.; 47.8% - Taqa North Ltd.,1968-01-01,,,52.72934,-114.53641,01-29-043-04W5M
ABGP0001097,Active,Conoco Ghost Pine,GP,Ghost Pine,Pine Cliff Energy Ltd.,,100.0% - Pine Cliff Energy Ltd.,1967-01-01,,,51.63969,-112.86634,08-11-031-21W4M
ABGP0001098,Suspended,Crestar Gilby N,GP,Crestar Gilby N,Cenovus Energy Inc.,,100.0% - Cenovus Energy Inc.,,,,52.51771,-114.44843,11-12-041-04W5M
ABGP0001099,Suspended,* Altana Caroline,GP,Altana Caroline,Altana Exploration Company,,100.0% - Altana Exploration Company,,,,51.96412,-114.73085,12-36-034-06W5M
ABGP0001100,Suspended,Vulcan 8-24-15-22W4,GP,Vulcan,Canadian Natural Resources Limited,,100.0% - Canadian Natural Resources Limited,,,,50.27185,-112.8941,08-24-015-22W4M
ABGP0001101,Abandoned,Amoco Bigstone,GP,Bigstone,Bp Canada Energy Group Ulc,,100.0% - Paramount Resources Ltd.,,,,54.2595,-117.21683,06-10-061-22W5M
ABGP0001102,Suspended,* Amoco Crossfield,GP,Crossfield,Bp Canada Energy Group Ulc,,100.0% - Taqa North Ltd.,,,,51.39652,-114.02818,09-14-028-01W5M
ABGP0001103,Active,Encal Sylvan Lk,GP,Sylvan Lake,Harvest Operations Corp.,,100.0% - Harvest Operations Corp.,1980-01-01,,,52.25535,-114.2963,10-12-038-03W5M
ABGP0001104,Suspended,Amoco South Caroline,GP,Caroline South,Bp Canada Energy Group Ulc,,100.0% - Bonavista Energy Corporation,,,,51.92784,-114.53595,03-20-034-04W5M
ABGP0001105,Active,Husky Rainbow 10-10,GP,Rainbow,Husky Oil Operations Limited,,100.0% - Husky Oil Operations Limited,1967-01-01,,,58.45072,-119.23832,10-10-109-08W6M
ABGP0001106,Active,Husky Elnora 5-19,GP,Mikwan,2234873 Alberta Ltd.,,25.0% - Encana Corporation; 75.0% - 2234873 Alberta Ltd.,1978-01-01,,,52.01729,-113.14451,05-19-035-22W4M
ABGP0001107,Active,Semcams Kaybob Amalgamated,GP,Kaybob South 1 Cycling,Energy Transfer Canada Ulc,,56.6% - Energy Transfer Canada Ulc; 22.8% - Husky Oil Operations Limited; 1.5% - Talisman Energy Inc.; 2.0% - Devon Canada Corporation; 1.6% - Taqa North Ltd.; 0.6% - Conocophillips Canada (Brc) Ltd.; 0.1% - Paramount Resources (Acl) Ltd.; 5.5% - Cequence Energy Ltd.; 4.0% - Xto Energy Canada; 5.2% - Long Run Exploration Ltd.,1967-01-01,,,54.34316,-116.85462,01-12-062-20W5M
ABGP0001108,Active,Keyera Brazeau East 6-12-046-14W5,GP,Brazeau River,Keyera Energy Ltd.,,100.0% - Keyera Energy Ltd.,1968-01-01,,,52.95069,-115.90241,06-12-046-14W5M
ABGP0001109,Abandoned,Vintage West Drumheller,GP,Drumheller West,Obsidian Energy Ltd.,,100.0% - Sanling Energy Ltd.,,,,51.54144,-112.83806,12-01-030-21W4M
ABGP0001110,Active,Ferrier 01-20-039-07W5,GP,Ferrier 2,Canadian Natural Resources Limited,,100.0% - Canadian Natural Resources Limited,,,,52.3649,-114.96431,01-20-039-07W5M
ABGP0001111,Suspended,Northrock Judy Creek,GP,Judy Creek,Point Loma Resources Ltd.,,100.0% - Point Loma Resources Ltd.,,,,54.55408,-115.66133,12-19-064-11W5M
ABGP0001112,Suspended,Sturgeon Lake S 2-2-69-22W5,GP,Sturgeon Lake South,Canadian Natural Resources Limited,,100.0% - Canadian Natural Resources Limited,1969-01-01,,,54.93963,-117.23958,02-02-069-22W5M
ABGP0001113,Active,Keyera Simonette Gas Plant 09-06,GP,Simonette,Keyera Energy Ltd.,,100.0% - Keyera Energy Ltd.,1969-01-01,,,54.42332,-117.76062,09-06-063-25W5M
ABGP0001114,Active,Campus Bantry,GP,Bantry,Campus Energy Partners Operations Inc.,,100.0% - Campus Energy Partners Operations Inc.,,,,50.47198,-111.60535,04-33-017-12W4M
ABGP0001115,Active,Petro-Can Whitecourt,GP,Whitecourt,Taqa North Ltd.,,45.8% - Taqa North Ltd.; 45.3% - Chinook Energy Inc.; 4.2% - Harvest Operations Corp.; 4.7% - Obsidian Energy Ltd.,1968-01-01,,,54.13233,-115.54818,12-26-059-11W5M
ABGP0001116,Active,Apache Provost,GP,Brownfield,Karve Energy Inc.,,96.1% - Karve Energy Inc.,1969-01-01,,,52.3196,-111.47757,02-02-039-11W4M
ABGP0001117,Active,Devon Marten Hills,GP,Marten Hills Plant 1,Sequoia Resources Corp.,,100.0% - Sequoia Resources Corp.,1969-01-01,,,55.42993,-113.61225,14-22-074-24W4M
ABGP0001118,Active,Amoco East Garrington,GP,Garrington East,Bonavista Energy Corporation,,100.0% - Bonavista Energy Corporation,1975-01-01,,,51.92067,-114.39439,11-17-034-03W5M
ABGP0001119,Active,Willow 02-05-028-17W4,GP,Drumheller East,Canadian Natural Resources Limited,,100.0% - Canadian Natural Resources Limited,1974-01-01,,,51.35983,-112.35782,02-05-028-17W4M
ABGP0001120,Suspended,* Amoco Kaybob S #2,GP,Kaybob South 1 Cycling,Bp Canada Energy Group Ulc,,100.0% - Energy Transfer Canada Ulc,,,,54.34316,-116.85462,01-12-062-20W5M
ABGP0001121,Active,Keyera Nordegg River 6-10-044-12W5,GP,Nordegg River,Keyera Energy Ltd.,,89.3% - Keyera Energy Ltd.,1969-01-01,,,52.77611,-115.66063,06-10-044-12W5M
ABGP0001122,Active,Petro-Can Ferrier,GP,Ferrier,Canlin Resources Partnership,,,1970-01-01,,,52.49599,-114.98817,01-06-041-07W5M
ABGP0001123,Active,Chevron Mitsue,GP,Mitsue,Cardinal Energy Ltd.,,13.0% - Canadian Natural Resources Limited; 85.0% - Cardinal Energy Ltd.,1969-01-01,,,55.26683,-114.60134,10-30-072-04W5M
ABGP0001124,Abandoned,Bittern Lk 5-31-45-20W4,GP,Bittern Lake,Canadian Natural Resources Limited,,100.0% - Canadian Natural Resources Limited,,,,52.92156,-112.90355,05-31-045-20W4M
ABGP0001125,Active,Waskahigan 15-7-064-23W5,GP,Waskahigan,Canadian Natural Resources Limited,,94.2% - Canadian Natural Resources Limited,,,,54.5287,-117.46433,15-07-064-23W5M
ABGP0001126,Abandoned,* Jordan Provost,GP,Jordan Provost,Enerplus Corporation,,100.0% - Taqa North Ltd.,,,,52.30141,-112.07934,16-28-038-15W4M
ABGP0001127,Active,Greencourt 09-26-059-09W5,GP,Greencourt,Canadian Natural Resources Limited,,100.0% - Canadian Natural Resources Limited,1969-01-01,,,54.13232,-115.22978,09-26-059-09W5M
ABGP0001128,Suspended,* Gulf Swallwell,GP,Swallwell,Gulf Canada Limited,,100.0% - Gulf Canada Limited,,,,51.52337,-113.32475,06-33-029-24W4M
ABGP0001129,Active,Gold Creek 13-26-067-05W6,GP,Gold Creek,Canadian Natural Resources Limited,,17.0% - Progress Energy Ltd.; 0.8% - Chinook Energy Ltd.; 82.2% - Canadian Natural Resources Limited,1969-01-01,,,54.83426,-118.658,13-26-067-05W6M
ABGP0001130,Active,Petro-Can Gilby,GP,Gilby,Canlin Resources Partnership,,,1970-01-01,,,52.46681,-114.3468,02-27-040-03W5M
ABGP0001131,Suspended,Shell Burnt Timber,GP,Burnt Timber,Shell Canada Energy,,100.0% - Shell Canada Limited,1972-01-01,,,51.57117,-114.85391,10-13-030-07W5M
ABGP0001132,Active,Marten Hills 12-18-076-25W4,GP,Marten Hills,Canadian Natural Resources Limited,,100.0% - Canadian Natural Resources Limited,,,,55.58633,-113.87111,10-18-076-25W4M
ABGP0001133,Active,Keyera Strachan 11-35-037-09W5,GP,Strachan,Keyera Energy Ltd.,,100.0% - Keyera Energy Ltd.,1970-01-01,,,52.22609,-115.18293,11-35-037-09W5M
ABGP0001134,Active,Caledonian Midstream Quirk Creek,GP,Quirk Creek,Caledonian Midstream Corporation,,98.3% - Caledonian Midstream Corporation; 1.7% - Shell Oil Company,1970-01-01,,,50.74852,-114.49498,02-04-021-04W5M
ABGP0001135,Suspended,Apache Virginia Hill,GP,Hope Creek,Paramount Resources Ltd.,,100.0% - Paramount Resources Ltd.,1970-01-01,,,54.53969,-115.9262,10-17-064-13W5M
ABGP0001136,Suspended,Apache Provost,GP,Hamilton Lake,Karve Energy Inc.,,100.0% - Karve Energy Inc.,1970-01-01,,,51.9811,-111.17471,16-02-035-09W4M
ABGP0001137,Abandoned,Joffre 11-31-39-26W4,GP,Joffre,Canadian Natural Resources Limited,,100.0% - Canadian Natural Resources Limited,,,,52.39913,-113.7383,11-31-039-26W4M
ABGP0001138,Active,Penn West Bigoray,GP,Bigoray,Obsidian Energy Ltd.,,100.0% - Obsidian Energy Ltd.,1977-01-01,,,53.43065,-115.12218,06-28-051-08W5M
ABGP0001139,Abandoned,Mobil Lone Pine Creek,GP,Lone Pine Creek,Exxonmobil Canada Energy,,100.0% - Exxonmobil Canada Ltd.,1971-01-01,,,51.50876,-113.86968,05-27-029-28W4M
ABGP0001140,Active,Baytex Ferrybank Plant,GP,Ferrybank,Baytex Energy Ltd.,,100.0% - Baytex Energy Ltd.,,,,52.75422,-113.86452,14-33-043-27W4M
ABGP0001141,Active,Ram River 04-02-037-10W5,GP,Ram River,Tidewater Midstream And Infrastructure Ltd.,,85.0% - Tidewater Midstream And Infrastructure Ltd.; 2.1% - Enerplus Resources Corporation; 3.0% - C Group Energy Inc.; 9.8% - Paramount Resources (Acl) Ltd.,1972-01-01,,,52.14626,-115.33134,04-02-037-10W5M
ABGP0001143,Active,Psec Leafland 13-16 Gp,GP,Leafland,Prairie Storm Energy Corp.,,75.9% - Prairie Storm Energy Corp.,1971-01-01,,,52.44863,-114.67028,13-16-040-05W5M
ABGP0001144,Active,Semcams Kaybob South #3,GP,Kaybob South 3,Energy Transfer Canada Ulc,,85.0% - Energy Transfer Canada Ulc; 10.2% - Exxonmobil Canada Energy; 0.1% - Hamilton Brothers Canadian Gas Company Ltd.; 0.1% - Bp Canada Energy Company; 0.1% - Devon Canada Corporation; 0.1% - Conocophillips Canada Limited; 0.1% - Suncor Energy Inc.; 4.2% - Burlington Resources Canada Ltd.; 0.1% - Paramount Resources (Acl) Ltd.,1972-01-01,,,54.09609,-116.61698,03-15-059-18W5M
ABGP0001145,Suspended,* Imperial Rainbow,GP,Rainbow,Husky Oil Operations Limited,,100.0% - Husky Oil Operations Limited,,,,58.56702,-119.05673,12-23-110-07W6M
ABGP0001147,Active,Veresen Hythe 11-18-074-12W6 Gp,GP,Hythe,Veresen Midstream General Partner Inc.,,100.0% - Veresen Midstream General Partner Inc.,1981-01-01,,,55.41237,-119.83645,11-18-074-12W6M
ABGP0001148,Suspended,Saxon Bigoray,GP,Bigoray,Obsidian Energy Ltd.,,100.0% - Obsidian Energy Ltd.,,,,53.4197,-115.09146,10-22-051-08W5M
ABGP0001149,Active,00/06-15-048-03W5 Pembina Gp,GP,Warburg Keystone,Sinopec Daylight Energy Ltd.,,100.0% - Sinopec Daylight Energy Ltd.,,,,53.13964,-114.35814,06-15-048-03W5M
ABGP0001150,Active,Crestar Little Bow,GP,Little Bow,Zargon Oil & Gas Ltd.,,100.0% - Zargon Oil & Gas Ltd.,1981-01-01,,,50.2208,-112.44151,16-31-014-18W4M
ABGP0001151,Suspended,Renaissance Hussar 2-1,GP,Rosebud,Torxen Energy Ltd.,,100.0% - Torxen Energy Ltd.,,,,51.27248,-112.82641,02-01-027-21W4M
ABGP0001152,Suspended,Encal Simonette,GP,Simonette,Spoke Resources Ltd.,,100.0% - Spoke Resources Ltd.,,,,54.42332,-117.76062,09-06-063-25W5M
ABGP0001153,Active,Ferrybank 02-01 Gas Plant,GP,Ferrybank,Bonavista Energy Corporation,,52.0% - Bonavista Energy Corporation; 48.0% - Nal Resources Limited,1977-01-01,,,52.75804,-113.93103,02-01-044-28W4M
ABGP0001154,Suspended,* Encal Sylvan Lake,GP,Sylvan Lake,Taqa North Ltd.,,100.0% - Taqa North Ltd.,,,,52.24095,-114.20113,10-03-038-02W5M
ABGP0001155,Abandoned,Mobil Rainbow,GP,Rainbow Lake Battery 10,Husky Oil Operations Limited,,100.0% - Husky Oil Operations Limited,1969-01-01,,,58.53795,-118.90359,10-10-110-06W6M
ABGP0001156,Suspended,Petro-Can Medicine River,GP,Gilby,Obsidian Energy Ltd.,,26.0% - Obsidian Energy Ltd.; 26.0% - Certus Oil And Gas Inc.; 23.6% - Keyera Energy Ltd.; 7.2% - Taqa North,1972-01-01,,,52.41211,-114.40632,05-05-040-03W5M
ABGP0001157,Suspended,Penn West Woking,GP,Penn West Woking,Kelt Exploration Ltd.,,100.0% - Kelt Exploration Ltd.,,,,55.52872,-118.61131,11-30-075-04W6M
ABGP0001158,Active,Pennwest Pembina (Sub #1),GP,Pembina Pembalta Stn 1,Arc Resources Ltd.,,82.8% - Arc Resources Ltd.; 10.1% - Bonterra Energy Corp.; 5.0% - Obsidian Energy Ltd.; 0.1% - Blaze Energy Ltd.,1958-01-01,,,53.17242,-114.88244,09-25-048-07W5M
ABGP0001159,Active,Bonterra 10-15 Sweet Gas Plant Stn 2,GP,Rose Creek Pembalta Stn 2,Bonterra Energy Corp.,,28.1% - Obsidian Energy Ltd.; 38.9% - Bonterra Energy Corp.; 25.7% - Enerplus Corporation; 5.5% - Arc Resources Ltd.; 1.4% - Husky Oil Operations Limited; 0.5% - Freehold Resources Ltd.,1957-01-01,,,53.05605,-114.93738,10-15-047-07W5M
ABGP0001160,Suspended,* Mobil Pembina,GP,Pembina,Arc Resources Ltd.,,100.0% - Arc Resources Ltd.,,,,53.23068,-115.10174,09-16-049-08W5M
ABGP0001161,Active,Mobil Pembina,GP,Pembalta 4,Arc Resources Ltd.,,10.0% - Obsidian Energy Ltd.; 88.3% - Arc Resources Ltd.; 0.9% - Bonterra Energy Corp.; 0.8% - Blaze Energy Ltd.,1957-01-01,,,53.23068,-115.10174,09-16-049-08W5M
ABGP0001162,Reclamation Exempt,* Amoco Pemb (Sub #5),GP,Pemb Sub 5,Bp Canada Energy Group Ulc,,100.0% - Arc Resources Ltd.,,,,53.11063,-115.0591,07-02-048-08W5M
ABGP0001163,Suspended,Spectra Gordondale West Gas Plant,GP,Gordondale West,Northriver Midstream Inc.,,100.0% - Northriver Midstream Inc.,1981-01-01,,,55.8634,-119.58265,11-24-079-11W6M
ABGP0001164,Active,Amoco Pembina (Sub #7),GP,Pembina Pembalta Stn 7,Obsidian Energy Ltd.,,0.7% - Taqa North Ltd.; 5.1% - Freehold Resources Ltd.; 83.5% - Obsidian Energy Ltd.; 4.5% - Bonterra Energy Corp.; 6.2% - Arc Resources Ltd.,1958-01-01,,,53.09238,-115.24178,04-34-047-09W5M
ABGP0001165,Active,Amoco Pembina (Sub #8),GP,Pembina Pembalta Stn 8,Obsidian Energy Ltd.,,80.0% - Obsidian Energy Ltd.; 15.0% - Bonterra Energy Corp.,,,,53.19793,-115.29048,05-05-049-09W5M
ABGP0001166,Abandoned,Atco Midstream 4-20,GP,Cranberry,Atco Energy Solutions Ltd.,,100.0% - Atco Energy Solutions Ltd.,,,,57.33902,-118.45755,04-20-096-03W6M
ABGP0001167,Active,Crestar Huxley,GP,Huxley South,Pine Cliff Energy Ltd.,,100.0% - Pine Cliff Energy Ltd.,1997-01-01,,,51.91662,-113.37392,06-17-034-24W4M
ABGP0001168,Active,Heathdale 7-9-30-11W4 Stanmore,GP,Stanmore,Canadian Natural Resources Limited,,75.0% - Canadian Natural Resources Limited; 20.0% - Pengrowth Energy Corporation,,,,51.55253,-111.49048,07-09-030-11W4M
ABGP0001169,Active,Dunvegan 15-3-81-4W6,GP,Dunvegan,Canadian Natural Resources Limited,,78.3% - Canadian Natural Resources Limited; 5.1% - Arc Resources Ltd.; 3.9% - Chair Resources Inc.; 1.0% - Signalta Resources Limited; 4.3% - Taqa North Ltd.; 0.9% - 119307 Alberta Corporation; 0.5% - 389592 Alberta Ltd.; 0.6% - Ardee Resources Ltd.; 0.7% - Cumulus Investments Ltd.; 1.6% - Prairie Birch Royalties Ltd.; 3.2% - W. F. Brown Exploration Ltd,1972-01-01,,,55.99805,-118.5323,15-03-081-04W6M
ABGP0001170,Abandoned,* Nal Resources Joffre,GP,Resources Joffre,Whitecap Resources Inc.,,100.0% - Del Canada Gp Ltd.,,,,52.35915,-113.7082,15-17-039-26W4M
ABGP0001171,Suspended,Michichi 4-8-31-18W4,GP,East Michichi,Canadian Natural Resources Limited,,74.9% - Canadian Natural Resources Limited; 1.2% - Encana Corporation; 9.8% - Signalta Resources Limited; 8.4% - Sonde Resources Corp.; 4.7% - Centrica Canada Limited; 1.1% - Celtic Exploration Ulc,1982-01-01,,,51.63617,-112.52959,04-08-031-18W4M
ABGP0001172,Active,Star Mikwan,GP,Arc Mikwan,Sun Century Petroleum Corporation,,18.6% - Cansearch Resources Ltd.; 5.4% - Signalta Resources Limited; 3.6% - Conocophillips Canada Resources Corp.; 1.5% - Advantage Energy Ltd.; 9.1% - Pengrowth Energy Corporation; 54.0% - Sun Century Petroleum Corporation,1971-01-01,,,52.16661,-113.25196,10-08-037-23W4M
ABGP0001173,Active,Keyera Ricinus Gas Plant 11-30,GP,Ricinus,Keyera Energy Ltd.,,70.8% - Keyera Energy Ltd.; 28.7% - Taqa North Ltd.; 0.5% - Cenovus Energy Inc.,1967-01-01,,,52.03712,-115.13507,11-30-035-08W5M
ABGP0001174,Active,Pancdn Countess,GP,Countess,Torxen Energy Ltd.,,100.0% - Torxen Energy Ltd.,1980-01-01,,,50.53749,-112.02929,10-20-018-15W4M
ABGP0001175,Active,Archer Bruce,GP,Bruce/West Holden,Sequoia Resources Corp.,,100.0% - Sequoia Resources Corp.,,,,53.01979,-112.18785,03-06-047-15W4M
ABGP0001176,Suspended,Bonavista Rockyford,GP,Rockyford,Ovintiv Canada Ulc,,100.0% - Lynx Energy Ulc,1975-01-01,,,51.23605,-113.08359,10-24-026-23W4M
ABGP0001177,Active,Pancdn Bassano,GP,Bassano Lathom,Torxen Energy Ltd.,,100.0% - Torxen Energy Ltd.,1978-01-01,,,50.8432,-112.46013,10-05-022-18W4M
ABGP0001178,Suspended,Stanmore 5-1-29-12W4,GP,Stanmore,Canadian Natural Resources Limited,,75.5% - Canadian Natural Resources Limited; 24.5% - Nal Resources Limited,1976-01-01,,,51.45076,-111.57245,05-01-029-12W4M
ABGP0001179,Abandoned,Strome 13-14-44-17W4,GP,Holmberg,Canadian Natural Resources Limited,,100.0% - Canadian Natural Resources Limited,,,,52.79797,-112.37151,13-14-044-17W4M
ABGP0001180,Suspended,Bonavista Oyen,GP,Oyen,Nuvista Energy Ltd.,,100.0% - Nuvista Energy Ltd.,,,,51.51619,-110.45338,16-26-029-04W4M
ABGP0001181,Active,Cdn Forest Penhold,GP,Penhold,Taqa North Ltd.,,100.0% - Taqa North Ltd.,1973-01-01,,,52.123,-113.8467,10-30-036-27W4M
ABGP0001182,Suspended,Hanna 08-25-031-14W4,GP,Hanna,Canadian Natural Resources Limited,,0.0% - Arc Resources Ltd.; 0.0% - Cansearch Resources Ltd.; 0.0% - Pengrowth Corporation; 0.0% - Great Plains Exploration Inc.; 0.0% - Signalta Resources Limited; 0.0% - Advantage Energy Ltd.; 63.0% - Canadian Natural Resources Limited,,,,51.68357,-111.85078,08-25-031-14W4M
ABGP0001183,Suspended,* Sceptre Matziwin,GP,Matziwin,Canadian Natural Resources Limited,,100.0% - Canadian Natural Resources Limited,1975-01-01,,,50.94141,-111.8802,06-10-023-14W4M
ABGP0001184,Active,Knopcik 9-10-74-11W6,GP,Knopcik,Canadian Natural Resources Limited,,43.0% - Canadian Natural Resources Limited; 20.0% - Taqa North Ltd.; 10.0% - Repsol Oil & Gas Canada Inc.; 3.0% - Obsidian Energy Ltd.,,,,55.39775,-119.59308,09-10-074-11W6M
ABGP0001185,Active,Marathon Battle Cr Twining,GP,Twining Line 54,Ember Resources Inc.,,25.0% - Bumper Development Corporation Ltd.; 75.0% - Ember Resources Inc.,1975-01-01,,,51.64337,-113.33256,12-10-031-24W4M
ABGP0001186,Suspended,Star Sylvan Lake,GP,Sylvan Lake,I3 Energy Canada Ltd.,,100.0% - I3 Energy Canada Ltd.,1970-01-01,,,52.28815,-114.12402,16-19-038-01W5M
ABGP0001187,Abandoned,Bonavista Sibbald,GP,Sibbald,Nuvista Energy Ltd.,,100.0% - Nuvista Energy Ltd.,,,,51.3598,-110.35358,04-03-028-03W4M
ABGP0001188,Suspended,* Norcen Corbett,GP,Norcen Corbett,Canadian Natural Resources Limited,,100.0% - Canadian Natural Resources Limited,,,,54.31031,-115.09841,13-26-061-08W5M
ABGP0001189,Suspended,Storm Sylvan Lake,GP,Sylvan Lake,Whitecap Resources Inc.,,100.0% - Whitecap Resources Inc.,1974-01-01,,,52.2154,-114.30807,13-25-037-03W5M
ABGP0001190,Suspended,* Talisman Pembina,GP,Pembina,Repsol Oil & Gas Canada Inc.,,100.0% - Repsol Oil & Gas Canada Inc.,,,,53.09232,-114.46171,04-36-047-04W5M
ABGP0001191,Active,Vista Midstream Turin,GP,Turin,Campus Energy Partners Operations Inc.,,26.7% - Graly Resources Ltd.; 72.3% - Campus Energy Partners Operations Inc.,1974-01-01,,,50.0133,-112.45846,12-19-012-18W4M
ABGP0001192,Active,Swan Hills,GP,House Mountain,Cardinal Energy Ltd.,,100.0% - Cardinal Energy Ltd.,1974-01-01,,,55.04142,-115.47913,01-08-070-10W5M
ABGP0001193,Suspended,Penn West Killam,GP,Hardisty,Cleo Energy Corp.,,100.0% - Cleo Energy Corp.,,,,52.6958,-111.19817,15-11-043-09W4M
ABGP0001194,Suspended,Penn West Sedgewick,GP,Sedgewick,Cleo Energy Corp.,,100.0% - Cleo Energy Corp.,,,,52.6106,-111.66919,02-16-042-12W4M
ABGP0001195,Abandoned,Lario Cessford,GP,Carolside,Husky Oil Operations Limited,,50.0% - Lario Oil & Gas Company; 50.0% - Husky Oil Operations Limited,,,,51.18893,-111.64169,07-05-026-12W4M
ABGP0001196,Suspended,Nul Fairydell-Bon Accord,GP,Fairydell Bon Accord,Atco Pipelines (North Tn8263923),,100.0% - Atco Gas And Pipelines Ltd.,1981-01-01,,,53.85993,-113.38152,15-20-056-23W4M
ABGP0001197,Suspended,Nce Petrofund Provost,GP,Grays Lake,Obsidian Energy Ltd.,,100.0% - Obsidian Energy Ltd.,1976-01-01,,,51.8255,-110.94687,04-16-033-07W4M
ABGP0001198,Abandoned,Merit Long Coulee,GP,Merit Long Coulee,Sanling Energy Ltd.,,100.0% - Sanling Energy Ltd.,,,,50.2865,-112.88254,06-30-015-21W4M
ABGP0001199,Suspended,* Norcen Whitecourt,GP,Norcen Whitecourt,Canadian Natural Resources Limited,,100.0% - Canadian Natural Resources Limited,,,,54.15418,-115.50467,01-01-060-11W5M
ABGP0001200,Suspended,* Amoco Braeburn,GP,Braeburn,Bp Canada Energy Group Ulc,,100.0% - Canadian Natural Resources Limited,,,,55.69219,-119.52917,16-19-077-10W6M
ABGP0001201,Active,Aec Mcleod,GP,Mcleod River,Notine Holdings Inc.,,100.0% - Notine Holdings Inc.,1980-01-01,,,53.7066,-115.97623,07-34-054-14W5M
ABGP0001202,Suspended,Kelt Boundary Lake South,GP,Neptune,Kelt Exploration Ltd.,,100.0% - Kelt Exploration Ltd.,,,,56.46277,-119.90889,15-13-086-13W6M
ABGP0001203,Suspended,Hackett 11-20-35-17W4,GP,Gough Lake,Canadian Natural Resources Limited,,100.0% - Canadian Natural Resources Limited,1975-01-01,,,52.02104,-112.40072,11-20-035-17W4M
ABGP0001204,Suspended,Altagas Killam,GP,Killam,Altagas Ltd.,,100.0% - Altagas Ltd.,,,,52.61062,-111.83128,01-17-042-13W4M
ABGP0001205,Suspended,* Landbank Alix,GP,Landbank Alix,Landbank Minerals Ltd,,100.0% - Landbank Minerals Ltd,,,,52.3705,-113.2826,11-20-039-23W4M
ABGP0001206,Suspended,Suncor Rosevear,GP,Suncor Rosevear,Bonavista Energy Corporation,,100.0% - Bonavista Energy Corporation,,,,53.71379,-116.14234,16-33-054-15W5M
ABGP0001207,Suspended,Beau Gilby,GP,Gilby,Murphy Oil Company Ltd.,,100.0% - Journey Energy Inc.,,,,52.45596,-114.23266,06-21-040-02W5M
ABGP0001209,Suspended,* Lochfayne Carstairs,GP,Lochfayne Carstairs,Two Forty Engineering Ltd.,,100.0% - Two Forty Engineering Ltd.,,,,51.56743,-114.15116,07-13-030-02W5M
ABGP0001210,Suspended,Devon Wimborne,GP,Wimborne North,Vantage Point Resources Inc.,,100.0% - Vantage Point Resources Inc.,,,,51.98117,-113.67433,16-05-035-26W4M
ABGP0001211,Active,Archer Killam,GP,Killam,Sequoia Resources Corp.,,98.0% - Sequoia Resources Corp.,,,,52.7215,-111.50038,12-23-043-11W4M
ABGP0001212,Suspended,* Lindstrom Samson,GP,Lindstrom Samson,Lindstrom Resources Limited,,100.0% - Lindstrom Resources Limited,,,,52.77969,-113.42949,11-09-044-24W4M
ABGP0001213,Suspended,Garden Plains 5-15-33-13 Gp,GP,Garden Plains,Baytex Energy Ltd.,,50.0% - Baytex Energy Ltd.; 50.0% - Canadian Natural Resources Limited,,,,51.82908,-111.77379,05-15-033-13W4M
ABGP0001214,Active,Poco Pembina,GP,Sunnybrook North,Petrus Resources Corp.,,100.0% - Petrus Resources Corp.,1976-01-01,,,53.16136,-114.20602,15-22-048-02W5M
ABGP0001215,Active,Manitok Carseland 16-21 Gas Plant,GP,Carseland,Persist Oil And Gas Inc.,,100.0% - Persist Oil And Gas Inc.,1982-01-01,,,50.89069,-113.40116,16-21-022-25W4M
ABGP0001216,Active,Conoco Majeau Lake,GP,Majeau Lake,Long Run Exploration Ltd.,,100.0% - Long Run Exploration Ltd.,,,,53.92843,-114.37731,09-16-057-03W5M
ABGP0001217,Suspended,Crestar Leaman,GP,Paddle River West,Cenovus Energy Inc.,,100.0% - Cenovus Energy Inc.,,,,53.82655,-115.55303,11-10-056-11W5M
ABGP0001218,Suspended,Coastal Sounding,GP,Sounding,Coastal Resources Limited,,65.0% - Coastal Resources Limited; 35.0% - Pengrowth Corporation,1986-01-01,,,51.59985,-111.23854,11-29-030-09W4M
ABGP0001219,Suspended,Apache Zama,GP,Zama A,Paramount Resources Ltd.,,100.0% - Paramount Resources Ltd.,1965-01-01,,,59.06493,-118.87887,13-12-116-06W6M
ABGP0001220,Active,Apache Nevis,GP,Nevis,Ember Resources Inc.,,100.0% - Ember Resources Inc.,,,,52.51573,-113.16851,12-07-041-22W4M
ABGP0001221,Active,Stettler 06-19-039-19W4 Gas Plant,GP,Leahurst,Baytex Energy Ltd.,,75.0% - Baytex Energy Ltd.; 25.0% - Ember Resources Inc.,1996-01-01,,,52.36677,-112.73067,06-19-039-19W4M
ABGP0001222,Active,Cutbank 7-16-62-8W6,GP,Cutbank,Pembina Gas Services Ltd.,,100.0% - Pembina Gas Services Ltd.,1982-01-01,,,54.36141,-119.1342,07-16-062-08W6M
ABGP0001223,Suspended,* Jaycor Hercules,GP,Jaycor Hercules,Jaycor Resources Inc.,,100.0% - Jaycor Resources Inc.,2007-01-01,,,53.44483,-113.3106,06-34-051-23W4M
ABGP0001224,Suspended,Crestar Med River,GP,Medicine River,Cenovus Energy Inc.,,100.0% - Cenovus Energy Inc.,1974-01-01,,,52.26633,-114.51635,06-16-038-04W5M
ABGP0001225,Active,Tri Seven Judy Creek,GP,Judy Creek,Crescent Point Energy Corp.,,55.0% - Second Wave Petroleum Inc.; 45.0% - Crescent Point Energy Corp.,,,,54.46315,-115.36558,08-24-063-10W5M
ABGP0001226,Active,Husky Davey Lake 13-35,GP,Davey Lake,Vantage Point Resources Inc.,,100.0% - Vantage Point Resources Inc.,1974-01-01,,,51.96344,-113.72821,11-35-034-27W4M
ABGP0001227,Abandoned,Opal Gilby,GP,Gilby,Whitecap Resources Inc.,,100.0% - Certus Oil And Gas Inc.,,,,52.51776,-114.10683,10-08-041-01W5M
ABGP0001228,Active,Husky Garrington 16-21,GP,Netook,Response Energy Corporation,,100.0% - Response Energy Corporation,,,,51.85138,-114.07574,16-21-033-01W5M
ABGP0001229,Suspended,Devon Marten Hills,GP,Marten Hills Plant 2,Sequoia Resources Corp.,,100.0% - Sequoia Resources Corp.,,,,55.44454,-113.81737,14-29-074-25W4M
ABGP0001230,Suspended,Enermark Bashaw,GP,Bashaw,Ember Resources Inc.,,100.0% - Ember Resources Inc.,1972-01-01,,,52.59905,-113.07875,08-10-042-22W4M
ABGP0001231,Active,Apache Garrington,GP,Garrington,Bonavista Energy Corporation,,25.7% - Petrofund Corp.; 10.0% - Viking Holdings Inc.; 2.5% - Addison Energy Inc.; 1.1% - Nal Resources Limited; 15.0% - Primewest Energy Inc.; 45.6% - Bonavista Energy Corporation,1976-01-01,,,51.89517,-114.40022,13-05-034-03W5M
ABGP0001232,Suspended,Apache Provost,GP,Choice,Karve Energy Inc.,,94.0% - Battle River Energy Ltd.,,,,52.44676,-111.27331,13-17-040-09W4M
ABGP0001233,Active,Twining N 6-31-32-24W4,GP,Twining North Dup Line 44,Pine Cliff Energy Ltd.,,100.0% - Pine Cliff Energy Ltd.,1972-01-01,,,51.78536,-113.39758,06-31-032-24W4M
ABGP0001234,Suspended,Bonavista Sedalia,GP,Sedalia,Bonavista Energy Corporation,,100.0% - Nuvista Energy Ltd.,,,,51.56351,-110.57053,01-13-030-05W4M
ABGP0001235,Suspended,* Enron Swalwell,GP,Enron Swalwell,Canadian Natural Resources Limited,,100.0% - Ember Resources Inc.,,,,51.53056,-113.27785,14-35-029-24W4M
ABGP0001236,Suspended,* Bumper Carbon,GP,Bumper Carbon,Bumper Development Corporation Ltd.,,100.0% - Lynx Energy Ulc,,,,51.45066,-113.16062,06-03-029-23W4M
ABGP0001237,Suspended,Samson Hudson,GP,Hudson,Nuvista Energy Ltd.,,100.0% - Nuvista Energy Ltd.,,,,51.60706,-110.28319,04-31-030-02W4M
ABGP0001238,Suspended,Talisman Hotchkiss,GP,Hotchkiss,Repsol Oil & Gas Canada Inc.,,100.0% - Repsol Oil & Gas Canada Inc.,,,,57.19366,-118.21169,04-35-094-02W6M
ABGP0001239,Abandoned,Sedalia 5-26-30-4W4,GP,Sedalia,Canadian Natural Resources Limited,,85.0% - Canadian Natural Resources Limited; 15.0% - Nuvista Energy,1978-01-01,,,51.59628,-110.47069,05-26-030-04W4M
ABGP0001240,Suspended,* Rife Ferintosh,GP,Ferintosh,Rife Resources Ltd.,,100.0% - Rife Resources Ltd.,,,,52.77602,-112.90978,08-12-044-21W4M
ABGP0001241,Suspended,* Norcen Lacombe,GP,Norcen Lacombe,Canadian Natural Resources Limited,,100.0% - Canadian Natural Resources Limited,,,,52.4686,-113.68437,07-28-040-26W4M
ABGP0001242,Active,Bei Chip Lake 10-29,GP,Chip Lake,West 5 Resources Inc.,,100.0% - West 5 Resources Inc.,,,,53.60848,-115.43573,10-29-053-10W5M
ABGP0001243,Suspended,Hotchkiss 2-35-94-2W6,GP,Hotchkiss North,Canadian Natural Resources Limited,,100.0% - Canadian Natural Resources Limited,1980-01-01,,,57.19365,-118.19853,02-35-094-02W6M
ABGP0001244,Abandoned,Thunder Holmberg,GP,Holmberg,Crimson Oil & Gas Ltd.,,100.0% - Crimson Oil & Gas Ltd.,1997-01-01,,,52.79428,-112.55883,11-16-044-18W4M
ABGP0001245,Suspended,Penn West Twining,GP,Three Hills-Verger,Ovintiv Canada Ulc,,100.0% - Ember Resources Inc.,,,,51.65805,-113.20868,11-16-031-23W4M
ABGP0001246,Suspended,Vermillion Gilby,GP,Gilby,Vermilion Energy Inc.,,100.0% - Vermilion Energy Inc.,,,,52.48497,-114.3046,06-36-040-03W5M
ABGP0001247,Suspended,Tom Brown Edson,GP,Tom Brown Edson,Ovintiv Canada Ulc,,100.0% - Ovintiv Canada Ulc,,,,53.583,-116.55971,16-15-053-18W5M
ABGP0001248,Suspended,Highland Morinville,GP,Riviere Qui Barre,Maga Energy Ltd.,,100.0% - Tidewater Midstream And Infrastructure Ltd.,1974-01-01,,,53.68161,-113.8212,10-19-054-26W4M
ABGP0001249,Active,Northstar Cyn-Pem,GP,Eta Lake,Vermilion Energy Inc.,,73.9% - Vermilion Energy Inc.; 15.2% - Direct Energy Marketing Limited; 9.3% - Obsidian Energy Ltd.; 1.2% - Arc Resources Ltd.; 0.2% - Olympus Resources Ltd.; 0.2% - Heather Oil Ltd.,,,,53.38654,-115.60774,07-07-051-11W5M
ABGP0001250,Suspended,* Amerada Garrington,GP,Amerada Garrington,177293 Canada Ltd.,,100.0% - 177293 Canada Ltd.,,,,51.9279,-114.38855,02-20-034-03W5M
ABGP0001251,Suspended,Cabre Marten Hills,GP,Fawcett River East,Sequoia Resources Corp.,,100.0% - Sequoia Resources Corp.,,,,55.42632,-113.50968,11-20-074-23W4M
ABGP0001252,Active,Norcen Provost,GP,Bodo,Goodland Energy Ltd.,,100.0% - Goodland Energy Ltd.,1973-01-01,,,52.22844,-110.26991,16-31-037-02W4M
ABGP0001253,Suspended,Pnrc Provost,GP,Pnrc Provost,Taqa North Ltd.,,100.0% - Taqa North Ltd.,,,,52.46859,-111.36921,05-27-040-10W4M
ABGP0001254,Suspended,Petro-Can Ricinus,GP,Bearberry,Taqa North Ltd.,,100.0% - Taqa North Ltd.,1991-01-01,,,51.87309,-114.99057,05-31-033-07W5M
ABGP0001256,Active,Pancdn Alderson,GP,Alderson West,Torxen Energy Ltd.,,100.0% - Torxen Energy Ltd.,1976-01-01,,,50.29005,-112.00649,10-28-015-15W4M
ABGP0001257,Suspended,Aec Enchant (Cancelled),GP,Aec Enchant,Torxen Energy Ltd.,,100.0% - Torxen Energy Ltd.,,,,50.30453,-112.09803,10-35-015-16W4M
ABGP0001259,Abandoned,* Universal Provost,GP,Universal Provost,Primewest Energy Inc.,,100.0% - Taqa North Ltd.,,,,51.81447,-111.13006,06-07-033-08W4M
ABGP0001260,Suspended,Westlock 13-24-60-26W4,GP,Westlock East,Canadian Natural Resources Limited,,100.0% - Canadian Natural Resources Limited,1976-01-01,,,54.20842,-113.77224,13-24-060-26W4M
ABGP0001261,Active,Enermark Wildmere,GP,Gilt Edge,Enerplus Corporation,,100.0% - Enerplus Corporation,,,,53.06505,-110.61137,05-24-047-05W4M
ABGP0001262,Suspended,* Amoco Wintering Hills,GP,Amoco Wintering Hills,Bp Canada Energy Group Ulc,,100.0% - Bp Canada Energy Group Ulc,,,,50.98513,-112.11259,06-25-023-16W4M
ABGP0001263,Suspended,Devon Ferrybank,GP,Ferrybank,Canadian Natural Resources Limited,,100.0% - Canadian Natural Resources Limited,,,,52.83065,-113.91286,03-31-044-27W4M
ABGP0001264,Suspended,* Gulf Bashaw,GP,Gulf Bashaw,Gulf Canada Limited,,100.0% - Gulf Canada Limited,,,,52.58829,-113.15676,10-06-042-22W4M
ABGP0001265,Abandoned,Rio Alto Peco,GP,Rio Alto Peco,Canadian Natural Resources Limited,,100.0% - Canadian Natural Resources Limited,,,,53.17243,-116.25946,11-27-048-16W5M
ABGP0001266,Suspended,Ante Creek 4-13-65-24W5,GP,Ante Creek,Canadian Natural Resources Limited,,100.0% - Canadian Natural Resources Limited,,,,54.61983,-117.50191,04-13-065-24W5M
ABGP0001267,Active,Crestar Niton,GP,Niton,Cenovus Energy Inc.,,61.4% - Cenovus Energy Inc.; 8.2% - Arc Resources Ltd.; 0.6% - Harvard International Resources Ltd.; 7.9% - Lario Oil & Gas Company; 12.7% - Penn West Petroleum; 0.4% - Vision 2000 Exploration Ltd.; 1.1% - Bonavista Oil & Gas,1977-01-01,,,53.67021,-115.7616,14-18-054-12W5M
ABGP0001268,Active,Rosevear 16-11 Gas Plant,GP,South Rosevear,Bonavista Energy Corporation,,60.0% - Bonavista Energy Corporation; 15.0% - Sequoia Resources Corp.; 3.0% - Lexin Resources Ltd.; 22.0% - Canadian Natural Resources Limited,1979-01-01,,,53.65565,-116.09313,16-11-054-15W5M
ABGP0001269,Suspended,Sun Century Bittern Lake,GP,Bittern Lake,Sun Century Petroleum Corporation,,100.0% - Sun Century Petroleum Corporation,1990-01-01,,,52.99804,-112.97011,11-27-046-21W4M
ABGP0001270,Suspended,Talisman Blueberry,GP,Blueberry,Repsol Oil & Gas Canada Inc.,,100.0% - Spartan Delta Corp.,,,,56.11082,-119.03493,11-16-082-07W6M
ABGP0001271,Suspended,Crestar Provost,GP,Crestar Provost,Conocophillips Canada Energy Partnership,,100.0% - Battle River Energy Ltd.,,,,52.33036,-111.12946,13-05-039-08W4M
ABGP0001272,Active,Pengrowth  Draig Hanna,GP,Hanna,Alphabow Energy Ltd.,,100.0% - Alphabow Energy Ltd.,1977-01-01,,,51.62537,-111.86242,06-01-031-14W4M
ABGP0001273,Suspended,D Energy Bashaw 11-24-41-21W4,GP,Buffalo Lake,Ember Resources Inc.,,89.0% - Ember Resources Inc.,1977-01-01,,,52.54537,-112.89882,11-24-041-21W4M
ABGP0001274,Abandoned,Berry 4-30-27-11W4,GP,Sceptre Berry,Canadian Natural Resources Limited,,100.0% - Canadian Natural Resources Limited,,,,51.33065,-111.54901,04-30-027-11W4M
ABGP0001275,Suspended,* Encal Killam,GP,Encal Killam,Taqa North Ltd.,,100.0% - Taqa North Ltd.,,,,52.64701,-111.78915,10-27-042-13W4M
ABGP0001276,Abandoned,Meyer 15-29-70-24W4,GP,Meyer Lake North,Canadian Natural Resources Limited,,100.0% - Canadian Natural Resources Limited,1977-01-01,,,55.09492,-113.62508,15-29-070-24W4M
ABGP0001277,Active,Compton Halkirk,GP,Halkirk,Marlboro Energy Ltd.,,100.0% - Marlboro Energy Ltd.,,,,52.30497,-112.2044,02-34-038-16W4M
ABGP0001278,Suspended,Joffre 14-36-38-27W4,GP,Joffre,Canadian Natural Resources Limited,,100.0% - Canadian Natural Resources Limited,1977-01-01,,,52.31573,-113.73347,14-36-038-27W4M
ABGP0001279,Suspended,Archean Kaybob South,GP,Kaybob South,Sinopec Daylight Energy Ltd.,,100.0% - Sinopec Daylight Energy Ltd.,,,,54.2922,-116.91077,10-22-061-20W5M
ABGP0001280,Active,Bellshill-03-28-041-12 W4M,GP,Bellshill Lake,Harvest Operations Corp.,,100.0% - Harvest Operations Corp.,1950-01-01,,,52.55234,-111.67519,03-28-041-12W4M
ABGP0001281,Active,Killam 04-05-044-09W4,GP,Hawkins,Canadian Natural Resources Limited,,49.0% - Long Run Exploration Ltd.; 51.0% - Canadian Natural Resources Limited,1972-01-01,,,52.75795,-111.2827,04-05-044-09W4M
ABGP0001282,Abandoned,Apache Red Willow,GP,Red Willow,Karve Energy Inc.,,100.0% - Karve Energy Inc.,,,,52.34478,-112.20311,14-11-039-16W4M
ABGP0001283,Reclamation Certified,* Wascana Leduc-Woodbend,GP,Wascana Leduc Woodbend,Cnooc Petroleum North America Ulc,,100.0% - Cnooc Petroleum North America Ulc,,,,53.24143,-113.6316,05-20-049-25W4M
ABGP0001284,Abandoned,* Vintage Provost,GP,Vintage Provost,Obsidian Energy Ltd.,,100.0% - Obsidian Energy Ltd.,,,,52.14487,-111.75189,02-02-037-13W4M
ABGP0001285,Active,Apache Provost,GP,Castor East,Karve Energy Inc.,,100.0% - Karve Energy Inc.,,,,52.23582,-111.78747,05-03-038-13W4M
ABGP0001286,Reclamation Certified,* Talisman Hotchkiss,GP,Hotchkiss,Repsol Oil & Gas Canada Inc.,,100.0% - Repsol Oil & Gas Canada Inc.,,,,57.11003,-118.14486,07-31-093-01W6M
ABGP0001287,Abandoned,Steele 10-19-66-24W4,GP,Steele,Sinopec Daylight Energy Ltd.,,100.0% - Canadian Natural Resources Limited,,,,54.7272,-113.61964,10-19-066-24W4M
ABGP0001288,Suspended,* Phillips Pouce Coupe,GP,Phillips Pouce Coupe,Phillips Petroleum Company Western Hemisphere,,100.0% - Phillips Petroleum Company Western Hemisphere,,,,55.91796,-119.83718,07-08-080-12W6M
ABGP0001289,Suspended,Nce Ferrier,GP,Ferrier,Obsidian Energy Ltd.,,100.0% - Orlen Upstream Canada Ltd.,,,,52.36857,-115.1677,06-24-039-09W5M
ABGP0001290,Active,Conoco Hotchkiss,GP,Lovett Creek 1,Direct Oil & Gas Inc.,,100.0% - Direct Oil & Gas Inc.,1993-01-01,,,57.15374,-118.33272,07-13-094-03W6M
ABGP0001291,Suspended,* Canterra Oyen,GP,Canterra Oyen,Canterra Energy Ltd.,,100.0% - Canterra Energy Ltd.,,,,51.48346,-110.5352,11-17-029-04W4M
ABGP0001292,Active,Wapiti 16-36-067-09W6,GP,South Wapiti,Canadian Natural Resources Limited,,0.2% - Chair Resources Inc.; 0.3% - Superman Resources Inc.; 1.4% - Husky Oil Operations Limited; 3.7% - Nuvista Energy; 4.8% - Omers Energy Inc.; 0.0% - Dorchester Energy Inc.; 24.8% - Conocophillips Canada (Brc) Partnership; 1.4% - Reserve Royalty; 0.4% - Shanghai Energy Corporation; 62.9% - Canadian Natural Resources Limited,1982-01-01,,,54.84871,-119.22427,16-36-067-09W6M
ABGP0001293,Active,Big Bend 13-36-66-27W4,GP,Big Bend,Canadian Natural Resources Limited,,100.0% - Canadian Natural Resources Limited,1978-01-01,,,54.76011,-113.95977,13-36-066-27W4M
ABGP0001294,Suspended,* New Jordan Red Willow,GP,New Jordan Red Willow,Primewest Energy Inc.,,100.0% - Primewest Energy Inc.,,,,52.45397,-112.27507,06-20-040-16W4M
ABGP0001295,Active,Apache Leahurst,GP,Leahurst,Avila Exploration & Development Canada Ltd.,,100.0% - Avila Exploration & Development Canada Ltd.,,,,52.44665,-112.58102,15-18-040-18W4M
ABGP0001296,Active,Teepee Creek 07-02-074-04W6,GP,Teepee Creek,Canadian Natural Resources Limited,,94.5% - Canadian Natural Resources Limited,1977-01-01,,,55.37972,-118.49694,07-02-074-04W6M
ABGP0001297,Abandoned,Penn West Amisk,GP,Amisk,Cleo Energy Corp.,,100.0% - Cleo Energy Corp.,,,,52.53765,-111.0637,01-22-041-08W4M
ABGP0001298,Active,Apache Provost,GP,Provost East,Karve Energy Inc.,,100.0% - Karve Energy Inc.,1977-01-01,,,52.20311,-110.28167,03-30-037-02W4M
ABGP0001299,Active,Baytex Twining,GP,Twining North,Barnwell Of Canada; Limited,,100.0% - Barnwell Of Canada  Limited,1977-01-01,,,51.79641,-113.45064,04-02-033-25W4M
ABGP0001300,Abandoned,Gulf Sunnynook,GP,Sunnynook,Gulf Canada Limited,,100.0% - Alphabow Energy Ltd.,,,,51.25071,-111.43229,10-26-026-11W4M
ABGP0001301,Suspended,Danoil Judy Creek,GP,Judy Creek,Razor Energy Corp.,,100.0% - Razor Energy Corp.,,,,54.4596,-115.59236,01-21-063-11W5M
ABGP0001303,Suspended,* Solex Haro,GP,Solex Haro,625894 Alberta Inc.,,100.0% - Sanling Energy Ltd.,,,,58.23313,-118.78421,10-29-106-05W6M
ABGP0001304,Suspended,* Solex Haro,GP,Solex Haro,625894 Alberta Inc.,,100.0% - Obsidian Energy Ltd.,,,,58.07313,-118.76341,11-33-104-05W6M
ABGP0001305,Suspended,Genesis Baptiste,GP,Island Lake,Sinopec Daylight Energy Ltd.,,100.0% - Sinopec Daylight Energy Ltd.,1977-01-01,,,54.88401,-113.49181,08-18-068-23W4M
ABGP0001306,Abandoned,Big Bend 5-14-67-2W5,GP,Tieland,Canadian Natural Resources Limited,,100.0% - Canadian Natural Resources Limited,,,,54.79791,-114.20206,05-14-067-02W5M
ABGP0001307,Suspended,Altagas Ferrybank,GP,Ferrybank,Altagas Ltd.,,100.0% - Altagas Ltd.,,,,52.8706,-113.81613,14-11-045-27W4M
ABGP0001308,Suspended,Gulf Wildunn,GP,Richdale,Conocophillips Canada Resources Corp.,,96.0% - Canadian Natural Resources Limited,,,,51.55253,-111.63117,07-09-030-12W4M
ABGP0001309,Abandoned,Devon Tangent,GP,Tangent,Canadian Natural Resources Limited,,100.0% - Canadian Natural Resources Limited,,,,55.95419,-117.71089,16-20-080-24W5M
ABGP0001310,Abandoned,Marathon Cessford,GP,Marathon Cessford,Husky Oil Operations Limited,,100.0% - Canadian Natural Resources Limited,,,,51.20698,-111.9964,11-11-026-15W4M
ABGP0001311,Suspended,Connorsville 9-32-25-15W4,GP,Connorsville,Canadian Natural Resources Limited,,100.0% - Canadian Natural Resources Limited,1977-01-01,,,51.17783,-112.05466,09-32-025-15W4M
ABGP0001312,Suspended,Samson Rainbow,GP,Basset Lake,Sanling Energy Ltd.,,100.0% - Sanling Energy Ltd.,1979-01-01,,,58.36709,-118.98728,15-07-108-06W6M
ABGP0001313,Suspended,* Pennzoil Sturgeon Lake,GP,Pennzoil Sturgeon Lake,Conocophillips Canada Resources Corp.,,100.0% - Serinus Energy Inc.,,,,55.05213,-117.46839,15-08-070-23W5M
ABGP0001314,Abandoned,Celsius Hanna,GP,Celsius Hanna,Enerplus Corporation,,100.0% - Canadian Natural Resources Limited,,,,51.69442,-111.8566,02-36-031-14W4M
ABGP0001315,Active,Vermillion Mikwan,GP,Mikwan,Vermilion Energy Inc.,,65.7% - Vermilion Energy Inc.; 13.2% - Canetic Abc Acquisitionco Ltd.; 11.3% - Penn West Ptf Energy Ltd.; 5.1% - Regent Resources Ltd.,,,,52.18125,-113.07947,09-16-037-22W4M
ABGP0001316,Active,Talisman George,GP,George,Spartan Delta Corp.,,100.0% - Spartan Delta Corp.,1978-01-01,,,56.0961,-118.76076,09-07-082-05W6M
ABGP0001317,Suspended,Opal Clive,GP,Clive Refrigeration,Ember Resources Inc.,,100.0% - Ember Resources Inc.,1988-01-01,,,52.45405,-113.33038,06-24-040-24W4M
ABGP0001318,Suspended,* Imperial Provost,GP,Provost,Imperial Oil Resources Limited,,100.0% - Imperial Oil Resources Limited,,,,52.23219,-111.78748,04-03-038-13W4M
ABGP0001319,Suspended,D Energy Abee 1-32-61-22W4,GP,Abee,Canlin Resources Partnership,,,1976-01-01,,,54.31408,-113.25368,01-32-061-22W4M
ABGP0001320,Suspended,Ranger Hussar,GP,Crawling Valley,Torxen Energy Ltd.,,78.0% - Torxen Energy Ltd.; 22.0% - Canadian Natural Resources Limited,,,,50.99965,-112.46135,06-33-023-18W4M
ABGP0001321,Abandoned,* Imperial Pembina (Knobhill),GP,Pembina,Imperial Oil Resources Limited,,100.0% - Imperial Oil Resources Limited,,,,52.97625,-114.18614,03-23-046-02W5M
ABGP0001322,Suspended,Josephine 9-1-83-10W6,GP,Josephine,Canadian Natural Resources Limited,,62.0% - Canadian Natural Resources Limited; 38.4% - Spyglass Resources Corp.,1973-01-01,,,56.16918,-119.42774,09-01-083-10W6M
ABGP0001323,Suspended,Husky Steele 14-34,GP,Steele Lake,Husky Oil Operations Limited,,100.0% - Sequoia Resources Corp.,,,,54.67324,-113.55065,14-34-065-24W4M
ABGP0001324,Suspended,* Talisman Sundance,GP,Sundance,Repsol Oil & Gas Canada Inc.,,100.0% - Repsol Oil & Gas Canada Inc.,,,,53.69209,-116.9646,06-25-054-21W5M
ABGP0001325,Suspended,* Archer Inland,GP,Archer Inland,1333002 Alberta Ltd.,,100.0% - 1333002 Alberta Ltd.,,,,53.42693,-112.08764,04-25-051-15W4M
ABGP0001326,Active,Semcams Ulc West Fox Creek 11-22,GP,Fox Creek West,Energy Transfer Canada Ulc,,75.6% - Energy Transfer Canada Ulc; 13.9% - Taqa North Ltd.; 10.4% - Talisman Energy Inc.; 0.1% - Paramount Resources (Acl) Ltd.,1979-01-01,,,54.20495,-116.76697,11-22-060-19W5M
ABGP0001327,Suspended,Glencoe Chigwell,GP,Chigwell,Glencoe Resources Ltd.,,100.0% - Glencoe Resources Ltd.,1986-01-01,,,52.54125,-113.52829,05-22-041-25W4M
ABGP0001328,Suspended,Crestar Niton West,GP,Niton West,Cenovus Energy Inc.,,100.0% - Cenovus Energy Inc.,,,,53.75388,-115.86891,10-16-055-13W5M
ABGP0001329,Suspended,* Pancdn Entice,GP,Entice Phase 1,Ovintiv Canada Ulc,,100.0% - Ember Resources Inc.,,,,51.38143,-113.2252,10-07-028-23W4M
ABGP0001330,Abandoned,Baptiste Lake 5-28-67-22W4,GP,Baptiste,Canadian Natural Resources Limited,,100.0% - Canadian Natural Resources Limited,,,,54.8258,-113.30723,05-28-067-22W4M
ABGP0001331,Suspended,Altagas Acadia,GP,Acadia Valley,Altagas Ltd.,,100.0% - Altagas Ltd.,1979-01-01,,,51.21041,-110.16472,13-12-026-02W4M
ABGP0001332,Suspended,Gulf Dobson,GP,Dobson,Conocophillips Canada Resources Corp.,,100.0% - Canadian Natural Resources Limited,,,,51.49435,-111.20345,08-21-029-09W4M
ABGP0001333,Suspended,Penn West Joffre,GP,Joffre,Desoto Resources Limited,,100.0% - Desoto Resources Limited,,,,52.2576,-113.43644,16-12-038-25W4M
ABGP0001334,Suspended,Penn West Provost,GP,Monitor,Karve Energy Inc.,,100.0% - Karve Energy Inc.,1970-01-01,,,51.97043,-110.63299,02-03-035-05W4M
ABGP0001335,Active,Devon Clover 9-34 Plant #1,GP,Devon Clover Plant 1,Paramount Resources Ltd.,,22.2% - Outlier Resources Ltd.; 45.3% - Canadian Natural Resources Limited; 12.2% - Adeco Exploration Company Ltd.; 9.9% - Sinopec Daylight Energy Ltd.; 10.4% - Paramount Resources Ltd.,,,,54.23406,-116.60467,09-34-060-18W5M
ABGP0001336,Suspended,Tarragon Ghost Pine,GP,Ghost Pine,Canadian Natural Resources Limited,,100.0% - Canadian Natural Resources Limited,,,,51.71635,-113.20281,10-04-032-23W4M
ABGP0001337,Suspended,Crestar Goodwin,GP,Crestar Goodwin,Cenovus Energy Inc.,,100.0% - Cenovus Energy Inc.,,,,54.14679,-115.81082,10-36-059-13W5M
ABGP0001338,Suspended,Enermark Valhalla,GP,Valhalla,Enerplus Corporation,,29.0% - Longshore Resources Ltd.,1983-01-01,,,55.49961,-119.50961,10-17-075-10W6M
ABGP0001339,Active,Gulf Berry,GP,Berry,Fairwest Energy Corporation,,100.0% - Fairwest Energy Corporation,1975-01-01,,,51.31961,-111.68377,06-19-027-12W4M
ABGP0001340,Active,Stellarton Edson,GP,Edson,Long Run Exploration Ltd.,,100.0% - Long Run Exploration Ltd.,1981-01-01,,,53.65945,-116.65787,01-13-054-19W5M
ABGP0001341,Abandoned,* Amoco Kaybob South,GP,Kaybob South,Bp Canada Energy Group Ulc,,100.0% - Paramount Resources Ltd.,,,,54.32877,-117.07955,01-04-062-21W5M
ABGP0001343,Active,Goodfare 04-19-072-11W6 Gas Plant,GP,Goodfare,Tidewater Midstream And Infrastructure Ltd.,,76.1% - Cenovus Energy Inc.; 4.8% - Shield Energy Ltd.; 19.1% - Tidewater Midstream And Infrastructure Ltd.,1979-01-01,,,55.2451,-119.68898,04-19-072-11W6M
ABGP0001344,Active,Ember Entice 01-24-028-24W4,GP,Entice Phase 2,Ember Resources Inc.,,100.0% - Ember Resources Inc.,,,,51.4033,-113.24283,01-24-028-24W4M
ABGP0001345,Suspended,Rich 1-19-35-21W4,GP,Rich,Canadian Natural Resources Limited,,100.0% - Canadian Natural Resources Limited,,,,52.01383,-112.98437,01-19-035-21W4M
ABGP0001346,Suspended,Ante Creek 10-18-65-23W5,GP,Ante Creek,Canadian Natural Resources Limited,,100.0% - Canadian Natural Resources Limited,,,,54.62699,-117.46434,10-18-065-23W5M
ABGP0001347,Abandoned,* Chauvco Provost,GP,Chauvco Provost,Taqa North Ltd.,,100.0% - Taqa North Ltd.,,,,52.35576,-110.90771,11-14-039-07W4M
ABGP0001348,Suspended,Cdn Conquest Rich,GP,Cdn Conquest Rich,Primewest Energy Inc.,,100.0% - 2234873 Alberta Ltd.,,,,52.02442,-112.91315,16-22-035-21W4M
ABGP0001350,Active,Elmworth  4-8-70-11W6,GP,Elmworth Shallow Cut,Cenovus Energy Inc.,,100.0% - Cenovus Energy Inc.,1979-01-01,,,55.0415,-119.63099,01-08-070-11W6M
ABGP0001351,Active,Elmworth 4-8-69-8W6,GP,Wapiti,Canadian Natural Resources Limited,,25.5% - Conocophillips Canada Limited; 0.7% - Husky Oil Operations Limited; 2.2% - Nuvista Energy; 2.2% - Omers Energy Inc.; 0.2% - Superman Resources Inc.; 1.2% - Progress Exploration Ltd.; 0.9% - Distinction Energy Corp.; 0.5% - Chair Resources Inc.; 63.4% - Canadian Natural Resources Limited; 0.1% - Dorchester Energy Inc.; 3.1% - Reserve Royalty,1985-01-01,,,54.95425,-119.19223,04-08-069-08W6M
ABGP0001352,Suspended,Big Bend 2-7-67-26W4,GP,Big Bend,Canadian Natural Resources Limited,,100.0% - Canadian Natural Resources Limited,,,,54.77845,-113.95555,02-07-067-26W4M
ABGP0001353,Active,Imperial Ferrier,GP,Everdell,Whitecap Resources Inc.,,100.0% - Whitecap Resources Inc.,,,,52.28812,-114.9687,14-20-038-07W5M
ABGP0001354,Suspended,Mirage 10-2-79-8W6,GP,Mirage,Canadian Natural Resources Limited,,100.0% - Canadian Natural Resources Limited,,,,55.81983,-119.13263,10-02-079-08W6M
ABGP0001355,Suspended,Devon Eaglesham,GP,Eaglesham West,Canadian Natural Resources Limited,,100.0% - Canadian Natural Resources Limited,,,,55.67053,-117.9033,05-13-077-26W5M
ABGP0001356,Suspended,Apache Provost,GP,Provost,Karve Energy Inc.,,100.0% - Karve Energy Inc.,,,,52.45761,-111.23745,10-21-040-09W4M
ABGP0001357,Suspended,Keyera Bigoray Plant 10-07-051-09W5,GP,Bigoray,Keyera Energy Ltd.,,100.0% - Keyera Energy Ltd.,,,,53.39017,-115.31296,10-07-051-09W5M
ABGP0001358,Suspended,Tarragon Wintering Hills,GP,Wintering Hills,Canadian Natural Resources Limited,,100.0% - Canadian Natural Resources Limited,,,,51.03598,-112.21745,16-07-024-16W4M
ABGP0001359,Suspended,Cyn-Pem 9-16-51-11W5,GP,Cyn-Pem,Canadian Natural Resources Limited,,100.0% - Vermilion Energy Inc.,,,,53.40482,-115.5525,09-16-051-11W5M
ABGP0001360,Active,Petro-Can Hanlan,GP,Hanlan Robb,Canlin Resources Partnership,,,1983-01-01,,,53.2051,-116.81395,15-02-049-20W5M
ABGP0001361,Suspended,Enermark Kaybob,GP,Kaybob,Enerplus Corporation,,85.0% - Enerplus Corporation,1990-01-01,,,54.49611,-116.73896,11-36-063-19W5M
ABGP0001362,Suspended,* Pancdn Verger,GP,Pancdn Verger,Cenovus Energy Inc.,,100.0% - Cenovus Energy Inc.,,,,50.89782,-112.11386,07-26-022-16W4M
ABGP0001363,Suspended,Duhamel 3-32-45-21W5,GP,Duhamel,Canadian Natural Resources Limited,,100.0% - Canadian Natural Resources Limited,,,,52.91796,-113.01851,03-32-045-21W4M
ABGP0001364,Suspended,Talisman Shane,GP,Shane,Hanna Oil & Gas Company - Canada Ulc,,83.3% - Hanna Oil & Gas Company - Canada Ulc; 2.6% - Signalta Resources Limited; 14.1% - Manitok Energy Inc.,,,,55.7577,-118.29484,07-18-078-02W6M
ABGP0001365,Suspended,Signalta Forestburg,GP,Forestburg,Signalta Resources Limited,,100.0% - Signalta Resources Limited,1984-01-01,,,52.62149,-112.20891,13-14-042-16W4M
ABGP0001366,Suspended,* Crestar Provost,GP,Crestar Provost,Conocophillips Canada Energy Partnership,,100.0% - Conocophillips Canada Energy Partnership,,,,51.82173,-111.08862,13-09-033-08W4M
ABGP0001367,Suspended,* Pancdn Morley,GP,Pancdn Morley,Ovintiv Canada Ulc,,100.0% - Ovintiv Canada Ulc,,,,51.19249,-114.86494,09-02-026-07W5M
ABGP0001368,Active,Argonauts Thorsby,GP,Thorsby,Petrus Resources Corp.,,100.0% - Petrus Resources Corp.,1982-01-01,,,53.19787,-114.09619,05-04-049-01W5M
ABGP0001369,Abandoned,Joarcam 7-14-50-22W4,GP,Joarcam,Canadian Natural Resources Limited,,100.0% - Canadian Natural Resources Limited,,,,53.31414,-113.10809,07-14-050-22W4M
ABGP0001370,Active,Keyera Braz North Plt 16-35-48-12W5,GP,North Brazeau,Keyera Energy Ltd.,,100.0% - Keyera Energy Ltd.,,,,53.19052,-115.63812,16-35-048-12W5M
ABGP0001371,Suspended,* Norcen Giroux Lake,GP,Norcen Giroux Lake,Canadian Natural Resources Limited,,100.0% - Canadian Natural Resources Limited,,,,54.69975,-117.21169,10-11-066-22W5M
ABGP0001372,Suspended,* Petro-Can Brazeau River,GP,Brazeau River,Tidewater Midstream And Infrastructure Ltd.,,100.0% - Tidewater Midstream And Infrastructure Ltd.,,,,53.17965,-115.7536,04-31-048-12W5M
ABGP0001373,Abandoned,Ascot Watelet,GP,Ascot Watelet,Obsidian Energy Ltd.,,,,,,53.05241,-113.69257,07-14-047-26W4M
ABGP0001374,Suspended,Amoco Caroline N,GP,Caroline North,Bonavista Energy Corporation,,100.0% - Bonavista Energy Corporation,,,,51.98623,-114.74246,01-11-035-06W5M
ABGP0001375,Suspended,* Amoco Brazeau River,GP,Brazeau River,Bp Canada Energy Group Ulc,,100.0% - Bp Canada Energy Group Ulc,,,,53.0198,-115.75364,04-06-047-12W5M
ABGP0001376,Suspended,Altagas Alder Flats,GP,Pembina,Tidewater Midstream And Infrastructure Ltd.,,100.0% - Tidewater Midstream And Infrastructure Ltd.,,,,52.91075,-115.1712,10-25-045-09W5M
ABGP0001377,Active,Gulf Med River,GP,Medicine River,Cenovus Energy Inc.,,100.0% - Cenovus Energy Inc.,1979-01-01,,,52.3577,-114.32244,10-14-039-03W5M
ABGP0001378,Suspended,* Imperial Provost,GP,Provost,Imperial Oil Resources Limited,,100.0% - Imperial Oil Resources Limited,,,,52.45393,-111.40536,07-20-040-10W4M
ABGP0001379,Active,Ferrier 1-34-40-9W5,GP,Ferrier,Canadian Natural Resources Limited,,100.0% - Canadian Natural Resources Limited,1980-01-01,,,52.48135,-115.20392,01-34-040-09W5M
ABGP0001380,Active,Chinchaga 1-24-96-5W6,GP,Cranberry,Canadian Natural Resources Limited,,100.0% - Canadian Natural Resources Limited,,,,57.339,-118.6543,01-24-096-05W6M
ABGP0001381,Active,Highvale Gas Plant 10-04,GP,Highvale,New Star Energy Ltd.,,100.0% - New Star Energy Ltd.,1980-01-01,,,53.376,-114.52716,10-04-051-04W5M
ABGP0001382,Suspended,Compton Bigoray Gas Plant,GP,Compton Bigoray,Lexin Resources Ltd.,,100.0% - Tallgrass Energy Corp.,,,,53.39022,-115.28229,09-08-051-09W5M
ABGP0001383,Active,Vallhala 1-29-75-9W6,GP,Valhalla,Canadian Natural Resources Limited,,5.5% - Encana Corporation; 0.5% - Doag Energy Ltd.; 32.8% - Trilogy Resources Ltd.; 0.3% - Kelt Exploration Ltd.; 0.6% - Longshore Resources Ltd.; 37.2% - Canadian Natural Resources Limited; 9.6% - Whitecap Resources Inc.; 0.7% - Surge Energy Inc.; 12.8% - Husky Oil Operations Limited,,,,55.52145,-119.34814,01-29-075-09W6M
ABGP0001384,Suspended,* Cdn Sup Killam,GP,Cdn Sup Killam,Exxonmobil Resources Ltd.,,100.0% - Exxonmobil Resources Ltd.,,,,52.7907,-111.77274,08-14-044-13W4M
ABGP0001385,Suspended,Viridian Campbell-Namao,GP,Viridian Campbell Namao,Agrium Inc.,,100.0% - Agrium Inc.,,,,53.65601,-113.56257,13-12-054-25W4M
ABGP0001386,Active,Amoco Willesden Green,GP,Crimson Lake,Obsidian Energy Ltd.,,100.0% - Obsidian Energy Ltd.,1980-01-01,,,52.6523,-115.07786,13-27-042-08W5M
ABGP0001387,Active,Seiu Lake 14-12-26-19W4,GP,Sieu Lake,Canadian Natural Resources Limited,,100.0% - Canadian Natural Resources Limited,,,,51.21063,-112.53117,14-12-026-19W4M
ABGP0001389,Suspended,* Ranger Leahurst,GP,Ranger Leahurst,Canadian Natural Resources Limited,,100.0% - Ember Resources Inc.,,,,52.35227,-112.68275,06-16-039-19W4M
ABGP0001390,Abandoned,Esther 6-9-31-1W4,GP,Esther,Canadian Natural Resources Limited,,100.0% - Canadian Natural Resources Limited,,,,51.63988,-110.0906,06-09-031-01W4M
ABGP0001391,Abandoned,Atco Midstream Pembina Cranberry,GP,Slave Point,Atco Energy Solutions Ltd.,,100.0% - Atco Energy Solutions Ltd.,,,,57.33902,-118.45755,04-20-096-03W6M
ABGP0001392,Active,Conoco Peco,GP,Peco,Cenovus Energy Inc.,,100.0% - Cenovus Energy Inc.,,,,53.20152,-116.21667,12-01-049-16W5M
ABGP0001393,Suspended,* Poco Redwater,GP,Poco Redwater,Conocophillips Canada Resources Corp.,,100.0% - Conocophillips Canada Resources Corp.,,,,53.7508,-112.72465,05-14-055-19W4M
ABGP0001394,Active,D Energy Carrot Creek 10-16-53-13W5,GP,Carrot Creek,Vermilion Energy Inc.,,100.0% - Vermilion Energy Inc.,,,,53.57939,-115.85348,10-16-053-13W5M
ABGP0001396,Suspended,Border Midstream Gladys,GP,Gladys,Lexin Resources Ltd.,,100.0% - Lexin Resources Ltd.,,,,50.69418,-113.66633,06-15-020-27W4M
ABGP0001397,Active,Calling Lake S 1-20-70-22W4,GP,Calling Lake South,Canadian Natural Resources Limited,,100.0% - Canadian Natural Resources Limited,1978-01-01,,,55.06939,-113.31382,01-20-070-22W4M
ABGP0001398,Suspended,Anadarko Beaverhill Lake,GP,Anadarko Beaverhill Lake,Canadian Natural Resources Limited,,100.0% - Canadian Natural Resources Limited,,,,53.48511,-112.62836,04-17-052-18W4M
ABGP0001399,Abandoned,Imperial Wilson Creek,GP,Wilson Creek,I3 Energy Canada Ltd.,,100.0% - I3 Energy Canada Ltd.,,,,52.66337,-114.63473,10-34-042-05W5M
ABGP0001400,Suspended,* Clearport Gunn,GP,Clearport Gunn,Clearport Holdings Ltd,,100.0% - Clearport Holdings Ltd,,,,53.74278,-114.41355,14-08-055-03W5M
ABGP0001401,Active,Opal Redwater 1-25-57-23 Gp,GP,Opal,Baytex Energy Ltd.,,100.0% - Baytex Energy Ltd.,1981-01-01,,,53.95095,-113.27638,01-25-057-23W4M
ABGP0001402,Active,Keyera Pembina Gas Plant 11-22,GP,North Pembina,Keyera Energy Ltd.,,100.0% - Keyera Energy Ltd.,1981-01-01,,,53.24511,-115.67457,11-22-049-12W5M
ABGP0001403,Suspended,Tony Creek North 7-16-64-21W5,GP,Waskahigan,Canadian Natural Resources Limited,,100.0% - Canadian Natural Resources Limited,,,,54.53626,-117.11086,07-16-064-21W5M
ABGP0001404,Suspended,Eaglesham South 2-24-77-25W5,GP,Eaglesham South,Canadian Natural Resources Limited,,100.0% - Canadian Natural Resources Limited,,,,55.66695,-117.76159,02-14-077-25W5M
ABGP0001405,Suspended,* Talisman Sundance,GP,Old Man,Repsol Oil & Gas Canada Inc.,,100.0% - Repsol Oil & Gas Canada Inc.,,,,53.64835,-117.03236,07-09-054-21W5M
ABGP0001406,Abandoned,Alberta Selecta Corp. Sedgewick,GP,Bellshill Lake,Ovintiv Canada Ulc,,100.0% - Ovintiv Canada Ulc,,,,52.6288,-111.66922,07-21-042-12W4M
ABGP0001407,Suspended,Aav Joffre 13-12-038-27W4 Gp,GP,Joffre,Advantage Energy Ltd.,,54.7% - Advantage Energy Ltd.; 40.8% - Obsidian Energy Ltd.; 0.8% - Bonavista Energy Lp; 0.8% - Signalta Resources Limited; 2.4% - Devon Canada Corporation,1981-01-01,,,52.2575,-113.73949,13-12-038-27W4M
ABGP0001408,Suspended,Devon Leo,GP,Leo,Canadian Natural Resources Limited,,100.0% - Canadian Natural Resources Limited,,,,52.11196,-112.3055,14-24-036-17W4M
ABGP0001409,Suspended,* Pancdn Bashaw,GP,Pancdn Bashaw,Ovintiv Canada Ulc,,100.0% - Ovintiv Canada Ulc,,,,52.64708,-112.89842,11-25-042-21W4M
ABGP0001410,Suspended,* Enron Blackfoot,GP,Enron Blackfoot,Lynx Energy Ulc,,100.0% - Lynx Energy Ulc,,,,50.8944,-113.03709,02-30-022-22W4M
ABGP0001411,Suspended,Paramount Saleski,GP,Saleski,Sequoia Resources Corp.,,100.0% - Sequoia Resources Corp.,1982-01-01,,,56.49893,-112.85353,08-36-086-19W4M
ABGP0001412,Active,Endiang 6-28-34-15W4,GP,Spiers,Canadian Natural Resources Limited,,86.5% - Canadian Natural Resources Limited,1981-01-01,,,51.94548,-112.07497,06-28-034-15W4M
ABGP0001413,Active,Success Berry Gas Plant,GP,Berry,Success Resources Ltd.,,100.0% - Success Resources Ltd.,1983-01-01,,,51.27252,-111.77171,02-04-027-13W4M
ABGP0001414,Active,Campus Parkland,GP,Parkland,Campus Energy Partners Operations Inc.,,100.0% - Campus Energy Partners Operations Inc.,1983-01-01,,,50.2426,-113.60711,07-11-015-27W4M
ABGP0001415,Abandoned,* Cimarron Manyberries,GP,Manyberries,Hunt Oil Company Of Canada; Inc.,,100.0% - Cenovus Energy Inc.,,,,49.47044,-110.80455,06-18-006-06W4M
ABGP0001416,Suspended,* Roan Med Hat,GP,Roan Med Hat,7246366 Canada Ltd.,,100.0% - Ovintiv Canada Ulc,,,,49.71864,-110.73571,07-10-009-06W4M
ABGP0001417,Active,Galloway 14-14-53-20W5,GP,Galloway,Canadian Natural Resources Limited,,100.0% - Canadian Natural Resources Limited,,,,53.58303,-116.84201,14-14-053-20W5M
ABGP0001418,Active,Ante Creek 10-4-66-23W5,GP,Dunvegan,Canadian Natural Resources Limited,,100.0% - Canadian Natural Resources Limited,,,,54.68518,-117.41393,10-04-066-23W5M
ABGP0001419,Active,Killam N 04-05-045-12W4 Gas Plant,GP,Killam North,Axiom Oil And Gas Inc.,,20.0% - Long Run Exploration Ltd.; 20.0% - Altagas Ltd.; 60.0% - Axiom Oil And Gas Inc.,1973-01-01,,,52.84523,-111.7181,04-05-045-12W4M
ABGP0001420,Suspended,* Stealth Big Coulee,GP,Stealth Big Coulee,Encana Corporation,,100.0% - Encana Corporation,,,,54.81483,-113.54907,10-23-067-24W4M
ABGP0001421,Abandoned,Bonavista Blood,GP,Magrath,Tamarack Acquisition Corp.,,100.0% - Tamarack Acquisition Corp.,,,,49.45587,-112.92824,07-08-006-22W4M
ABGP0001422,Suspended,* Chevron House,GP,House,Chevron Canada Limited,,100.0% - Canadian Natural Resources Limited,,,,56.08433,-112.51474,16-01-082-17W4M
ABGP0001423,Active,Star Swan Hills,GP,House Mountain,Acquisition Oil Corp.,,100.0% - Acquisition Oil Corp.,,,,55.0051,-115.45999,10-28-069-10W5M
ABGP0001424,Active,Boundary Lake Central 10-33 Plant,GP,Hill,Enercapita Energy Ltd.,,100.0% - Enercapita Energy Ltd.,1982-01-01,,,56.41539,-119.67162,10-33-085-11W6M
ABGP0001425,Active,Pengrowth Mkwan 102/09-21-038-23W4,GP,Ardley,Alphabow Energy Ltd.,,100.0% - Alphabow Energy Ltd.,,,,52.28312,-113.22236,09-21-038-23W4M
ABGP0001426,Active,Shiningbank Berrymoor Pembina,GP,Berrymoor,Arc Resources Ltd.,,98.4% - Arc Resources Ltd.; 0.9% - Freehold Resources Ltd.; 0.2% - Obsidian Energy Ltd.,,,,53.27418,-114.72386,11-31-049-05W5M
ABGP0001427,Suspended,Keyera Chinchaga North 05-32-98-7W6,GP,Chinchaga North,Keyera Energy Ltd.,,100.0% - Keyera Energy Ltd.,1983-01-01,,,57.54618,-119.10769,05-32-098-07W6M
ABGP0001428,Abandoned,Star Boundary Lake South,GP,Star Boundary Lake South,Enercapita Energy Ltd.,,100.0% - Enercapita Energy Ltd.,,,,56.26998,-119.80348,10-10-084-12W6M
ABGP0001429,Active,Tarragon Swalwell,GP,Swalwell,Ember Resources Inc.,,25.0% - Bumper Development Corporation Ltd.; 75.0% - Ember Resources Inc.,1980-01-01,,,51.53056,-113.27785,14-35-029-24W4M
ABGP0001430,Suspended,* Tarragon Twining,GP,Twining,Husky Oil Operations Limited,,100.0% - Tidewater Midstream And Infrastructure Ltd.,,,,52.80444,-112.19595,06-24-044-16W4M
ABGP0001431,Suspended,C Star Sullivan Lake,GP,C Star Sullivan Lake,Arc Resources Ltd.,,100.0% - Arc Resources Ltd.,,,,52.02839,-111.86504,01-25-035-14W4M
ABGP0001432,Suspended,* Cabre Strom,GP,Cabre Strom,Enermark Inc.,,100.0% - Tidewater Midstream And Infrastructure Ltd.,,,,52.80444,-112.19595,06-24-044-16W4M
ABGP0001433,Suspended,Donnelly 6-1-77-21W5,GP,Girouxville Kenzie,Long Run Exploration Ltd.,,100.0% - Long Run Exploration Ltd.,2006-01-01,,,55.64146,-117.1216,06-01-077-21W5M
ABGP0001434,Active,Pancdn Hussar,GP,Crowfoot,Lynx Energy Ulc,,100.0% - Lynx Energy Ulc,1983-01-01,,,51.02146,-112.94975,14-01-024-22W4M
ABGP0001435,Abandoned,* Pennzoil Roxana,GP,Pennzoil Roxana,625894 Alberta Inc.,,100.0% - Obsidian Energy Ltd.,,,,55.79054,-116.8565,10-27-078-19W5M
ABGP0001436,Abandoned,Conoco Joarvie,GP,Jarvie,Paramount Resources Ltd.,,84.0% - Paramount Resources Ltd.; 14.0% - Canadian Natural Resources Limited; 1.0% - Husky Oil Operations Limited,1981-01-01,,,54.33961,-114.11131,15-05-062-01W5M
ABGP0001437,Active,Cascade Caroline,GP,Sundre,Taqa North Ltd.,,100.0% - Taqa North Ltd.,1993-01-01,,,51.85515,-114.74864,03-26-033-06W5M
ABGP0001438,Suspended,Stanmore 11-16-30-10W4,GP,Scotfield,Canadian Natural Resources Limited,,100.0% - Canadian Natural Resources Limited,,,,51.57081,-111.35569,11-16-030-10W4M
ABGP0001439,Suspended,Thunder Fenn Big Valley,GP,Fenn-Big Valley,Ember Resources Inc.,,100.0% - Ember Resources Inc.,1983-01-01,,,52.03199,-112.62715,08-27-035-19W4M
ABGP0001440,Suspended,Enermark Chigwell,GP,Chigwell Magee,Ember Resources Inc.,,100.0% - Ember Resources Inc.,1993-01-01,,,52.63215,-113.57056,11-20-042-25W4M
ABGP0001441,Suspended,Pancdn Alderson,GP,Alderson West,Torxen Energy Ltd.,,100.0% - Torxen Energy Ltd.,,,,50.31553,-111.96634,06-02-016-15W4M
ABGP0001442,Suspended,Burlington Forestburg S/D 88,GP,Forestburg,Conocophillips Canada Resources Corp.,,100.0% - Conocophillips Canada Resources Corp.,,,,52.55237,-112.20905,04-26-041-16W4M
ABGP0001443,Suspended,Conoco Westlock,GP,Clyde,Paramount Resources Ltd.,,100.0% - Paramount Resources Ltd.,1980-01-01,,,54.09185,-113.63487,15-11-059-25W4M
ABGP0001444,Suspended,Apache Monitor,GP,Monitor,Karve Energy Inc.,,100.0% - Karve Energy Inc.,2004-01-01,,,51.97743,-110.4901,10-03-035-04W4M
ABGP0001445,Active,Penn West Pembina,GP,Sun Creek,Tamarack Acquisition Corp.,,100.0% - Tamarack Acquisition Corp.,1980-01-01,,,52.89301,-114.86249,06-19-045-06W5M
ABGP0001446,Suspended,Husky Erskine 9-31,GP,Husky Erskine,Husky Oil Operations Limited,,100.0% - Husky Oil Operations Limited,,,,52.39945,-112.86307,09-31-039-20W4M
ABGP0001447,Suspended,Forest Deanne,GP,Forest Deanne,Forest Oil Corporation,,100.0% - Taqa North Ltd.,,,,52.30981,-115.44457,06-36-038-11W5M
ABGP0001448,Suspended,* Strike Crystal,GP,Strike Crystal,Husky Oil Operations Limited,,100.0% - Husky Oil Operations Limited,,,,52.92912,-114.43976,16-36-045-04W5M
ABGP0001449,Suspended,Apf Energy Joarcam,GP,Joarcam,Enerplus Corporation,,100.0% - Enerplus Corporation,,,,53.13242,-112.82753,13-11-048-20W4M
ABGP0001450,Suspended,Orion Baptiste,GP,Orion Baptiste,Arc Resources Ltd.,,100.0% - Canadian Natural Resources Limited,,,,54.79666,-113.35813,05-18-067-22W4M
ABGP0001451,Abandoned,Corker Liege,GP,Mackay,Bonavista Energy Corporation,,53.0% - Bonavista Energy Corporation; 47.0% - Avenir Oil & Gas Corp.,1982-01-01,,,56.73876,-113.29167,14-21-089-21W4M
ABGP0001452,Suspended,Husky Redwater 15-16,GP,Redwater,Tamarack Acquisition Corp.,,100.0% - Tamarack Acquisition Corp.,,,,53.84529,-112.91079,15-16-056-20W4M
ABGP0001453,Abandoned,Penn West Compeer,GP,Penn West Compeer,Obsidian Energy Ltd.,,100.0% - Obsidian Energy Ltd.,,,,51.8726,-110.16142,06-36-033-02W4M
ABGP0001454,Suspended,00/14-36-053-26W4 St Albert Gp,GP,Big Lake,Sinopec Daylight Energy Ltd.,,100.0% - Sinopec Daylight Energy Ltd.,1960-01-01,,,53.62692,-113.70437,14-36-053-26W4M
ABGP0001455,Reclamation Certified,* Paz Fenn-Big Valley,GP,Paz Fenn Big Valley,Journey Energy Inc.,,100.0% - Strathcona Resources Ltd.,,,,51.97051,-112.63304,02-03-035-19W4M
ABGP0001456,Suspended,Gilby-10-34-040-04 W5M,GP,Gilby,Harvest Operations Corp.,,100.0% - Harvest Operations Corp.,,,,52.48859,-114.49053,10-34-040-04W5M
ABGP0001457,Suspended,Kanex Grand Prix Scandia,GP,Scandia,Success Resources Ltd.,,100.0% - Success Resources Ltd.,,,,50.39552,-112.09234,16-35-016-16W4M
ABGP0001458,Suspended,Keyera West Pembina 10-10-047-14W5,GP,West Pembina,Keyera Energy Ltd.,,83.1% - Keyera Energy Ltd.; 4.2% - Paramount Resources Ltd.; 3.2% - Canlin Resources Partnership; 2.9% - Canadian Natural Resources Limited; 3.2% - Boulder Energy Ltd.; 2.6% - Baytex Energy Ltd.; 0.7% - Canadian Natural Resources; 0.1% - Tourmaline Oil Corp.; 0.1% - Vermilion Energy Inc.,1984-01-01,,,53.0414,-115.96101,10-10-047-14W5M
ABGP0001459,Reclamation Certified,Conoco Claresholm,GP,Claresholm,Canadian Natural Resources Limited,,100.0% - Conocophillips Canada Resources Corp.,,,,50.02474,-113.40474,06-30-012-25W4M
ABGP0001460,Suspended,* Kan Energy Gleichen,GP,Kan Energy Gleichen,Kanamera Texas Sentry Operating Partnership.,,100.0% - Lynx Energy Ulc,,,,50.83619,-112.79454,04-01-022-21W4M
ABGP0001461,Suspended,Paramount Legend,GP,Liege,Athabasca Oil Corporation,,100.0% - Athabasca Oil Corporation,1964-01-01,,,57.20067,-112.90001,12-31-094-18W4M
ABGP0001462,Abandoned,Amoco Bigstone Dunvegan,GP,Bigstone Dunvegan,Bp Canada Energy Group Ulc,,100.0% - Paramount Resources Ltd.,,,,54.2595,-117.21683,06-10-061-22W5M
ABGP0001463,Active,Westrock Pouce Coupe South,GP,Pouce Coupe South,Longshore Resources Ltd.,,99.3% - Longshore Resources Ltd.; 0.7% - Freehold Resources Ltd.,1985-01-01,,,55.77223,-119.82001,07-20-078-12W6M
ABGP0001464,Active,Provident Craigmyle,GP,Craigmyle,Prairie Provident Resources Canada Ltd.,,100.0% - Prairie Provident Resources Canada Ltd.,1984-01-01,,,51.71994,-112.38787,13-05-032-17W4M
ABGP0001465,Abandoned,Baytex Kneller,GP,Kneller,Baytex Energy Ltd.,,100.0% - Alphabow Energy Ltd.,,,,53.23058,-113.30276,10-16-049-23W4M
ABGP0001466,Suspended,Husky Rumsey 8-36,GP,Rumsey,Trident Exploration (Alberta) Corp.,,100.0% - Westdrum Energy Ltd.,,,,51.87268,-112.84273,08-36-033-21W4M
ABGP0001467,Suspended,Surge Willesden Gr 08-29-040-06W5 Gp,GP,Willesden Green,Surge Energy Inc.,,100.0% - Surge Energy Inc.,1982-01-01,,,52.47052,-114.82035,08-29-040-06W5M
ABGP0001468,Active,Mundare 09-28-053-18W4 Gas Plant,GP,Mundare,Axiom Oil And Gas Inc.,,100.0% - Axiom Oil And Gas Inc.,1980-01-01,,,53.60896,-112.58547,09-28-053-18W4M
ABGP0001469,Suspended,* Crestar Bantry,GP,Crestar Bantry,Strathcona Resources Ltd.,,100.0% - Cardinal Energy Ltd.,,,,50.54091,-111.79457,16-24-018-14W4M
ABGP0001470,Suspended,* Norcen Fort Sask,GP,Norcen Fort Sask,Canadian Natural Resources Limited,,100.0% - Canadian Natural Resources Limited,,,,53.71781,-113.1769,01-03-055-22W4M
ABGP0001471,Suspended,* Aec Suffield,GP,Aec Suffield,Ipc Canada Ltd.,,100.0% - Ipc Canada Ltd.,,,,50.57398,-111.17874,04-03-019-09W4M
ABGP0001472,Active,Nipisi 2-11-80-8W5,GP,Nipisi,Canadian Natural Resources Limited,,90.0% - Canadian Natural Resources Limited; 0.0% - Superman Resources Inc.,,,,55.91441,-115.13273,02-11-080-08W5M
ABGP0001473,Abandoned,Provost 15-7-36-15W4,GP,Provost,Canadian Natural Resources Limited,,100.0% - Canadian Natural Resources Limited,,,,52.08288,-112.1329,15-07-036-15W4M
ABGP0001474,Abandoned,Crestar Rumsey,GP,Crestar Rumsey,Conocophillips Canada Energy Partnership,,100.0% - Pine Cliff Energy Ltd.,,,,51.9018,-112.84273,08-12-034-21W4M
ABGP0001475,Active,Crestar Jenner,GP,Jenner,Cor4 Oil Corp.,,4.6% - Enermark Inc.; 1.4% - Canoil Inc.; 93.9% - Cor4 Oil Corp.,,,,50.65412,-111.16728,10-34-019-09W4M
ABGP0001476,Suspended,Apache Willesden Green,GP,Bingley,Bonavista Energy Corporation,,100.0% - Bonavista Energy Corporation,1983-01-01,,,52.48129,-114.87421,02-36-040-07W5M
ABGP0001477,Active,Apache Willesden Green,GP,Leafland,Paramount Resources Ltd.,,69.5% - Paramount Resources Ltd.; 17.4% - Obsidian Energy Ltd.; 11.8% - Signalta Resources Limited,1985-01-01,,,52.40485,-114.70654,15-31-039-05W5M
ABGP0001478,Suspended,* Imperial Injection,GP,Injection,Imperial Oil Resources Limited,,100.0% - Imperial Oil Resources Limited,,,,53.04881,-113.91788,03-17-047-27W4M
ABGP0001479,Suspended,Pengrowth Swan Hills,GP,Swan Hills,Accel Canada Holdings Limited,,100.0% - Canadian Natural Resources Limited,,,,54.79431,-115.51708,03-18-067-10W5M
ABGP0001480,Active,Eyremore 1-18-17-18W4,GP,Armada,Canadian Natural Resources Limited,,100.0% - Canadian Natural Resources Limited,,,,50.42844,-112.45886,01-18-017-18W4M
ABGP0001481,Suspended,* Chauvco Nosehill,GP,Chauvco Nosehill,Taqa North Ltd.,,100.0% - Taqa North Ltd.,,,,53.76832,-116.96498,11-19-055-20W5M
ABGP0001482,Active,Brc 04-31-048-12W5 Gas Plant,GP,Brazeau River,Tidewater Midstream And Infrastructure Ltd.,,100.0% - Tidewater Midstream And Infrastructure Ltd.,1979-01-01,,,53.17965,-115.7536,04-31-048-12W5M
ABGP0001483,Suspended,Husky Michichi 16-32,GP,Michichi,Husky Oil Operations Limited,,100.0% - Husky Oil Operations Limited,,,,51.61792,-112.35224,16-32-030-17W4M
ABGP0001484,Abandoned,Baptiste 1-18-68-23W4,GP,Island Lake,Canadian Natural Resources Limited,,100.0% - Canadian Natural Resources Limited,,,,54.8804,-113.49181,01-18-068-23W4M
ABGP0001485,Abandoned,Morinville 11-15-55-25W4,GP,Morinville,Canadian Natural Resources Limited,,100.0% - Signalta Resources Limited,,,,53.75449,-113.63554,11-15-055-25W4M
ABGP0001486,Suspended,Ketch Tangent,GP,Tangent,Obsidian Energy Ltd.,,100.0% - Obsidian Energy Ltd.,1984-01-01,,,55.96887,-117.57362,13-29-080-23W5M
ABGP0001487,Abandoned,Enron Sangudo,GP,Enron Sangudo,Canadian Natural Resources Limited,,100.0% - Canadian Natural Resources Limited,,,,53.88422,-114.87291,09-31-056-06W5M
ABGP0001488,Abandoned,* Talisman Turner Valley,GP,Turner Valley,Repsol Oil & Gas Canada Inc.,,100.0% - Repsol Oil & Gas Canada Inc.,,,,50.59553,-114.14899,10-12-019-02W5M
ABGP0001489,Suspended,* Amoco Hotchkiss,GP,Hotchkiss,Bp Canada Energy Group Ulc,,100.0% - Surge Energy Inc.,,,,57.12468,-118.15147,06-06-094-01W6M
ABGP0001490,Suspended,Blackspur Bantry Gp 15-23-018-14W4,GP,Delta Bantry,Delta Consultants (1973) Ltd.,,100.0% - Blackspur Oil Corp.,,,,50.54105,-111.82294,15-23-018-14W4M
ABGP0001491,Suspended,* Avord Chauvin S,GP,Avord Chauvin S,Avord Oil & Gas Ltd,,100.0% - Surge Energy Inc.,,,,52.66163,-110.182,10-35-042-02W4M
ABGP0001492,Suspended,* Mobil Twining,GP,Twining,Bumper Development Corporation Ltd.,,100.0% - Barnwell Of Canada  Limited,,,,51.6761,-113.36228,16-20-031-24W4M
ABGP0001493,Abandoned,* Anderson Rycroft,GP,Anderson Rycroft,Canadian Natural Resources Limited,,100.0% - Canadian Natural Resources Limited,,,,55.61239,-118.58545,06-29-076-04W6M
ABGP0001494,Suspended,Cabre Joarcam,GP,Joarcam,Enerplus Corporation,,100.0% - Enerplus Corporation,,,,53.20153,-112.99202,11-03-049-21W4M
ABGP0001495,Suspended,Signalta Pembina,GP,Lobstick 2,Signalta Resources Limited,,100.0% - Signalta Resources Limited,,,,53.35794,-114.89448,06-36-050-07W5M
ABGP0001496,Suspended,* Altex Sullivan Lake,GP,Altex Sullivan Lake,Repsol Oil & Gas Canada Inc.,,100.0% - Repsol Oil & Gas Canada Inc.,,,,52.02841,-111.84126,01-30-035-13W4M
ABGP0001497,Active,Medlodge 10-33-052-21W5 Gp,GP,Medicine Lodge,Repsol Oil & Gas Canada Inc.,,100.0% - Repsol Oil & Gas Canada Inc.,1989-01-01,,,53.53564,-117.03241,10-33-052-21W5M
ABGP0001498,Reclamation Certified,Bonavista Benton,GP,Benton,Nuvista Energy Ltd.,,100.0% - Nuvista Energy Ltd.,,,,51.42525,-110.36546,10-28-028-03W4M
ABGP0001499,Active,Cypress Farrow,GP,Farrow,Taqa North Ltd.,,68.0% - Taqa North Ltd.; 32.0% - Coastal Resources Limited,1984-01-01,,,50.73791,-113.32012,06-31-020-24W4M
ABGP0001500,Abandoned,* Grad & Walker Huxley,GP,Grad And Walker Huxley,Conocophillips Canada Energy Partnership,,100.0% - Pine Cliff Energy Ltd.,,,,51.97395,-113.41853,07-06-035-24W4M
ABGP0001501,Abandoned,Malmo 6-3-44-22W4,GP,Malmo,Canadian Natural Resources Limited,,100.0% - Canadian Natural Resources Limited,,,,52.76159,-113.11517,06-03-044-22W4M
ABGP0001502,Reclamation Certified,* Triton Kneller,GP,Triton Kneller,Primewest Energy Inc.,,100.0% - Altagas Ltd.,,,,53.24863,-113.2844,14-22-049-23W4M
ABGP0001503,Suspended,* Poco Watts,GP,Poco Watts,Conocophillips Canada Resources Corp.,,100.0% - Conocophillips Canada Resources Corp.,,,,51.62177,-112.06911,02-04-031-15W4M
ABGP0001504,Suspended,Apl Edson,GP,Edson,Canadian Oil & Gas International Inc.,,100.0% - Arrow Point Oil & Gas Ltd.,1990-01-01,,,53.60839,-116.46145,09-29-053-17W5M
ABGP0001505,Abandoned,Crestar Trochu Twining,GP,Crestar Trochu Twining,Conocophillips Canada Energy Partnership,,100.0% - Conocophillips Canada Resources Corp.,,,,51.78175,-113.26167,04-31-032-23W4M
ABGP0001506,Active,Progress 1-1-78-10W6,GP,Progress,Canadian Natural Resources Limited,,50.0% - Canadian Natural Resources Limited,1984-01-01,,,55.72513,-119.39986,01-01-078-10W6M
ABGP0001507,Suspended,Byemoor 8-32-34-17W4,GP,Byemoor,Canadian Natural Resources Limited,,100.0% - Canadian Natural Resources Limited,,,,51.96012,-112.37051,08-32-034-17W4M
ABGP0001508,Suspended,Beau Alderson,GP,Beau Alderson,Murphy Oil Company Ltd.,,100.0% - Canadian Natural Resources Limited,,,,50.51186,-111.29054,16-10-018-10W4M
ABGP0001509,Suspended,Grand Forks 8-7-12-13W4,GP,Grand Forks,Canadian Natural Resources Limited,,100.0% - Canadian Natural Resources Limited,,,,49.98059,-111.75891,08-07-012-13W4M
ABGP0001510,Abandoned,Altagas Killam,GP,Sedgewick,Altagas Ltd.,,100.0% - Altagas Ltd.,1982-01-01,,,52.55599,-111.79515,06-27-041-13W4M
ABGP0001511,Active,Edson West 1-24-52-20W5,GP,Edson West,Canadian Natural Resources Limited,,100.0% - Canadian Natural Resources Limited,1985-01-01,,,53.4993,-116.80532,01-24-052-20W5M
ABGP0001512,Abandoned,* Bow Valley Bashaw,GP,Bow Valley Bashaw,Repsol Oil & Gas Canada Inc.,,100.0% - Repsol Oil & Gas Canada Inc.,,,,52.51579,-113.2825,11-08-041-23W4M
ABGP0001513,Suspended,Apache Nevis,GP,Nevis,Ember Resources Inc.,,100.0% - Ember Resources Inc.,,,,52.38137,-113.17468,08-25-039-23W4M
ABGP0001514,Abandoned,Cardiff 16-15-54-02W5,GP,Cardiff,Conocophillips Canada Resources Corp.,,100.0% - Conocophillips Canada Resources Corp.,,,,53.67027,-114.20138,16-15-054-02W5M
ABGP0001515,Suspended,Kaybob 7-32-63-20W5,GP,Kaybob,Canadian Natural Resources Limited,,100.0% - Canadian Natural Resources Limited,,,,54.49252,-116.98482,07-32-063-20W5M
ABGP0001516,Active,Penn West Crystal,GP,Crystal,Journey Energy Inc.,,100.0% - Journey Energy Inc.,1982-01-01,,,52.94008,-114.41545,09-06-046-03W5M
ABGP0001517,Active,Orlen Lochend 05-11-029-04W5 Gp,GP,Lochend,Orlen Upstream Canada Ltd.,,99.0% - Orlen Upstream Canada Ltd.,1987-01-01,,,51.46564,-114.46731,05-11-029-04W5M
ABGP0001518,Suspended,Craigmyle 13-32-31-17W4,GP,Michichi,Canadian Natural Resources Limited,,100.0% - Canadian Natural Resources Limited,1987-01-01,,,51.70529,-112.38787,13-32-031-17W4M
ABGP0001519,Suspended,Ghost Pine 4-18-32-22W4,GP,Ghost Pine,Canadian Natural Resources Limited,,100.0% - Canadian Natural Resources Limited,1986-01-01,,,51.73817,-113.11998,04-18-032-22W4M
ABGP0001520,Active,Wembley 06-19-073-08W6,GP,Wembley,Nuvista Energy Ltd.,,0.2% - Kelt Exploration Ltd.; 0.1% - Enerplus Corporation; 37.0% - Canadian Natural Resources Limited; 22.3% - Encana Oil & Gas Co. Ltd.; 1.6% - Wembley Resources Ltd.; 38.8% - Nuvista Energy Ltd.,1986-01-01,,,55.33594,-119.22119,06-19-073-08W6M
ABGP0001521,Suspended,Grimshaw 11-23-83-23W5,GP,Grimshaw,Canadian Natural Resources Limited,,100.0% - Canamax Energy Ltd.,,,,56.21296,-117.52142,11-23-083-23W5M
ABGP0001522,Suspended,Hamburg 12-29-096-11W6,GP,Hamburg,Canadian Natural Resources Limited,,100.0% - Canadian Natural Resources Limited,1985-01-01,,,57.36084,-119.75787,12-29-096-11W6M
ABGP0001523,Suspended,Endiang Gas Plant,GP,Provost,Obsidian Energy Ltd.,,100.0% - Obsidian Energy Ltd.,,,,52.05376,-112.1508,16-36-035-16W4M
ABGP0001524,Active,Mcleod River 16-36 Gas Plant,GP,Mcleod River,Velvet Energy Ltd.,,55.1% - Velvet Energy Ltd.; 44.9% - Ish Energy Ltd.,,,,53.80102,-116.08598,16-36-055-15W5M
ABGP0001525,Active,Journey Pembina Berrymoor,GP,Genesee,Journey Energy Inc.,,30.1% - Chinook Energy Inc.; 69.9% - Journey Energy Inc.,1981-01-01,,,53.256,-114.43724,05-30-049-03W5M
ABGP0001526,Suspended,* Poco Sullivan Lake,GP,Poco Sullivan Lake,Conocophillips Canada Resources Corp.,,100.0% - Conocophillips Canada Resources Corp.,,,,51.99549,-111.84716,15-07-035-13W4M
ABGP0001527,Active,Sylvan 05-01-039-01W5 Gas Plant,GP,Sylvan Lake,Tidewater Midstream And Infrastructure Ltd.,,100.0% - Tidewater Midstream And Infrastructure Ltd.,1986-01-01,,,52.32503,-114.02264,05-01-039-01W5M
ABGP0001528,Suspended,* Poco Michichi,GP,Poco Michichi,Conocophillips Canada Resources Corp.,,100.0% - Canadian Natural Resources Limited,,,,51.63269,-112.2994,16-02-031-17W4M
ABGP0001529,Suspended,* Encal Sinclair,GP,Encal Sinclair,Taqa North Ltd.,,100.0% - Taqa North Ltd.,,,,55.23066,-119.72758,02-14-072-12W6M
ABGP0001530,Active,Border Midstream Mazeppa,GP,Mazeppa,Lexin Resources Ltd.,,100.0% - Lexin Resources Ltd.,1986-01-01,,,50.64675,-113.77029,01-35-019-28W4M
ABGP0001531,Active,Marathon Kakwa,GP,Kakwa,Husky Oil Operations Limited,,42.0% - Husky Oil Operations Limited; 37.0% - Imperial Oil Limited,1980-01-01,,,54.43794,-118.73967,10-07-063-05W6M
ABGP0001532,Suspended,Hadrian Berry,GP,Berry,Bonavista Energy Corporation,,100.0% - Bonavista Energy Corporation,,,,51.41418,-111.76606,16-21-028-13W4M
ABGP0001533,Suspended,* Ish Energy Mcleod,GP,Mcleod,Amber Energy Inc.,,100.0% - Amber Energy Inc.,,,,53.75753,-116.03613,16-17-055-14W5M
ABGP0001534,Active,Glencoe Chigwell,GP,Morningside,Alphabow Energy Ltd.,,100.0% - Alphabow Energy Ltd.,1986-01-01,,,52.62142,-113.61825,14-13-042-26W4M
ABGP0001535,Suspended,Majorville 4-31-18-19W4,GP,Majorville,Canadian Natural Resources Limited,,40.0% - Canadian Natural Resources Limited; 20.0% - Husky Oil Operations Limited; 40.0% - Harvest Operations Corp.,,,,50.55929,-112.6132,04-31-018-19W4M
ABGP0001536,Active,Manola 11-18-059-02W5 Gas Plant,GP,Manola,Axiom Oil And Gas Inc.,,100.0% - Axiom Oil And Gas Inc.,1996-01-01,,,54.10314,-114.29243,11-18-059-02W5M
ABGP0001537,Active,Star Pouce Coupe,GP,Pouce Coupe,Arc Resources Ltd.,,50.0% - Arc Resources Ltd.; 50.0% - Canadian Natural Resources Limited,,,,55.8925,-119.79141,11-34-079-12W6M
ABGP0001538,Suspended,* Energy Processors Phoenix,GP,Energy Processors Phoenix,Energy Processors Leasing Ltd.,,100.0% - Baytex Energy Ltd.,,,,52.36856,-115.37771,07-21-039-10W5M
ABGP0001539,Suspended,Husky Oil Provost 6-27 (Rescinded),GP,Provost,Husky Oil Operations Limited,,100.0% - Husky Oil Operations Limited,,,,52.46858,-110.93159,06-27-040-07W4M
ABGP0001540,Abandoned,Bonavista Chigwell,GP,Chigwell,Signalta Resources Limited,,100.0% - Signalta Resources Limited,,,,52.574,-113.45036,11-31-041-24W4M
ABGP0001541,Active,D Energy Craigmyle Michi 13-28-31-16,GP,Craigmyle East,Prairie Provident Resources Canada Ltd.,,100.0% - Prairie Provident Resources Canada Ltd.,1985-01-01,,,51.69091,-112.22251,13-28-031-16W4M
ABGP0001542,Active,Stellarton Rowley,GP,Rumsey,Ember Resources Inc.,,100.0% - Ember Resources Inc.,1986-01-01,,,51.87991,-112.78938,13-33-033-20W4M
ABGP0001543,Abandoned,Thunder Lake,GP,Thunder Lake,Altagas Ltd.,,100.0% - Altagas Ltd.,,,,54.11746,-114.85506,09-20-059-06W5M
ABGP0001544,Suspended,Encal Tindastoll,GP,Tindastoll,Summerland Energy Inc.,,100.0% - Summerland Energy Inc.,,,,52.0844,-114.06418,14-10-036-01W5M
ABGP0001545,Active,Wle  Thunder,GP,Thunder Lake East,Axiom Oil And Gas Inc.,,54.0% - Axiom Oil And Gas Inc.,1982-01-01,,,54.25941,-114.58003,08-07-061-04W5M
ABGP0001546,Suspended,Provident Cessford,GP,Cessford,Sanling Energy Ltd.,,100.0% - Sanling Energy Ltd.,,,,51.05416,-111.68821,02-24-024-13W4M
ABGP0001547,Suspended,Atco Golden Spike,GP,Golden Spike,Tidewater Midstream And Infrastructure Ltd.,,100.0% - Tidewater Midstream And Infrastructure Ltd.,1999-01-01,,,53.43029,-113.88863,08-27-051-27W4M
ABGP0001548,Suspended,Knopcik 16-21 Gas Plant,GP,Acheson,Repsol Oil & Gas Canada Inc.,,100.0% - Canadian Natural Resources Limited,,,,55.3432,-119.46491,16-21-073-10W6M
ABGP0001549,Active,Bonnie Glen 09-19-043-25W4 Gas Plant,GP,Bonnie Glen,Axiom Oil And Gas Inc.,,100.0% - Axiom Oil And Gas Inc.,1986-01-01,,,52.72147,-113.61093,09-19-043-25W4M
ABGP0001550,Suspended,Devon Pouce Coupe,GP,Bonanza,Birchcliff Energy Ltd.,,100.0% - Birchcliff Energy Ltd.,1987-01-01,,,55.91796,-119.83718,07-08-080-12W6M
ABGP0001551,Abandoned,Triquest Leige,GP,Triquest Leige,Bonavista Energy Corporation,,100.0% - Bonavista Energy Corporation,,,,56.80435,-113.15219,07-17-090-20W4M
ABGP0001552,Suspended,* Paramount Liege,GP,Liege,Paramount Resources Ltd.,,100.0% - Paramount Resources Ltd.,,,,56.84063,-113.01927,15-30-090-19W4M
ABGP0001553,Suspended,Talisman Sundance,GP,Sundance,Repsol Oil & Gas Canada Inc.,,100.0% - Repsol Oil & Gas Canada Inc.,,,,53.7065,-116.95254,08-36-054-21W5M
ABGP0001554,Suspended,* Amoco Bigoray,GP,Bigoray,Bp Canada Energy Group Ulc,,100.0% - Bp Canada Energy Group Ulc,,,,53.48139,-115.12835,13-09-052-08W5M
ABGP0001555,Suspended,Crestar Elnora,GP,Crestar Elnora,Pine Cliff Energy Ltd.,,100.0% - Pine Cliff Energy Ltd.,,,,51.94224,-113.23806,04-29-034-23W4M
ABGP0001556,Active,Pancdn Halkirk,GP,Halkirk,Logic Energy Ltd.,,100.0% - Logic Energy Ltd.,1986-01-01,,,52.21759,-112.3055,03-36-037-17W4M
ABGP0001557,Suspended,* Star Pouce Coupe,GP,Star Pouce Coupe,Rising Star Resources Ltd.,,100.0% - Rising Star Resources Ltd.,,,,55.8744,-119.71321,06-30-079-11W6M
ABGP0001558,Abandoned,Crestar Crossfield,GP,Crestar Crossfield,Conocophillips Canada Energy Partnership,,100.0% - Conocophillips Canada Resources Corp.,,,,51.48385,-114.32094,11-14-029-03W5M
ABGP0001559,Suspended,Crestar Crossfield,GP,Crossfield,Bonavista Energy Corporation,,100.0% - Bonavista Energy Corporation,,,,51.53483,-114.32674,04-02-030-03W5M
ABGP0001560,Active,Bonavista Spirit River,GP,Spirit River,Rising Star Resources Ltd.,,50.0% - Rising Star Resources Ltd.,1988-01-01,,,55.71391,-118.83107,08-34-077-06W6M
ABGP0001561,Suspended,Mcleod 16-12-56-14W5,GP,Mcleod River,Cenovus Energy Inc.,,43.8% - Ish Energy Ltd.,,,,53.83016,-115.9371,16-12-056-14W5M
ABGP0001562,Active,Kaybob S. 11-19-60-19W5,GP,Pass Creek,Canadian Natural Resources Limited,,100.0% - Canadian Natural Resources Limited,,,,54.20493,-116.84195,11-19-060-19W5M
ABGP0001563,Suspended,Talisman Edson,GP,Edson,Repsol Oil & Gas Canada Inc.,,100.0% - Repsol Oil & Gas Canada Inc.,,,,53.65565,-116.78081,16-07-054-19W5M
ABGP0001564,Abandoned,* Sabre Brazeau River,GP,Sabre Brazeau River,Sabre Energy Ltd.,,100.0% - Boulder Energy Ltd.,,,,53.0089,-115.97494,06-33-046-14W5M
ABGP0001565,Suspended,Shiningbank Niton,GP,Niton,Taqa North Ltd.,,100.0% - Taqa North Ltd.,1987-01-01,,,53.69211,-115.71228,06-28-054-12W5M
ABGP0001566,Active,Leedale 9-21 Gas Plant,GP,Leedale West,I3 Energy Canada Ltd.,,100.0% - I3 Energy Canada Ltd.,1986-01-01,,,52.72188,-114.51231,09-21-043-04W5M
ABGP0001567,Suspended,Sundance 03-29-054-19W5,GP,Sundance,Canadian Natural Resources Limited,,100.0% - Canadian Natural Resources Limited,1986-01-01,,,53.68848,-116.76856,03-29-054-19W5M
ABGP0001568,Suspended,* Placer Cego Elnora,GP,Placer Cego Elnora,Conocophillips Canada Resources Corp.,,100.0% - Trident Exploration (Alberta) Corp.,,,,51.92366,-113.02546,13-14-034-22W4M
ABGP0001569,Abandoned,Crystal 15-35-46-3W5,GP,Crystal,Response Energy Corporation,,100.0% - Response Energy Corporation,,,,53.01599,-114.32487,15-35-046-03W5M
ABGP0001570,Active,Ember Kelsey,GP,Kelsey,Ember Resources Inc.,,100.0% - Ember Resources Inc.,,,,52.7907,-112.48632,06-13-044-18W4M
ABGP0001571,Active,Bonavista Rycroft Sys 2,GP,Rycroft,Rising Star Resources Ltd.,,56.0% - Rising Star Resources Ltd.,1987-01-01,,,55.6995,-118.77933,08-25-077-06W6M
ABGP0001572,Suspended,Nipisi 12-28-80-9W5,GP,Nipisi,Canadian Natural Resources Limited,,31.8% - Canadian Natural Resources Limited; 21.9% - Harvard International Resources Ltd.; 11.6% - Summerland Energy Inc.; 34.7% - Cardinal Energy Ltd.,,,,55.96536,-115.35437,12-28-080-09W5M
ABGP0001573,Active,Husky Drumheller 4-9  C,GP,Ghost Pine/Rowley,Apogee Petroleum Inc.,,100.0% - Apogee Petroleum Inc.,1986-01-01,,,51.63606,-112.78937,04-09-031-20W4M
ABGP0001574,Suspended,Penn West Compeer,GP,Compeer,Obsidian Energy Ltd.,,100.0% - Obsidian Energy Ltd.,,,,51.86897,-110.14362,04-31-033-01W4M
ABGP0001575,Suspended,Pouce Coupe 11-19-79-11W6,GP,Pouce Coupe,Canadian Natural Resources Limited,,100.0% - Canadian Natural Resources Limited,,,,55.86335,-119.71319,11-19-079-11W6M
ABGP0001576,Active,Apl Niton,GP,Niton Junction,Journey Energy Inc.,,100.0% - Journey Energy Inc.,1987-01-01,,,53.72838,-115.60247,14-05-055-11W5M
ABGP0001577,Active,Pine Creek 10-23 Gas Plant,GP,Pine Creek,Bonavista Energy Corporation,,39.9% - Enerplus Energy Ltd.; 60.1% - Bonavista Energy Corporation,1987-01-01,,,53.94292,-116.71096,10-23-057-19W5M
ABGP0001578,Suspended,Shouldice 02-11-020-23W4,GP,Shouldice,Canadian Natural Resources Limited,,20.0% - Journey Energy Inc.; 35.0% - Lexin Resources Ltd.; 40.0% - Canadian Natural Resources Limited,1987-01-01,,,50.6761,-113.08353,02-11-020-23W4M
ABGP0001579,Suspended,Husky Mitsue,GP,Mitsue,Cardinal Energy Ltd.,,100.0% - Cardinal Energy Ltd.,2004-01-01,,,54.9398,-114.34201,02-02-069-03W5M
ABGP0001580,Abandoned,Cypress Thorsby,GP,Thorsby 2,Taqa North Ltd.,,100.0% - Petrus Resources Corp.,,,,53.25248,-114.07187,04-27-049-01W5M
ABGP0001581,Abandoned,Rowley 04-02-34-20W4,GP,Rowley,Conocophillips Canada Resources Corp.,,100.0% - Pine Cliff Energy Ltd.,,,,51.88368,-112.74214,04-02-034-20W4M
ABGP0001582,Active,Northrock Carrot Creek 2-26-52-12W5,GP,Carrot Creek,Tahoe Energy Ltd.,,78.0% - Tahoe Energy Ltd.,1982-01-01,,,53.51397,-115.65683,02-26-052-12W5M
ABGP0001583,Suspended,Gilby  11-20-41-4W5,GP,Gilby,Cenovus Energy Inc.,,100.0% - Cenovus Energy Inc.,1987-01-01,,,52.54676,-114.54441,11-20-041-04W5M
ABGP0001584,Active,Belair Penhold,GP,Outlook/Penhold,Del Canada Gp Ltd.,,100.0% - Del Canada Gp Ltd.,1988-01-01,,,52.06139,-113.8822,05-01-036-28W4M
ABGP0001585,Active,Hays 11-31-013-14W4,GP,Hays,Canadian Natural Resources Limited,,96.0% - Canadian Natural Resources Limited,1988-01-01,,,50.12981,-111.9066,11-31-013-14W4M
ABGP0001586,Suspended,Tarragon Ghost Pine,GP,Trochu,Canstone Energy Ltd.,,50.0% - Bumper Development Corporation Ltd.; 50.0% - Trident Exploration (Alberta) Corp.,,,,51.77816,-113.19082,13-27-032-23W4M
ABGP0001587,Suspended,Valhalla 8-30-75-9W6,GP,Valhalla,Surge Energy Inc.,,100.0% - Surge Energy Inc.,1987-01-01,,,55.52505,-119.37403,08-30-075-09W6M
ABGP0001588,Active,Bonavista Manyberries,GP,Manyberries,Lgx Oil + Gas Inc.,,89.0% - Lgx Oil + Gas Inc.,,,,49.41224,-110.61972,07-28-005-05W4M
ABGP0001589,Suspended,Liege 3-29-92-20W4,GP,Liege,Canadian Natural Resources Limited,,88.7% - Canadian Natural Resources Limited; 11.3% - Advantage Energy Ltd.,1982-01-01,,,57.00457,-113.1887,03-29-092-20W4M
ABGP0001590,Active,Bigstone 1-17-26-10W4,GP,Big Stone,Canadian Natural Resources Limited,,100.0% - Canadian Natural Resources Limited,1983-01-01,,,51.21435,-111.35675,01-17-026-10W4M
ABGP0001591,Abandoned,Meyer 12-2-70-25W4,GP,Meyer Lake South,Canadian Natural Resources Limited,,100.0% - Canadian Natural Resources Limited,1986-01-01,,,55.03308,-113.71382,12-02-070-25W4M
ABGP0001592,Active,Burlington Garrington,GP,Garrington,Cenovus Energy Inc.,,100.0% - Cenovus Energy Inc.,1989-01-01,,,52.18637,-114.73635,13-13-037-06W5M
ABGP0001593,Suspended,Husky Rumsey 5-35,GP,Rumsey,Westdrum Energy Ltd.,,100.0% - Westdrum Energy Ltd.,1988-01-01,,,51.87268,-112.88377,05-35-033-21W4M
ABGP0001594,Suspended,* Precambrian Cherhill,GP,Precambrian Cherhill,Enermark Inc.,,100.0% - Enermark Inc.,,,,53.86623,-114.58759,06-30-056-04W5M
ABGP0001595,Suspended,Husky Fenn West 3-16,GP,Fenn West,Trident Exploration (Alberta) Corp.,,100.0% - 2234873 Alberta Ltd.,,,,52.08668,-112.94835,03-16-036-21W4M
ABGP0001596,Abandoned,Samson Rainbow Lake,GP,Basset Lake West,Sanling Energy Ltd.,,100.0% - Sanling Energy Ltd.,,,,58.37453,-119.04307,07-14-108-07W6M
ABGP0001597,Suspended,Drumheller 4-1-28-18W4,GP,Drumheller East Coulee Plant,Canadian Natural Resources Limited,,100.0% - Canadian Natural Resources Limited,1988-01-01,,,51.35983,-112.41619,04-01-028-18W4M
ABGP0001598,Suspended,Pembina 5-35-49-6W5,GP,Berrymoor,Harvest Operations Corp.,,100.0% - Spoke Resources Ltd.,,,,53.27054,-114.7786,05-35-049-06W5M
ABGP0001599,Suspended,* Paramount Saleski,GP,Paramount Saleski,Sequoia Resources Corp.,,100.0% - Sequoia Resources Corp.,,,,56.49893,-112.85353,08-36-086-19W4M
ABGP0001600,Abandoned,Garden Plains 16-6-32-12W4,GP,Sorenson,Canadian Natural Resources Limited,,70.0% - Canadian Natural Resources Limited; 30.0% - Celtic Exploration Ulc,,,,51.73442,-111.63814,16-09-032-12W4M
ABGP0001601,Suspended,* Amoco Elspeth Terminal,GP,Elspeth Terminal,Bp Canada Energy Group Ulc,,100.0% - Bp Canada Energy Group Ulc,,,,49.00158,-110.00785,01-01-001-01W4M
ABGP0001602,Suspended,* Imperial Redwater,GP,Redwater,Imperial Oil Resources Limited,,100.0% - Imperial Oil Resources Limited,,,,53.95451,-113.08431,07-29-057-21W4M
ABGP0001603,Suspended,Nce Pembina,GP,Pembina,Obsidian Energy Ltd.,,100.0% - Obsidian Energy Ltd.,,,,53.09245,-115.41874,01-32-047-10W5M
ABGP0001604,Abandoned,Viridian Sundance,GP,Viridian Sundance,Repsol Oil & Gas Canada Inc.,,100.0% - Repsol Oil & Gas Canada Inc.,,,,53.68106,-117.01379,11-22-054-21W5M
ABGP0001605,Suspended,Husky Edson 3-29,GP,Edson,Husky Oil Operations Limited,,100.0% - Husky Oil Operations Limited,,,,53.68848,-116.76856,03-29-054-19W5M
ABGP0001606,Suspended,Signalta Iron Springs,GP,Iron Springs,Houston Oil & Gas Ltd.,,100.0% - Houston Oil & Gas Ltd.,1985-01-01,,,49.88236,-112.73144,12-06-011-20W4M
ABGP0001607,Suspended,Chevron Medicine Lodge,GP,Medicine Lodge,Chevron Canada Limited,,100.0% - Sinopec Daylight Energy Ltd.,,,,53.47746,-117.02635,09-09-052-21W5M
ABGP0001608,Active,Sun Century Fenn West 14-18 Gp,GP,Fenn West,Sun Century Petroleum Corporation,,74.0% - Sun Century Petroleum Corporation; 20.0% - Storm Energy Inc.; 6.0% - Bearspaw Petroleum Ltd.,1987-01-01,,,52.09748,-112.85318,14-18-036-20W4M
ABGP0001609,Suspended,Valhalla 6-22-75-11W6,GP,Valhalla,Canadian Natural Resources Limited,,100.0% - Canadian Natural Resources Limited,,,,55.51047,-119.61948,06-22-075-11W6M
ABGP0001610,Active,Lynx Carbon,GP,Carbon,Lynx Energy Ulc,,100.0% - Lynx Energy Ulc,1988-01-01,,,51.52327,-113.00844,08-34-029-22W4M
ABGP0001611,Suspended,Paramount Liege N,GP,Liege Northre,Athabasca Oil Corporation,,100.0% - Athabasca Oil Corporation,1988-01-01,,,57.13528,-113.28283,01-10-094-21W4M
ABGP0001612,Suspended,Husky Valhalla Plant 1-12,GP,Valhalla,Tidewater Midstream And Infrastructure Ltd.,,100.0% - Tidewater Midstream And Infrastructure Ltd.,,,,55.47772,-119.2447,01-12-075-09W6M
ABGP0001613,Active,Archer Viking,GP,Hattie Lake North,Sequoia Resources Corp.,,100.0% - Sequoia Resources Corp.,,,,53.03953,-111.6779,11-10-047-12W4M
ABGP0001614,Active,Magin Three Hills Creek,GP,Three Hills Creek,Vantage Point Resources Inc.,,100.0% - Vantage Point Resources Inc.,2005-01-01,,,52.043,-113.67426,01-32-035-26W4M
ABGP0001615,Suspended,Aec Hoole,GP,Hoole North,Ovintiv Canada Ulc,,100.0% - Tidewater Midstream And Infrastructure Ltd.,,,,56.03697,-113.77396,10-24-081-25W4M
ABGP0001616,Suspended,Burlington Bonanza,GP,Bonanza,Conocophillips Canada Resources Corp.,,100.0% - Shoreline Energy Corp.,,,,56.03793,-119.63486,11-22-081-11W6M
ABGP0001617,Active,Gilby 01-04-042-03W5 Gas Plant,GP,Gilby,Tidewater Midstream And Infrastructure Ltd.,,50.0% - Tidewater Midstream And Infrastructure Ltd.; 38.0% - Mosaic Energy Ltd.; 12.0% - Nal Resources Limited,1988-01-01,,,52.58331,-114.36471,01-04-042-03W5M
ABGP0001618,Reclamation Exempt,* Anadarko Burdett,GP,Burdett,Repsol Oil & Gas Canada Inc.,,100.0% - Repsol Oil & Gas Canada Inc.,,,,49.74784,-111.23791,06-24-009-10W4M
ABGP0001619,Suspended,Joffre 10-18-38-26W4,GP,Joffre,Canadian Natural Resources Limited,,100.0% - Canadian Natural Resources Limited,,,,52.26853,-113.70386,10-18-038-26W4M
ABGP0001620,Active,Pancdn Badger,GP,Badger,Razor Energy Corp.,,100.0% - Razor Energy Corp.,,,,50.36639,-112.33842,13-19-016-17W4M
ABGP0001621,Abandoned,Burlington Ferrybank,GP,Ferrybank,Cenovus Energy Inc.,,100.0% - Cenovus Energy Inc.,,,,52.92518,-113.82215,12-35-045-27W4M
ABGP0001622,Active,Celsius Whitecourt,GP,Carson Creek East,Enerplus Corporation,,100.0% - Enerplus Corporation,1987-01-01,,,54.24148,-115.5609,02-03-061-11W5M
ABGP0001623,Active,Mosaic Jayar 6-8-62-3 W6,GP,Jayar,Strathcona Resources Ltd.,,100.0% - Strathcona Resources Ltd.,1982-01-01,,,54.3468,-118.41559,06-08-062-03W6M
ABGP0001624,Suspended,Husky Ansell 7-27,GP,Ansell,Husky Oil Operations Limited,,80.0% - Husky Oil Operations Limited; 15.0% - Ish Energy Ltd.; 5.0% - Arc Resources Ltd.,,,,53.43031,-116.71311,07-27-051-19W5M
ABGP0001625,Active,Keyera Cynthia 6-28 Gas Plant,GP,Cynthia Gas Plant,Keyera Energy Ltd.,,94.0% - Keyera Energy Ltd.; 5.0% - Whitecap Resources Inc.; 0.5% - Enerplus Energy Ltd.; 0.5% - Vermilion Energy Inc.,,,,53.25607,-115.55272,06-28-049-11W5M
ABGP0001626,Suspended,Pembina 9-16-49-8W5,GP,Pembina West,Canadian Natural Resources Limited,,100.0% - Canadian Natural Resources Limited,1991-01-01,,,53.23068,-115.10174,09-16-049-08W5M
ABGP0001627,Suspended,Coastal Cessford,GP,Cessford,Success Resources Ltd.,,100.0% - Success Resources Ltd.,,,,51.28328,-111.85968,16-02-027-14W4M
ABGP0001628,Active,Acheson 05-02-052-26W4 Gas Plant,GP,Acheson,Tidewater Midstream And Infrastructure Ltd.,,100.0% - Tidewater Midstream And Infrastructure Ltd.,1982-01-01,,,53.54673,-113.73491,05-02-053-26W4M
ABGP0001629,Active,Ksituan 7-22-78-9W6,GP,Progress,Canadian Natural Resources Limited,,100.0% - Canadian Natural Resources Limited,1990-01-01,,,55.77222,-119.30289,07-22-078-09W6M
ABGP0001630,Suspended,Mcleod Valley 7-26-55-14W5,GP,Mcleod Valley,Cenovus Energy Inc.,,54.6% - Cenovus Energy Inc.,,,,53.77948,-115.96781,07-26-055-14W5M
ABGP0001631,Active,Worsley 14-28-87-7W6,GP,Worsley,Canadian Natural Resources Limited,,100.0% - Canadian Natural Resources Limited,1990-01-01,,,56.57923,-119.05523,14-28-087-07W6M
ABGP0001632,Abandoned,Apache Provost,GP,Sour Goose,Karve Energy Inc.,,100.0% - Battle River Energy Ltd.,,,,52.07928,-110.63878,11-10-036-05W4M
ABGP0001633,Suspended,Claresholm 15-36-12-27W4,GP,Claresholm,Canadian Natural Resources Limited,,100.0% - Canadian Natural Resources Limited,1990-01-01,,,50.04646,-113.55845,15-36-012-27W4M
ABGP0001634,Suspended,Gibson Pouce Coupe,GP,Mica,Altagas Ltd.,,100.0% - Altagas Ltd.,,,,55.98713,-119.94802,03-03-081-13W6M
ABGP0001635,Active,Adanac Tomahawk,GP,Tomahawk,Adanac Oil & Gas Limited,,100.0% - Adanac Oil & Gas Limited,,,,53.52499,-114.87677,14-30-052-06W5M
ABGP0001636,Abandoned,* Crestar Valhalla,GP,Crestar Valhalla,Conocophillips Canada Energy Partnership,,100.0% - Canadian Natural Resources Limited,,,,55.55782,-119.15409,11-03-076-08W6M
ABGP0001637,Suspended,Cabre Joarcam,GP,Joarcam,Enerplus Corporation,,100.0% - Enerplus Corporation,,,,53.24144,-112.97357,05-23-049-21W4M
ABGP0001638,Abandoned,Atco Campbell-Namao,GP,Carbondale,Atco Energy Solutions Ltd.,,100.0% - Atco Energy Solutions Ltd.,1991-01-01,,,53.72172,-113.58593,06-01-055-25W4M
ABGP0001639,Suspended,Bonavista Worsley,GP,Worsley,Bonavista Energy Corporation,,100.0% - Direct Oil & Gas Inc.,,,,56.58283,-118.44252,03-32-087-03W6M
ABGP0001640,Abandoned,* Cabre Mcgregor,GP,Cabre Mcgregor,Enermark Inc.,,100.0% - Ipc Canada Ltd.,,,,50.48666,-112.71082,01-05-018-20W4M
ABGP0001641,Active,Belloy 16-36-79-3W6,GP,Belloy Northwest,Canadian Natural Resources Limited,,1.5% - Arc Resources Ltd.; 3.8% - Barnwell Of Canada  Limited; 0.6% - Chair Resources Inc.; 2.9% - Pengrowth Energy Corporation; 0.3% - Signalta Resources Limited; 4.2% - Taqa North; 86.4% - Canadian Natural Resources Limited,1980-01-01,,,55.8965,-118.31707,16-36-079-03W6M
ABGP0001642,Active,Cypress Thorsby,GP,Thorsby 1,Petrus Resources Corp.,,100.0% - Petrus Resources Corp.,,,,53.22696,-114.03539,07-14-049-01W5M
ABGP0001643,Abandoned,* Shell Caroline,GP,Caroline,Shell Canada Limited,,100.0% - Shell Canada Limited,,,,51.8842,-114.80783,01-05-034-06W5M
ABGP0001644,Suspended,Newport Pouce Coupe,GP,Pouce Coupe South,Kelt Exploration Ltd.,,62.7% - Kelt Exploration Ltd.,1991-01-01,,,55.75036,-119.68433,16-07-078-11W6M
ABGP0001645,Suspended,Belloy 13-16-78-1W6,GP,Belloy,Canadian Natural Resources Limited,,100.0% - Canadian Natural Resources Limited,,,,55.76511,-118.10054,13-16-078-01W6M
ABGP0001646,Active,Pembina-Sunnybrook 15-22-48-2W5,GP,Sunnybrook South,Petrus Resources Corp.,,100.0% - Petrus Resources Corp.,1990-01-01,,,53.16136,-114.20602,15-22-048-02W5M
ABGP0001647,Abandoned,Rife Ferintosh,GP,Ferintosh,Rife Resources Ltd.,,65.0% - Rife Resources Ltd.; 35.0% - Baytex Energy Ltd.,1981-01-01,,,52.77602,-112.90978,08-12-044-21W4M
ABGP0001648,Suspended,* Blue Range Joffre,GP,Blue Range Joffre,Blue Range Resource Corporation,,100.0% - Blue Range Resource Corporation,,,,52.2359,-113.37683,06-04-038-24W4M
ABGP0001649,Active,Cecil 08-15-084-08W6,GP,Cecil,Canadian Natural Resources Limited,,100.0% - Canadian Natural Resources Limited,1990-01-01,,,56.28201,-119.16432,08-15-084-08W6M
ABGP0001650,Suspended,Husky Bolloque 16-2,GP,Bolloque,Husky Oil Operations Limited,,100.0% - Husky Oil Operations Limited,,,,54.59994,-113.66365,16-02-065-25W4M
ABGP0001651,Active,Alder 10-9-45-8W5,GP,Alder Flats,Cenovus Energy Inc.,,9.0% - Taqa North Ltd.; 20.0% - Bellatrix Exploration Ltd.; 70.0% - Cenovus Energy Inc.,1991-01-01,,,52.86763,-115.0982,10-09-045-08W5M
ABGP0001652,Suspended,* Deminex Cherhill,GP,Deminex Cherhill,2349507 Canada Inc.,,100.0% - 2349507 Canada Inc.,,,,53.92075,-114.71779,04-17-057-05W5M
ABGP0001653,Abandoned,Cypress Thorsby,GP,Cypressthorsby,Taqa North Ltd.,,100.0% - Petrus Resources Corp.,,,,53.2123,-113.99118,06-11-049-28W4M
ABGP0001654,Suspended,Keywest Swalwell 10-15,GP,Swalwell,Taqa North Ltd.,,100.0% - Taqa North Ltd.,,,,51.48342,-113.2955,10-15-029-24W4M
ABGP0001655,Suspended,Aec Hoole,GP,Wabasca,Tidewater Midstream And Infrastructure Ltd.,,100.0% - Tidewater Midstream And Infrastructure Ltd.,1980-01-01,,,55.98242,-113.76757,16-36-080-25W4M
ABGP0001656,Suspended,Atco Riviere,GP,Riviere,Atco Energy Solutions Ltd.,,100.0% - Husky Oil Operations Limited,,,,53.69575,-113.96227,09-30-054-27W4M
ABGP0001657,Reclamation Certified,Altagas Kneller,GP,Kneller,Altagas Ltd.,,100.0% - Altagas Ltd.,,,,53.24863,-113.2844,14-22-049-23W4M
ABGP0001658,Abandoned,Gibson Rainbow Lake,GP,Rainbow,Altagas Ltd.,,100.0% - Altagas Ltd.,1991-01-01,,,58.56701,-119.19621,12-24-110-08W6M
ABGP0001659,Abandoned,* Talisman Ferrier,GP,Ferrier,Repsol Oil & Gas Canada Inc.,,100.0% - Enerplus Corporation,,,,52.39767,-115.11392,07-32-039-08W5M
ABGP0001660,Suspended,Regco Oldman,GP,Regco Oldman,Regco Petroleums Ltd.,,100.0% - Regco Petroleums Ltd.,,,,53.8301,-116.99583,13-12-056-21W5M
ABGP0001661,Active,Hamburg North 11-14-97-11W6,GP,Hamburg 11-14,Canadian Natural Resources Limited,,100.0% - Canadian Natural Resources Limited,1992-01-01,,,57.41901,-119.67,11-14-097-11W6M
ABGP0001662,Active,Shell Caroline,GP,Caroline Complex,Pieridae Alberta Production Ltd.,,14.4% - Husky Oil (Alberta) Ltd; 8.2% - Harvest Operations Corp.; 3.1% - Devon Energy Canada Corporation; 0.2% - Clearview Resources Ltd.; 0.1% - Bonavista Energy Corporation; 73.9% - Shell Canada Limited,1992-01-01,,,51.96409,-114.75452,12-35-034-06W5M
ABGP0001663,Active,Pancdn Countess,GP,Rosemary,Torxen Energy Ltd.,,100.0% - Torxen Energy Ltd.,,,,50.79585,-112.01577,08-21-021-15W4M
ABGP0001664,Active,Keyspan Worsley,GP,Worsley,Direct Oil & Gas Inc.,,100.0% - Direct Oil & Gas Inc.,1992-01-01,,,56.561,-119.02862,11-22-087-07W6M
ABGP0001665,Abandoned,* Crestar Long Coulee,GP,Crestar Long Coulee,Conocophillips Canada Energy Partnership,,100.0% - Surge Energy Inc.,,,,50.19896,-113.01019,08-25-014-23W4M
ABGP0001666,Active,Cecilia 14-36-57-23W5,GP,Cecilia,Canadian Natural Resources Limited,,100.0% - Canadian Natural Resources Limited,,,,53.97558,-117.28705,14-36-057-23W5M
ABGP0001667,Suspended,Shane Gas Plant,GP,Shane Gas Plant,Repsol Oil & Gas Canada Inc.,,100.0% - Hanna Oil & Gas Company - Canada Ulc,,,,55.7577,-118.29484,07-18-078-02W6M
ABGP0001668,Active,Spectra Gordondale East Gas Plant,GP,Gordondale East,Northriver Midstream Inc.,,100.0% - Northriver Midstream Inc.,1991-01-01,,,55.87804,-119.29542,11-26-079-09W6M
ABGP0001669,Active,Wolf South 5-1-51-15W5,GP,Wolf South,Cenovus Energy Inc.,,100.0% - Cenovus Energy Inc.,1993-01-01,,,53.37212,-116.08649,05-01-051-15W5M
ABGP0001670,Abandoned,Altagas Antelope,GP,Antelope,Campus Energy Partners Operations Inc.,,100.0% - Altagas Ltd.,,,,51.57441,-110.00797,16-13-030-01W4M
ABGP0001671,Suspended,Kereco Bilawchuk,GP,Mulligan,Kelt Exploration Ltd.,,100.0% - Kelt Exploration Ltd.,,,,56.00883,-119.07393,09-07-081-07W6M
ABGP0001672,Active,D Energy Watelet 8-18-48-26W4,GP,Watelet,Canlin Resources Partnership,,,1995-01-01,,,53.13968,-113.78411,08-18-048-26W4M
ABGP0001673,Active,Queenstown 4-22-19-21W4,GP,Queenstown,Canadian Natural Resources Limited,,100.0% - Canadian Natural Resources Limited,1993-01-01,,,50.61775,-112.84104,04-22-019-21W4M
ABGP0001674,Active,Journey Herronton,GP,Herronton,Journey Energy Inc.,,100.0% - Journey Energy Inc.,1992-01-01,,,50.60336,-113.3779,01-15-019-25W4M
ABGP0001675,Suspended,Husky Stewart Lake 1-23,GP,Stewart Lake,Ember Resources Inc.,,10.0% - Bumper Development Corporation Ltd.; 18.0% - Eog Resources Canada Inc.; 72.0% - Ember Resources Inc.,1993-01-01,,,51.75285,-113.85835,01-23-032-28W4M
ABGP0001676,Active,Midwest Leduc-Woodbend,GP,Calmar,Nep Canada Ulc,,100.0% - Nep Canada Ulc,1997-01-01,,,53.24139,-113.83897,07-23-049-27W4M
ABGP0001677,Suspended,Bonavista Cessford,GP,Cessford,Journey Energy Inc.,,100.0% - Journey Energy Inc.,1970-01-01,,,50.98873,-111.74052,11-27-023-13W4M
ABGP0001678,Active,Kakut 14-12-75-3W6,GP,Kakut,Long Run Exploration Ltd.,,100.0% - Long Run Exploration Ltd.,,,,55.48862,-118.32679,14-12-075-03W6M
ABGP0001679,Active,Bonavista Cherhill,GP,Cherhill Solution Gas Conservation,Long Run Exploration Ltd.,,100.0% - Long Run Exploration Ltd.,,,,53.86254,-114.75504,02-25-056-06W5M
ABGP0001680,Suspended,Surge Hotchkiss,GP,Stowe Creek,Surge Energy Inc.,,100.0% - Surge Energy Inc.,1994-01-01,,,57.06653,-118.03088,08-14-093-01W6M
ABGP0001681,Active,Northrock Deanne 5-4,GP,Deane,Taqa North Ltd.,,85.4% - Taqa North Ltd.; 14.6% - Westbow Energy Inc.,,,,52.32488,-115.53337,05-04-039-11W5M
ABGP0001682,Active,Saleski 5-8,GP,Thickwood,Sequoia Resources Corp.,,62.0% - Sequoia Resources Corp.; 30.0% - Harvest Operations Corp.; 8.0% - Progress Energy Resources Corp.,1985-01-01,,,56.6152,-112.8462,05-08-088-18W4M
ABGP0001683,Suspended,Devon Culp,GP,Culp,Canadian Natural Resources Limited,,100.0% - Canadian Natural Resources Limited,,,,55.82337,-117.6326,16-02-079-24W5M
ABGP0001684,Active,Apache Provost,GP,Provost,Battle River Energy Ltd.,,30.0% - Paramount Resources (Acl) Ltd.; 60.0% - Battle River Energy Ltd.; 10.0% - Provident Energy Ltd.,1990-01-01,,,52.334,-111.35742,02-10-039-10W4M
ABGP0001685,Suspended,Husky Cadotte 10-34,GP,Simons Lake,Obsidian Energy Ltd.,,100.0% - Obsidian Energy Ltd.,1989-01-01,,,56.50279,-116.7522,10-34-086-18W5M
ABGP0001686,Suspended,Waskahigan West  11-14-63-22W5,GP,Waskahigan,Ridgeback Resources Inc.,,100.0% - Arc Resources Ltd.,,,,54.45259,-117.21786,11-14-063-22W5M
ABGP0001687,Active,D Energy Woodriver 1-28-43-23W4,GP,Wood River,Ember Resources Inc.,,100.0% - Ember Resources Inc.,,,,52.72873,-113.27246,01-28-043-23W4M
ABGP0001688,Active,Stettler 8-24-38-19W4,GP,Beltz Lake,Canadian Natural Resources Limited,,100.0% - Canadian Natural Resources Limited,1993-01-01,,,52.27983,-112.57945,08-24-038-19W4M
ABGP0001689,Abandoned,Keyspan Northstar,GP,Northstar,Bonavista Energy Corporation,,100.0% - Sydco Energy Inc.,,,,56.81552,-117.58774,04-22-090-23W5M
ABGP0001690,Active,Husky Galahad 1-14,GP,Hastings Coulee,Alphabow Energy Ltd.,,100.0% - Alphabow Energy Ltd.,1994-01-01,,,52.52325,-112.04727,01-14-041-15W4M
ABGP0001691,Suspended,Husky Taber South,GP,Taber South,Husky Oil Operations Limited,,100.0% - Husky Oil Operations Limited,,,,49.69665,-112.28802,16-31-008-17W4M
ABGP0001692,Suspended,Paramount Kaybob,GP,Kaybob North,Paramount Resources Ltd.,,100.0% - Paramount Resources Ltd.,,,,54.50712,-116.44261,05-01-064-17W5M
ABGP0001693,Active,Pengrowth Mcleod,GP,Mcleod,Pine Cliff Energy Ltd.,,70.0% - Pine Cliff Energy Ltd.,,,,53.83016,-115.9371,16-12-056-14W5M
ABGP0001694,Active,Summit Craigmyle,GP,Chain,Tallahassee Exploration Inc.,,100.0% - Tallahassee Exploration Inc.,,,,51.81451,-112.45292,06-11-033-18W4M
ABGP0001695,Suspended,Pancdn Provost,GP,Thompson Lake,Husky Oil Operations Limited,,100.0% - Alphabow Energy Ltd.,1993-01-01,,,52.4758,-111.44118,13-30-040-10W4M
ABGP0001696,Suspended,Bear Canyon 1-18-84-12W6,GP,Boundary Lake South,Canadian Natural Resources Limited,,100.0% - Canadian Natural Resources Limited,,,,56.2774,-119.87603,01-18-084-12W6M
ABGP0001697,Active,Shinning Bank Gas Plant,GP,Shiningbank,Ish Energy Ltd.,,100.0% - Ish Energy Ltd.,1994-01-01,,,53.82654,-116.38911,10-12-056-17W5M
ABGP0001698,Active,Midcoast Provost,GP,Hansman North,Surge Energy Inc.,,100.0% - Surge Energy Inc.,1994-01-01,,,52.43952,-110.31998,08-14-040-03W4M
ABGP0001699,Suspended,Western Facility Managmentfenn-Big Valley,GP,Western Facility Management Fenn-Big Valley,Keyera Energy Ltd.,,100.0% - Keyera Energy Ltd.,,,,52.09024,-112.76383,05-14-036-20W4M
ABGP0001700,Active,Buck Creek Frac Plant,GP,Buck Creek Fractionation Plant,Plains Midstream Canada Ulc,,100.0% - Plains Midstream Canada Ulc,1958-01-01,,,53.16142,-114.90048,13-24-048-07W5M
ABGP0001701,Active,Keyera Fort Sask Frac Plant,GP,Fort Saskatchewan Fractionation Facility,Keyera Energy Ltd.,,76.7% - Keyera Energy Ltd.; 21.3% - Plains Midstream Canada Ulc; 2.0% - Exxonmobil Canada Energy,1972-01-01,,,53.74681,-113.15836,02-14-055-22W4M
ABGP0001702,Active,Gibson Hardisty,GP,Hardisty Liquids Fractionation Plant,Gibson Energy Ulc,,100.0% - Gibson Energy Ulc,1982-01-01,,,52.63257,-111.26761,11-20-042-09W4M
ABGP0001703,Active,Plains Fort Sask Frac Plant,GP,Fort Saskatchewan Liquids Storage And Fractionation Plant,Plains Midstream Canada Ulc,,100.0% - Plains Midstream Canada Ulc,1972-01-01,,,53.76145,-113.15822,02-23-055-22W4M
ABGP0001704,Abandoned,Stittco Kemp,GP,Kemp River Fractionation Plant,Stittco Energy Limited,,100.0% - Nottingham Midstream Limited,,,,57.5575,-117.5337,01-04-099-22W5M
ABGP0001705,Suspended,Trisol Caroline,GP,Trisol Caroline,Enerchem International Inc.,,100.0% - Taqa North Ltd.,,,,51.85515,-114.74864,03-26-033-06W5M
ABGP0001706,Active,Dow Fort Saskatchewan,GP,Fort Saskatchewan De-Ethanization And Fractionation Facility,Dow Chemical Canada Ulc,,100.0% - Dow Chemical Canada Ulc,,,,53.74704,-113.12746,01-13-055-22W4M
ABGP0001707,Active,Pembina Infra. & Logistics Lp Frac 1,GP,Redwater Fractionation And Storage Facility,Pembina Ngl Corporation,,100.0% - Pembina Ngl Corporation,1998-01-01,,,53.81249,-113.12761,09-01-056-22W4M
ABGP0001713,Active,Viking-Kinsella 13-31-48-12W4,GP,Viking,Pine Cliff Energy Ltd.,,100.0% - Pine Cliff Energy Ltd.,,,,53.18848,-111.75698,13-31-048-12W4M
ABGP0001714,Suspended,Husky Galloway Gp Sundance 12-05,GP,Galloway,Husky Oil Operations Limited,,100.0% - Husky Oil Operations Limited,,,,53.63759,-116.9217,12-05-054-20W5M
ABGP0001715,Active,Husky Deny Kiskiu Smoky River 14-09,GP,Kiskiu,Briko Energy Corp.,,100.0% - Briko Energy Corp.,2002-01-01,,,54.00488,-118.24458,13-09-058-02W6M
ABGP0001716,Suspended,Encana Peoria And Shane 06-20,GP,Peoria Shane,Verity Energy Ltd.,,100.0% - Topanga Resources Ltd.,,,,55.59777,-118.27515,06-20-076-02W6M
ABGP0001717,Suspended,00/05-36-061-18W5 Fox Creek,GP,Fox Creek,Sinopec Daylight Energy Ltd.,,100.0% - Sinopec Daylight Energy Ltd.,,,,54.31771,-116.5731,05-36-061-18W5M
ABGP0001718,Active,Berland River West 14-23-58-26W5,GP,Horse Leland,Canadian Natural Resources Limited,,10.0% - Conocophillips Canada Limited; 10.0% - Encana Corporation; 80.0% - Canadian Natural Resources Limited,1999-01-01,,,54.03376,-117.75789,14-23-058-26W5M
ABGP0001719,Suspended,Encana Verger 16-07,GP,Verger,Torxen Energy Ltd.,,100.0% - Torxen Energy Ltd.,,,,50.77394,-111.78487,16-07-021-13W4M
ABGP0001720,Active,Talisman Benson Pembina 08-30,GP,Knob Hill,Inplay Oil Corp.,,100.0% - Inplay Oil Corp.,,,,52.99446,-114.12572,08-30-046-01W5M
ABGP0001727,Suspended,Husky Delia 1-13,GP,Mckee Lake,Trident Exploration (Alberta) Corp.,,100.0% - Tallahassee Exploration Inc.,1984-01-01,,,51.73815,-112.55936,01-13-032-19W4M
ABGP0001728,Suspended,Percy Lake 4-28-48-10W4,GP,Viking,Pine Cliff Energy Ltd.,,100.0% - Pine Cliff Energy Ltd.,,,,53.16336,-111.4157,04-28-048-10W4M
ABGP0001729,Abandoned,Calvalley Rainbow,GP,Calvalley Rainbow,Links Northern Resources Ltd.,,100.0% - Winter Petroleum Ltd.,,,,58.59968,-118.61046,13-33-110-04W6M
ABGP0001730,Active,Carvel 15-28 Gas Plant,GP,Carvel,Nep Canada Ulc,,100.0% - Nep Canada Ulc,1998-01-01,,,53.61211,-114.23204,15-28-053-02W5M
ABGP0001731,Active,Bearspaw East Drumheller 4-30,GP,Drumheller East,Bearspaw Petroleum Ltd.,,100.0% - Bearspaw Petroleum Ltd.,,,,51.50513,-112.67405,04-30-029-19W4M
ABGP0001732,Active,Bonavista Tees,GP,Chigwell,Ember Resources Inc.,,100.0% - Ember Resources Inc.,1998-01-01,,,52.51577,-113.3604,12-11-041-24W4M
ABGP0001733,Suspended,Penn West Esther 6-36,GP,Esther,Obsidian Energy Ltd.,,100.0% - Obsidian Energy Ltd.,,,,51.65452,-110.09059,06-16-031-01W4M
ABGP0001734,Suspended,Eyremore 16-7-17-18W4,GP,Badger Eyemoor,Sanling Energy Ltd.,,100.0% - Sanling Energy Ltd.,,,,50.42464,-112.45886,16-07-017-18W4M
ABGP0001735,Suspended,George 6-32-82-5W6,GP,George,Canadian Natural Resources Limited,,100.0% - Canadian Natural Resources Limited,,,,56.15067,-118.74761,06-32-082-05W6M
ABGP0001736,Abandoned,Worsley 4-23-87-5W6,GP,Worsley,Canadian Natural Resources Limited,,100.0% - Canadian Natural Resources Limited,,,,56.55376,-118.68884,04-23-087-05W6M
ABGP0001737,Active,Apache Nevis 6-24,GP,Alix,Ember Resources Inc.,,100.0% - Ember Resources Inc.,,,,52.36675,-113.18653,06-24-039-23W4M
ABGP0001738,Suspended,Gulf Steen River 9-17,GP,Steen River,Tallahassee Exploration Inc.,,100.0% - Tallahassee Exploration Inc.,1999-01-01,,,59.59975,-117.39773,09-17-122-20W5M
ABGP0001739,Active,Pcr Bantry North 1-8,GP,Bantry North,Torxen Energy Ltd.,,100.0% - Torxen Energy Ltd.,,,,50.67574,-111.76175,01-08-020-13W4M
ABGP0001740,Active,Musreau 4-25-62-6W6,GP,Musreau,Pembina Gas Services Ltd.,,100.0% - Pembina Gas Services Ltd.,,,,54.38698,-118.77154,04-25-062-06W6M
ABGP0001741,Suspended,Shiiningbank Blueridge 6-33,GP,Blue Ridge,Taqa North Ltd.,,100.0% - Taqa North Ltd.,1999-01-01,,,54.23044,-115.29208,06-33-060-09W5M
ABGP0001742,Suspended,Ang Et Al Pembina 11-17,GP,Pembina Sweetening Facility,Bonterra Energy Corp.,,62.5% - Bonterra Energy Corp.; 25.0% - Signalta Resources Limited; 12.5% - Primewest Energy Inc.,1998-01-01,,,53.23071,-114.55308,11-17-049-04W5M
ABGP0001743,Suspended,Husky Provost 2-31,GP,Provost,Husky Oil Operations Limited,,100.0% - Altagas Ltd.,,,,51.69442,-111.54945,02-31-031-11W4M
ABGP0001744,Suspended,Coparex Clayhurst Gas Plant,GP,Clayhurst,Distinction Energy Corp.,,100.0% - Tidewater Midstream And Infrastructure Ltd.,1996-01-01,,,56.19828,-118.65631,12-13-083-05W6M
ABGP0001745,Suspended,00/11-02-056-02W5 Cardiff Gp,GP,Alexander,Sinopec Daylight Energy Ltd.,,100.0% - Sinopec Daylight Energy Ltd.,,,,53.81212,-114.19085,11-02-056-02W5M
ABGP0001746,Active,Spectra Pouce Coupe 5-23 Gas Plant,GP,Pouce Coupe,Northriver Midstream Inc.,,100.0% - Northriver Midstream Inc.,,,,55.94703,-119.92836,05-23-080-13W6M
ABGP0001747,Active,Pengrowth Brent 5-11 Gas Plant,GP,Brent,Alphabow Energy Ltd.,,100.0% - Alphabow Energy Ltd.,1999-01-01,,,51.90176,-111.60852,05-11-034-12W4M
ABGP0001748,Suspended,Crooked Lake 6-5-63-22W5,GP,Crooked Lake,Canadian Natural Resources Limited,,100.0% - Canadian Natural Resources Limited,1999-01-01,,,54.41986,-117.29377,06-05-063-22W5M
ABGP0001749,Suspended,Northrock Girouxville 12-28,GP,Girouxville East,Taqa North Ltd.,,100.0% - Long Run Exploration Ltd.,1999-01-01,,,55.61599,-117.36081,12-28-076-22W5M
ABGP0001750,Suspended,* Imperial Injection,GP,Imperial Injection,Imperial Oil Resources Limited,,100.0% - Imperial Oil Resources Limited,,,,53.04881,-113.91788,03-17-047-27W4M
ABGP0001751,Active,Deanne 03-06-039-11W5,GP,Strachan Deanne,Tidewater Midstream And Infrastructure Ltd.,,100.0% - Tidewater Midstream And Infrastructure Ltd.,1999-01-01,,,52.32115,-115.57545,03-06-039-11W5M
ABGP0001752,Suspended,Falher 4-21-78-23W5,GP,Falher,Long Run Exploration Ltd.,,100.0% - Long Run Exploration Ltd.,,,,55.76863,-117.51574,04-21-078-23W5M
ABGP0001753,Active,Husky Steele Bolloque 4-26,GP,Steel Bolloque,Sequoia Resources Corp.,,100.0% - Sequoia Resources Corp.,1987-01-01,,,54.56002,-113.83349,04-26-064-26W4M
ABGP0001754,Reclamation Certified,Terraquest Twog Bow Island 9-5,GP,Terraquest Twog Bow Island,Zargon Oil & Gas Ltd.,,100.0% - Novus Energy Inc.,,,,49.79461,-111.45249,09-05-010-11W4M
ABGP0001755,Suspended,Devon Berwyn Gas Plant,GP,Berwyn,Long Run Exploration Ltd.,,75.0% - Long Run Exploration Ltd.; 25.0% - Masters Energy Inc.,2000-01-01,,,56.15061,-117.91934,08-36-082-26W5M
ABGP0001756,Suspended,Aec West Hythe 14-18,GP,Aec West Hythe,Encana Western Resources Ltd.,,100.0% - Veresen Midstream General Partner Inc.,,,,55.41237,-119.83645,11-18-074-12W6M
ABGP0001757,Suspended,Husky Galloway 12-5,GP,Husky Galloway,Husky Oil Operations Limited,,100.0% - Husky Oil Operations Limited,,,,53.63759,-116.9217,12-05-054-20W5M
ABGP0001758,Active,Worsley Gas Plant 8-21,GP,Worsley,Enercapita Energy Ltd.,,100.0% - Enercapita Energy Ltd.,,,,56.55738,-119.36149,08-21-087-09W6M
ABGP0001759,Active,Ansell 7-27-51-19W5,GP,Ansell,Canadian Natural Resources Limited,,100.0% - Canadian Natural Resources Limited,1988-01-01,,,53.43031,-116.71311,07-27-051-19W5M
ABGP0001760,Suspended,Aec East Cypress 8-3,GP,Aec East Cypress,Ovintiv Canada Ulc,,100.0% - Spartan Delta Corp.,,,,49.52929,-110.05307,08-03-007-01W4M
ABGP0001761,Active,Louis Bull 03-18-045-25W4 Gas Plant,GP,Louis Bull,Axiom Oil And Gas Inc.,,100.0% - Axiom Oil And Gas Inc.,1999-01-01,,,52.87437,-113.62292,03-18-045-25W4M
ABGP0001764,Suspended,Olympia Wildcat Hills,GP,Olympia Wildcat Hills,Manitok Energy Inc.,,100.0% - Persist Oil And Gas Inc.,,,,51.21796,-114.63832,07-16-026-05W5M
ABGP0001765,Suspended,Bearspaw Marlowe 1-28,GP,Marlowe,Tallahassee Exploration Inc.,,100.0% - Tallahassee Exploration Inc.,1999-01-01,,,59.62166,-117.71396,01-28-122-22W5M
ABGP0001766,Active,Peyto Oldman 11-17,GP,Oldman,Peyto Exploration & Development Corp.,,100.0% - Peyto Exploration & Development Corp.,1999-01-01,,,53.75393,-117.08878,11-17-055-21W5M
ABGP0001767,Suspended,Paramount South Liege Gas Plant,GP,Liege South,Athabasca Oil Corporation,,100.0% - Athabasca Oil Corporation,1985-01-01,,,56.83344,-113.10558,06-27-090-20W4M
ABGP0001768,Active,Nal Sturgeon Lake Gas Plant,GP,Sturgeon Lake South,Whitecap Resources Inc.,,50.0% - Whitecap Resources Inc.; 50.0% - Conocophillips Canada Resources Corp.,1985-01-01,,,54.96489,-117.65894,13-07-069-24W5M
ABGP0001769,Suspended,Encounter Keho Gas Plant,GP,Iron Springs,Tamarack Acquisition Corp.,,100.0% - Tamarack Acquisition Corp.,2000-01-01,,,49.81276,-112.83786,14-07-010-21W4M
ABGP0001770,Suspended,Altagas Kirkpatrick Lake Gas Plant,GP,Kirkpatrick Lake,Altagas Ltd.,,100.0% - Altagas Ltd.,,,,51.77087,-111.41942,05-30-032-10W4M
ABGP0001771,Suspended,Mclean Creek 11-5-76-22W5 Plant,GP,Girouxville East,Long Run Exploration Ltd.,,100.0% - Long Run Exploration Ltd.,,,,55.5578,-117.3803,11-05-076-22W5M
ABGP0001772,Suspended,Victoria Mulligan 16-6 Gas Plant,GP,Victoria Mulligan,Victoria Gas Ltd.,,100.0% - Victoria Gas Ltd.,,,,55.99795,-119.23056,16-06-081-08W6M
ABGP0001773,Suspended,Pengrowth Nipisi 4-8,GP,Nipisi,Anterra Energy Inc.,,100.0% - Summerland Energy Inc.,,,,55.82714,-115.22382,04-08-079-08W5M
ABGP0001774,Active,Cabre Joarcam 6-29,GP,Joarcam,Enerplus Corporation,,100.0% - Enerplus Corporation,2000-01-01,,,53.25608,-113.04063,06-29-049-21W4M
ABGP0001775,Active,West Culp 5-34-78-25W5,GP,West Culp,Canadian Natural Resources Limited,,100.0% - Canadian Natural Resources Limited,,,,55.80139,-117.79997,05-34-078-25W5M
ABGP0001776,Active,Defiant Energy Sunset Plant 6-22,GP,Sunset B,Enercapita Energy Ltd.,,100.0% - Enercapita Energy Ltd.,1999-01-01,,,55.07408,-116.96612,06-22-070-20W5M
ABGP0001777,Active,Burlington Resthaven 1-36,GP,Resthaven,Cenovus Energy Inc.,,50.0% - Cenovus Energy Inc.; 50.0% - Paramount Resources Ltd.,2000-01-01,,,54.22681,-118.30331,01-36-060-03W6M
ABGP0001778,Suspended,Atco Widewater Gas Plant 6-8,GP,Widewater,Ipc Canada Ltd.,,100.0% - Ipc Canada Ltd.,2001-01-01,,,55.30692,-115.04347,06-08-073-07W5M
ABGP0001779,Suspended,Campus Esther,GP,Esther,Campus Energy Partners Operations Inc.,,100.0% - Campus Energy Partners Operations Inc.,2000-01-01,,,51.65089,-110.19089,04-14-031-02W4M
ABGP0001780,Suspended,Kelt Copton Gp 11-25,GP,Grande Cache,Kelt Exploration Ltd.,,100.0% - Kelt Exploration Ltd.,2000-01-01,,,54.13224,-119.21528,11-25-059-09W6M
ABGP0001781,Suspended,Conco Sutton 03-31,GP,Sutton,Bonavista Energy Corporation,,100.0% - Sydco Energy Inc.,,,,56.93193,-118.15145,03-31-091-01W6M
ABGP0001782,Active,Pcp Countess,GP,Scandia,Torxen Energy Ltd.,,100.0% - Torxen Energy Ltd.,1997-01-01,,,50.5011,-112.22379,04-12-018-17W4M
ABGP0001783,Suspended,Dominion East Bruce 10-01,GP,Bruce East,1333002 Alberta Ltd.,,100.0% - Sequoia Resources Corp.,,,,53.11422,-112.05992,10-01-048-15W4M
ABGP0001784,Suspended,Monolith Red Willow 7-26,GP,Red Willow,Obsidian Energy Ltd.,,25.0% - Crew Energy Inc.; 75.0% - Obsidian Energy Ltd.,1995-01-01,,,52.3813,-112.19718,07-26-039-16W4M
ABGP0001785,Suspended,Aec Oil & Gas Martain Hills,GP,Marten Creek,Axiom Oil And Gas Inc.,,100.0% - Axiom Oil And Gas Inc.,,,,55.64488,-114.65784,10-02-077-05W5M
ABGP0001786,Active,Bp Canada Callum Creek 2-24,GP,Callum Creek,Lexin Resources Ltd.,,100.0% - Lexin Resources Ltd.,2001-01-01,,,50.00702,-114.14606,02-24-012-02W5M
ABGP0001787,Suspended,Nce Pembina 10-14,GP,Warburg,Bonavista Energy Corporation,,100.0% - Bonavista Energy Corporation,2001-01-01,,,53.14326,-114.32777,10-14-048-03W5M
ABGP0001788,Active,Watts East 2-4-31-15W4,GP,Watts East,Canadian Natural Resources Limited,,85.0% - Canadian Natural Resources Limited; 15.0% - Nal Resources Limited,,,,51.62177,-112.06911,02-04-031-15W4M
ABGP0001789,Suspended,Hadrian Highvale 7-14,GP,Hadrian Highvale,Nep Canada Ulc,,30.0% - Zargon Oil & Gas Ltd.; 70.0% - Nep Canada Ulc,2001-01-01,,,53.48866,-114.47773,07-14-052-04W5M
ABGP0001790,Suspended,Aec Haro 13-17,GP,Haro 2,Long Run Exploration Ltd.,,100.0% - Long Run Exploration Ltd.,2000-01-01,,,57.85878,-118.29785,13-17-102-02W6M
ABGP0001791,Active,Trilogy Clover 9-34 Plant #2,GP,Para Clover Plant 2,Paramount Resources Ltd.,,21.8% - Canadian Natural Resources Limited; 78.2% - Paramount Resources Ltd.,2001-01-01,,,54.23406,-116.60467,09-34-060-18W5M
ABGP0001792,Suspended,Vermilion Peoria 6-20,GP,Peoria,Advantage Energy Ltd.,,100.0% - Questfire Energy Corp.,,,,55.59777,-118.27515,06-20-076-02W6M
ABGP0001793,Suspended,Birchcliff Rycroft 07-02,GP,Rycroft,Birchcliff Energy Ltd.,,100.0% - Birchcliff Energy Ltd.,,,,55.64148,-118.50149,07-02-077-04W6M
ABGP0001794,Active,Evi 1 -04-36-086-11 W5M,GP,Evi,Spoke Resources Ltd.,,100.0% - Spoke Resources Ltd.,1994-01-01,,,56.49556,-115.60551,04-36-086-11W5M
ABGP0001795,Suspended,00/16-31-052-21W5 Med Lodge Gp,GP,Medicine Lodge,Sinopec Daylight Energy Ltd.,,100.0% - Sinopec Daylight Energy Ltd.,,,,53.53924,-117.0755,16-31-052-21W5M
ABGP0001796,Suspended,Aec Pelican Granor Nezz 07-09,GP,Granor Nezz,Cenovus Energy Inc.,,100.0% - Canadian Natural Resources Limited,,,,56.17903,-112.78101,07-09-083-18W4M
ABGP0001797,Active,Shaman Fenn Big Valley Gas Plant 15-22,GP,Fenn-Big Valley,2234873 Alberta Ltd.,,100.0% - 2234873 Alberta Ltd.,1991-01-01,,,52.02457,-112.77599,15-22-035-20W4M
ABGP0001798,Active,Narraway 10-08-062-10W6,GP,Narraway,Canadian Natural Resources Limited,,81.0% - Canadian Natural Resources Limited,2001-01-01,,,54.35029,-119.45935,10-08-062-10W6M
ABGP0001799,Abandoned,Husky Overchem Mitsue 11-32,GP,Overlea,Husky Oil Operations Limited,,100.0% - Husky Oil Operations Limited,1998-01-01,,,55.28129,-114.42819,11-32-072-03W5M
ABGP0001800,Active,Aec Suffeild A2 Solution Gas Plant Facility 16-15,GP,Suffield A2 Station,Ipc Canada Ltd.,,100.0% - Ipc Canada Ltd.,1980-01-01,,,50.70148,-111.02323,16-15-020-08W4M
ABGP0001801,Suspended,Devon Elmworth 4-8,GP,Wapiti Deep Cut,Canadian Natural Resources Limited,,28.5% - Devon Canada Corporation; 34.9% - Canadian Natural Resources Limited; 25.5% - Conocophillips Canada (Brc) Ltd.; 3.1% - Enermark Inc.; 0.7% - Husky Oil Operations Limited; 0.7% - Petro-Canada; 6.7% - Talisman Energy Inc.,1985-01-01,,,54.95425,-119.19223,04-08-069-08W6M
ABGP0001802,Suspended,Elmworth 4-8-70-11W6,GP,Elmworth Deep Cut,Cenovus Energy Inc.,,87.0% - Conocophillips Canada Resources Corp.,1978-01-01,,,55.0415,-119.63099,01-08-070-11W6M
ABGP0001803,Suspended,Pengrowth Judy Creek,GP,Judy Creek Ethane Stripping Plant,Accel Canada Holdings Limited,,43.1% - Conifer Energy Inc.,1985-01-01,,,54.57231,-115.52295,15-25-064-11W5M
ABGP0001804,Suspended,* Shell Waterton,GP,Shell Waterton,Shell Canada Limited,,100.0% - Shell Canada Limited,,,,49.30728,-113.99976,02-20-004-30W4M
ABGP0001805,Suspended,Crestar Wembley Expander,GP,Wembley Ethane Stripping,Cenovus Energy Inc.,,100.0% - Conocophillips Canada Resources Corp.,,,,55.33594,-119.22119,06-19-073-08W6M
ABGP0001806,Suspended,Chevron Kaybob,GP,Chevron Kaybob,Bp Canada Energy Group Ulc,,100.0% - Energy Transfer Canada Ulc,,,,54.09609,-116.61698,03-15-059-18W5M
ABGP0001807,Suspended,* Conoco Peco,GP,Peco,Cenovus Energy Inc.,,100.0% - Cenovus Energy Inc.,,,,53.20152,-116.21667,12-01-049-16W5M
ABGP0001808,Suspended,* Chevron Brazeau River,GP,Chevron Brazeau River,Keyera Energy Ltd.,,100.0% - Keyera Energy Ltd.,,,,53.19052,-115.63812,16-35-048-12W5M
ABGP0001809,Suspended,* Amoco Ellerslie,GP,Amoco Ellerslie,Bp Canada Energy Group Ulc,,100.0% - Altagas Ltd.,,,,53.4559,-113.48868,04-04-052-24W4M
ABGP0001810,Abandoned,* Chevron Acheson,GP,Chevron Acheson,Chevron Canada Limited,,100.0% - Tidewater Midstream And Infrastructure Ltd.,,,,53.54673,-113.73491,05-02-053-26W4M
ABGP0001811,Suspended,Solex Harmattan-Elkton,GP,Solex Harmattan-Elkton,Taylor Processing Inc.,,100.0% - Altagas Ltd.,,,,51.68774,-114.47718,09-27-031-04W5M
ABGP0001831,Suspended,Husky Boyer Haig River Steen 01-17,GP,Haig River,Husky Oil Operations Limited,,100.0% - Husky Oil Operations Limited,1980-01-01,,,58.10967,-118.11463,01-17-105-01W6M
ABGP0001832,Suspended,Dawson 8-26-79-16W5,GP,Dawson,Canadian Natural Resources Limited,,76.9% - Canadian Natural Resources Limited,2001-01-01,,,55.8746,-116.37949,08-26-079-16W5M
ABGP0001833,Suspended,Altagas Balckfoot 13-29,GP,Blackfoot,Altagas Ltd.,,100.0% - Altagas Ltd.,,,,50.90522,-113.30271,13-29-022-24W4M
ABGP0001834,Suspended,Spire Oyen 08-04,GP,Oyen,Canlin Resources Partnership,,,,,,51.45076,-110.64085,08-04-029-05W4M
ABGP0001836,Active,D Energy Benton 10-18-29-3W4,GP,Benton,Canlin Resources Partnership,,,,,,51.48345,-110.41231,10-18-029-03W4M
ABGP0001837,Suspended,Altagas Namaka Blackfoot #2 13-29,GP,Namaka Blackfoot 2 South,Altagas Ltd.,,100.0% - Altagas Ltd.,,,,50.90522,-113.30271,13-29-022-24W4M
ABGP0001838,Suspended,Mbog Red Earth 2-23-88-8W5 Gas Plant,GP,Red Earth,Surge Energy Inc.,,100.0% - Surge Energy Inc.,1984-01-01,,,56.64099,-115.155,02-23-088-08W5M
ABGP0001839,Suspended,Pancanadian Verger 16-20,GP,Verger,Torxen Energy Ltd.,,100.0% - Torxen Energy Ltd.,,,,50.80303,-111.90029,16-20-021-14W4M
ABGP0001840,Active,Penn West Vista Creek 15-10,GP,Vista Creek,Direct Oil & Gas Inc.,,100.0% - Direct Oil & Gas Inc.,2001-01-01,,,57.32079,-118.06499,15-10-096-01W6M
ABGP0001841,Active,Berland Sweet Plant  14-15-59-24W5,GP,Berland Sweet Plant,Tourmaline Oil Corp.,,44.0% - Tourmaline Oil Corp.; 56.0% - Cenovus Energy Inc.,2002-01-01,,,54.10681,-117.51672,14-15-059-24W5M
ABGP0001842,Suspended,Williams Extraction Plant 1-1-92-9W4,GP,Williams Extraction Plant,Inter Pipeline Offgas Ltd.,,100.0% - Inter Pipeline Offgas Ltd.,,,,56.9464,-111.29688,01-01-092-09W4M
ABGP0001843,Abandoned,Denison Knappen 15-29,GP,Denison Knappen,Journey Energy Inc.,,100.0% - Crimson Oil & Gas Ltd.,,,,49.07011,-111.43908,15-29-001-11W4M
ABGP0001844,Suspended,Knappen16-29,GP,Knappen,Journey Energy Inc.,,100.0% - Journey Energy Inc.,,,,49.0701,-111.4336,16-29-001-11W4M
ABGP0001845,Active,00/01-16-075-01W6 Kakut Gp Sweet,GP,Kakut,Sinopec Daylight Energy Ltd.,,100.0% - Sinopec Daylight Energy Ltd.,2000-01-01,,,55.49245,-118.08133,01-16-075-01W6M
ABGP0001846,Suspended,Conoco Atlee-Buffalo 09-13,GP,Atlee Buffalo,West Lake Energy Corp.,,100.0% - West Lake Energy Corp.,2000-01-01,,,50.78517,-110.83855,09-13-021-07W4M
ABGP0001847,Abandoned,Vermillion Eaglesham 102/10-01,GP,Vermillion Eaglesham,Vermilion Energy Inc.,,100.0% - Vermilion Energy Inc.,,,,55.64507,-117.73583,10-01-077-25W5M
ABGP0001848,Suspended,Husky Rainbow 14-03,GP,Rainbow,Winter Petroleum Ltd.,,100.0% - Winter Petroleum Ltd.,,,,58.52712,-118.40844,14-03-110-03W6M
ABGP0001849,Active,Rochester 11-9-62-24W4,GP,Armstrong Lake,Canadian Natural Resources Limited,,100.0% - Canadian Natural Resources Limited,1996-01-01,,,54.35026,-113.54101,11-09-062-24W4M
ABGP0001850,Suspended,Atlee-Buffalo 4-23-20-9W4,GP,Jenner,Canadian Natural Resources Limited,,100.0% - Canadian Natural Resources Limited,,,,50.70509,-111.15564,04-23-020-09W4M
ABGP0001851,Suspended,Granum 12-19-11-25W4,GP,Granum,Conocophillips Canada Resources Corp.,,100.0% - Canadian Natural Resources Limited,,,,49.92628,-113.41032,12-19-011-25W4M
ABGP0001852,Suspended,Berkley Puskwaskau,GP,Berkley Puskwaskau,Canadian Natural Resources Limited,,100.0% - Canadian Natural Resources Limited,,,,55.33962,-118.11246,10-20-073-01W6M
ABGP0001853,Active,Bigstone Plant 100/14-28-059-22W5 Gp,GP,Bigstone,Repsol Oil & Gas Canada Inc.,,64.2% - Repsol Oil & Gas Canada Inc.; 26.4% - Distinction Energy Corp.; 7.9% - Conocophillips Canada Limited; 1.5% - Canadian Natural Resources Limited,1996-01-01,,,54.1359,-117.24181,14-28-059-22W5M
ABGP0001854,Active,Trilogy Two Creek,GP,Two Creeks,Paramount Resources Ltd.,,100.0% - Paramount Resources Ltd.,1996-01-01,,,54.41981,-116.35464,07-04-063-16W5M
ABGP0001855,Active,Seal 09-15-084-14W5 Gas Plant,GP,Slave,Tidewater Midstream And Infrastructure Ltd.,,100.0% - Tidewater Midstream And Infrastructure Ltd.,,,,56.28473,-116.11304,09-15-084-14W5M
ABGP0001856,Suspended,* Pancdn Provost-David,GP,Provost-David,Cenovus Energy Inc.,,100.0% - West Lake Energy Corp.,,,,52.42486,-110.36801,08-09-040-03W4M
ABGP0001857,Active,Renaissance Blood North 16-35,GP,Blood North,Tamarack Acquisition Corp.,,100.0% - Tamarack Acquisition Corp.,1994-01-01,,,49.52128,-112.85553,16-35-006-22W4M
ABGP0001858,Active,Wildriver 10-20-56-23W5 Gp,GP,Wild River,Repsol Oil & Gas Canada Inc.,,84.0% - Repsol Oil & Gas Canada Inc.; 16.0% - Canadian Natural Resources Limited,1994-01-01,,,53.8556,-117.38009,10-20-056-23W5M
ABGP0001859,Active,Hillsdown 13-4-37-25W4,GP,Hillsdown,Canadian Natural Resources Limited,,98.0% - Canadian Natural Resources Limited; 2.0% - Apex Energy (Canada) Inc.,1981-01-01,,,52.15576,-113.5253,13-04-037-25W4M
ABGP0001860,Suspended,Encal Worsley,GP,Encal Worsley,Taqa North Ltd.,,100.0% - Taqa North Ltd.,,,,56.56099,-119.3545,12-22-087-09W6M
ABGP0001861,Suspended,New Cache Doris,GP,Doris Plant1,Tidewater Midstream And Infrastructure Ltd.,,54.0% - Tidewater Midstream And Infrastructure Ltd.,,,,54.54686,-114.79252,02-23-064-06W5M
ABGP0001862,Suspended,Petro-Can Bezanson,GP,Bezanson,Birchcliff Energy Ltd.,,100.0% - Birchcliff Energy Ltd.,1994-01-01,,,55.14341,-118.43933,01-18-071-03W6M
ABGP0001863,Suspended,Valhalla 1-3-77-7W6,GP,Saddle Hills,Canadian Natural Resources Limited,,100.0% - Canadian Natural Resources Limited,1996-01-01,,,55.63785,-118.98628,01-03-077-07W6M
ABGP0001864,Active,Pancdn Cavalier,GP,Cavalier,Lynx Energy Ulc,,100.0% - Lynx Energy Ulc,1994-01-01,,,51.00682,-113.17071,16-32-023-23W4M
ABGP0001865,Abandoned,Anderson Woking,GP,Anderson Woking,Canadian Natural Resources Limited,,100.0% - Devon Canada Corporation,,,,55.48864,-118.54674,16-09-075-04W6M
ABGP0001866,Suspended,Godin 15-19-81-1W5,GP,Godin Lake,Canadian Natural Resources Limited,,100.0% - Canadian Natural Resources Limited,,,,56.04153,-114.14176,15-19-081-01W5M
ABGP0001867,Suspended,* Serenpet Cranberry,GP,Serenpet Cranberry,Canadian Natural Resources Limited,,100.0% - Canadian Natural Resources Limited,,,,57.27006,-118.55263,07-27-095-04W6M
ABGP0001868,Active,Kaiser Negus,GP,Negus,Distinction Energy Corp.,,100.0% - Distinction Energy Corp.,1995-01-01,,,54.16137,-117.66668,11-03-060-25W5M
ABGP0001869,Reclamation Certified,Keyspan Blueberry,GP,Keyspan Blueberry,Keyera Energy Ltd.,,100.0% - Keyera Energy Ltd.,,,,56.15802,-119.07421,16-31-082-07W6M
ABGP0001870,Suspended,Penn West Esther,GP,Penn West Esther,Campus Energy Partners Operations Inc.,,100.0% - Campus Energy Partners Operations Inc.,,,,51.65089,-110.19089,04-14-031-02W4M
ABGP0001871,Abandoned,Pancanadian Wembley,GP,Pancanadian Wembley,Ovintiv Canada Ulc,,100.0% - Canadian Natural Resources Limited,,,,55.2379,-119.11865,11-14-072-08W6M
ABGP0001872,Suspended,Nce Petrofund Provost,GP,Hansman Lake,Obsidian Energy Ltd.,,100.0% - West Lake Energy Corp.,,,,52.43206,-110.43992,16-12-040-04W4M
ABGP0001873,Suspended,Apache Provost,GP,Provost,Karve Energy Inc.,,100.0% - Battle River Energy Ltd.,,,,52.34123,-111.05735,12-11-039-08W4M
ABGP0001874,Active,Chinchaga 11-33-96-8W6,GP,Hamburg 11-33,Canadian Natural Resources Limited,,100.0% - Canadian Natural Resources Limited,1995-01-01,,,57.37531,-119.23652,11-33-096-08W6M
ABGP0001875,Active,Sakwatamau 06-12 Gas Plant,GP,Sakwatamau,Enercapita Energy Ltd.,,100.0% - Enercapita Energy Ltd.,1992-01-01,,,54.43421,-116.13399,06-12-063-15W5M
ABGP0001876,Abandoned,Signalta Bigoray,GP,Bigoray,Obsidian Energy Ltd.,,100.0% - Obsidian Energy Ltd.,,,,53.43418,-115.1653,10-30-051-08W5M
ABGP0001877,Abandoned,Invasion Bison Lake,GP,Bison Lake,Prairie Provident Resources Canada Ltd.,,100.0% - Prairie Provident Resources Canada Ltd.,,,,57.21929,-116.39587,15-05-095-15W5M
ABGP0001878,Suspended,Apache Zama,GP,Zama,Paramount Resources Ltd.,,100.0% - Paramount Resources Ltd.,1976-01-01,,,59.06493,-118.87887,13-12-116-06W6M
ABGP0001879,Suspended,Marathon Seal 7-20 Plant,GP,Marathon Seal,Summerland Energy Inc.,,100.0% - Summerland Energy Inc.,,,,56.12164,-115.99429,07-20-082-13W5M
ABGP0001880,Active,Clear Hills Bndylks 16-11-88-13W6,GP,Clear Hills,Canadian Natural Resources Limited,,100.0% - Canadian Natural Resources Limited,,,,56.62271,-119.94652,16-11-088-13W6M
ABGP0001881,Suspended,Husky Wayne-Rosedale 11-27,GP,Wayne North,Torxen Energy Ltd.,,100.0% - Torxen Energy Ltd.,1995-01-01,,,51.4252,-112.73862,11-27-028-20W4M
ABGP0001882,Suspended,* Encal Granlea,GP,Encal Granlea,Taqa North Ltd.,,100.0% - Taqa North Ltd.,,,,49.67504,-111.32264,07-29-008-10W4M
ABGP0001883,Suspended,Conoco Hotchkiss,GP,Conoco Hotchkiss,Conocophillips Canada Resources Corp.,,100.0% - Direct Oil & Gas Inc.,,,,57.15374,-118.33272,07-13-094-03W6M
ABGP0001884,Suspended,Lightstream Jumpbush,GP,Jumpbush,Ridgeback Resources Inc.,,70.0% - Ridgeback Resources Inc.; 30.0% - Siksika Energy Resources Corporation,1992-01-01,,,50.72338,-112.789,06-25-020-21W4M
ABGP0001885,Active,Granum 13-31-11-26W4,GP,Granum,Canadian Natural Resources Limited,,100.0% - Canadian Natural Resources Limited,1995-01-01,,,49.95911,-113.54702,13-31-011-26W4M
ABGP0001886,Suspended,Bonanza 11-25 Gas Plant,GP,Silver Valley,Repsol Oil & Gas Canada Inc.,,41.0% - Canadian Natural Resources Limited,,,,56.05254,-119.58264,11-25-081-11W6M
ABGP0001887,Suspended,Sturgeon Lk Gas Plant,GP,Ante Creek,Altagas Ltd.,,100.0% - Arc Resources Ltd.,,,,54.9106,-117.6972,02-26-068-25W5M
ABGP0001888,Active,Pancdn Wayne-Rosedale,GP,Wayne Rosedale,Persist Oil And Gas Inc.,,100.0% - Persist Oil And Gas Inc.,1993-01-01,,,51.40332,-112.91469,01-20-028-21W4M
ABGP0001889,Suspended,Crestar Provost,GP,Crestar Provost,Conocophillips Canada Energy Partnership,,100.0% - Harvest Operations Corp.,,,,52.44308,-111.08148,12-15-040-08W4M
ABGP0001890,Suspended,Energy Processors Pembina,GP,Kitto Lake,Axiom Oil And Gas Inc.,,100.0% - Axiom Oil And Gas Inc.,,,,53.34703,-114.74223,10-25-050-06W5M
ABGP0001891,Suspended,Rozsa Keho,GP,Keho,Houston Oil & Gas Ltd.,,100.0% - Houston Oil & Gas Ltd.,1995-01-01,,,50.00242,-112.87387,16-13-012-22W4M
ABGP0001892,Active,Aec Saddle Hills,GP,Sexsmith,Ovintiv Canada Ulc,,100.0% - Ovintiv Canada Ulc,1995-01-01,,,55.47783,-119.05714,04-08-075-07W6M
ABGP0001893,Abandoned,Summit Mirage,GP,Summit Mirage,Rising Star Resources Ltd.,,100.0% - Rising Star Resources Ltd.,,,,55.85617,-119.06717,04-20-079-07W6M
ABGP0001894,Suspended,Nce Petrofund  Provost,GP,Monitor Creek West,Obsidian Energy Ltd.,,100.0% - Obsidian Energy Ltd.,1996-01-01,,,51.79257,-110.81121,16-32-032-06W4M
ABGP0001895,Active,Fourth Creek Gas Plant,GP,Fourth Creek,Northriver Midstream Inc.,,100.0% - Northriver Midstream Inc.,1991-01-01,,,56.09971,-119.2827,16-11-082-09W6M
ABGP0001896,Abandoned,Chevron Medicine Lodge,GP,Chevron Medicine Lodge,Vermilion Energy Inc.,,100.0% - Vermilion Energy Inc.,,,,53.47746,-117.02635,09-09-052-21W5M
ABGP0001897,Active,Goodfish 3-32-91-8W5,GP,Goodfish,Canadian Natural Resources Limited,,30.0% - Baytex Energy Ltd.; 70.0% - Canadian Natural Resources Limited,1996-01-01,,,56.93206,-115.25311,03-32-091-08W5M
ABGP0001898,Suspended,Husky Goodlow 2-33,GP,Muskwa,Husky Oil Operations Limited,,100.0% - Husky Oil Operations Limited,,,,56.23351,-113.88729,02-33-083-25W4M
ABGP0001899,Abandoned,Tarragon Hector,GP,Badger,Husky Oil Operations Limited,,100.0% - Canadian Natural Resources Limited,,,,50.39933,-112.30984,03-05-017-17W4M
ABGP0001901,Active,Empress 6,GP,Empress Straddle Plant,Plains Midstream Canada Ulc,,100.0% - Plains Midstream Canada Ulc,1962-01-01,,,50.6829,-110.03676,10-11-020-01W4M
ABGP0001902,Active,Empress Gas Plant,GP,Empress Straddle Plant,Plains Midstream Canada Ulc,,100.0% - Plains Midstream Canada Ulc,1971-01-01,,,50.67563,-110.02507,04-12-020-01W4M
ABGP0001903,Active,Cochrane Extraction Plant,GP,Cochrane Straddle Plant,Inter Pipeline Extraction Ltd.,,100.0% - Inter Pipeline Ltd.,1970-01-01,,,51.22509,-114.49303,16-16-026-04W5M
ABGP0001906,Active,Amoco Ellerslie,GP,Edmonton Ethane Extraction,Altagas Ltd.,,100.0% - Altagas Ltd.,1978-01-01,,,53.4559,-113.48868,04-04-052-24W4M
ABGP0001907,Abandoned,Atco Midstream Empress (3),GP,Empress Gas Liquids Joint Venture Straddle Plant,Atco Energy Solutions Ltd.,,,1983-01-01,,,50.67571,-110.05414,01-10-020-01W4M
ABGP0001908,Suspended,Atco Fort Saskatchewan,GP,Fort Saskatchewan Straddle Plant,Tidewater Midstream And Infrastructure Ltd.,,100.0% - Tidewater Midstream And Infrastructure Ltd.,1984-01-01,,,53.71782,-113.18306,02-03-055-22W4M
ABGP0001909,Active,Pancdn Empress,GP,Empress Straddle Plant,Pembina Gas Services Ltd.,,100.0% - 2354890 Alberta Ltd.,1996-01-01,,,50.67204,-110.03106,16-02-020-01W4M
ABGP0001910,Active,Veep 08-05-054-26W4 Gas Plant,GP,Villeneuve Straddle Plant,Tidewater Midstream And Infrastructure Ltd.,,100.0% - Tidewater Midstream And Infrastructure Ltd.,1997-01-01,,,53.63444,-113.79054,08-05-054-26W4M
ABGP0001935,Suspended,Husky Windfall,GP,Windfall,Husky Oil Operations Limited,,100.0% - Energy Transfer Canada Ulc,1965-01-01,,,54.18694,-116.20467,08-17-060-15W5M
ABGP0001936,Unknown,* Suncor (Now 1991),GP,,Suncor Energy Inc.,,100.0% - Suncor Energy Inc.,,,,56.9464,-111.29688,01-01-092-09W4M
ABGP0001937,Unknown,* Procor Lynton Sulphur Forming,GP,,Procor Lpg Storage Inc.,,100.0% - Procor Lpg Storage Inc.,,,,49.00158,-110.00785,01-01-001-01W4M
ABGP0001938,Unknown,* Sulmar Redwater,GP,,Unknown Operator/Address - Used By Field Surveillance,,100.0% - Unknown Operator/Address - Used By Field Surveillance,,,,49.00158,-110.00785,01-01-001-01W4M
ABGP0001939,Unknown,* Burza Lynton,GP,,Unknown Operator/Address - Used By Field Surveillance,,100.0% - Unknown Operator/Address - Used By Field Surveillance,,,,49.00158,-110.00785,01-01-001-01W4M
ABGP0001940,Unknown,* Syncrude,GP,,Syncrude Canada Ltd.,,100.0% - Syncrude Canada Ltd.,,,,49.00158,-110.00785,01-01-001-01W4M
ABGP0001941,Suspended,* Chevron Ft Sask,GP,Chevron Ft Sask,Chevron Canada Limited,,100.0% - Chevron Canada Limited,,,,53.74681,-113.15836,02-14-055-22W4M
ABGP0001942,Suspended,Gibson Fort Sask,GP,Gibson Fort Sask,Gibson Energy Ulc,,100.0% - Gibson Energy Ulc,,,,53.7178,-113.12752,01-01-055-22W4M
ABGP0001943,Suspended,Mobil Procor Gx,GP,Procor Gx,Exxonmobil Canada Energy,,100.0% - Exxonmobil Canada Energy,,,,49.00158,-110.00785,01-01-001-01W4M
ABGP0001944,Suspended,Imperial East Edmonton Lpg,GP,East Edmonton Lpg,Imperial Oil Resources Limited,,100.0% - Imperial Oil Resources Limited,,,,49.00158,-110.00785,01-01-001-01W4M
ABGP0001945,Suspended,Amoco Pembina,GP,Pembina,Bp Canada Energy Group Ulc,,100.0% - Bp Canada Energy Group Ulc,,,,53.16142,-114.90048,13-24-048-07W5M
ABGP0001946,Suspended,Amoco Cranberry(Kemp River),GP,Chinchaga,Canadian Natural Resources Limited,,100.0% - Canadian Natural Resources Limited,1960-01-01,,,57.339,-118.6543,01-24-096-05W6M
ABGP0001947,Suspended,* Voyager Bruce,GP,Voyager Bruce,Conocophillips Canada Resources Corp.,,100.0% - Conocophillips Canada Resources Corp.,,,,49.00158,-110.00785,01-01-001-01W4M
ABGP0001950,Suspended,* Gibson Hardisty,GP,Gibson Hardisty,Gibson Energy Ulc,,100.0% - Gibson Energy Ulc,,,,52.63257,-111.26761,11-20-042-09W4M
ABGP0001951,Suspended,Imperial Devon 1&2,GP,1 And 2,Imperial Oil Resources Limited,,100.0% - Conifer Energy Inc.,,,,54.57231,-115.52295,15-25-064-11W5M
ABGP0001960,Active,Kanata Valhalla 13-21 Sour Gas Plant,GP,Valhalla,Kanata Energy Group Ltd.,,100.0% - Kanata Energy Group Ltd.,1985-01-01,,,55.60494,-119.3414,13-21-076-09W6M
ABGP0001961,Suspended,Celsius Worsley,GP,Celsius Worsley,Enerplus Corporation,,100.0% - Enerplus Corporation,,,,56.55736,-118.77585,08-19-087-05W6M
ABGP0001962,Suspended,Aec Saddle Hills,GP,Saddle Hills,Ovintiv Canada Ulc,,100.0% - Ovintiv Canada Ulc,,,,55.47783,-119.06383,01-07-075-07W6M
ABGP0001963,Suspended,Newport Lathom,GP,Lathom,Harvest Operations Corp.,,100.0% - Harvest Operations Corp.,,,,50.75945,-112.49465,13-06-021-18W4M
ABGP0001964,Suspended,Puskwaskau 3-26-74-1W6,GP,Puskwaskau,Long Run Exploration Ltd.,,100.0% - Long Run Exploration Ltd.,1995-01-01,,,55.43429,-118.04182,03-26-074-01W6M
ABGP0001965,Active,Pancdn Verger,GP,Verger A,Torxen Energy Ltd.,,87.5% - Torxen Energy Ltd.; 12.5% - Harvard International Resources Ltd.,,,,50.89423,-112.17142,04-28-022-16W4M
ABGP0001966,Active,Mikwan 05-22-036-22W4 Gas Plant,GP,Mikwan,Axiom Oil And Gas Inc.,,100.0% - Axiom Oil And Gas Inc.,1993-01-01,,,52.1048,-113.07322,05-22-036-22W4M
ABGP0001967,Suspended,Cdn 88 Crossfield East,GP,Cdn 88 Crossfield East,Whitecap Resources Inc.,,100.0% - Whitecap Resources Inc.,,,,51.61836,-114.07504,16-33-030-01W5M
ABGP0001968,Suspended,Cdn Hunter Pedigree,GP,Cdn Hunter Pedigree,Conocophillips Canada Resources Corp.,,100.0% - Canadian Natural Resources Limited,,,,57.74245,-119.99342,13-01-101-13W6M
ABGP0001969,Active,Alder Flats 11-33 Gas Plant,GP,Alder Flats,Tidewater Midstream And Infrastructure Ltd.,,100.0% - Tidewater Midstream And Infrastructure Ltd.,,,,52.92583,-115.10422,11-33-045-08W5M
ABGP0001970,Active,Burlington Sand Creek,GP,Sandcreek,Cenovus Energy Inc.,,76.8% - Cenovus Energy Inc.; 6.8% - Bellatrix Exploration Ltd.; 16.4% - Taqa North,,,,52.90716,-115.32221,06-25-045-10W5M
ABGP0001971,Suspended,Northrock Barrhead,GP,Barrhead,Taqa North Ltd.,,100.0% - Taqa North Ltd.,1995-01-01,,,54.12853,-114.65509,08-27-059-05W5M
ABGP0001972,Abandoned,Conoco Akuinu,GP,Akuinu River West,Paramount Resources Ltd.,,100.0% - Paramount Resources Ltd.,1997-01-01,,,54.65245,-114.52788,05-27-065-04W5M
ABGP0001973,Suspended,Devon Muskwa (Teepee Ck),GP,Teepee,Sequoia Resources Corp.,,100.0% - Sequoia Resources Corp.,1996-01-01,,,56.52824,-114.07162,06-10-087-01W5M
ABGP0001974,Abandoned,Pedigree,GP,Fontas,Nuvista Energy Ltd.,,100.0% - Nuvista Energy Ltd.,1997-01-01,,,57.87709,-119.73392,02-28-102-11W6M
ABGP0001975,Suspended,Paramount Bistcho Lake,GP,Bistcho Lake,Tallahassee Exploration Inc.,,50.0% - Husky Oil Operations Limited; 50.0% - Tallahassee Exploration Inc.,1997-01-01,,,59.63916,-118.30596,06-32-122-02W6M
ABGP0001976,Active,Windfall 01-15-062-15W5 Gas Plant,GP,Sakwatamau,Axiom Oil And Gas Inc.,,100.0% - Axiom Oil And Gas Inc.,,,,54.35792,-116.15468,01-15-062-15W5M
ABGP0001977,Suspended,Altagas Mosquito Creek,GP,Mosquito Creek,Campus Energy Partners Operations Inc.,,100.0% - Campus Energy Partners Operations Inc.,1998-01-01,,,50.22822,-113.53824,07-05-015-26W4M
ABGP0001978,Suspended,Ncl Zama,GP,Ncl Zama,Novagas Canada Ltd.,,100.0% - Paramount Resources Ltd.,,,,59.06493,-118.87887,13-12-116-06W6M
ABGP0001979,Suspended,Keywest Wayne-Rosedale 7-6,GP,Wayne Redland,Harvest Operations Corp.,,100.0% - Harvest Operations Corp.,1997-01-01,,,51.45061,-112.94397,07-06-029-21W4M
ABGP0001980,Suspended,Newport Hamelin Creek,GP,Hamelin Creek,Spoke Resources Ltd.,,100.0% - Spoke Resources Ltd.,,,,55.94707,-118.88442,05-21-080-06W6M
ABGP0001981,Suspended,New Cache Doris,GP,Doris Plant2,Tidewater Midstream And Infrastructure Ltd.,,100.0% - Tidewater Midstream And Infrastructure Ltd.,,,,54.47425,-114.81144,01-27-063-06W5M
ABGP0001982,Active,Corse Huxley,GP,Huxley,Corse Energy Corp.,,100.0% - Corse Energy Corp.,,,,51.94225,-113.24419,01-30-034-23W4M
ABGP0001983,Suspended,Cdn Conquest Thunder Lake West,GP,Thunder Lake West,Taqa North Ltd.,,100.0% - West Lake Energy Corp.,,,,54.22304,-114.73623,15-30-060-05W5M
ABGP0001984,Suspended,Mcleod 6-25-56-14W5,GP,Mahaska,Cenovus Energy Inc.,,100.0% - Cenovus Energy Inc.,,,,53.86666,-115.94936,06-25-056-14W5M
ABGP0001985,Suspended,Integra Manaska 4-18,GP,Mahaska,Cenovus Energy Inc.,,73.0% - Cenovus Energy Inc.; 27.0% - Daylight Energy Ltd.,1995-01-01,,,53.92123,-115.78208,04-18-057-12W5M
ABGP0001986,Abandoned,Celsius Worsley,GP,Celsius Worsley,Enerplus Corporation,,100.0% - Enerplus Corporation,,,,56.57201,-118.50932,08-26-087-04W6M
ABGP0001987,Active,Pembina 13-35-47-10W5,GP,Lodgepole,Cenovus Energy Inc.,,7.5% - Devon Energy Canada Corporation; 7.5% - Lightstream Resources Ltd.; 14.1% - Sword Energy Limited; 32.5% - Taqa North Ltd.; 38.5% - Cenovus Energy Inc.,1996-01-01,,,53.10328,-115.36363,13-35-047-10W5M
ABGP0001988,Suspended,Tarragon Connorsville,GP,Connorsville,Canadian Natural Resources Limited,,100.0% - Canadian Natural Resources Limited,,,,51.20698,-111.9964,11-11-026-15W4M
ABGP0001989,Abandoned,Chinchaga 1-5-96-7W6,GP,Chinchaga,Canadian Natural Resources Limited,,100.0% - Canadian Natural Resources Limited,,,,57.29556,-119.08771,01-05-096-07W6M
ABGP0001990,Active,Normandville N 3-36-79-23W5,GP,Normandville North,Canadian Natural Resources Limited,,90.0% - Canadian Natural Resources Limited; 10.0% - Obsidian Energy Ltd.,,,,55.8852,-117.46268,03-36-079-23W5M
ABGP0001991,Unknown,Suncor (Gcos),GP,,Suncor Energy Inc.,,100.0% - Suncor Energy Inc.,,,,56.9464,-111.29688,01-01-092-09W4M
ABGP0001992,Unknown,Syncrude,GP,,Syncrude Canada Ltd.,,100.0% - Syncrude Canada Ltd.,,,,57.03362,-111.45788,01-01-093-10W4M
ABGP0001993,Suspended,* Shell Warburg,GP,Shell Warburg,Shell Canada Limited,,100.0% - Shell Canada Limited,,,,53.16513,-114.32179,01-26-048-03W5M
ABGP0001994,Suspended,Viking-Kinsella 1-30-47-9W4,GP,Scovil Lake,Pine Cliff Energy Ltd.,,100.0% - Pine Cliff Energy Ltd.,,,,53.0761,-111.30021,01-30-047-09W4M
ABGP0001995,Active,Devon Montag,GP,Montag,Xgen Ventures Inc.,,100.0% - Xgen Ventures Inc.,,,,56.39466,-118.88716,03-28-085-06W6M
ABGP0001996,Suspended,Compton Montag,GP,Clayhurst,Lexin Resources Ltd.,,100.0% - Lexin Resources Ltd.,,,,56.38365,-118.90051,08-20-085-06W6M
ABGP0001997,Active,Cecil North 16-4-85-8W6,GP,Cecil North,Canadian Natural Resources Limited,,36.5% - Canadian Natural Resources Limited; 12.7% - Cequence Energy Ltd.; 20.9% - Harvest Operations Corp.; 16.4% - Taqa North Ltd.; 1.9% - Sword Energy Inc.; 2.3% - Ish Energy Ltd.; 9.7% - Terra Energy Corp.,1998-01-01,,,56.34736,-119.19071,16-04-085-08W6M
ABGP0001998,Suspended,Rainbow (Sousa),GP,Sousa,Nuvista Energy Ltd.,,100.0% - Nuvista Energy Ltd.,,,,58.68335,-118.67292,12-31-111-04W6M
ABGP0001999,Unknown,* Internal Use Only,GP,,Unknown Operator/Address - Used By Field Surveillance,,100.0% - Unknown Operator/Address - Used By Field Surveillance,1999-01-01,,,49.00158,-110.00785,01-01-001-01W4M
ABGP0075252,Suspended,Markwest Bantry 12-21-18-13 W4 Plant,GP,Bantry,Cardinal Energy Ltd.,,100.0% - Cardinal Energy Ltd.,1999-01-01,,,50.53739,-111.74281,12-21-018-13W4M
ABGP0075650,Active,Joffre Ethane Extraction Plant,GP,Straddle,Altagas Ltd.,,100.0% - Altagas Ltd.,2003-01-01,,,52.2904,-113.54333,03-29-038-25W4M
ABGP0075866,Suspended,Nrk Brewster 03-17-043-14W5,GP,Brewster,Taqa North Ltd.,,100.0% - Taqa North Ltd.,2004-01-01,,,52.69988,-115.9991,03-17-043-14W5M
ABGP0075995,Active,Probe Leduc Gas Processing Facility,GP,Nep Refrig Plant,Nep Canada Ulc,,100.0% - Nep Canada Ulc,1998-01-01,,,53.33226,-113.7172,10-22-050-26W4M
ABGP0076045,New,Les And Herman Freadrich,GP,Les And Herman Freadrich,Freadrich; Les And Herman,,100.0% - Freadrich  Les And Herman,,,,52.59243,-111.99933,16-06-042-14W4M
ABGP0076120,Active,Pengrowth Flowing Energy Monitor Gp,GP,Flowing Energy Monitor,Rolling Hills Energy Ltd.,,100.0% - Rolling Hills Energy Ltd.,,,,51.9993,-110.38896,01-17-035-03W4M
ABGP0076575,Suspended,Irma 12-01-46-9W4,GP,Irma,Pine Cliff Energy Ltd.,,100.0% - Pine Cliff Energy Ltd.,,,,52.93978,-111.18597,12-01-046-09W4M
ABGP0076666,Suspended,Wildunn Creek 7-27-029-14W4,GP,Taplow,Conocophillips Canada Resources Corp.,,100.0% - Canadian Natural Resources Limited,,,,51.50899,-111.88914,07-27-029-14W4M
ABGP0077070,Active,Rycroft 15-11-76-6W6 Gas Plant,GP,Rycroft,Spartan Delta Corp.,,50.0% - Birchcliff Energy Ltd.; 50.0% - Spartan Delta Corp.,2003-01-01,,,55.57589,-118.81172,15-11-076-06W6M
ABGP0077266,Suspended,Alderson 13-21-015-11W4 Gas Plant,GP,Alderson East,Torxen Energy Ltd.,,100.0% - Ovintiv Canada Ulc,1970-01-01,,,50.27893,-111.46795,13-21-015-11W4M
ABGP0077288,Suspended,Vernon Lake 7-9-47-10W4,GP,Vernon Lake,Pine Cliff Energy Ltd.,,100.0% - Pine Cliff Energy Ltd.,,,,53.03597,-111.40373,07-09-047-10W4M
ABGP0077308,Active,Dryden Creek Gas Plant,GP,Dryden Creek,Obsidian Energy Ltd.,,100.0% - Obsidian Energy Ltd.,2001-01-01,,,57.8771,-118.41444,01-28-102-03W6M
ABGP0077324,Active,Baytex Wimborne 5-10 Gas Plant,GP,Wimborne,Long Run Exploration Ltd.,,100.0% - Long Run Exploration Ltd.,,,,51.81448,-113.61594,05-10-033-26W4M
ABGP0077819,Suspended,Chinchaga 10-20-96-7 Gp,GP,Chinchaga,Kelt Exploration Ltd.,,100.0% - Kelt Exploration Ltd.,2003-01-01,,,57.34624,-119.0944,10-20-096-07W6M
ABGP0078091,Suspended,Saddlehills 10-11-75-7 W6,GP,Saddle Hills,Canadian Natural Resources Limited,,100.0% - Canadian Natural Resources Limited,1984-01-01,,,55.48507,-118.9671,10-11-075-07W6M
ABGP0078222,Suspended,Berland River W 16-15-59-24W5,GP,Berland River,Canadian Natural Resources Limited,,100.0% - Canadian Natural Resources Limited,,,,54.1068,-117.5044,16-15-059-24W5M
ABGP0079061,Active,Smoky 7-36-58-3W6,GP,Smoky,Canadian Natural Resources Limited,,100.0% - Canadian Natural Resources Limited,2001-01-01,,,54.05581,-118.30677,07-36-058-03W6M
ABGP0079080,Suspended,Altagas  Del Bonita Gas Plant,GP,Del Bonita,Gryphon Petroleum Corp.,,100.0% - Gryphon Petroleum Corp.,,,,49.08875,-112.57927,03-02-002-20W4M
ABGP0079260,Active,Red Land South 6-4-27-21W4 Gas Plant,GP,Redland South,Lynx Energy Ulc,,100.0% - Lynx Energy Ulc,1994-01-01,,,51.27609,-112.9028,06-04-027-21W4M
ABGP0079548,Abandoned,Evergreen Sour Gas Plant,GP,Evergreen Sour Gas,Aqt Water Management Inc.,,100.0% - Aqt Water Management Inc.,,,,58.54937,-117.41545,07-15-110-21W5M
ABGP0080025,Suspended,Little Chicago Gas Plant,GP,Little Chicago,Crescent Point Energy Corp.,,100.0% - Crescent Point Energy Corp.,2004-01-01,,,50.55555,-114.23395,16-29-018-02W5M
ABGP0080187,Active,Peyto Kakwa 02-11-60-04 W6 Sweet Gas,GP,Kakwa,Peyto Exploration & Development Corp.,,100.0% - Peyto Exploration & Development Corp.,2005-01-01,,,54.16866,-118.48437,02-11-060-04W6M
ABGP0080688,Active,Wild River 14-20 Gp,GP,Wild River,Tourmaline Oil Corp.,,100.0% - Tourmaline Oil Corp.,2004-01-01,,,53.85921,-117.38619,14-20-056-23W5M
ABGP0080799,Suspended,Basset Lake 16-35 Gas Plant,GP,Basset Lake,Spartan Delta Corp.,,50.0% - Boulder Energy Ltd.; 50.0% - Spartan Delta Corp.,,,,58.33803,-118.53412,16-35-107-04W6M
ABGP0080972,Active,Ante Creek Gas Plant 10-36-065-25W5M,GP,Ante Creek South,Arc Resources Ltd.,,100.0% - Arc Resources Ltd.,2004-01-01,,,54.67052,-117.64081,10-36-065-25W5M
ABGP0081174,Active,Atco Carbon South,GP,Carbon South,Atco Energy Solutions Ltd.,,100.0% - Atco Energy Solutions Ltd.,,,,51.47964,-113.05534,08-17-029-22W4M
ABGP0081379,Suspended,Mazeppa Sweet Gas Gathering,GP,Mazeppa Sweet Gas Gathering,Lexin Resources Ltd.,,100.0% - Lexin Resources Ltd.,1986-01-01,,,50.64675,-113.77029,01-35-019-28W4M
ABGP0081382,Suspended,Mazeppa Sweet Gas Plant,GP,Mazeppa Sweet,Lexin Resources Ltd.,,100.0% - Lexin Resources Ltd.,1986-01-01,,,50.64675,-113.77029,01-35-019-28W4M
ABGP0081833,Active,Worsley 16-36 Gas Plant,GP,Worsley,Enercapita Energy Ltd.,,100.0% - Enercapita Energy Ltd.,2004-01-01,,,56.50626,-119.42786,16-36-086-10W6M
ABGP0081848,Suspended,Encana Rosebud 2-1-27-21W4 Gas Plant,GP,Rosebud,Torxen Energy Ltd.,,100.0% - Torxen Energy Ltd.,1972-01-01,,,51.27248,-112.82641,02-01-027-21W4M
ABGP0081971,Active,Bso Sf Lk Gp 2-4-19-16W4M,GP,Countess,Blackspur Oil Corp.,,100.0% - Blackspur Oil Corp.,2004-01-01,,,50.57399,-112.15999,02-04-019-16W4M
ABGP0082137,Suspended,Flowing Wild 9-36 Gp,GP,Flowing Wild,Gear Energy Ltd.,,100.0% - Gear Energy Ltd.,,,,53.27241,-110.59364,09-36-049-05W4M
ABGP0082273,Suspended,Cyries Bilbo 02/16-28-64-6W6,GP,Bilbo,Harvest Operations Corp.,,100.0% - Harvest Operations Corp.,,,,54.57258,-118.83418,16-28-064-06W6M
ABGP0082296,Suspended,Princess 13-05 Choke Plant,GP,Princess Choke Plant,Taqa North Ltd.,,100.0% - Taqa North Ltd.,,,,50.75945,-111.64037,13-05-021-12W4M
ABGP0082304,Active,6-17-25-20W4 Wintering Hills West,GP,Wintering Hills West,Torxen Energy Ltd.,,100.0% - Torxen Energy Ltd.,2000-01-01,,,51.13074,-112.76367,06-17-025-20W4M
ABGP0082962,Suspended,Albers 8-23-41-7W4 Gas Plant,GP,Albers,Ovintiv Canada Ulc,,100.0% - Sanling Energy Ltd.,,,,52.54129,-110.89575,08-23-041-07W4M
ABGP0083567,Active,Highpine Joffre Gas Plant 6-17,GP,Vesta Joffre,Vesta Energy Ltd.,,100.0% - Vesta Energy Ltd.,2004-01-01,,,52.43954,-113.85854,06-17-040-27W4M
ABGP0083667,Suspended,Corbet Gas Plant 15-10-62-6 W5,GP,Corbet,N7 Energy Ltd.,,100.0% - N7 Energy Ltd.,,,,54.35381,-114.81112,15-10-062-06W5M
ABGP0083746,Abandoned,Gentry Princess 1-20 Gas Plant,GP,Gentry Princess,Cor4 Oil Corp.,,25.0% - Advantage Energy Ltd.; 8.3% - Enterra Energy Corp.; 66.7% - Cor4 Oil Corp.,,,,50.61758,-111.4843,01-20-019-11W4M
ABGP0083873,Abandoned,Bantry 05-15-017-12W4 Gas Plant,GP,Bantry,Cardinal Energy Ltd.,,100.0% - Cardinal Energy Ltd.,,,,50.43208,-111.58244,05-15-017-12W4M
ABGP0084058,Active,Tony Creek Gas Plant 10-24-62-22W5,GP,Firenze,I3 Energy Canada Ltd.,,100.0% - I3 Energy Canada Ltd.,2005-01-01,,,54.37945,-117.16071,10-24-062-22W5M
ABGP0084179,Active,Peyto Cutbank 04-06-063-09 W6 Gp,GP,Cutbank,Peyto Exploration & Development Corp.,,100.0% - Peyto Exploration & Development Corp.,2005-01-01,,,54.41616,-119.35651,04-06-063-09W6M
ABGP0084226,Active,Bigstone 11-9-61-22W5,GP,Bigstone,Canadian Natural Resources Limited,,100.0% - Canadian Natural Resources Limited,,,,54.26311,-117.24182,11-09-061-22W5M
ABGP0084455,Active,Husky Bivouac,GP,Bivouac,Husky Oil Operations Limited,,100.0% - Husky Oil Operations Limited,2004-01-01,,,58.43262,-119.97036,06-05-109-12W6M
ABGP0084636,Active,Phoenix 102/07-21-39-10W5,GP,Phoenix,Sansum Energy Inc.,,57.0% - Sansum Energy Inc.; 43.0% - Coastal Energy,2005-01-01,,,52.36856,-115.37771,07-21-039-10W5M
ABGP0084773,Active,Duvernay 15-4-58-23W5M Gas Plant,GP,Ceceilia,Tourmaline Oil Corp.,,100.0% - Tourmaline Oil Corp.,2005-01-01,,,53.99023,-117.3553,15-04-058-23W5M
ABGP0084966,Suspended,Rider Pembina 07-02-048-09W5 Gas Pla,GP,Pembina,Taqa North Ltd.,,100.0% - Taqa North Ltd.,2005-01-01,,,53.11064,-115.20539,07-02-048-09W5M
ABGP0084973,Suspended,Fet Golden 7-7-87-14W5 Gas Plant,GP,Golden,Enerplus Corporation,,100.0% - Spoke Resources Ltd.,1971-01-01,,,56.52828,-116.2185,07-07-087-14W5M
ABGP0085141,Active,Queenstown 1-2-18-22W4 Gas Plant,GP,Queenstown,Lexin Resources Ltd.,,100.0% - Lexin Resources Ltd.,2005-01-01,,,50.48666,-112.91701,01-02-018-22W4M
ABGP0085152,Active,Ferrier West 7-18-40-9W5,GP,Ferrier West,Canadian Natural Resources Limited,,100.0% - Canadian Natural Resources Limited,,,,52.44136,-115.28181,07-18-040-09W5M
ABGP0085275,Active,Cessford 02-11-027-16W4,GP,Cessford,Canadian Natural Resources Limited,,100.0% - Canadian Natural Resources Limited,2003-01-01,,,51.2869,-112.14713,02-11-027-16W4M
ABGP0086281,Suspended,Nuvista Sibbald 5-6 Gp,GP,Sibbald,Nuvista Energy Ltd.,,100.0% - Nuvista Energy Ltd.,2011-01-01,,,51.36338,-110.28327,05-06-028-02W4M
ABGP0086283,Suspended,Acclaim Castor Gp 2-2,GP,Castor,Obsidian Energy Ltd.,,100.0% - Obsidian Energy Ltd.,2005-01-01,,,52.14487,-111.75189,02-02-037-13W4M
ABGP0086359,Suspended,Argosy Claresholm Gas Plant,GP,Claresholm,Long Term Asset Management Inc.,,100.0% - Long Term Asset Management Inc.,,,,49.98818,-113.43904,16-11-012-26W4M
ABGP0086379,Active,Acl Granum Gas Plt 14-31-11-26 W4,GP,Granum,Long Term Asset Management Inc.,,100.0% - Long Term Asset Management Inc.,2005-01-01,,,49.95911,-113.54139,14-31-011-26W4M
ABGP0086427,Active,High Prairie Frac Plant,GP,High Prairie Fractionation Plant,Plains Midstream Canada Ulc,,100.0% - Plains Midstream Canada Ulc,,,,55.42374,-116.41498,08-20-074-16W5M
ABGP0086640,Suspended,Big Eddy Gas Storage Plant,GP,Big Eddy Gas Storage Plant,Transcanada Energy Ltd.,,100.0% - Transcanada Energy Ltd.,2007-01-01,,,53.67751,-116.78688,07-19-054-19W5M
ABGP0086745,Active,Acl Ngl Stewart Plant 7-7-32-27,GP,Acl Ngl Stewart,Ember Resources Inc.,,100.0% - Ember Resources Inc.,2005-01-01,,,51.72752,-113.81689,07-07-032-27W4M
ABGP0086768,Active,Kettle River 15-14-083-05W4,GP,Kettle River,Canadian Natural Resources Limited,,100.0% - Canadian Natural Resources Limited,,,,56.20088,-110.67419,15-14-083-05W4M
ABGP0086769,Suspended,Cowpar 11-19-80-4W4,GP,Cowpar,Canadian Natural Resources Limited,,100.0% - Canadian Natural Resources Limited,,,,55.94982,-110.62205,11-19-080-04W4M
ABGP0086771,Suspended,Newby 10-2-85-6W4,GP,Newby,Canadian Natural Resources Limited,,100.0% - Canadian Natural Resources Limited,,,,56.33909,-110.83225,07-02-085-06W4M
ABGP0086803,Active,Husky Jarvie 08-35 Gas Plant,GP,Jarvie,Sequoia Resources Corp.,,100.0% - Sequoia Resources Corp.,2005-01-01,,,54.40494,-113.92838,08-35-062-27W4M
ABGP0086883,Suspended,981405 Doris 11-17-63-6W5,GP,Doris Clearwater,Trident Exploration (Alberta) Corp.,,100.0% - Trident Exploration (Alberta) Corp.,2006-01-01,,,54.45235,-114.87417,11-17-063-06W5M
ABGP0087651,Suspended,Acl Ngl Lpt 8-28 Refridge Plant,GP,Acl Ngl Lpt Refridge Plant,Ember Resources Inc.,,100.0% - Ember Resources Inc.,2005-01-01,,,51.77093,-113.6221,08-28-032-26W4M
ABGP0087677,Active,Pembina Blue Rapids 04-08-047-09W5,GP,Pembina Blue Rapids,Taqa North Ltd.,,88.2% - Taqa North Ltd.; 11.8% - Baccalieu Energy Inc.,,,,53.03416,-115.29044,04-08-047-09W5M
ABGP0087898,Active,Apache Cecilia 12-34 Plant,GP,Wild Hay,Peyto Exploration & Development Corp.,,100.0% - Peyto Exploration & Development Corp.,2005-01-01,,,53.8847,-117.19405,12-34-056-22W5M
ABGP0088035,Suspended,Direct Energy Atlee Buffalo,GP,Atlee Buffalo,Scollard Energy Ltd.,,100.0% - Area 2 Energy Ltd.,,,,50.70859,-110.48649,05-22-020-04W4M
ABGP0088160,Suspended,Altagas Princess,GP,Princess,Campus Energy Partners Operations Inc.,,100.0% - Campus Energy Partners Operations Inc.,2006-01-01,,,50.70135,-111.55396,16-14-020-12W4M
ABGP0088446,Suspended,Leland Sweetening 14-23-58-26W5,GP,Leland Sweetening Plant,Canadian Natural Resources Limited,,8.8% - Semcams Midstream Ulc; 39.0% - Talisman Corporation; 52.2% - Canadian Natural Resources Limited,,,,54.03376,-117.75789,14-23-058-26W5M
ABGP0088508,Suspended,Clear Prairie,GP,Clear Prairie,Altagas Ltd.,,100.0% - Altagas Ltd.,2006-01-01,,,56.84815,-119.84674,07-33-090-12W6M
ABGP0088516,Active,Acl Ngl L.P. South 9-14-30-27 Plant,GP,Acl Ngl L.P. South,Ember Resources Inc.,,100.0% - Ember Resources Inc.,2006-01-01,,,51.57064,-113.68812,09-14-030-27W4M
ABGP0088615,Suspended,Iron Creek Gas Plant,GP,Iron Creek,Axiom Oil And Gas Inc.,,100.0% - Axiom Oil And Gas Inc.,1999-01-01,,,52.92885,-111.88746,13-31-045-13W4M
ABGP0089018,Active,Peyto Wildhay 04-21-55-23 W5 Gp,GP,Wildhay,Peyto Exploration & Development Corp.,,100.0% - Peyto Exploration & Development Corp.,2006-01-01,,,53.76109,-117.36744,04-21-055-23W5M
ABGP0089265,Active,Vermilion Pembina 16-26-047-08W5,GP,Violet Grove,Arc Resources Ltd.,,100.0% - Arc Resources Ltd.,2006-01-01,,,53.08875,-115.05317,16-26-047-08W5M
ABGP0089314,Suspended,Crooked Creek 2-30-71-26W5,GP,Crooked Creek,Canadian Natural Resources Limited,,28.0% - Paramount Resources Ltd.; 72.0% - Canadian Natural Resources Limited,2005-01-01,,,55.17252,-117.98554,02-30-071-26W5M
ABGP0089350,Active,Trilogy Deep Valley 01-15-063-25W5,GP,Deep Valley,Paramount Resources Ltd.,,75.0% - Paramount Resources Ltd.; 25.0% - Cequence Energy Ltd.,2006-01-01,,,54.44527,-117.685,01-15-063-25W5M
ABGP0089584,Active,Sandhills Gas Plant,GP,Sandhills,N7 Energy Ltd.,,100.0% - N7 Energy Ltd.,2006-01-01,,,54.39034,-114.76114,07-25-062-06W5M
ABGP0089756,Active,Apache Ngl Lonepine West 2-29-31-28W,GP,Ngl Lonepine West,Ember Resources Inc.,,100.0% - Ember Resources Inc.,2006-01-01,,,51.68027,-113.93499,02-29-031-28W4M
ABGP0089914,Active,981405 Wedge Gas Plant,GP,Wedge Gas Plant,Tallahassee Exploration Inc.,,100.0% - Tallahassee Exploration Inc.,2006-01-01,,,54.34654,-114.89833,05-07-062-06W5M
ABGP0089955,Active,981405 Thunder Gas Plant 9-6-61-5W5,GP,Thunder,N7 Energy Ltd.,,100.0% - N7 Energy Ltd.,2006-01-01,,,54.24852,-114.73002,09-06-061-05W5M
ABGP0090067,Active,Suffield-13-10-016-09 W4M,GP,Suff Refridge,Harvest Operations Corp.,,100.0% - Harvest Operations Corp.,,,,50.33719,-111.17008,13-10-016-09W4M
ABGP0090090,Suspended,Husky Lubicon 7-1 Gas Plant,GP,Lubicon,Surge Energy Inc.,,100.0% - Surge Energy Inc.,1984-01-01,,,56.51381,-115.607,07-01-087-11W5M
ABGP0090092,Active,Clear Hills Gas Plant,GP,Clear Hills,Altagas Ltd.,,100.0% - Altagas Ltd.,2006-01-01,,,56.62268,-119.91295,13-07-088-12W6M
ABGP0090355,New,Woking 16-9-75-4W6,GP,Woking,Canadian Natural Resources Limited,,100.0% - Canadian Natural Resources Limited,,,,55.48864,-118.54674,16-09-075-04W6M
ABGP0090715,Active,Puskwa 03-03-072-26W5,GP,Puskwa,Canadian Natural Resources Limited,,100.0% - Canadian Natural Resources Limited,2006-01-01,,,55.20179,-117.9149,03-03-072-26W5M
ABGP0090799,Active,Eaglesham Gp 01-25-76-01W6,GP,Eaglesham,Long Run Exploration Ltd.,,100.0% - Long Run Exploration Ltd.,2006-01-01,,,55.60879,-118.00369,01-25-076-01W6M
ABGP0090807,Suspended,Prairie River Gas Plant,GP,Prairie River,Altagas Ltd.,,100.0% - Altagas Ltd.,,,,55.24914,-116.6328,06-24-072-18W5M
ABGP0090927,Active,Win Cowley 13-34-8-2W5 Plant,GP,Cowley,Tamarack Acquisition Corp.,,100.0% - Tamarack Acquisition Corp.,2006-01-01,,,49.69688,-114.20135,13-34-008-02W5M
ABGP0091427,Active,Peyto Nosehill 11-21-55-20 W5 Gas Pl,GP,Nosehill,Peyto Exploration & Development Corp.,,100.0% - Peyto Exploration & Development Corp.,2006-01-01,,,53.76827,-116.91545,11-21-055-20W5M
ABGP0091983,Active,Bnp Whitecourt Gas Plant 16-30,GP,Bnp Whitecourt,Outlier Resources Ltd.,,100.0% - Outlier Resources Ltd.,2006-01-01,,,54.22327,-115.92961,16-30-060-13W5M
ABGP0092557,Suspended,Corbett 10-03-61-07W5M Gas Plant,GP,Corbett,Velvet Energy Ltd.,,100.0% - Velvet Energy Ltd.,2005-01-01,,,54.24852,-114.96101,10-03-061-07W5M
ABGP0092867,Suspended,Eog Halkirk 16-28-38-15W4 Gas Plant,GP,Halkirk,Karve Energy Inc.,,100.0% - Karve Energy Inc.,2004-01-01,,,52.30141,-112.07934,16-28-038-15W4M
ABGP0093212,Suspended,Imp West Pembina Acid Gas Inj,GP,Imp West Pembina Acid Gas Inj,Keyera Energy Ltd.,,100.0% - Keyera Energy Ltd.,,,,53.25607,-115.55272,06-28-049-11W5M
ABGP0093223,Active,Ferintosh 9-16-43-21W4,GP,Ferintosh,Shackleton Exploration Ltd.,,50.0% - Shackleton Exploration Ltd.; 50.0% - Taqa North Ltd.,2006-01-01,,,52.70698,-112.98224,09-16-043-21W4M
ABGP0093277,Active,Willesden Green Gas Plant,GP,Faraway,Obsidian Energy Ltd.,,90.0% - Obsidian Energy Ltd.; 10.0% - Taqa North Ltd.,2007-01-01,,,52.59412,-114.88004,14-01-042-07W5M
ABGP0093647,Suspended,Gibraltar Cutpick 2-21-60-8W6 Gp,GP,Cutpick,Gibraltar Exploration Ltd.,,100.0% - Crescent Point Energy Corp.,2007-01-01,,,54.19768,-119.13417,02-21-060-08W6M
ABGP0094071,Suspended,Jupiter Gas Plant 4-36-58-24W5,GP,Berland West,Repsol Oil & Gas Canada Inc.,,100.0% - Repsol Oil & Gas Canada Inc.,2007-01-01,,,54.05202,-117.44182,04-36-058-24W5M
ABGP0094290,Suspended,Choice 4-5-041-09W4 Gas Plant,GP,Choice,Ovintiv Canada Ulc,,100.0% - Sanling Energy Ltd.,,,,52.49407,-111.27331,04-05-041-09W4M
ABGP0094322,Active,Bashaw 12-32-41-20W4 Gas Plant,GP,Bashaw,Long Run Exploration Ltd.,,100.0% - Long Run Exploration Ltd.,2007-01-01,,,52.57445,-112.85641,12-32-041-20W4M
ABGP0094379,Active,Jupiter Kakwa 01-35-060-05W6 Gp,GP,Kakwa,Tourmaline Oil Corp.,,50.0% - Jupiter Resources Inc.; 50.0% - Tourmaline Oil Corp.,2006-01-01,,,54.22684,-118.62814,01-35-060-05W6M
ABGP0094382,Active,7G Lator 01-21-63-02W6 Gas Plant,GP,Scp Lator# 1,Arc Resources Ltd.,,100.0% - Arc Resources Ltd.,,,,54.45974,-118.23009,01-21-063-02W6M
ABGP0094954,Active,Resthaven 8-11-60-3W6 Gp,GP,Resthaven Deep Cut Plant,Pembina Gas Services Ltd.,,15.0% - Conocophillips Canada Limited; 10.0% - Paramount Resources Ltd.; 5.0% - Canadian Natural Resources Limited; 70.0% - Pembina Gas Services Ltd.,2006-01-01,,,54.17226,-118.32829,08-11-060-03W6M
ABGP0094957,Suspended,Encana Resthaven 7-11-60-3W6 Gp,GP,Resthaven,Tourmaline Oil Corp.,,100.0% - Tourmaline Oil Corp.,2005-01-01,,,54.17227,-118.33446,07-11-060-03W6M
ABGP0095425,Suspended,Angle Edson 10-28 Gas Plant,GP,Edson,Bonavista Energy Corporation,,100.0% - Bonavista Energy Corporation,2007-01-01,,,53.60839,-116.29534,10-28-053-16W5M
ABGP0095721,Active,Gem Gas Plant,GP,Gem,Torxen Energy Ltd.,,100.0% - Torxen Energy Ltd.,,,,50.97779,-112.24066,16-24-023-17W4M
ABGP0095741,Active,Velvet Edson 12-15-53-15W5 Gas Plant,GP,Edson,Velvet Energy Ltd.,,100.0% - Velvet Energy Ltd.,2009-01-01,,,53.57945,-116.13579,12-15-053-15W5M
ABGP0095750,Active,Bow Island 6-26-11-11W4,GP,Bow Island,Canadian Natural Resources Limited,,100.0% - Canadian Natural Resources Limited,1996-01-01,,,49.93704,-111.40637,06-26-011-11W4M
ABGP0096078,Suspended,Altagas Acme,GP,Acme,Altagas Ltd.,,100.0% - Ember Resources Inc.,,,,51.47237,-113.64132,16-07-029-26W4M
ABGP0096335,Active,Duvernay Sundance Gas Plant 15-7,GP,Sundance,Tourmaline Oil Corp.,,100.0% - Tourmaline Oil Corp.,2006-01-01,,,53.65556,-117.08161,15-07-054-21W5M
ABGP0096366,Suspended,Pine Creek 13-9-55-18W5 Gas Plant,GP,Pine Creek,Long Run Exploration Ltd.,,100.0% - Long Run Exploration Ltd.,,,,53.74286,-116.62421,13-09-055-18W5M
ABGP0096897,Suspended,Marten Hills 1-26-73-1 W5 Gas Plant,GP,Marten Hills,Spoke Resources Ltd.,,100.0% - Spoke Resources Ltd.,2008-01-01,,,55.34696,-114.03096,01-26-073-01W5M
ABGP0096963,Suspended,Sunnynook 13-24-26-12W4,GP,Sunnynook,Canadian Natural Resources Limited,,100.0% - Canadian Natural Resources Limited,,,,51.23969,-111.56019,13-24-026-12W4M
ABGP0097389,Active,Trilogy Smoky River 06-16 Gpl,GP,Smoky River,Paramount Resources Ltd.,,100.0% - Paramount Resources Ltd.,,,,54.53626,-117.11706,06-16-064-21W5M
ABGP0097445,Active,Duvernay Oldman Gas Plant 10-24,GP,Oldman,Tourmaline Oil Corp.,,100.0% - Tourmaline Oil Corp.,2006-01-01,,,53.8556,-116.98349,10-24-056-21W5M
ABGP0097476,Active,Bonavista Chinchaga 08-25,GP,Chinchaga,Direct Oil & Gas Inc.,,100.0% - Direct Oil & Gas Inc.,2008-01-01,,,57.35724,-119.46699,08-25-096-10W6M
ABGP0097699,Suspended,Galloway 9-34-53-20W5 Gasplant,GP,Galloway,Peyto Exploration & Development Corp.,,89.0% - Peyto Exploration & Development Corp.; 11.0% - Sinopec Daylight Energy Ltd.,2007-01-01,,,53.62298,-116.85439,09-34-053-20W5M
ABGP0098003,Suspended,Husky 09-30 Abgp,GP,Callihoo,Husky Oil Operations Limited,,100.0% - Husky Oil Operations Limited,2003-01-01,,,53.69575,-113.96227,09-30-054-27W4M
ABGP0098419,New,Golden Rod 6-22-41-26W4,GP,Golden Rod,Goldenrod Resources Inc.,,100.0% - Goldenrod Resources Inc.,,,,52.54131,-113.66634,06-22-041-26W4M
ABGP0098480,Suspended,Keyera Willesden 5-14 Refridge Plant,GP,Willesden Green,Keyera Energy Ltd.,,100.0% - Keyera Energy Ltd.,,,,52.35401,-114.62232,05-14-039-05W5M
ABGP0098678,Active,Boundary Lake Central 10-19 Gp,GP,Boundry Hill,Enercapita Energy Ltd.,,100.0% - Enercapita Energy Ltd.,2008-01-01,,,56.47357,-119.72428,10-19-086-11W6M
ABGP0098890,Suspended,Vero Pine Creek 16-23-54-17W5 Gp,GP,Pine Creek,Velvet Energy Ltd.,,100.0% - Velvet Energy Ltd.,,,,53.68454,-116.38791,16-23-054-17W5M
ABGP0099099,Suspended,Endev Eyemore,GP,Eyemore,Houston Oil & Gas Ltd.,,100.0% - Houston Oil & Gas Ltd.,1995-01-01,,,50.50115,-112.45292,04-08-018-18W4M
ABGP0099238,Abandoned,Battle 1-24-45-8 W4,GP,Battle River,Cleo Energy Corp.,,100.0% - Cleo Energy Corp.,,,,52.88882,-111.0229,01-24-045-08W4M
ABGP0099610,Active,Bindloss North Gas Plant,GP,Bindloss North,Taqa North Ltd.,,87.0% - Taqa North Ltd.; 2.1% - Obsidian Energy Ltd.; 7.7% - Sabre Energy Ltd.; 1.8% - Signalta Resources Limited; 1.3% - 868218 Alberta Ltd.,,,,50.90169,-110.48071,11-27-022-04W4M
ABGP0099613,Active,Bindloss South Gas Plant,GP,Bindloss South,Taqa North Ltd.,,87.0% - Taqa North Ltd.; 2.1% - Obsidian Energy Ltd.; 7.7% - Sabre Energy Ltd.; 1.3% - 868218 Alberta Ltd.; 1.8% - Signalta Resources Limited,1957-01-01,,,50.88676,-110.38826,11-20-022-03W4M
ABGP0101007,Active,Bonavista Kipp 5-33 Gas Plant,GP,Kipp,Tamarack Acquisition Corp.,,100.0% - Tamarack Acquisition Corp.,1997-01-01,,,49.68933,-112.93414,05-33-008-22W4M
ABGP0102810,Suspended,Eca Wildon Gp 9-29-055-16W4,GP,Willingdon,Sequoia Resources Corp.,,100.0% - Sequoia Resources Corp.,2004-01-01,,,53.78254,-112.33503,09-29-055-16W4M
ABGP0103480,Active,Mbog Sawn Lake 12-29-91-12W5 Gp,GP,Sawn Lake,Surge Energy Inc.,,100.0% - Surge Energy Inc.,,,,56.92484,-115.90367,12-29-091-12W5M
ABGP0104350,Active,Pennwest Esther,GP,Esther,Obsidian Energy Ltd.,,100.0% - Obsidian Energy Ltd.,,,,51.76348,-110.14363,13-19-032-01W4M
ABGP0104557,Active,Sounding Lake 12-30 Gas Plant,GP,Sounding Lake,Surge Energy Inc.,,100.0% - Surge Energy Inc.,2009-01-01,,,52.12298,-110.57333,12-30-036-04W4M
ABGP0105487,Suspended,Pennwest Sousa,GP,Sousa,Obsidian Energy Ltd.,,100.0% - Obsidian Energy Ltd.,,,,58.68336,-118.66605,11-31-111-04W6M
ABGP0105488,Suspended,Pennwest Haro,GP,Haro,Obsidian Energy Ltd.,,100.0% - Obsidian Energy Ltd.,1978-01-01,,,58.07313,-118.76341,11-33-104-05W6M
ABGP0105489,Suspended,Pennwest Lennard,GP,Lennard,Obsidian Energy Ltd.,,100.0% - Obsidian Energy Ltd.,,,,58.30534,-118.88937,12-23-107-06W6M
ABGP0106663,Active,Pcs 03-22-078-12W6 Gp Abgp 0106663,GP,Pouce Coupe,Birchcliff Energy Ltd.,,100.0% - Birchcliff Energy Ltd.,,,,55.76862,-119.77468,03-22-078-12W6M
ABGP0106720,Active,Harmattan Fractionation,GP,Harmattan Fractionation,Altagas Ltd.,,100.0% - Altagas Ltd.,,,,51.68774,-114.47718,09-27-031-04W5M
ABGP0106875,Active,981384 Wimborne 11-21-33-27W4 Gp,GP,Wimborne,Ember Resources Inc.,,100.0% - Ember Resources Inc.,,,,51.84721,-113.77549,11-21-033-27W4M
ABGP0107835,Active,Aav Glacier 05-02-076-12W6 Gp,GP,Glacier,Advantage Energy Ltd.,,100.0% - Advantage Energy Ltd.,2009-01-01,,,55.55419,-119.75506,05-02-076-12W6M
ABGP0110241,Suspended,Altagas Acadia West Gas Plant,GP,Acadia West,Altagas Ltd.,,100.0% - Altagas Ltd.,,,,51.21424,-110.33931,02-15-026-03W4M
ABGP0110251,Suspended,Celtic Utikuma Gp 13-15-81-09W5,GP,Utikuma,Xto Energy Canada,,100.0% - Xto Energy Canada Ulc,,,,56.02715,-115.32827,13-15-081-09W5M
ABGP0110804,Active,Blackpearl Mooney Gas Plant,GP,Mooney,Ipc Canada Ltd.,,100.0% - Ipc Canada Ltd.,2005-01-01,,,55.23429,-115.06894,06-18-072-07W5M
ABGP0110886,Suspended,Darwin 16-28-94-18 Gp,GP,Darwin,Baytex Energy Ltd.,,26.6% - Baytex Energy Ltd.; 73.4% - Perpetual Energy Inc.,1997-01-01,,,57.18998,-116.8232,16-28-094-18W5M
ABGP0111570,Active,Tourmaline Hinton 06-32 Gas Plant,GP,Hinton,Tourmaline Oil Corp.,,100.0% - Tourmaline Oil Corp.,,,,53.44472,-117.65256,06-32-051-25W5M
ABGP0112787,Active,Twin Butte Viking Gp 16-01-48-13W4,GP,Viking,West Lake Energy Corp.,,100.0% - West Lake Energy Corp.,2003-01-01,,,53.1159,-111.7633,16-01-048-13W4M
ABGP0113730,Suspended,South Brintnell 13-01-81-23W4,GP,South Britnell,Canadian Natural Resources Limited,,100.0% - Canadian Natural Resources Limited,,,,55.99706,-113.4736,13-01-081-23W4M
ABGP0113988,Suspended,Hillsdown Lp Gas Gathering System,GP,Hillsdown,Canadian Natural Resources Limited,,100.0% - Canadian Natural Resources Limited,,,,52.15576,-113.5253,13-04-037-25W4M
ABGP0113989,Suspended,14-04 Scada Meter Ggs,GP,Scada Meter Ggs,Canadian Natural Resources Limited,,100.0% - Canadian Natural Resources Limited,,,,52.15576,-113.5253,13-04-037-25W4M
ABGP0114466,Suspended,Brantfarrow 14-05-019-24W4 Gas Plant,GP,Brantfarrow,Taqa North Ltd.,,68.0% - Taqa North Ltd.; 32.0% - Coastal Resources Limited,1999-01-01,,,50.58502,-113.29692,14-05-019-24W4M
ABGP0115041,New,Hamburg 4-30-94-12W6,GP,Hamburg 04-30,Canadian Natural Resources Limited,,100.0% - Canadian Natural Resources Limited,,,,57.17919,-119.92916,04-30-094-12W6M
ABGP0115356,Active,Banshee 15-12 Gas Plant,GP,Banshee,Tourmaline Oil Corp.,,100.0% - Tourmaline Oil Corp.,2011-01-01,,,53.30685,-116.93577,15-12-050-21W5M
ABGP0115599,Active,Cypress 4-29-14-10W4,GP,Cypress,Canadian Natural Resources Limited,,100.0% - Canadian Natural Resources Limited,1994-01-01,,,50.19556,-111.34372,04-29-014-10W4M
ABGP0115771,Active,Marlboro 05-29 Gas Plant,GP,Marlboro,Bonavista Energy Corporation,,41.4% - Bonavista Energy Corporation; 18.6% - Sinopec Daylight Energy Ltd.; 40.0% - Tidewater Resources Inc.,,,,53.7793,-116.79752,05-29-055-19W5M
ABGP0116752,Suspended,Angle Rosevear 07-20-053-15W5 Plant,GP,Rosevear,Bonavista Energy Corporation,,100.0% - Bonavista Energy Corporation,2011-01-01,,,53.59027,-116.1728,07-20-053-15W5M
ABGP0117576,Active,Pouce Coupe,GP,Pouce Coupe,Altagas Ltd.,,100.0% - Altagas Ltd.,,,,55.98713,-119.94802,03-03-081-13W6M
ABGP0117818,Active,Anderson Gp 00/01-09-051-24W5M,GP,Anderson,Tourmaline Oil Corp.,,100.0% - Tourmaline Oil Corp.,,,,53.38309,-117.46844,01-09-051-24W5M
ABGP0118855,Active,Pgs Kakwa River 08-13,GP,Kakwa River,Pembina Gas Services Ltd.,,100.0% - Pembina Gas Services Ltd.,2012-01-01,,,54.44895,-118.60768,08-13-063-05W6M
ABGP0119271,Active,Musreau Gp 02/08-13-062-06W6M,GP,Musreau,Tourmaline Oil Corp.,,100.0% - Tourmaline Oil Corp.,2010-01-01,,,54.36146,-118.75311,08-13-062-06W6M
ABGP0119546,Active,Marten Ck 10-02-077-05W5 Gas Plant,GP,Marten Creek,Axiom Oil And Gas Inc.,,100.0% - Axiom Oil And Gas Inc.,1995-01-01,,,55.64488,-114.65784,10-02-077-05W5M
ABGP0119547,Suspended,Hoole,GP,Hoole,Tidewater Midstream And Infrastructure Ltd.,,100.0% - Tidewater Midstream And Infrastructure Ltd.,,,,55.98242,-113.76757,16-36-080-25W4M
ABGP0119690,Suspended,Hoole S 16-36-080-25W4 Gas Plant,GP,Hoole,Tidewater Midstream And Infrastructure Ltd.,,100.0% - Tidewater Midstream And Infrastructure Ltd.,,,,55.98242,-113.76757,16-36-080-25W4M
ABGP0119722,Suspended,12-25-062-04W5 Gas Plant,GP,Vega,Taqa North Ltd.,,100.0% - Taqa North Ltd.,,,,54.39407,-114.47354,12-25-062-04W5M
ABGP0119754,Active,Cross Alta Gas Plant,GP,Cross Alta,Transcanada Energy Ltd.,,100.0% - Transcanada Energy Ltd.,1993-01-01,,,51.40014,-114.03397,15-14-028-01W5M
ABGP0119968,Active,Pennwest Countess,GP,Rosemary,Cardinal Energy Ltd.,,100.0% - Cardinal Energy Ltd.,1996-01-01,,,50.86511,-112.21187,03-18-022-16W4M
ABGP0119984,Suspended,Botha 7-16-98-5W6,GP,Botha,Canadian Natural Resources Limited,,89.5% - Canadian Natural Resources Limited; 10.5% - Obsidian Energy Ltd.,1994-01-01,,,57.50268,-118.74226,07-16-098-05W6M
ABGP0120344,Active,10-7 Gas Processing Plant,GP,Ante Creek North,Arc Resources Ltd.,,100.0% - Arc Resources Ltd.,2012-01-01,,,54.78675,-117.64635,10-07-067-24W5M
ABGP0120365,Active,Sturgeon Lake Gas Plant,GP,Ante Creek,Arc Resources Ltd.,,100.0% - Arc Resources Ltd.,,,,54.9106,-117.6972,02-26-068-25W5M
ABGP0121326,Active,Open Range Ansell 12-31 Gas Plant,GP,Swanson,Peyto Exploration & Development Corp.,,100.0% - Peyto Exploration & Development Corp.,2012-01-01,,,53.62293,-116.79894,12-31-053-19W5M
ABGP0121540,Abandoned,Altagas Rainbow Lake Gas Plant,GP,Rainbow Lake,Altagas Ltd.,,100.0% - Altagas Ltd.,,,,58.56701,-119.19621,12-24-110-08W6M
ABGP0122937,Suspended,Tervita Granada Frac Plant,GP,Granada,Secure Energy Services Inc.,,100.0% - Secure Energy Services Inc.,2013-01-01,,,53.48488,-115.60766,02-18-052-11W5M
ABGP0123090,Active,Gordondale Gas Plant,GP,Gordondale,Altagas Ltd.,,100.0% - Altagas Ltd.,2012-01-01,,,55.80863,-119.68441,16-31-078-11W6M
ABGP0126279,Active,Saturn Gas Plant,GP,Saturn,Pembina Gas Services Ltd.,,100.0% - Pembina Gas Services Ltd.,2013-01-01,,,53.97197,-117.29309,12-36-057-23W5M
ABGP0126524,Active,Lookout Butte 04-13,GP,Lookout Butte,Loyal Energy (Canada) Operating Ltd.,,100.0% - Loyal Energy (Canada) Operating Ltd.,1963-01-01,,,49.11919,-113.76139,04-13-002-29W4M
ABGP0127090,Active,Ramparts 05-17-57-21W4 Gp,GP,Ramparts,Long Run Exploration Ltd.,,,,,,53.92542,-113.09648,05-17-057-21W4M
ABGP0128196,Active,Haro #1,GP,Haro # 1,Sanling Energy Ltd.,,100.0% - Sanling Energy Ltd.,1970-01-01,,,58.05868,-118.28714,10-29-104-02W6M
ABGP0128197,Suspended,Haro #3,GP,Haro # 3,Sanling Energy Ltd.,,100.0% - Sanling Energy Ltd.,1980-01-01,,,58.23313,-118.78421,10-29-106-05W6M
ABGP0128198,Suspended,Haro #4,GP,Haro # 4,Sanling Energy Ltd.,,,,,,57.97145,-118.5841,09-28-103-04W6M
ABGP0129178,Active,Peyto Brazeau 06-12-044-13W5 Gas,GP,Brazeau,Peyto Exploration & Development Corp.,,100.0% - Peyto Exploration & Development Corp.,2013-01-01,,,52.77609,-115.75734,06-12-044-13W5M
ABGP0129179,Active,Peyto Oldman North 3/14-17-55-21W5Gp,GP,Oldman North,Peyto Exploration & Development Corp.,,,,,,53.75754,-117.08879,14-17-055-21W5M
ABGP0129279,Active,Ansell 01-34 Gas Plant,GP,Peoc Ansell,Tourmaline Oil Corp.,,100.0% - Tourmaline Oil Corp.,2012-01-01,,,53.44113,-116.55962,01-34-051-18W5M
ABGP0130963,New,Kaybob 15-07 Gas Plant,GP,Kaybob,Xto Energy Canada Ulc,,,,,,54.17947,-116.68584,15-07-060-18W5M
ABGP0130964,Active,Kaybob 15-07 Gas Plant,GP,Kaybob,Xto Energy Canada,,,,,,54.17947,-116.68584,15-07-060-18W5M
ABGP0131384,Suspended,Cenovus Lake Newell 04-22 Gas Plant,GP,Lake Newell,Torxen Energy Ltd.,,100.0% - Torxen Energy Ltd.,,,,50.44293,-111.85737,04-22-017-14W4M
ABGP0131712,Active,Iberdrola 15-27 Gas Plant,GP,Iberdrola,Iberdrola Canada Energy Services Ltd.,,,,,,53.69938,-115.97623,15-27-054-14W5M
ABGP0132407,Active,Kaybob 5-31 Gas Plant,GP,Kaybob,Kiwetinohk Resources Corp.,,,,,,54.40491,-117.59784,05-31-062-24W5M
ABGP0133259,Active,Eca Kaybob 15-31 Gas Plant,GP,Kaybob,Ovintiv Canada Ulc,,,,,,54.41224,-117.13572,15-31-062-21W5M
ABGP0134386,Active,Steen River 9-17 Acid Gas Inj Plant,GP,Steen River,Tallahassee Exploration Inc.,,100.0% - Tallahassee Exploration Inc.,1999-01-01,,,59.59975,-117.39773,09-17-122-20W5M
ABGP0134471,Active,Spartan Alexander Gas Plant,GP,Alexander,Vermilion Energy Inc.,,,,,,53.81987,-113.85883,03-07-056-26W4M
ABGP0134628,Active,Musreau Ii  9-26-62-6W6,GP,Musreau,Pembina Gas Services Ltd.,,100.0% - Pembina Gas Services Ltd.,2014-01-01,,,54.39414,-118.7781,09-26-062-06W6M
ABGP0134673,Active,Inception 03-26-069-05W6 Plant,GP,Inception,Spartan Delta Corp.,,,,,,54.99801,-118.65182,03-26-069-05W6M
ABGP0134834,Suspended,Bistcho Lake 6-32 Acid Gas Injection,GP,Bistcho Lake,Tallahassee Exploration Inc.,,,,,,59.63916,-118.30596,06-32-122-02W6M
ABGP0135009,Active,06-01-077-21W5 Donnelly,GP,Girouxville,Long Run Exploration Ltd.,,100.0% - Long Run Exploration Ltd.,2005-01-01,,,55.64146,-117.1216,06-01-077-21W5M
ABGP0135330,Active,Exshaw 03-10-077-07W6 Gas Plant,GP,Exshaw,Tourmaline Oil Corp.,,100.0% - Tourmaline Oil Corp.,2014-01-01,,,55.65231,-118.99905,03-10-077-07W6M
ABGP0135716,Active,Bilbo-04-25-065-07 W6M,GP,Bilbo,Harvest Operations Corp.,,100.0% - Harvest Operations Corp.,2015-01-01,,,54.64908,-118.92828,04-25-065-07W6M
ABGP0135948,Active,Lre Edson 00/06-16-054-18W5 Gp,GP,Alliance,Long Run Exploration Ltd.,,100.0% - Long Run Exploration Ltd.,,,,53.66297,-116.59653,06-16-054-18W5M
ABGP0136119,Active,Smith West 09-01-071-02W5,GP,Smith West,Canadian Natural Resources Limited,,100.0% - Canadian Natural Resources Limited,,,,55.12145,-114.1592,09-01-071-02W5M
ABGP0137047,Active,Spartan Alderflats 10-09-045-08W5,GP,Bellatrix 10-09,Spartan Delta Corp.,,60.0% - Spartan Delta Corp.; 35.0% - Keyera Energy Ltd.,2015-01-01,,,52.86763,-115.0982,10-09-045-08W5M
ABGP0137118,Active,Interpipeline Rof Facility,GP,Rof,Pembina Ngl Corporation,,,,,,53.81249,-113.12761,09-01-056-22W4M
ABGP0137513,Active,Sylvan Lake 6-20 Gas Plant,GP,Sylvan Lake,Vesta Energy Ltd.,,100.0% - Vesta Energy Ltd.,,,,52.19358,-114.11177,06-20-037-01W5M
ABGP0137899,Active,Saturn 2 Gas Plant,GP,Saturn 2,Pembina Gas Services Ltd.,,100.0% - Pembina Gas Services Ltd.,,,,53.97197,-117.29309,12-36-057-23W5M
ABGP0137978,Active,Perpetual W Wolf 10-3-52-17W5,GP,West Wolf,Tourmaline Oil Corp.,,100.0% - Tourmaline Oil Corp.,2015-01-01,,,53.46305,-116.41851,10-03-052-17W5M
ABGP0138158,Active,Cenovus Alderson,GP,Alderson,Torxen Energy Ltd.,,100.0% - Torxen Energy Ltd.,1979-01-01,,,50.31553,-111.96634,06-02-016-15W4M
ABGP0138191,Active,Swr Windfall Gp 14-24-59-16 W5,GP,Windfall,Outlier Resources Ltd.,,100.0% - Outlier Resources Ltd.,2015-01-01,,,54.12132,-116.26699,14-24-059-16W5M
ABGP0138443,Active,Zeta Creek 11-10-49-12W5 Gas Plant,GP,Zeta Creek,Keyera Energy Ltd.,,,,,,53.21601,-115.67455,11-10-049-12W5M
ABGP0138789,Active,Bonterra 11-17 Sweet Gas Plant,GP,Bonterra Sweet Gas,Bonterra Energy Corp.,,,,,,53.23071,-114.55308,11-17-049-04W5M
ABGP0138811,Active,7G Lator#2  2/1-21-63-2W6 Gp,GP,7G Lator # 2,Arc Resources Ltd.,,100.0% - Arc Resources Ltd.,2015-01-01,,,54.45974,-118.23009,01-21-063-02W6M
ABGP0138891,Active,Ansell 12-31 Gas Plant,GP,Ansell 12-31,Bonavista Energy Corporation,,100.0% - Bonavista Energy Corporation,2014-01-01,,,53.3614,-116.48494,12-31-050-17W5M
ABGP0139140,Suspended,Ferrier 02-25-038-09W5 Gas Plant,GP,Ferrier,Petrus Resources Corp.,,,,,,52.29171,-115.1533,02-25-038-09W5M
ABGP0139294,Active,Ferrier 02-25-038-9W500 Gp,GP,Ferrier,Petrus Resources Corp.,,,,,,52.29171,-115.1533,02-25-038-09W5M
ABGP0139501,Active,Tourmaline Edson 04-17 Gas Plant,GP,Edson,Tourmaline Oil Corp.,,,,,,53.39761,-116.62699,04-17-051-18W5M
ABGP0140036,Active,Kanata Simonette 13-11 Gas Plant,GP,Simonette,Kanata Energy Group Ltd.,,,,,,54.35405,-117.94769,13-11-062-27W5M
ABGP0140178,Active,Elmworth Lng Phase 1,GP,Elmworth,Ferus Natural Gas Fuels Inc.,,,,,,55.04512,-119.63098,08-08-070-11W6M
ABGP0140267,Active,7G Cutbank 10-10-065-05W6,GP,7G Cutbank,Arc Resources Ltd.,,,2016-01-01,,,54.61249,-118.66427,10-10-065-05W6M
ABGP0140277,Active,Pembina Infra. & Logistics Lp Frac 2,GP,Pembina Infa,Pembina Ngl Corporation,,,,,,53.81249,-113.12761,09-01-056-22W4M
ABGP0140439,Active,Simonette 10-29 Gas Plant,GP,Simonette,Kiwetinohk Resources Corp.,,,,,,54.48156,-117.43911,10-29-063-23W5M
ABGP0140643,Active,Patterson Creek Gas Plt 11-21-66-3W6,GP,Patterson Creek,Energy Transfer Canada Ulc,,100.0% - Energy Transfer Canada Ulc,2016-01-01,,,54.72881,-118.39357,11-21-066-03W6M
ABGP0140842,Active,Columbia 15-36-044-15W5 Gas Plant,GP,Columbia,Tourmaline Oil Corp.,,,,,,52.84154,-116.04149,15-36-044-15W5M
ABGP0140979,Active,Modern Kakwa 7-9-62-8W6 Gas Plant,GP,Modern Route,Tourmaline Oil Corp.,,,,,,54.34675,-119.1342,07-09-062-08W6M
ABGP0142406,Active,Orlen Ferrier 04-13-039-09W5 Gp,GP,Ferrier,Orlen Upstream Canada Ltd.,,,,,,52.35051,-115.1736,04-13-039-09W5M
ABGP0142505,Active,Musreau Deep Cut,GP,Musreau Deep Cut,Pembina Gas Services Ltd.,,100.0% - Pembina Gas Services Ltd.,2011-01-01,,,54.38698,-118.77154,04-25-062-06W6M
ABGP0143117,Active,Viking 11-16-48-13W4,GP,Viking,Enercapita Energy Ltd.,,,,,,53.14136,-111.84848,11-16-048-13W4M
ABGP0143189,Active,Fseep 02-03-055-22W4 Gas Plant,GP,Fseep 02 -03,Tidewater Midstream And Infrastructure Ltd.,,,,,,53.71782,-113.18306,02-03-055-22W4M
ABGP0143633,Active,Pembina Infra. & Logistics Lp Frac 3,GP,Pembina Infa & Logistics Frac 3,Pembina Ngl Corporation,,,,,,53.81249,-113.12761,09-01-056-22W4M
ABGP0144505,Active,Orlen Kakwa 16-07-063-05W6 Gas Plant,GP,Kakwa,Orlen Upstream Canada Ltd.,,,,,,54.44155,-118.73346,16-07-063-05W6M
ABGP0144581,Suspended,Ae Gp 4/13-21-15-11W4,GP,,Torxen Energy Ltd.,,,,,,50.27893,-111.46795,13-21-015-11W4M
ABGP0145129,Active,Duvernay Kaybob Complex,GP,,Pembina Gas Services Ltd.,,,,,,54.39772,-116.94194,14-28-062-20W5M
ABGP0145222,Active,Modern Cutpick 1-24-60-8W6 Gas Plant,GP,,Tourmaline Oil Corp.,,,,,,54.19767,-119.05305,01-24-060-08W6M
ABGP0145469,Active,Mbog Red Earth 2-23 Gas Plant,GP,,Surge Energy Inc.,,,,,,56.64099,-115.155,02-23-088-08W5M
ABGP0146250,Active,Lake Newell Gas Plant 4-22-17-14W4,GP,,Torxen Energy Ltd.,,,,,,50.44293,-111.85737,04-22-017-14W4M
ABGP0147725,Suspended,Harmattan Co-Stream Straddle Plant,GP,,Altagas Ltd.,,,,,,51.68774,-114.47718,09-27-031-04W5M
ABGP0147748,Active,Brazeau River 11-13-43-13W5 Gp,GP,,Birchill Canada Corp.,,,,,,52.70705,-115.75733,11-13-043-13W5M
ABGP0148152,Active,Resthaven 3-16 Gas Plant,GP,,Tourmaline Oil Corp.,,,,,,54.18336,-118.24067,03-16-060-02W6M
ABGP0148981,Active,Gold Creek,GP,,Arc Resources Ltd.,,,,,,54.81601,-118.64555,10-23-067-05W6M
ABGP0149002,Active,Delphi 02/07-11-60-23W5 Gas Plant,GP,,Distinction Energy Corp.,,,,,,54.17222,-117.33563,07-11-060-23W5M
ABGP0149088,Active,Bytx Harmon Valley Gas Plant,GP,,Baytex Energy Ltd.,,,,,,56.27752,-116.67963,03-18-084-17W5M
ABGP0150177,Active,Malmo 10-29-043-22W4,GP,,Canadian Natural Resources Limited,,,,,,52.73597,-113.15758,10-29-043-22W4M
ABGP0150355,Active,Keyera Wapiti Gas Plant,GP,,Keyera Energy Ltd.,,,,,,54.80878,-119.05877,03-19-067-07W6M
ABGP0150386,Active,Keyera Pipestone 04-07 Gas Plant,GP,,Keyera Energy Ltd.,,,,,,55.30326,-119.22752,04-07-073-08W6M
ABGP0150704,Active,Wapiti Gas Plant,GP,,Energy Transfer Canada Ulc,,,,,,54.8415,-118.95078,07-35-067-07W6M
ABGP0151188,Active,Brc 04-31-048-12W5 Frac Plant,GP,,Tidewater Midstream And Infrastructure Ltd.,,,,,,53.17965,-115.7536,04-31-048-12W5M
ABGP0152315,Active,Pipestone 12-35-070-09W6 Gas Plant,GP,,Tidewater Midstream And Infrastructure Ltd.,,,,,,55.10689,-119.26852,12-35-070-09W6M
ABGP0153429,Active,Duvernay Sweetening Plant,GP,,Pembina Gas Services Ltd.,,,,,,54.39772,-116.94194,14-28-062-20W5M
ABGP0153753,Active,Tangle Creek Waskahigan Gas Plant,GP,,Tangle Creek Energy Ltd.,,,,,,54.52509,-117.47668,12-07-064-23W5M
ABGP0154540,Active,Hmgp Corser 06-20,GP,,Husky Oil Operations Limited,,,,,,53.24139,-116.6007,06-20-049-18W5M
ABGP0154913,Active,Ltam High River 12-31-016-28W4,GP,,Long Term Asset Management Inc.,,,,,,50.39171,-113.84776,12-31-016-28W4M
ABGP0155173,Suspended,Sunchild 00/01-04-044-11W5 Gas Plant,GP,,Taqa North Ltd.,,,,,,52.75809,-115.52785,01-04-044-11W5M
ABGP0155556,Active,01-04 Sunchild Gas Plant,GP,,Taqa North Ltd.,,,,,,52.75809,-115.52785,01-04-044-11W5M
ABGP0156241,Suspended,Csv Karr Gas Plant,GP,,Csv Midstream Solutions Corp.,,,,,,54.71076,-118.59496,06-18-066-04W6M
ABGP0156644,Active,Thor Knappen 16-29 Plant,GP,,Thor Resources Inc.,,,,,,49.0701,-111.4336,16-29-001-11W4M
ABGP0156929,Active,Brc 04-31-048-12W5 Gas Plant #4,GP,,Tidewater Midstream And Infrastructure Ltd.,,,,,,53.17965,-115.7536,04-31-048-12W5M
ABGP0157262,Active,Alexis 03-36-055-05 W5 Gp,GP,,Long Run Exploration Ltd.,,,,,,53.78969,-114.61235,03-36-055-05W5M
ABGP0157570,Active,Csv Karr Gas Plant,GP,,Csv Midstream Solutions Corp.,,,,,,54.71076,-118.59496,06-18-066-04W6M
ABGP0158090,Active,13-21-015-11W4 Sweet Plant,GP,,Torxen Energy Ltd.,,,,,,50.27893,-111.46795,13-21-015-11W4M
ABGP0158167,Active,Tei Delia 01-13-32-19W4,GP,,Tallahassee Exploration Inc.,,,,,,51.73815,-112.55936,01-13-032-19W4M
ABGP0158517,Active,Ante Creek 05-26-066-24W5 Gp,GP,,Enerplus Corporation,,,,,,54.73977,-117.52713,05-26-066-24W5M
ABGS0131512,Active,Alexander 3-7-56-26W4 Ggs,GP,,Vermilion Energy Inc.,,100.0% - Vermilion Energy Inc.,,,,53.81987,-113.85883,03-07-056-26W4M
BCGP0000160,Active,Aitken Gas Aitkencreek D-044-L/094-A-13 002,GP,Aitken Creek Gas Storage,Aitken Creek Gas Storage Ulc,,100.0% - Aitken Creek Gas Storage Ulc,1987-01-01,,,56.95407,-121.92022,D-044-L 094-A-13
BCGP0000298,Active,Cnrl Alces 08-34-083-15 001,GP,Alces,Canadian Natural Resources Limited,,100.0% - Canadian Natural Resources Limited,1989-04-01,,,56.2373,-120.27111,08-34-083-15W6M
BCGP0000303,Active,Pacific Tumbler Ridge A-074-G/093-I-15 003,GP,Tumbler Ridge,Pacific Northern Gas (N.E.) Ltd.,,100.0% - Pacific Northern Gas (N.E.) Ltd.,1989-04-01,,,54.89578,-120.67018,A-074-G 093-I-15
BCGP0000317,Active,Canlin Parkland 06-29-081-15 004,GP,Parkland Plant 1 & 2,Canlin Energy Corporation,,100.0% - Canlin Energy Corporation,1989-04-01,,,56.04887,-120.3134,06-29-081-15W6M
BCGP0000322,Cancelled,Westcoast Sikanni B-041-I/094-G-03 001,GP,Sikanni,Westcoast Energy Inc.,,100.0% - Westcoast Energy Inc.,,,,57.20406,-123.00773,B-041-I 094-G-03
BCGP0000437,Cancelled,Westcoast Fort Nelson B-084-G/094-J-10 001,GP,Fort Nelson,Westcoast Energy Inc.,,100.0% - Westcoast Energy Inc.,,,,58.65403,-122.67023,B-084-G 094-J-10
BCGP0000438,Discontinued,Petronas Mason A-030-G/094-G-07 001,GP,Mason,Petronas Energy Canada Ltd.,,100.0% - Petronas Energy Canada Ltd.,1989-04-01,,,57.35406,-122.74523,A-030-G 094-G-07
BCGP0000439,Cancelled,Westcoast Mcmahon 15-25-082-18 001,GP,Mcmahon,Westcoast Energy Inc.,,100.0% - Westcoast Energy Inc.,,,,56.1434,-120.67217,15-25-082-18W6M
BCGP0000440,Discontinued,Canlin Boundarylake 13-10-085-14 001,GP,Boundary,Canlin Energy Corporation,,100.0% - Canlin Energy Corporation,1989-04-01,,,56.36084,-120.13294,13-10-085-14W6M
BCGP0000442,Active,Sukunka Pine River C-085-D/093-P-12 001,GP,Pine River,Sukunka Natural Resources Inc.,,100.0% - Sukunka Natural Resources Inc.,1989-04-01,,,55.57077,-121.93273,C-085-D 093-P-12
BCGP0000445,Active,Whitecap Boundarylake 07-02-085-14 002,GP,Boundary Lake,Whitecap Resources Inc.,,100.0% - Whitecap Resources Inc.,1989-04-01,,,56.33902,-120.09341,07-02-085-14W6M
BCGP0000457,Discontinued,Cve Energy Brassey D-013-F/093-P-10 003,GP,Brassey,Cenovus Energy Inc.,,100.0% - Cenovus Energy Inc.,1989-04-01,,,55.59578,-120.7827,D-013-F 093-P-10
BCGP0000464,Active,Cnrl Cypress B-099-C/094-B-16 002,GP,Cypress,Canadian Natural Resources Limited,,100.0% - Canadian Natural Resources Limited,1989-04-01,,,56.82907,-122.35771,B-099-C 094-B-16
BCGP0000465,Suspended,Canlin Boundarylake 11-24-084-15 001,GP,Boundary Lake Sweet Gas Plant,Canlin Energy Corporation,,100.0% - Canlin Energy Corporation,1989-04-01,,,56.2991,-120.23166,11-24-084-15W6M
BCGP0000558,Discontinued,Nrm Hold Ltd Buckinghorse A-081-H/094-G-06 002,GP,Buchinghorse,Northriver Midstream Energy Holdings Limited,,100.0% - Northriver Midstream Energy Holdings Limited,1989-11-01,,,57.40405,-123.00774,A-081-H 094-G-06
BCGP0000559,Cancelled,Westcoast Aitkencreek D-044-L/094-A-13 005,GP,Aitken Creek Gas Storage,Westcoast Energy Inc.,,100.0% - Westcoast Energy Inc.,,,,56.95407,-121.92022,D-044-L 094-A-13
BCGP0000730,Active,Canlin Boundarylake 14-24-084-15 003,GP,Boundary Lake Sour Gas Plant,Canlin Energy Corporation,,62.5% - Canlin Energy Corporation,1991-08-01,,,56.30274,-120.23166,14-24-084-15W6M
BCGP0000740,Active,Cnrl Ring C-081-I/094-H-09 002,GP,Ring Border Main,Canadian Natural Resources Limited,,69.7% - Canadian Natural Resources Limited; 30.3% - Conocophillips Canada Operations Ulc,1991-10-01,,,57.73748,-120.00774,C-081-I 094-H-09
BCGP0000921,Active,Cnrl Ring C-081-I/094-H-09 003,GP,,Canadian Natural Resources Limited,,,1991-10-01,,,57.73748,-120.00774,C-081-I 094-H-09
BCGP0000932,Active,Pengl Fort St John 01-36-082-18 002,GP,Younger Extraction Plant,1195714 Alberta Ltd.,,100.0% - 1195714 Alberta Ltd.,1989-04-01,,,56.14703,-120.66564,01-36-082-18W6M
BCGP0001243,Active,Westcoast Dry Gas 06-07-080-13 001,GP,Wei,Westcoast Energy Inc.,,100.0% - Westcoast Energy Inc.,1993-06-01,,,55.91795,-120.02632,06-07-080-13W6M
BCGP0001279,Discontinued,Keyera Bougie D-031-F/094-G-15 001,GP,Bougie,Keyera Energy Ltd.,,100.0% - Keyera Energy Ltd.,1994-03-01,,,57.86238,-122.75776,D-031-F 094-G-15
BCGP0001593,Cancelled, Star Pine 07-06-077-25 003,GP,Star Pine,Domcan,,100.0% - Domcan,,,,55.64142,-121.86434,07-06-077-25W6M
BCGP0001647,Active,Tourmaline Martin B-002-E/094-H-06 003,GP,Martin Creek,Tourmaline Oil Corp.,,100.0% - Tourmaline Oil Corp.,1995-02-01,,,57.3374,-121.39521,B-002-E 094-H-06
BCGP0001692,Discontinued,Cnrl Kahntahriver C-053-D/094-I-02 003,GP,Kahntah,Canadian Natural Resources Limited,,100.0% - Canadian Natural Resources Limited,1995-03-15,,,58.04574,-120.90764,C-053-D 094-I-02
BCGP0001726,Cancelled,Obsidian Parkland 06-29-081-15 002,GP,Interaction Parkland,Obsidian Energy Ltd.,,100.0% - Obsidian Energy Ltd.,,,,56.04887,-120.3134,06-29-081-15W6M
BCGP0002153,Active,Cnrl Peggo D-083-C/094-P-08 004,GP,Peggo,Canadian Natural Resources Limited,,100.0% - Canadian Natural Resources Limited,1996-04-30,,,59.32087,-120.28275,D-083-C 094-P-08
BCGP0002267,Discontinued,Northriver Jedney B-088-J/094-G-01 005,GP,Jedney Phase 1,Northriver Midstream Inc.,,100.0% - Northriver Midstream Inc.,1996-12-01,,,57.2374,-122.22023,B-088-J 094-G-01
BCGP0002268,Cancelled,Para (Acl) Hamburg C-032-H/094-H-08 003,GP,Hamburg,Paramount Resources Ltd.,,100.0% - Paramount Resources Ltd.,,,,57.36244,-120.02026,C-032-H 094-H-08
BCGP0002411,Suspended,Keyera Caribou C-004-G/094-G-07 003,GP,Caribou,Keyera Energy Ltd.,,100.0% - Keyera Energy Ltd.,1997-04-24,,,57.33739,-122.67024,C-004-G 094-G-07
BCGP0002435,Active,Northriver Jedney B-088-J/094-G-01 007,GP,Jedney Phase 2,Northriver Midstream Inc.,,100.0% - Northriver Midstream Inc.,1997-07-15,,,57.2374,-122.22023,B-088-J 094-G-01
BCGP0002436,Active,Northriver Highway B-036-I/094-B-16 002,GP,Highway,Northriver Midstream Inc.,,100.0% - Northriver Midstream Inc.,1997-07-23,,,56.94573,-122.07022,B-036-I 094-B-16
BCGP0002438,Active,Cnrl Tooga B-031-I/094-P-02 001,GP,Tooga,Canadian Natural Resources Limited,,100.0% - Canadian Natural Resources Limited,1997-04-01,,,59.19585,-120.50775,B-031-I 094-P-02
BCGP0002766,Active,Cnrl Ring A-049-B/094-H-16 005,GP,Ring Border Slave Point,Canadian Natural Resources Limited,,100.0% - Canadian Natural Resources Limited,1998-02-01,,,57.7874,-120.23265,A-049-B 094-H-16
BCGP0002787,Cancelled,Novagas Taylor 10-36-082-18 001,GP,Taylor,Novagas Canada Ltd.,,100.0% - Novagas Canada Ltd.,,,,56.15425,-120.67218,10-36-082-18W6M
BCGP0002889,Suspended,Taqa North Chinchagariver C-032-H/094-H-08 007,GP,Chinchaga,Taqa North Ltd.,,100.0% - Taqa North Ltd.,1998-04-01,,,57.36244,-120.02026,C-032-H 094-H-08
BCGP0002917,Active,Erikson Helmet D-075-A/094-P-11 003,GP,Wildboy,Erikson National Energy Inc.,,100.0% - Erikson National Energy Inc.,1998-03-18,,,59.56249,-121.05783,D-075-A 094-P-11
BCGP0003164,Active,Cnrl Stoddart 02-34-087-21 001,GP,Stoddart West,Canadian Natural Resources Limited,,100.0% - Canadian Natural Resources Limited,1998-10-30,,,56.58337,-121.25594,02-34-087-21W6M
BCGP0003479,Active,Shell Sunsetprairie 05-03-081-18 002,GP,Sunset,Shell Canada Limited,,100.0% - Shell Canada Limited,1999-03-23,,,55.9907,-120.73743,05-03-081-18W6M
BCGP0003548,Suspended,Ecog Maxhamishlake D-036-I/094-O-14 001,GP,Maxhamish,Eog Canada Oil & Gas Inc.,,100.0% - Eog Canada Oil & Gas Inc.,2000-04-22,,,59.94585,-123.07038,D-036-I 094-O-14
BCGP0003738,Active,Sec Sierra A-026-K/094-I-11 002,GP,Sierra,Shanghai Energy Corporation,,100.0% - Shanghai Energy Corporation,1999-10-07,,,58.68745,-121.32021,A-026-K 094-I-11
BCGP0004070,Active,Cnrl Ladyfern B-017-I/094-H-01 002,GP,Ladyfern,Canadian Natural Resources Limited,,,2000-04-19,,,57.17911,-120.08277,B-017-I 094-H-01
BCGP0004556,Suspended,Cnrl Ring C-081-I/094-H-09 008,GP,South Ring Border,Canadian Natural Resources Limited,,100.0% - Canadian Natural Resources Limited,2001-05-01,,,57.73748,-120.00774,C-081-I 094-H-09
BCGP0004576,Active,Cnrl Ladyfern B-047-H/094-H-01 001,GP,Ladyfern,Canadian Natural Resources Limited,,,2001-05-17,,,57.12077,-120.08277,B-047-H 094-H-01
BCGP0004579,Cancelled,Petronas Clarkelake A-076-G/094-J-10 001,GP,Clarke,Petronas Energy Canada Ltd.,,100.0% - Petronas Energy Canada Ltd.,,,,58.6457,-122.69524,A-076-G 094-J-10
BCGP0007158,Discontinued,Tidewater Pocketknife B-032-I/094-G-06 002,GP,Pocketknife,Tidewater Midstream And Infrastructure Ltd.,,100.0% - Tidewater Midstream And Infrastructure Ltd.,2001-01-01,,,57.44572,-123.02024,B-032-I 094-G-06
BCGP0007192,Cancelled,Westcoast Patry D-057-G/093-P-05 001,GP,Patry,Westcoast Energy Inc.,,100.0% - Westcoast Energy Inc.,,,,55.3791,-121.70773,D-057-G 093-P-05
BCGP0007193,Cancelled,Westcoast Cabin A-030-A/094-P-05 001,GP,Cabin,Westcoast Energy Inc.,,100.0% - Westcoast Energy Inc.,,,,59.27079,-121.6203,A-030-A 094-P-05
BCGP0007286,Active,Shell Groundbirch 04-15-080-19 001,GP,Groundbirch,Shell Canada Limited,,100.0% - Shell Canada Limited,2003-10-01,,,55.92888,-120.89399,04-15-080-19W6M
BCGP0007309,Active,Sec Elleh A-019-F/094-I-12 001,GP,,Shanghai Energy Corporation,,,2004-06-01,,,58.59575,-121.8577,A-019-F 094-I-12
BCGP0007346,Suspended,Sukunka Kwoen D-057-G/093-P-05 002,GP,Kwoen Sour Gas Upgrader,Sukunka Natural Resources Inc.,,100.0% - Sukunka Natural Resources Inc.,2002-09-01,,,55.3791,-121.70773,D-057-G 093-P-05
BCGP0007354,Cancelled,Obsidian Cypress B-075-F/094-B-15 001,GP,Cypress,Obsidian Energy Ltd.,,100.0% - Obsidian Energy Ltd.,,,,56.89573,-122.80774,B-075-F 094-B-15
BCGP0007362,Active,Whitecap Boundarylake 02-25-085-14 005,GP,Chinook Boundary,Whitecap Resources Inc.,,100.0% - Whitecap Resources Inc.,2004-09-01,,,56.3936,-120.06696,02-25-085-14W6M
BCGP0007383,Discontinued,Cve Energy Brassey D-013-F/093-P-10 004,GP,Brassey,Cenovus Energy Inc.,,100.0% - Cenovus Energy Inc.,2004-10-28,,,55.59578,-120.7827,D-013-F 093-P-10
BCGP0007435,Active,Husky Fire Creek B-099-H/094-I-08 003,GP,Fire Creek,Husky Oil Operations Limited,,100.0% - Husky Oil Operations Limited,2005-04-16,,,58.41245,-120.10762,B-099-H 094-I-08
BCGP0007442,Active,Altagas Blair D-058-F/094-B-16 003,GP,Blair,Altagas Ltd.,,100.0% - Altagas Ltd.,2005-10-01,,,56.87907,-122.34521,D-058-F 094-B-16
BCGP0007463,Active,Shell Brassey 07-34-077-19 001,GP,Brassey,Shell Canada Limited,,100.0% - Shell Canada Limited,2006-05-01,,,55.71409,-120.85513,07-34-077-19W6M
BCGP0007466,Active,Vmgpi Cutbank C-064-A/093-P-08 002,GP,Steeprock,Veresen Midstream General Partner Inc.,,100.0% - Veresen Midstream General Partner Inc.,2006-10-01,,,55.30412,-120.04516,C-064-A 093-P-08
BCGP0007472,Active,Harvest Shekilie B-046-A/094-I-16 002,GP,Shekilie,Harvest Operations Corp.,,50.0% - Enerplus Resources Corporation; 50.0% - Harvest Operations Corp.,2006-05-01,,,58.78754,-120.07023,B-046-A 094-I-16
BCGP0007473,Active,Harvest Shekilie B-024-A/094-I-16 003,GP,Shekilie,Harvest Operations Corp.,,50.0% - Enermark Inc.; 50.0% - Harvest Operations Corp.,2006-01-24,,,58.77087,-120.04523,B-024-A 094-I-16
BCGP0007633,Active,Harvest Hayriver B-076-H/094-I-09 004,GP,Hay River,Harvest Operations Corp.,,100.0% - Harvest Operations Corp.,2008-02-01,,,58.64585,-120.0702,B-076-H 094-I-09
BCGP0007652,Active,Northriver Doe 02-25-080-15 001,GP,West Doe,Northriver Midstream Inc.,,100.0% - Northriver Midstream Inc.,2007-08-01,,,55.95796,-120.20245,02-25-080-15W6M
BCGP0007676,Active,Nrm Gp Tupper Creek A-021-B/093-P-09 001,GP,Tupper Main,Northriver Midstream G And P Canada Inc.,,100.0% - Northriver Midstream G And P Canada Inc.,2008-12-23,,,55.52079,-120.13267,A-021-B 093-P-09
BCGP0007702,Discontinued,Ce Portage C-004-A/094-B-01 001,GP,Hhg Portage,Canada Energy Partners Inc.,,100.0% - Canada Energy Partners Inc.,2008-12-31,,,56.00412,-122.04528,C-004-A 094-B-01
BCGP0007717,Suspended,Csri Farrell Creek C-093-H/094-B-01 001,GP,Farrell Creek,Canadian Spirit Resources Inc.,,100.0% - Canadian Spirit Resources Inc.,2009-06-01,,,56.16244,-122.03276,C-093-H 094-B-01
BCGP0007727,Active,Shell Groundbirch 04-15-080-19 003,GP,Ground Birch 2,Shell Canada Limited,,100.0% - Shell Canada Limited,2009-01-29,,,55.92888,-120.89399,04-15-080-19W6M
BCGP0007743,Active,Arcres Parkland 03-09-081-16 002,GP,Parkland,Arc Resources Ltd.,,100.0% - Arc Resources Ltd.,2009-01-01,,,56.00161,-120.44386,03-09-081-16W6M
BCGP0007776,Active,Crew Septimus 12-27-081-18 001,GP,Septimus,Crew Energy Inc.,,100.0% - Crew Energy Inc.,2009-09-25,,,56.05252,-120.73743,12-27-081-18W6M
BCGP0007778,Active,Petronas Farrellcreekwest B-088-I/094-B-01 001,GP,Farell Creek,Petronas Energy Canada Ltd.,,50.0% - Petronas Energy Canada Ltd.; 50.0% - Sasol Canada,2009-11-01,,,56.23743,-122.09526,B-088-I 094-B-01
BCGP0007795,Active,Strathcona Groundbirch 06-19-080-20 001,GP,Groundbirch,Strathcona Resources Ltd.,,100.0% - Strathcona Resources Ltd.,2010-10-18,,,55.94705,-121.12231,06-19-080-20W6M
BCGP0007806,Active,Cnrl Septimus 08-22-081-19 001,GP,Septimus,Canadian Natural Resources Limited,,100.0% - Canadian Natural Resources Limited,2010-11-01,,,56.03433,-120.87441,08-22-081-19W6M
BCGP0007808,Active,Nrm Gp Tupper Creek 05-01-077-17 001,GP,Tupper West,Northriver Midstream G And P Canada Inc.,,100.0% - Northriver Midstream G And P Canada Inc.,2011-02-21,,,55.64135,-120.50578,05-01-077-17W6M
BCGP0007810,Active,Shell Groundbirch 04-15-080-19 004,GP,Montney,Shell Canada Limited,,100.0% - Shell Canada Limited,2011-04-01,,,55.92888,-120.89399,04-15-080-19W6M
BCGP0007812,Active,Nrm Gp Cabin D-076-J/094-P-04 002,GP,Cabin Lake,Northriver Midstream G And P Canada Inc.,,100.0% - Northriver Midstream G And P Canada Inc.,2013-04-23,,,59.22911,-121.69529,D-076-J 094-P-04
BCGP0007819,Active,Tourmaline Sunrise 03-18-080-17 001,GP,Sunrise,Tourmaline Oil Corp.,,100.0% - Tourmaline Oil Corp.,2010-08-01,,,55.92887,-120.65261,03-18-080-17W6M
BCGP0007830,Cancelled,Para (Acl) Komie B-017-I/094-P-04 004,GP,Komie,Paramount Resources Ltd.,,100.0% - Paramount Resources Ltd.,,,,59.17912,-121.58278,B-017-I 094-P-04
BCGP0007834,Active,Pacific Canbriam Altares B-024-H/094-B-08 001,GP,Altares,Pacific Canbriam Energy Limited,,,2011-04-01,,,56.3541,-122.04526,B-024-H 094-B-08
BCGP0007854,Cancelled,Shell Monias 07-14-078-22 001,GP,Monias,Shell Canada Limited,,100.0% - Shell Canada Limited,,,,55.75775,-121.29508,07-14-078-22W6M
BCGP0007858,Active,Arcres Sunrise 13-36-078-18 001,GP,Sunrise,Arc Resources Ltd.,,100.0% - Arc Resources Ltd.,2015-07-14,,,55.8088,-120.66106,13-36-078-18W6M
BCGP0007868,Active,Shell Saturn 03-28-080-20 001,GP,Saturn,Shell Canada Limited,,100.0% - Shell Canada Limited,2013-08-21,,,55.95797,-121.07014,03-28-080-20W6M
BCGP0007883,Cancelled,Terra Pintail 15-22-084-25 001,GP,Pintail,Terra Energy Corp.,,100.0% - Terra Energy Corp.,,,,56.30278,-121.8586,15-22-084-25W6M
BCGP0007896,To Be Constructed,Shell Sunset Prairie 13-08-080-18 001,GP,Sunset,Shell Canada Limited,,100.0% - Shell Canada Limited,,,,55.92524,-120.78964,13-08-080-18W6M
BCGP0007925,Active,Petronas Lilylake A-029-J/094-G-02 001,GP,Lily,Petronas Energy Canada Ltd.,,100.0% - Petronas Energy Canada Ltd.,2013-10-05,,,57.18739,-122.73273,A-029-J 094-G-02
BCGP0007932,Active,Leucrotta Doe 13-24-080-15 005,GP,Doe,Leucrotta Exploration Inc.,,100.0% - Leucrotta Exploration Inc.,2013-09-04,,,55.95433,-120.2155,13-24-080-15W6M
BCGP0007936,Active,Tourmaline Doe 13-25-080-16 001,GP,West Doe,Tourmaline Oil Corp.,,100.0% - Tourmaline Oil Corp.,2013-03-01,,,55.96887,-120.37206,13-25-080-16W6M
BCGP0007966,Active,Petronas Caribou C-016-F/094-G-07 001,GP,Caribou,Petronas Energy Canada Ltd.,,,2014-03-18,,,57.34572,-122.82023,C-016-F 094-G-07
BCGP0007974,Cancelled,Northriver Sunrise 15-26-078-17 002,GP,,Northriver Midstream Inc.,,,,,,55.79408,-120.51872,15-26-078-17W6M
BCGP0008619,Active,Cnrl Narraway A-065-A/093-I-09 003,GP,Narraway ( West Pipeline ),Canadian Natural Resources Limited,,100.0% - Canadian Natural Resources Limited,2008-09-01,,,54.55413,-120.05765,A-065-A 093-I-09
BCGP0008645,Cancelled,Westcoast Dawsoncreek 11-26-078-17 001,GP,Dawson Processing Plant,Westcoast Energy Inc.,,100.0% - Westcoast Energy Inc.,,,,55.79045,-120.52519,11-26-078-17W6M
BCGP0008649,Cancelled,Cnrl Blair A-079-B/094-B-16 001,GP,Blair Creek,Canadian Natural Resources Limited,,100.0% - Canadian Natural Resources Limited,,,,56.8124,-122.23271,A-079-B 094-B-16
BCGP0008651,Active,Petronas Altares C-065-G/094-B-08 001,GP,Altares,Petronas Energy Canada Ltd.,,100.0% - Petronas Energy Canada Ltd.,2012-11-14,,,56.38743,-122.18276,C-065-G 094-B-08
BCGP0009075,Active,Gsenr Maxhamishlake A-060-I/094-O-11 003,GP,Maxhamish,Gs E&R Canada Inc.,,100.0% - Gs E&R Canada Inc.,1999-03-09,,,59.71235,-123.12042,A-060-I 094-O-11
BCGP0009092,Suspended,Tidewater Pocketknife A-059-L/094-G-07 002,GP,Pocketknife,Tidewater Midstream And Infrastructure Ltd.,,100.0% - Tidewater Midstream And Infrastructure Ltd.,2001-12-09,,,57.46239,-122.98274,A-059-L 094-G-07
BCGP0009132,Suspended,Shell Sundown B-037-B/093-P-10 003,GP,Sundown,Shell Canada Limited,,83.0% - Shell Canada Limited; 17.0% - Devon Canada Corporation,2004-10-07,,,55.52911,-120.7077,B-037-B 093-P-10
BCGP0017858,Active,Tourmaline Laprise Creek B-024-H/094-G-08 001,GP,Laprise Creek,Tourmaline Oil Corp.,,,2014-01-02,,,57.35406,-122.04522,B-024-H 094-G-08
BCGP0017909,Active,Pacific Canbriam Altares B-072-A/094-B-08 001,GP,Altares,Pacific Canbriam Energy Limited,,100.0% - Pacific Canbriam Energy Limited,2015-02-13,,,56.31244,-122.02025,B-072-A 094-B-08
BCGP0018016,Active,Kanata Daiber A-054-C/094-B-16 001,GP,Daiber,Kanata Energy Group Ltd.,,100.0% - Kanata Energy Group Ltd.,2015-01-09,,,56.79574,-122.29521,A-054-C 094-B-16
BCGP0018051,Active,Ovv Sunrise 04-26-078-17 001,GP,,Ovintiv Canada Ulc,,,2017-09-05,,,55.78318,-120.53166,04-26-078-17W6M
BCGP0018074,Active,Crew Wilder 10-14-082-20 001,GP,Wilder,Crew Energy Inc.,,,2015-08-07,,,56.11068,-121.01141,10-14-082-20W6M
BCGP0018136,Active,Ovv Tower Lake 03-07-081-17 001,GP,,Ovintiv Canada Ulc,,,2017-09-17,,,56.00159,-120.65261,03-07-081-17W6M
BCGP0018229,Active,Petronas Town C-072-A/094-B-16 001,GP,Progress Town,Petronas Energy Canada Ltd.,,,2019-11-24,,,56.8124,-122.02021,C-072-A 094-B-16
BCGP0018237,Active,Black Swan Aitken Creek North C-038-C/094-H-04 001,GP,Black Swan Aitken Creek,Black Swan Energy Ltd.,,,2016-01-01,,,57.02907,-121.84521,C-038-C 094-H-04
BCGP0018246,Active,Altagas Holdings Townsend A-033-J/094-B-09 002,GP,Townsend,Altagas Holdings Inc.,,,2016-07-07,,,56.69574,-122.15772,A-033-J 094-B-09
BCGP0018260,Active,Ovv Saturn 15-27-079-17 003,GP,Saturn,Ovintiv Canada Ulc,,,2017-11-01,,,55.88162,-120.5678,15-27-079-17W6M
BCGP0018270,Active,Arcres Dawson Creek 13-07-080-14 002,GP,Arcres,Arc Resources Ltd.,,,2017-06-14,,,55.92523,-120.1894,13-07-080-14W6M
BCGP0018309,Active,Petronas Town B-089-J/094-B-16 001,GP,Town,Petronas Energy Canada Ltd.,,,2020-11-29,,,56.9874,-122.23272,B-089-J 094-B-16
BCGP0024114,Active,Arcres Doe 05-35-079-14 001,GP,,Arc Resources Ltd.,,,2010-07-02,,,55.88889,-120.08504,05-35-079-14W6M
BCGP0026223,Cancelled,Petronas Julienne Creek C-042-H/094-G-02 001,GP,Julienne Creek,Petronas Energy Canada Ltd.,,,,,,57.12073,-122.52023,C-042-H 094-G-02
BCGP0026229,Active,Tourmaline Doe 02-11-080-16 001,GP,Tourmaline Doe 02-11-080-16 001,Tourmaline Oil Corp.,,100.0% - Tourmaline Oil Corp.,2016-07-26,,,55.91433,-120.38512,02-11-080-16W6M
BCGP0026427,Active,Tourmaline Gundy Creek C-060-A/094-B-16 001,GP,,Tourmaline Oil Corp.,,,2019-05-05,,,56.79574,-122.12021,C-060-A 094-B-16
BCGP0026623,Active,Black Swan Nig Creek C-046-C/094-H-04 001,GP,,Black Swan Energy Ltd.,,,2019-09-04,,,57.03741,-121.82021,C-046-C 094-H-04
BCGP0026696,Active,Cop Inga North C-011-K/094-A-12 002,GP,,Conocophillips Canada Resources Corp.,,,2019-08-13,,,56.67908,-121.75772,C-011-K 094-A-12
BCGP0026801,Active,Srl Nig Creek B-048-G/094-H-04 001,GP,,Storm Resources Ltd.,,,2020-02-19,,,57.12074,-121.72021,B-048-G 094-H-04
BCGP0026856,Active,Cop Inga 02-10-088-23 002,GP,,Conocophillips Canada Resources Corp.,,,2020-07-04,,,56.61245,-121.57505,02-10-088-23W6M
BCGP0026937,New,Arcres Attachie 05-20-084-24 002,GP,,Arc Resources Ltd.,,,,,,56.2955,-121.76635,05-20-084-24W6M
BCGP0026943,Suspended,Northriver Opsgp Sikanni B-041-I/094-G-03 006,GP,,Northriver Midstream Operations Gp Inc.,,,1986-01-01,,,57.20406,-123.00773,B-041-I 094-G-03
BCGP0026945,Active,Northriver Opsgp Fort Nelson Gp C-085-G/094-J-10 002,GP,,Northriver Midstream Operations Gp Inc.,,,2000-01-01,,,58.65403,-122.68273,C-085-G 094-J-10
BCGP0026946,Active,Northriver Opsgp Mcmahon 15-25-082-18 002,GP,,Northriver Midstream Operations Gp Inc.,,,1957-01-01,,,56.1434,-120.67217,15-25-082-18W6M
BCGP0026947,Active,Northriver Opsgp Aitken Creek D-044-L/094-A-13 007,GP,,Northriver Midstream Operations Gp Inc.,,,1996-01-01,,,56.95407,-121.92022,D-044-L 094-A-13
BCGP0026950,Suspended,Northriver Opsgp Fort Nelson North B-047-I/094-P-04 001,GP,,Northriver Midstream Operations Gp Inc.,,,2000-01-01,,,59.20412,-121.58278,B-047-I 094-P-04
BCGP0026951,Active,Northriver Opsgp Dawsoncreek 11-26-078-17 003,GP,,Northriver Midstream Operations Gp Inc.,,,2000-01-01,,,55.79045,-120.52519,11-26-078-17W6M
NEB8039,Active,,GP,,Northriver Midstream Energy Limited,,,,,,,,
NEB8041,Active,,GP,,Northriver Midstream Energy Limited,,,,,,,,
BCNF0026230,Active,Altagas Holdings North Pine 06-29-087-20 001,NF,,Altagas Holdings Inc.,,,,,,56.57191,-121.15624,06-29-087-20W6M
