id,licensed_capacity_of_raw_gas_mcf/d,licensed_capacity_of_sales_gas_mcf/d,licensed_capacity_of_ethane_c2_bbl/d,licensed_capacity_of_ethane_plus_c2+_bbl/d,licensed_capacity_of_propane_c3_bbl/d,licensed_capacity_of_butane_c4_bbl/d,licensed_capacity_of_pentane_plus_c5+_bbl/d,licensed_capacity_of_ngl_bbl/d,licensed_capacity_of_lpg_bbl/d,licensed_capacity_of_sulphur_ton/d,design_capacity_of_raw_gas_mcf/d,design_capacity_of_sales_gas_mcf/d,design_capacity_of_oil_bbl/d,design_capacity_of_ethane_c2_bbl/d,design_capacity_of_propane_c3_bbl/d,design_capacity_of_butane_c4_bbl/d,design_capacity_of_pentane_plus_c5+_bbl/d,design_capacity_of_ngl_bbl/d,design_capacity_of_sulphur_ton/d
ABGP0001001,50111.51,48345.77,0.0,,0.0,0.0,106.98,,1171.1,0.0,10432.3,9437.84,0.0,0.0,0.0,0.0,0.0,157.32,0.0
ABGP0001002,150087.32,134301.66,0.0,,1541.75,1258.57,943.93,,,52.86,149381.02,110358.32,0.0,0.0,6292.87,5034.3,3775.72,0.0,55.12
ABGP0001003,89557.98,,,,,,,,,,,,,,,,,,
ABGP0001004,420880.15,353499.77,26115.41,0.0,18878.61,10068.59,14247.06,,0.0,52.86,400000.0,335999.94,12585.74,11956.45,10188.16,7079.48,14247.06,18123.47,165.35
ABGP0001005,,,,,,,,,,,,,,,,,,,
ABGP0001006,0.0,,,,,,,,,,,,,,,,,,
ABGP0001007,24861.52,,,,,,,,,,21188.8,21188.8,0.0,0.0,0.0,0.0,0.0,0.0,0.0
ABGP0001008,,,,,,,,,,,,,,,,,,,
ABGP0001009,13984.61,13878.66,0.0,0.0,0.0,0.0,100.06,,0.0,0.0,8475.52,8475.52,0.0,0.0,0.0,0.0,0.0,50.34,0.0
ABGP0001010,,,,,,,,,,,,,,,,,,,
ABGP0001011,17727.96,,,,,,,,,,,,,,,,,,
ABGP0001012,60034.93,58269.19,0.0,0.0,0.0,0.0,0.0,,91.25,,44143.33,44143.33,0.0,0.0,0.0,0.0,0.0,364.99,0.0
ABGP0001013,70629.32,63566.39,,,1573.22,1069.79,1006.86,,,,60034.93,60034.93,0.0,0.0,1573.22,1069.79,1006.86,0.0,0.0
ABGP0001014,547024.12,545964.68,0.0,0.0,0.0,0.0,566.36,,0.0,,19423.06,17657.33,0.0,0.0,0.0,0.0,0.0,50.34,0.0
ABGP0001015,4237.76,,,,,,,,,,1412.59,12360.13,0.0,0.0,0.0,0.0,0.0,0.0,0.0
ABGP0001016,,,,,,,,,,,,,,,,,,,
ABGP0001017,9358.39,8828.67,0.0,0.0,0.0,0.0,62.93,,0.0,,21999.98,21999.98,0.0,0.0,0.0,0.0,0.0,0.0,0.0
ABGP0001018,14938.1,14337.75,0.0,0.0,0.0,0.0,0.0,,132.15,,11300.69,10594.4,629.29,0.0,0.0,0.0,0.0,125.86,0.0
ABGP0001019,,,,,,,,,,,,,,,,,,,
ABGP0001020,348131.94,296360.65,0.0,0.0,4134.42,3133.85,6613.81,,0.0,71.43,348131.94,296360.65,0.0,0.0,4134.42,3133.85,6613.81,0.0,80.14
ABGP0001021,84084.21,66921.29,0.0,0.0,881.0,755.14,5191.62,,0.0,439.16,84084.21,66921.29,0.0,125857.4,881.0,755.14,2164.75,0.0,439.16
ABGP0001022,50005.56,49910.21,0.0,0.0,0.0,0.0,37.76,,0.0,,59999.96,25906.48,,,,,,125.86,
ABGP0001023,42377.59,,,,,,,,,,,,,,,,,,
ABGP0001024,47851.37,47039.13,,,,,24.54,,11.96,,52971.99,52971.99,0.0,0.0,0.0,0.0,0.0,0.0,0.0
ABGP0001025,12501.39,,,,,,,,,,,,,,,,,,
ABGP0001026,6427.27,,,,,,,,,,,,,,,,,,
ABGP0001027,88286.66,,,,,,,,,,,,,,,,,,
ABGP0001028,4499.09,4061.19,,,,,,,302.06,5.24,11477.27,9888.11,20011.33,0.0,1661.32,1258.57,629.29,0.0,0.0
ABGP0001029,,,,,,,,,,,,,,,,,,,
ABGP0001030,,,,,,,,,,,,,,,,,,,
ABGP0001031,47780.74,45803.12,0.0,0.0,0.0,0.0,157.32,,0.0,,9888.11,9464.33,0.0,0.0,0.0,0.0,0.0,0.0,0.0
ABGP0001032,56715.35,,,,,,,,,,,,,,,,,,
ABGP0001033,17657.33,,,,,,,,,,0.0,0.0,0.0,0.0,0.0,0.0,0.0,0.0,0.0
ABGP0001034,70629.32,52971.99,0.0,0.0,0.0,0.0,1573.22,,1258.57,,286048.77,261328.5,0.0,0.0,0.0,0.0,5034.3,3775.72,
ABGP0001035,,,,,,,,,,,,,,,,,,,
ABGP0001036,49899.62,49087.38,0.0,0.0,0.0,0.0,62.93,,332.26,,35314.66,35314.66,0.0,0.0,0.0,0.0,0.0,629.29,0.0
ABGP0001037,271428.5,205955.11,3233.28,0.0,1748.79,1303.25,2108.11,,0.0,656.43,123601.32,88286.66,0.0,2202.5,1415.9,943.93,2202.5,0.0,
ABGP0001038,26132.85,24861.52,0.0,0.0,0.0,0.0,0.0,,25.17,,20023.41,20023.41,0.0,0.0,0.0,0.0,0.0,0.0,0.0
ABGP0001039,27192.29,26839.14,,,,,12.59,,471.97,,59999.96,50999.67,0.0,0.0,0.0,0.0,0.0,471.97,0.99
ABGP0001040,0.0,,,,,,,,,,,,,,,,,,
ABGP0001041,10594.4,,,,,,,,,,,,,,,,,,
ABGP0001042,120069.85,106509.02,0.0,0.0,0.0,0.0,1887.86,,5172.74,,109475.45,97115.32,0.0,0.0,0.0,0.0,629.29,4719.65,0.0
ABGP0001043,41176.9,,,,,,,,,,41176.9,37080.4,0.0,0.0,534.89,585.24,547.48,0.0,0.0
ABGP0001044,14196.49,,,,,,,,,,20199.99,14549.64,0.0,0.0,0.0,0.0,138.44,0.0,0.0
ABGP0001045,258609.27,224883.77,19268.77,0.0,12396.95,7142.41,7048.01,,0.0,,90010.72,0.0,0.0,0.0,0.0,0.0,0.0,0.0,0.0
ABGP0001046,7910.48,,,,,,,,,,,,,,,,,,
ABGP0001047,158739.41,143554.1,,,,,2268.58,,4732.24,51.81,158739.41,143554.1,0.0,0.0,0.0,0.0,2268.58,4732.24,43.18
ABGP0001048,5297.2,4944.05,,,,,,,,,7945.8,3178.32,0.0,0.0,0.0,0.0,0.0,0.0,0.0
ABGP0001049,42377.59,40082.14,0.0,0.0,0.0,0.0,0.0,,660.75,0.0,35314.66,35314.66,0.0,0.0,0.0,0.0,0.0,188.79,0.0
ABGP0001050,317408.19,214713.15,0.0,0.0,2441.63,2580.08,4417.59,,2435.34,1869.52,317408.19,214713.15,0.0,0.0,2441.63,2580.08,4417.59,2435.34,1907.55
ABGP0001051,99269.52,72112.54,0.0,0.0,0.0,0.0,44.05,,0.0,870.16,77091.91,76985.96,0.0,0.0,0.0,0.0,0.0,0.0,771.62
ABGP0001052,,,,,,,,,,,,,,,,,,,
ABGP0001053,5000.56,,,,,,,,,,,,,,,,,,
ABGP0001054,124378.24,124378.24,,,,,,,,316.36,124378.24,114066.36,0.0,0.0,0.0,0.0,799.19,0.0,316.91
ABGP0001055,2118.88,,,,,,,,,,,,,,,,,,
ABGP0001056,284283.03,256914.17,5909.0,0.0,2831.79,1868.98,3964.51,,0.0,1577.41,178339.05,256914.17,0.0,5909.0,2831.79,1887.86,6292.87,0.0,1554.26
ABGP0001057,59152.06,56503.46,0.0,0.0,0.0,0.0,0.0,,1052.8,0.0,14999.9,14999.9,0.0,0.0,0.0,0.0,75.51,629.29,0.0
ABGP0001058,211217.0,203235.88,0.0,11471.9,0.0,0.0,5978.23,,4713.36,,190699.18,188982.88,0.0,0.0,0.0,0.0,1950.79,3146.43,0.0
ABGP0001059,8193.0,7698.6,0.0,0.0,0.0,0.0,50.34,,0.0,,0.0,0.0,0.0,0.0,0.0,0.0,0.0,0.0,0.0
ABGP0001060,490789.05,396371.77,24681.89,0.0,15580.52,8663.39,11018.82,,12005.54,53.57,490789.05,401185.16,0.0,21620.41,15580.52,8663.39,11018.82,0.0,55.1
ABGP0001061,,,,,,,,,,,,,,,,,,,
ABGP0001062,26132.85,21188.8,0.0,0.0,0.0,0.0,3605.19,,2458.62,,34608.37,31783.2,12585.74,0.0,0.0,0.0,629.29,1258.57,0.0
ABGP0001063,3178.32,,,,,,,,,,5826.92,1765.73,0.0,14.79,0.31,0.31,0.31,0.0,0.0
ABGP0001064,,,,,,,,,,,,,,,,,,,
ABGP0001065,12006.99,9888.11,,,,,,,202.63,,15008.73,15008.73,0.0,,,,0.0,409.04,0.99
ABGP0001066,,,,,,,,,,,,,,,,,,,
ABGP0001067,29311.17,,,,,,,,,,28746.14,25991.59,0.0,0.0,786.61,566.36,440.5,0.0,0.0
ABGP0001068,8828.67,8298.95,0.0,0.0,0.0,0.0,31.46,,0.0,,6356.64,6356.64,0.0,0.0,0.0,0.0,0.0,0.0,0.0
ABGP0001069,172158.98,132500.61,16392.93,0.0,0.0,0.0,0.0,,13617.77,,70629.32,31783.2,0.0,0.0,0.0,0.0,0.0,0.0,0.0
ABGP0001070,70276.18,66391.57,,,1101.25,736.27,521.05,,,0.0,47674.79,42377.59,0.0,0.0,881.0,755.14,377.57,0.0,0.0
ABGP0001071,2118.88,,,,,,,,,,,,,,,,,,
ABGP0001072,11936.36,,,,,,,,,,7062.93,7062.93,0.0,0.0,0.0,0.0,0.0,0.0,0.0
ABGP0001073,3884.61,,,,,,,,,,,,,,,,,,
ABGP0001074,258609.27,224883.77,19268.77,0.0,12396.95,7142.41,7048.01,,0.0,,140000.04,0.0,0.0,0.0,0.0,0.0,0.0,0.0,0.0
ABGP0001075,22919.22,,,,,,,,,,24013.97,21541.94,0.0,0.0,679.63,0.0,0.0,0.0,0.0
ABGP0001076,56451.19,55890.75,0.0,0.0,0.0,0.0,0.0,,566.36,,22954.53,22954.53,0.0,0.0,0.0,0.0,314.64,0.0,0.0
ABGP0001077,,,,,,,,,,,,,,,,,,,
ABGP0001078,24999.96,23750.17,0.0,0.0,0.0,0.0,0.0,,409.67,,,,,,,,,,
ABGP0001079,181093.59,113430.7,0.0,0.0,0.0,0.0,3656.16,,397.71,,181093.59,113430.7,0.0,0.0,0.0,0.0,3656.16,0.0,385.81
ABGP0001080,6180.07,5509.09,0.0,0.0,0.0,0.0,0.0,,359.32,,3178.32,3178.32,1415.9,0.0,0.0,0.0,0.0,314.64,0.0
ABGP0001081,40011.51,40011.51,,,,,,,1165.44,247.36,40011.51,30017.46,7551.44,0.0,0.0,0.0,0.0,1573.22,259.04
ABGP0001082,14196.49,,,,,,,,,,17480.76,14302.44,0.0,0.0,0.0,0.0,0.0,0.0,0.0
ABGP0001083,2825.17,,,,,,,,,,6356.64,6356.64,0.0,0.0,0.0,0.0,0.0,0.0,0.0
ABGP0001084,372569.69,353146.62,0.0,0.0,0.0,0.0,3146.43,,8810.02,379.64,400000.0,400000.0,0.0,0.0,0.0,0.0,3146.43,5034.3,330.69
ABGP0001085,18010.48,,,,,,,,,,1949.37,1697.22,0.0,0.0,0.0,0.0,0.0,75.51,0.0
ABGP0001086,16986.35,16986.35,0.0,0.0,0.0,0.0,0.0,,62.93,,4944.05,4414.33,12.59,0.0,0.0,0.0,0.0,62.93,0.0
ABGP0001087,,,,,,,,,,,,,,,,,,,
ABGP0001088,20482.5,,,,,,,,,,14999.9,13000.03,125.86,0.0,50.34,100.69,0.0,31.46,0.0
ABGP0001089,86167.78,,,,,,,,,,86167.78,74160.79,0.0,0.0,0.0,0.0,0.0,1730.54,0.0
ABGP0001090,33619.56,,,,,,,,,,,,,,,,,,
ABGP0001091,48734.23,45909.06,,,,,,,629.29,,20436.6,19776.21,0.0,0.0,0.0,0.0,0.0,1493.74,0.0
ABGP0001092,1977.62,,,,,,,,,,,,,,,,,,
ABGP0001093,9005.24,,,,,,,,,,0.0,0.0,0.0,0.0,0.0,0.0,0.0,0.0,0.0
ABGP0001094,21541.94,,,,,,,,,,,,,,,,,,
ABGP0001095,30017.46,,,,,,,,,,23998.08,22970.42,,,,,,555.85,
ABGP0001096,34431.8,33619.56,0.0,0.0,0.0,0.0,415.33,,585.24,,34431.8,33195.78,0.0,0.0,0.0,0.0,685.92,0.0,0.0
ABGP0001097,109440.14,,,,,,,,,,88992.95,88992.95,0.0,0.0,0.0,0.0,0.0,0.0,0.0
ABGP0001098,4414.33,,,,,,,,,,,,,,,,,,
ABGP0001099,,,,,,,,,,,,,,,,,,,
ABGP0001100,55232.13,45238.08,,,,,490.84,,,0.0,49999.91,35000.01,,,,,,188.79,
ABGP0001101,55726.54,,,,,,,,,,,,,,,,,,
ABGP0001102,181093.59,113430.7,0.0,0.0,0.0,0.0,3656.16,,397.71,,,,,,,,,,
ABGP0001103,3990.56,3884.61,,,,,,,69.22,,3531.47,3531.47,0.0,0.0,0.0,0.0,0.0,125.86,0.0
ABGP0001104,37433.54,44567.1,0.0,0.0,1006.86,622.99,1447.36,,0.0,9.2,,,,,,,,,
ABGP0001105,236608.24,188650.93,0.0,27776.73,0.0,0.0,0.0,,6922.16,,211887.97,190699.18,47196.53,34610.78,0.0,3964.51,4090.37,,0.0
ABGP0001106,15185.3,,,,,,,,,,19776.21,19776.21,0.0,0.0,0.0,0.0,0.0,377.57,0.0
ABGP0001107,394782.61,320021.47,,,1931.91,1302.62,20917.5,,14473.6,1201.52,197762.11,176573.31,0.0,0.0,6292.87,5034.3,12585.74,7551.44,1047.2
ABGP0001108,218244.61,195996.38,,,,,9074.32,,3146.43,,217999.88,0.0,0.0,0.0,0.0,0.0,0.0,0.0,0.0
ABGP0001109,1236.01,,,,,,,,,,0.0,0.0,0.0,0.0,0.0,0.0,0.0,0.0,0.0
ABGP0001110,19423.06,,,,,,,,,,15891.6,14832.16,0.0,0.0,0.0,0.0,0.0,0.0,0.0
ABGP0001111,2118.88,,,,,,,,,,,,,,,,,,
ABGP0001112,22672.01,18098.76,0.0,0.0,0.0,0.0,0.0,,534.89,52.66,3178.32,1589.16,14141.27,0.0,0.0,0.0,0.0,377.57,54.91
ABGP0001113,447719.29,287178.84,0.0,0.0,0.0,0.0,31464.35,,6292.87,,299221.14,287178.84,0.0,0.0,,183.75,35019.82,3146.43,55.12
ABGP0001114,25002.78,22732.05,0.0,0.0,178.72,229.69,125.23,,0.0,,25002.78,22732.05,0.0,0.0,178.72,229.69,125.23,0.0,0.0
ABGP0001115,64661.15,61094.37,0.0,0.0,0.0,0.0,456.23,,0.0,,64661.15,64661.15,0.0,0.0,0.0,0.0,251.71,0.0,0.0
ABGP0001116,28251.73,27722.01,0.0,0.0,0.0,0.0,226.54,,88.1,0.0,11653.84,11653.84,0.0,0.0,0.0,0.0,0.0,94.39,0.0
ABGP0001117,34961.52,34961.52,,,,,,,,,24872.12,24872.12,0.0,0.0,0.0,0.0,0.0,0.0,0.0
ABGP0001118,19882.15,,,,,,,,,,15008.73,0.0,0.0,0.0,0.0,0.0,0.0,0.0,0.0
ABGP0001119,35820.02,26000.07,0.0,0.0,0.0,0.0,0.0,,188.79,,20999.86,0.0,0.0,0.0,0.0,0.0,0.0,0.0,0.0
ABGP0001120,394782.61,320021.47,,,1931.91,1302.62,20917.5,,14473.6,1201.52,,,,,,,,,
ABGP0001121,83526.24,74867.08,,,,,1038.32,,534.89,,83519.18,74867.08,0.0,0.0,0.0,0.0,1038.32,629.29,54.9
ABGP0001122,119363.56,104178.25,0.0,0.0,2894.72,1950.79,4782.58,,0.0,,111241.19,105943.99,0.0,0.0,2139.58,1384.43,2139.58,0.0,0.0
ABGP0001123,11653.84,10276.57,0.0,0.0,0.0,0.0,0.0,,748.85,,4099.33,2434.59,0.0,0.0,0.0,0.0,0.0,1887.86,0.0
ABGP0001124,494.41,,,,,,,,,,,,,,,,,,
ABGP0001125,42377.59,,,,,,,,,,31783.2,26486.0,2768.86,0.0,0.0,0.0,0.0,0.0,0.0
ABGP0001126,3990.56,,,,,,,,,,,,,,,,,,
ABGP0001127,5791.6,5494.96,0.0,0.0,0.0,0.0,74.89,,0.0,,27999.94,27999.94,1887.86,0.0,0.0,0.0,0.0,0.0,0.0
ABGP0001128,,,,,,,,,,,,,,,,,,,
ABGP0001129,153014.9,139952.01,0.0,0.0,0.0,0.0,8130.39,,1400.16,,120599.57,120069.85,943.93,0.0,0.0,0.0,1258.57,440.5,110.23
ABGP0001130,52089.13,,,,,,,,,,52089.13,48204.51,0.0,0.0,0.0,0.0,220.25,950.22,0.0
ABGP0001131,127485.93,105131.75,,,,,157.32,,,595.69,113006.92,,0.0,0.0,0.0,0.0,151.03,0.0,551.16
ABGP0001132,21188.8,,,,,,,,,,113006.92,113006.92,0.0,0.0,0.0,0.0,0.0,0.0,0.0
ABGP0001133,273618.0,205036.93,,11818.01,,,8703.04,,,,273618.0,205036.93,0.0,0.0,0.0,0.0,6997.67,5260.84,1053.37
ABGP0001134,90052.39,,,,,,,,,,90000.12,59999.96,,,,,,2202.5,337.75
ABGP0001135,8828.67,7981.11,,,,,,,75.51,0.0,10594.4,8828.67,0.0,0.0,0.0,0.0,0.0,0.0,0.0
ABGP0001136,2984.09,,,,,,,,,,21188.8,21188.8,0.0,0.0,0.0,0.0,0.0,188.79,0.0
ABGP0001137,988.81,,,,,,,,,,,,,,,,,,
ABGP0001138,4944.05,4061.19,0.0,0.0,0.0,0.0,0.0,,157.32,,2472.03,2048.25,0.0,0.0,0.0,0.0,0.0,943.93,0.0
ABGP0001139,49440.53,42554.17,0.0,0.0,0.0,0.0,1013.15,,0.0,178.57,49440.53,42377.59,0.0,0.0,0.0,0.0,0.0,629.29,181.88
ABGP0001140,8122.37,,,,,,,,,,0.0,9888.11,0.0,0.0,0.0,0.0,0.0,31.46,0.0
ABGP0001141,529719.94,423775.95,,,,,3083.51,,,2170.45,626799.94,509237.43,0.0,0.0,0.0,0.0,1887.86,0.0,
ABGP0001143,5226.57,,,,,,,,,,4944.05,4520.28,503.43,0.0,0.0,0.0,0.0,1006.86,0.0
ABGP0001144,671084.53,584952.07,,15367.19,,,33666.85,,17424.96,2170.46,441433.28,,0.0,0.0,0.0,0.0,7551.44,10068.59,2203.52
ABGP0001145,9817.48,,,,,,,,,,,,,,,,,,
ABGP0001147,336937.19,312146.3,0.0,0.0,0.0,0.0,1903.59,,6083.95,463.85,420244.48,753210.54,0.0,0.0,251.71,251.71,0.0,629.29,132.28
ABGP0001148,2295.45,,,,,,,,,,4590.91,4237.76,0.0,0.0,0.0,0.0,0.0,0.0,0.0
ABGP0001149,7451.39,6815.73,0.63,0.0,0.0,0.0,0.0,,166.76,,5473.77,0.0,0.0,0.0,0.0,0.0,0.0,125.86,0.0
ABGP0001150,18363.62,18216.72,,,,,100.69,,,,19988.1,2118.88,0.0,0.0,0.0,0.0,0.0,31.46,0.0
ABGP0001151,15008.73,14549.64,,,,,,,120.19,,,,,,,,,,
ABGP0001152,3178.32,,,,,,,,,,,,,,,,,,
ABGP0001153,35314.66,33725.5,,,,,,,805.49,,35314.66,3.53,0.0,0.0,0.0,0.0,0.0,755.14,0.0
ABGP0001154,,,,,,,,,,,,,,,,,,,
ABGP0001155,60034.93,,,,,,,,,,42377.59,35314.66,18878.61,0.0,0.0,0.0,0.0,0.0,0.0
ABGP0001156,63884.22,60034.93,,,,,453.09,,836.95,,56503.46,53678.29,0.0,0.0,0.0,0.0,0.0,755.14,0.0
ABGP0001157,5650.35,,,,,,,,,,,,,,,,,,
ABGP0001158,6003.49,4944.05,0.0,0.0,0.0,0.0,0.63,,503.43,,7062.93,5650.35,0.0,0.0,0.0,0.0,0.0,503.43,0.0
ABGP0001159,15997.54,,,,,,,,,,9181.81,7769.23,0.0,0.0,0.0,0.0,0.0,503.43,0.0
ABGP0001160,9994.05,,,,,,,,,,,,,,,,,,
ABGP0001161,9994.05,,,,,,,,,,13000.03,4414.33,0.0,0.0,0.0,0.0,0.0,440.5,0.0
ABGP0001162,6956.99,,,,,,,,,,,,,,,,,,
ABGP0001163,26097.54,,,,,,,,,,25779.7,24543.69,0.0,0.0,0.0,0.0,94.39,0.0,0.0
ABGP0001164,12466.08,11971.67,0.0,0.0,0.0,0.0,0.0,,489.59,,12499.98,12499.98,0.0,0.0,0.0,0.0,0.0,0.0,0.0
ABGP0001165,10947.55,4308.39,0.0,0.0,0.0,0.0,0.0,,1422.19,0.0,7062.93,7062.93,0.0,0.0,0.0,0.0,0.0,125.86,0.0
ABGP0001166,15619.68,,,,,,,,,,,,,,,,,,
ABGP0001167,29840.89,28958.02,0.0,0.0,0.0,0.0,6.29,,651.31,,21188.8,21188.8,0.0,0.0,0.0,0.0,0.0,0.0,0.0
ABGP0001168,9888.11,,,,,,,,,,4674.6,4355.0,0.0,0.0,0.0,0.0,0.0,62.93,0.0
ABGP0001169,238797.75,229287.51,0.0,6204.77,0.0,0.0,2133.28,,3102.38,,160681.71,150087.32,0.0,3335.22,2076.65,755.14,2265.43,6292.87,0.0
ABGP0001170,5650.35,,,,,,,,,,,,,,,,,,
ABGP0001171,8828.67,8263.63,0.0,0.0,0.0,0.0,0.0,,56.64,,9711.53,10241.25,0.0,0.0,0.0,0.0,0.0,88.1,0.0
ABGP0001172,7239.51,6709.79,0.0,0.0,0.0,0.0,0.0,,188.79,,14000.14,14000.14,0.0,0.0,0.0,0.0,0.0,100.69,0.0
ABGP0001173,219975.03,,,,,,,,,,218950.91,113006.92,0.0,6292.87,0.0,0.0,0.0,4405.01,0.0
ABGP0001174,12677.96,11830.41,,,,,125.86,,125.86,,10594.4,10594.4,0.0,0.0,0.0,0.0,0.0,0.0,0.0
ABGP0001175,21895.09,,,,,,,,,,14125.86,14125.86,0.0,0.0,0.0,0.0,0.0,0.0,0.0
ABGP0001176,6269.41,,,,,,,,,,1094.75,1059.44,0.0,0.0,0.0,0.0,0.0,0.0,0.0
ABGP0001177,54737.73,51206.26,0.0,0.0,0.0,0.0,31.46,,220.25,0.0,54737.73,51206.26,,,,,,220.25,
ABGP0001178,10594.4,9923.42,0.0,0.0,0.0,0.0,11.96,,0.0,,30000.16,30000.16,0.0,0.0,0.0,0.0,0.0,12.59,0.0
ABGP0001179,15891.6,14697.96,,,,,12.59,,,,17657.33,15891.6,0.0,0.0,0.0,0.0,0.0,0.0,0.0
ABGP0001180,2487.92,,,,,,,,,,,,,,,,,,
ABGP0001181,6921.67,6709.79,0.0,0.0,0.0,0.0,0.0,,193.19,,2262.96,2176.44,0.0,0.0,0.0,0.0,0.0,53.49,0.0
ABGP0001182,18010.48,,,,,,,,,,1366.32,1246.25,0.0,0.0,0.0,0.0,0.0,0.0,0.0
ABGP0001183,19105.23,17780.93,0.0,0.0,0.0,0.0,24.54,,0.0,,17657.33,17657.33,0.0,0.0,0.0,0.0,0.0,6.29,0.0
ABGP0001184,87830.39,47903.63,,,,,7596.75,,3005.47,,63566.39,60034.93,0.0,0.0,0.0,0.0,0.0,2517.15,0.0
ABGP0001185,17657.33,11187.69,271851.98,0.0,0.0,0.0,0.0,,534.89,,10000.05,10000.05,0.0,0.0,0.0,0.0,0.0,251.71,0.0
ABGP0001186,6956.99,6815.73,,,,,6.29,,157.32,,4999.85,1999.87,0.0,31464.35,0.0,0.0,0.0,188.79,0.0
ABGP0001187,0.0,,,,,,,,,,,,,,,,,,
ABGP0001188,,,,,,,,,,,,,,,,,,,
ABGP0001189,38492.98,35314.66,0.0,1101.25,0.0,0.0,0.0,,0.0,,34961.52,34961.52,0.0,0.0,0.0,0.0,0.0,692.22,0.0
ABGP0001190,,,,,,,,,,,,,,,,,,,
ABGP0001191,54808.36,50655.35,0.0,0.0,0.0,0.0,106.98,,430.43,,55000.11,46200.05,0.0,0.0,0.0,0.0,0.0,503.43,0.0
ABGP0001192,6003.49,4829.28,,,,,,,950.22,,9217.13,3743.35,0.0,132.15,125.86,0.0,6.29,1938.2,0.0
ABGP0001193,11512.58,,,,,,,,,,10000.05,9994.05,0.0,0.0,0.0,0.0,0.0,0.0,0.0
ABGP0001194,1412.59,1059.44,0.0,0.0,0.0,0.0,0.0,,0.0,,353.15,353.15,0.0,0.0,0.0,0.0,0.0,0.0,0.0
ABGP0001195,4530.87,4431.99,0.0,0.0,0.0,0.0,0.0,,0.0,,4620.57,994.81,1006.86,0.0,0.0,0.0,0.0,471.97,0.0
ABGP0001196,18010.48,17939.85,0.0,44.68,0.0,0.0,0.0,,0.0,0.0,18010.48,18010.48,0.0,0.0,0.0,0.0,0.0,0.0,0.0
ABGP0001197,4061.19,,,,,,,,,,3531.47,3531.47,0.0,0.0,0.0,0.0,0.0,0.0,0.0
ABGP0001198,13243.0,,,,,,,,,,,,,,,,,,
ABGP0001199,,,,,,,,,,,,,,,,,,,
ABGP0001200,21188.8,,,,,,,,,,,,,,,,,,
ABGP0001201,28251.73,26839.14,0.0,0.0,0.0,0.0,1573.22,,1573.22,,21188.8,20129.36,314.64,0.0,1258.57,0.0,1573.22,377.57,0.0
ABGP0001202,3443.18,3228.11,0.0,0.0,0.0,0.0,0.63,,0.0,,6921.67,,314.64,,,,,125.86,
ABGP0001203,4237.76,3884.61,0.0,0.0,0.0,0.0,0.0,,31.46,,4999.85,0.0,0.0,0.0,0.0,0.0,0.0,429.99,0.0
ABGP0001204,3849.3,,,,,,,,,,,,,,,,,,
ABGP0001205,,,,,,,,,,,,,,,,,,,
ABGP0001206,36797.88,30865.01,0.0,0.0,0.0,0.0,283.18,,0.0,120.7,,,,,,,,,
ABGP0001207,2083.57,,,,,,,,,,,,,,,,,,
ABGP0001209,,,,,,,,,,,,,,,,,,,
ABGP0001210,988.81,,,,,,,,,,2118.88,2118.88,0.0,0.0,0.0,0.0,0.0,62.93,0.0
ABGP0001211,5999.96,5992.9,,,,,18.88,,,,0.0,5014.68,0.0,0.0,0.0,0.0,0.0,0.0,0.0
ABGP0001212,,,,,,,,,,,,,,,,,,,
ABGP0001213,9962.27,9951.67,0.0,0.0,0.0,0.0,37.76,,0.0,,8828.67,7062.93,,,,,,31.46,
ABGP0001214,5201.85,,,,,,,,,,4979.37,4767.48,0.0,0.0,0.0,0.0,0.0,0.0,0.0
ABGP0001215,14214.15,13850.41,0.0,0.0,0.0,0.0,8.18,,0.0,,11830.41,10594.4,0.0,0.0,0.0,0.0,0.0,251.71,0.0
ABGP0001216,9958.73,,,,,,,,,,,,,,,,,,
ABGP0001217,12006.99,,,,,,,,,,15891.6,14125.86,125.86,0.0,0.0,0.0,0.0,314.64,0.0
ABGP0001218,14938.1,14880.89,0.0,0.0,0.0,0.0,0.0,,47.2,,8828.67,8828.67,0.0,0.0,0.0,0.0,0.0,62.93,0.0
ABGP0001219,37080.4,31327.64,0.0,0.0,0.0,0.0,981.69,,554.4,81.35,141258.65,115832.09,0.0,0.0,50.34,0.0,157.32,0.0,0.0
ABGP0001220,31218.16,,,,,,,,,,31182.85,27015.72,0.0,0.0,0.0,0.0,0.0,0.0,0.0
ABGP0001221,19899.81,,,,,,,,,,10594.4,9888.11,0.0,0.0,0.0,0.0,0.0,31.46,0.0
ABGP0001222,109828.6,109510.77,0.0,0.0,0.0,0.0,0.0,,2602.73,0.0,114772.65,113006.92,0.0,0.0,0.0,0.0,0.0,1258.57,0.0
ABGP0001223,1500.17,1399.87,0.0,0.0,0.0,0.0,0.0,,0.63,,1500.17,0.0,0.0,0.0,0.0,0.0,0.0,0.94,0.0
ABGP0001224,7062.93,6886.36,0.0,0.0,0.0,0.0,0.0,,75.51,,4999.85,4999.85,,,,,,,
ABGP0001225,8122.37,7981.11,0.0,0.0,0.0,0.0,0.0,,314.64,,8122.37,7062.93,251.71,0.0,0.0,0.0,0.0,125.86,0.0
ABGP0001226,9464.33,9252.44,0.0,0.0,0.0,0.0,0.0,,17.62,,8994.64,7995.24,0.0,0.0,0.0,0.0,0.0,0.0,0.0
ABGP0001227,8510.83,7981.11,0.0,0.0,0.0,0.0,32.09,,93.13,,4237.76,4237.76,0.0,0.0,94.39,0.0,0.0,0.0,0.0
ABGP0001228,2118.88,1977.62,0.0,0.0,0.0,0.0,0.0,,18.88,,2998.21,2498.51,0.0,0.0,0.0,0.0,0.0,0.0,0.0
ABGP0001229,15997.54,15538.45,,,,,,,,,,,,,,,,,
ABGP0001230,6851.04,6427.27,0.0,0.0,0.0,0.0,6.29,,0.0,0.0,8475.52,8122.37,0.0,0.0,0.0,0.0,0.0,0.0,0.0
ABGP0001231,19882.15,,,,,,,,,,15891.6,14479.01,629.29,0.0,0.0,0.0,0.0,629.29,0.0
ABGP0001232,12360.13,12006.99,,,,,6.29,,,,5297.2,4944.05,0.0,35.49,0.76,0.76,0.76,0.0,0.0
ABGP0001233,9958.73,,,,,,,,,,7999.83,0.0,629.29,0.0,0.0,0.0,0.0,440.5,0.0
ABGP0001234,6956.99,,,,,,,,,,,,,,,,,,
ABGP0001235,12360.13,5904.61,143478.69,0.0,0.0,0.0,0.0,,17.62,,,,,,,,,,
ABGP0001236,3531.47,,,,,,,,,,,,,,,,,,
ABGP0001237,7133.56,,,,,,,,,,3884.61,3531.47,0.0,0.0,0.0,0.0,0.0,0.0,0.0
ABGP0001238,,,,,,,,,,,,,,,,,,,
ABGP0001239,5297.2,4944.05,,,,,34.61,,,,8122.37,7769.23,0.0,0.0,0.0,0.0,0.0,10.01,0.0
ABGP0001240,15997.54,14574.36,0.0,0.0,0.0,0.0,0.63,,99.43,,,,,,,,,,
ABGP0001241,,,,,,,,,,,,,,,,,,,
ABGP0001242,4767.48,4484.96,,,,,,,232.84,,5968.18,5615.03,0.0,0.0,0.0,0.0,0.0,0.0,0.0
ABGP0001243,19882.15,19211.18,,,,,,,,,12360.13,11124.12,0.0,0.0,0.0,0.0,0.0,0.0,0.0
ABGP0001244,9994.05,2648.6,,,,,,,92.51,,7062.93,5297.2,0.0,0.0,0.0,0.0,0.0,50.34,0.0
ABGP0001245,5297.2,5120.63,,,,,,,18.88,,,,,,,,,,
ABGP0001246,1059.44,,,,,,,,,,2507.34,2401.4,0.0,0.0,0.0,0.0,25.17,0.0,0.0
ABGP0001247,1483.22,,,,,,,,,,,,,,,,,,
ABGP0001248,4974.78,,,,,,,,,,4590.91,4590.91,0.0,0.0,0.0,0.0,0.0,6.29,0.0
ABGP0001249,31324.11,29558.37,,,,,244.16,,1548.05,,31324.11,29558.37,0.0,0.0,1548.05,0.0,239.13,0.0,0.0
ABGP0001250,,,,,,,,,,,,,,,,,,,
ABGP0001251,6356.64,,,,,,,,,,,,,,,,,,
ABGP0001252,4944.05,,,,,,,,,,1999.87,1999.87,0.0,0.0,0.0,0.0,0.0,1.57,0.0
ABGP0001253,,,,,,,,,,,,,,,,,,,
ABGP0001254,94420.81,90677.46,0.0,0.0,0.0,0.0,1843.81,,2035.11,,98881.05,98881.05,0.0,0.0,0.0,0.0,0.0,1887.86,0.0
ABGP0001256,36727.25,,,,,,,,,,21188.8,21188.8,0.0,0.0,0.0,0.0,0.0,157.32,0.0
ABGP0001257,70.63,,,,,,,,,,,,,,,,,,
ABGP0001259,3000.33,,,,,,,,,,,,,,,,,,
ABGP0001260,7627.97,7239.51,,,,,6.29,,,,7627.97,7062.93,0.0,0.0,0.0,0.0,0.0,6.29,0.0
ABGP0001261,3990.56,,,,,,,,,,1059.44,1059.44,,,,,,,
ABGP0001262,,,,,,,,,,,,,,,,,,,
ABGP0001263,7062.93,,,,,,,,,,4944.05,4944.05,0.0,0.0,0.0,0.0,0.0,0.0,0.0
ABGP0001264,,,,,,,,,,,,,,,,,,,
ABGP0001265,3496.15,,,,,,,,,,,,,,,,,,
ABGP0001266,1977.62,,,,,,,,,,,,,,,,,,
ABGP0001267,45909.06,,,,,,,,,,61800.66,61800.66,2045.18,0.0,0.0,0.0,0.0,1573.22,0.0
ABGP0001268,90052.39,74796.46,0.0,0.0,0.0,0.0,1459.95,,943.93,,90052.39,74796.46,478.26,0.0,0.0,0.0,1459.95,943.93,0.0
ABGP0001269,19988.1,19246.49,,,,,,,314.64,,10241.25,10241.25,0.0,0.0,0.0,0.0,0.0,12.59,0.0
ABGP0001270,40011.51,,,,,,,,,,14125.86,12360.13,0.0,0.0,0.0,0.0,0.0,0.0,0.0
ABGP0001271,3178.32,,,,,,,,,,,,,,,,,,
ABGP0001272,4944.05,4696.85,0.0,0.0,0.0,0.0,28.32,,0.0,,9888.11,9888.11,0.0,0.0,0.0,0.0,0.0,18.88,0.0
ABGP0001273,6956.99,6603.84,0.0,0.0,0.0,0.0,3.15,,0.0,,6956.99,6956.99,0.0,0.0,0.0,0.0,0.0,0.0,0.0
ABGP0001274,2472.03,,,,,,,,,,,,,,,,,,
ABGP0001275,,,,,,,,,,,,,,,,,,,
ABGP0001276,17869.22,16739.15,,,,,,,,,14125.86,14125.86,0.0,0.0,0.0,0.0,0.0,0.0,0.0
ABGP0001277,5297.2,5085.31,0.0,0.0,0.0,0.0,0.0,,125.86,,5297.2,5297.2,0.0,0.0,0.0,0.0,0.0,94.39,0.0
ABGP0001278,1589.16,,,,,,,,,,5297.2,5297.2,0.0,0.0,0.0,0.0,0.0,94.39,0.0
ABGP0001279,8002.3,,,,,,,,,,0.0,0.0,0.0,0.0,0.0,0.0,0.0,0.0,0.0
ABGP0001280,6356.64,3001.75,0.0,0.0,0.0,0.0,0.0,,163.61,0.0,3001.75,2118.88,12585.74,0.0,0.0,0.0,0.0,94.39,0.0
ABGP0001281,9958.73,9323.07,0.0,0.0,0.0,0.0,31.46,,0.0,,4590.91,4590.91,0.0,0.0,0.0,0.0,0.0,0.0,0.0
ABGP0001282,6921.67,,,,,,,,,,0.0,0.0,0.0,0.0,0.0,0.0,0.0,0.0,0.0
ABGP0001283,0.0,,,,,,,,,,,,,,,,,,
ABGP0001284,7981.11,7239.51,,,,,,,17.62,,,,,,,,,,
ABGP0001285,52971.99,52795.42,0.0,0.0,0.0,0.0,62.93,,251.71,,24999.96,4237.76,0.0,0.0,0.0,0.0,0.0,157.32,0.0
ABGP0001286,1818.71,,,,,,,,,,,,,,,,,,
ABGP0001287,1412.59,,,,,,,,,,,,,,,,,,
ABGP0001288,,,,,,,,,,,,,,,,,,,
ABGP0001289,1483.22,1271.33,1.26,,18.88,18.88,9.44,,48.46,0.0,,,,,,,,,
ABGP0001290,22001.03,,,,,,,,,,7945.8,1765.73,0.0,0.0,0.0,0.0,0.0,0.0,0.0
ABGP0001291,,,,,,,,,,,,,,,,,,,
ABGP0001292,298479.53,,,,,,,,,,423775.95,423775.95,0.0,0.0,0.0,0.0,0.0,0.0,0.0
ABGP0001293,5720.98,,,,,,,,,,34855.57,34855.57,0.0,0.0,0.0,0.0,0.0,0.0,0.0
ABGP0001294,,,,,,,,,,,,,,,,,,,
ABGP0001295,5297.2,,,,,,,,,,7062.93,7062.93,0.0,0.0,0.0,0.0,0.0,3.15,0.0
ABGP0001296,55090.87,51912.55,,,,,694.73,,1352.97,36.99,54737.73,54737.73,0.0,0.0,0.0,0.0,0.0,0.0,35.27
ABGP0001297,9958.73,,,,,,,,,,,,,,,,,,
ABGP0001298,12183.56,12183.56,0.0,0.0,0.0,0.0,0.0,,31.46,,8828.67,8475.52,0.0,0.0,0.0,0.0,0.0,314.64,0.0
ABGP0001299,3068.84,,,,,,,,,,2295.45,0.0,629.29,0.0,0.0,0.0,0.0,62.93,0.0
ABGP0001300,0.0,,,,,,,,,,,,,,,,,,
ABGP0001301,882.87,,,,,,,,,,882.87,882.87,0.0,0.0,0.0,0.0,0.0,0.0,0.0
ABGP0001303,1094.75,1077.45,0.0,0.0,0.0,0.0,1.89,,0.0,,,,,,,,,,
ABGP0001304,2472.03,2472.03,0.0,0.0,0.0,0.0,0.0,,6.29,,,,,,,,,,
ABGP0001305,8687.41,8298.95,,,,,,,,,8687.41,8687.41,0.0,0.0,0.0,0.0,0.0,0.0,0.0
ABGP0001306,12006.99,11283.03,,,,,,,,,0.0,7062.93,0.0,0.0,0.0,0.0,0.0,0.0,0.0
ABGP0001307,6780.42,,,,,,,,,,,,,,,,,,
ABGP0001308,12006.99,,,,,,,,,,6356.64,6356.64,0.0,0.0,0.0,0.0,0.0,0.0,0.0
ABGP0001309,7451.39,6956.99,0.0,0.0,0.0,0.0,94.39,,0.0,,7486.71,6956.99,0.0,0.0,0.0,0.0,0.0,0.0,0.0
ABGP0001310,2825.17,,,,,,,,,,,,,,,,,,
ABGP0001311,30003.34,,,,,,,,,,5754.17,5443.76,,,,,,31.46,
ABGP0001312,21365.37,,,,,,,,,,21365.37,19246.49,75.51,0.0,0.0,0.0,0.0,0.0,0.0
ABGP0001313,3990.56,,,,,,,,,,,,,,,,,,
ABGP0001314,3001.75,,,,,,,,,,,,,,,,,,
ABGP0001315,12077.61,,,,,,,,,,12077.61,11583.21,0.0,0.0,0.0,0.0,0.0,220.25,0.0
ABGP0001316,18010.48,17586.7,0.0,0.0,0.0,0.0,254.23,,0.0,,18010.48,10594.4,818.07,0.0,0.0,0.0,0.0,200.11,0.0
ABGP0001317,6003.49,5968.18,0.0,0.0,0.0,0.0,0.0,,56.01,,6709.79,6003.49,0.0,1006.86,188.79,31.46,31.46,12.59,0.0
ABGP0001318,,,,,,,,,,,,,,,,,,,
ABGP0001319,15008.73,13702.09,0.0,0.0,0.0,0.0,16.36,,0.0,,1236.01,1059.44,0.0,0.0,0.0,0.0,0.0,0.0,0.0
ABGP0001320,10594.4,,,,,,,,,,11477.27,11477.27,0.0,0.0,0.0,0.0,0.0,94.39,0.0
ABGP0001321,5473.77,,,,,,,,,,,,,,,,,,
ABGP0001322,69958.35,,,,,,,,,,60034.93,5297.2,0.0,0.0,0.0,0.0,471.97,0.0,0.0
ABGP0001323,3178.32,,,,,,,,,,,,,,,,,,
ABGP0001324,19423.06,,,,,,,,,,,,,,,,,,
ABGP0001325,,,,,,,,,,,,,,,,,,,
ABGP0001326,15715.02,,,,,,,,,,15008.73,15008.73,0.0,0.0,0.0,0.0,0.0,629.29,0.0
ABGP0001327,3354.89,3178.32,0.0,0.0,0.0,0.0,0.0,,94.39,,5650.35,4944.05,0.0,0.0,0.0,0.0,0.0,62.93,0.0
ABGP0001328,9994.05,9393.7,0.0,0.0,0.0,0.0,50.34,,302.06,0.0,,,,,,,,,
ABGP0001329,7062.93,,,,,,,,,,7062.93,7062.93,0.0,0.0,0.0,0.0,0.0,0.0,0.0
ABGP0001330,4202.44,,,,,,,,,,11653.84,11300.69,0.0,0.0,0.0,0.0,0.0,0.0,0.0
ABGP0001331,12006.99,10064.68,0.0,0.0,0.0,0.0,755.14,,0.0,,8475.52,8475.52,0.0,0.0,0.0,0.0,0.0,0.0,0.0
ABGP0001332,4237.76,,,,,,,,,,4237.76,4237.76,0.0,0.0,0.0,0.0,0.0,0.0,0.0
ABGP0001333,,,,,,,,,,,,,,,,,,,
ABGP0001334,6487.3,6381.36,0.0,0.0,0.0,0.0,29.58,,0.0,,4000.09,3799.86,0.0,0.0,0.0,0.0,0.0,0.0,0.0
ABGP0001335,7945.8,7522.02,0.0,,0.0,0.0,262.41,,,,6003.49,6003.49,0.0,0.0,0.0,0.0,0.0,31.46,0.0
ABGP0001336,3001.75,,,,,,,,,,,,,,,,,,
ABGP0001337,,,,,,,,,,,,,,,,,,,
ABGP0001338,7168.88,,,,,,,,,,7769.23,0.0,0.0,0.0,0.0,0.0,0.0,314.64,0.0
ABGP0001339,7945.8,,,,,,,,,,5297.2,5297.2,0.0,0.0,0.0,0.0,0.0,0.0,0.0
ABGP0001340,36727.25,35844.38,0.0,0.0,0.0,0.0,1263.61,,0.0,,3531.47,0.0,0.0,0.0,0.0,0.0,0.0,125.86,0.0
ABGP0001341,0.0,,,,,,,,,,,,,,,,,,
ABGP0001343,69640.51,69040.17,0.0,0.0,0.0,0.0,629.29,,0.0,,69958.35,35314.66,0.0,0.0,0.0,0.0,0.0,0.0,0.0
ABGP0001344,19988.1,19889.22,0.0,0.0,0.0,0.0,11.96,,0.0,,14832.16,14832.16,0.0,0.0,0.0,0.0,0.0,0.0,0.0
ABGP0001345,9958.73,,,,,,,,,,14125.86,12360.13,0.0,0.0,0.0,0.0,0.0,0.0,0.0
ABGP0001346,12360.13,12289.5,,,,,62.93,,,,10.59,8.83,3775.72,0.0,0.0,0.0,0.0,0.0,0.0
ABGP0001347,494.41,,,,,,,,,,,,,,,,,,
ABGP0001348,1059.44,,,,,,,,,,,,,,,,,,
ABGP0001350,725257.22,681714.24,0.0,15734.06,0.0,0.0,770.25,,0.0,,450014.74,0.0,0.0,0.0,0.0,0.0,0.0,0.0,0.0
ABGP0001351,119398.87,118869.15,0.0,0.0,0.0,0.0,446.79,,0.0,,430838.88,353146.62,0.0,15732.17,4719.65,0.0,314.64,0.0,0.0
ABGP0001352,3178.32,,,,,,,,,,3531.47,3531.47,0.0,0.0,0.0,0.0,0.0,0.0,0.0
ABGP0001353,21718.52,12889.85,0.0,0.0,157.32,157.32,125.86,,0.0,,,,,,,,,,
ABGP0001354,1977.62,,,,,,,,,,1645.66,1539.72,0.0,0.0,0.0,0.0,0.0,0.0,0.0
ABGP0001355,7945.8,7663.28,0.0,0.0,0.0,0.0,151.66,,0.0,,6956.99,6356.64,0.0,0.0,0.0,0.0,0.0,0.0,0.0
ABGP0001356,,,,,,,,,,,,,,,,,,,
ABGP0001357,84755.19,76138.41,0.0,5009.12,0.0,0.0,0.0,,0.0,,84755.19,76138.41,12585.74,0.0,0.0,0.0,0.0,2517.15,0.0
ABGP0001358,,,,,,,,,,,,,,,,,,,
ABGP0001359,741.61,,,,,,,,,,,,,,,,,,
ABGP0001360,424076.12,355724.6,0.0,0.0,0.0,0.0,1483.86,,614.18,1378.99,380056.4,223894.96,0.0,0.0,0.0,0.0,0.0,201.37,
ABGP0001361,6003.49,5826.92,0.0,0.0,0.0,0.0,33.98,,0.0,,5999.96,2999.98,0.0,0.0,0.0,0.0,0.0,0.0,0.0
ABGP0001362,,,,,,,,,,,,,,,,,,,
ABGP0001363,105.94,,,,,,,,,,,,,,,,,,
ABGP0001364,25426.56,25249.98,0.0,0.0,0.0,0.0,201.37,,169.91,,25426.56,25249.98,0.0,0.0,0.0,0.0,201.37,0.0,0.0
ABGP0001365,33001.55,30801.45,0.0,0.0,0.0,0.0,41.53,,0.0,,1059.44,1059.44,0.0,0.0,0.0,0.0,0.0,0.0,0.0
ABGP0001366,,,,,,,,,,,,,,,,,,,
ABGP0001367,,,,,,,,,,,,,,,,,,,
ABGP0001368,3955.24,,,,,,,,,,3884.61,3531.47,629.29,0.0,94.39,94.39,94.39,125.86,0.0
ABGP0001369,7098.25,,,,,,,,,,,,,,,,,,
ABGP0001370,49440.53,45979.69,0.0,0.0,0.0,0.0,622.99,,0.0,,63566.39,35314.66,6292.87,0.0,0.0,0.0,0.0,1258.57,0.0
ABGP0001371,,,,,,,,,,,,,,,,,,,
ABGP0001372,184695.68,155384.51,2831.79,0.0,0.0,0.0,11364.92,,5506.26,542.34,,,,,,,,,
ABGP0001373,1100.05,,,,,,,,,,,,,,,,,,
ABGP0001374,19988.1,36303.47,,,,,,,2202.5,3.86,0.0,0.0,0.0,0.0,0.0,0.0,0.0,0.0,0.0
ABGP0001375,,,,,,,,,,,,,,,,,,,
ABGP0001376,12360.13,,,,,,,,,,0.0,0.0,0.0,0.0,0.0,0.0,0.0,0.0,0.0
ABGP0001377,15008.73,5406.67,,,,,,,222.77,,,,,,,,,,
ABGP0001378,,,,,,,,,,,,,,,,,,,
ABGP0001379,24999.25,24610.79,0.0,0.0,0.0,0.0,0.0,,767.73,,42004.32,39832.47,0.0,0.0,0.0,0.0,0.0,566.36,0.0
ABGP0001380,88286.66,,,,,,,,,,275454.37,275454.37,0.0,0.0,0.0,0.0,2831.79,1573.22,0.0
ABGP0001381,28251.73,27192.29,,,,,94.39,,528.6,,23731.45,22248.24,2831.79,0.0,0.0,0.0,0.0,528.6,0.0
ABGP0001382,882.87,,,,,,,,,,,,,,,,,,
ABGP0001383,32666.06,,,,,,,,,,49440.53,47674.79,0.0,0.0,0.0,0.0,0.0,943.93,0.0
ABGP0001384,,,,,,,,,,,,,,,,,,,
ABGP0001385,,,,,,,,,,,,,,,,,,,
ABGP0001386,60034.93,49440.53,5.66,0.0,34.61,6.29,0.0,,1447.36,,49440.53,49440.53,7551.44,0.0,1573.22,0.0,0.0,2202.5,0.0
ABGP0001387,39446.48,37080.4,0.0,0.0,344.85,420.36,527.97,,0.0,,17657.33,17657.33,0.0,0.0,629.29,0.0,0.0,377.57,0.0
ABGP0001389,550.91,,,,,,,,,,,,,,,,,,
ABGP0001390,2648.6,,,,,,,,,,,,,,,,,,
ABGP0001391,19952.78,,,,,,,,,,0.0,0.0,0.0,0.0,0.0,0.0,0.0,0.0,0.0
ABGP0001392,69216.74,62524.61,37.13,0.0,1379.4,932.6,1368.7,,2712.86,,79987.71,79987.71,0.0,62.93,1573.22,503.43,1006.86,2643.01,0.0
ABGP0001393,,,,,,,,,,,,,,,,,,,
ABGP0001394,40965.01,38821.41,0.0,0.0,0.0,0.0,454.35,,1007.49,,40965.01,,0.0,0.0,0.0,0.0,0.0,629.29,0.0
ABGP0001396,15008.73,14549.64,,,,,,,169.91,,,,,,,,,,
ABGP0001397,15008.73,14832.16,,,,,39.02,,,,12006.99,12006.99,0.0,0.0,0.0,0.0,0.0,0.0,0.0
ABGP0001398,,,,,,,,,,,,,,,,,,,
ABGP0001399,12042.3,10982.86,0.0,0.0,0.0,0.0,0.0,,254.23,,,,,,,,,,
ABGP0001400,,,,,,,,,,,,,,,,,,,
ABGP0001401,1483.22,706.29,0.0,0.0,0.0,0.0,0.63,,0.0,,6215.38,6215.38,0.0,0.0,0.0,0.0,0.0,0.0,0.0
ABGP0001402,43083.89,40823.75,,,,,,,1045.25,,42377.59,0.0,6292.87,0.0,0.0,0.0,0.0,1887.86,0.0
ABGP0001403,15891.6,,,,,,,,,,6356.64,6356.64,62.93,0.0,0.0,0.0,0.0,0.0,0.0
ABGP0001404,28357.67,27933.9,0.0,0.0,0.0,0.0,0.0,,402.74,,21188.8,20305.93,314.64,251.71,0.0,0.0,0.0,0.0,0.0
ABGP0001405,5964.65,,,,,,,,,,,,,,,,,,
ABGP0001406,1977.62,,,,,,,,,,,,,,,,,,
ABGP0001407,3884.61,,,,,,,,,,6003.49,5932.86,0.0,0.0,0.0,0.0,0.0,182.49,0.0
ABGP0001408,25073.41,,,,,,,,,,,,,,,,,,
ABGP0001409,,,,,,,,,,,,,,,,,,,
ABGP0001410,176.57,,,,,,,,,,,,,,,,,,
ABGP0001411,16739.15,,,,,,,,,,5297.2,5297.2,0.0,0.0,0.0,0.0,0.0,0.0,0.0
ABGP0001412,13843.35,13476.08,0.0,0.0,0.0,0.0,0.0,,137.18,,5650.35,5155.94,0.0,0.0,0.0,0.0,0.0,8.5,0.0
ABGP0001413,2966.43,,,,,,,,,,3001.75,2825.17,283.18,0.0,0.0,0.0,0.0,62.93,0.0
ABGP0001414,39905.57,,,,,,,,,,39999.86,37505.58,0.0,0.0,0.0,0.0,251.71,0.0,0.0
ABGP0001415,1589.16,,,,,,,,,,,,,,,,,,
ABGP0001416,501.47,,,,,,,,,,,,,,,,,,
ABGP0001417,143024.38,140340.47,0.0,0.0,0.0,0.0,1930.65,,2446.67,,105943.99,96726.86,0.0,0.0,0.0,0.0,0.0,2454.22,1.54
ABGP0001418,13490.2,12812.16,0.0,0.0,0.0,0.0,0.0,,283.18,,7062.93,6356.64,0.0,0.0,0.0,0.0,0.0,94.39,0.0
ABGP0001419,12006.99,6709.79,0.0,0.0,0.0,0.0,12.59,,0.0,,14125.86,14125.86,0.0,0.0,0.0,0.0,0.0,6.29,0.0
ABGP0001420,,,,,,,,,,,,,,,,,,,
ABGP0001421,11444.42,,,,,,,,,,,,,,,,,,
ABGP0001422,8828.67,,,,,,,,,,,,,,,,,,
ABGP0001423,1059.44,706.29,0.0,0.0,0.0,0.0,0.0,,62.93,,882.87,706.29,0.0,0.0,0.0,0.0,0.0,0.0,0.0
ABGP0001424,2472.03,,,,,,,,,,3531.47,3531.47,0.0,0.0,0.0,0.0,0.0,0.0,0.0
ABGP0001425,635.66,600.35,0.0,0.0,0.0,0.0,0.0,,39.65,,1130.07,1130.07,251.71,0.0,0.0,0.0,0.0,12.59,0.0
ABGP0001426,6992.3,6427.27,0.0,0.0,0.0,0.0,0.0,,339.81,,7557.34,7557.34,0.0,0.0,0.0,0.0,0.0,0.0,0.0
ABGP0001427,145425.78,141813.09,,,,,745.71,,,,145425.78,141813.09,0.0,0.0,0.0,0.0,0.0,0.0,0.0
ABGP0001428,2189.51,,,,,,,,,,,,,,,,,,
ABGP0001429,12360.13,5904.61,143478.69,0.0,0.0,0.0,0.0,,17.62,,29840.89,29099.28,0.0,0.0,0.0,0.0,0.0,251.71,0.0
ABGP0001430,1999.87,,,,,,,,,,,,,,,,,,
ABGP0001431,,,,,,,,,,,,,,,,,,,
ABGP0001432,1999.87,,,,,,,,,,,,,,,,,,
ABGP0001433,39976.2,37327.6,,,,,121.45,,629.29,,4944.05,4944.05,471.97,0.0,0.0,0.0,0.0,6.29,0.0
ABGP0001434,64671.74,64671.74,0.0,0.0,0.0,0.0,281.92,,207.66,0.0,61447.51,0.0,0.0,0.0,0.0,0.0,0.0,629.29,0.0
ABGP0001435,423.78,,,,,,,,,,,,,,,,,,
ABGP0001436,11441.95,,,,,,,,,,6356.64,0.0,0.0,0.0,0.0,0.0,0.0,0.0,0.0
ABGP0001437,47745.42,46438.78,0.0,0.0,0.0,0.0,764.58,,915.61,,42377.59,42377.59,0.0,0.0,0.0,0.0,0.0,1573.22,0.0
ABGP0001438,2825.17,2630.94,,,,,18.88,,,,3531.47,3531.47,0.0,0.0,0.0,0.0,0.0,0.0,0.0
ABGP0001439,12006.99,11982.26,0.0,0.0,0.0,0.0,0.0,,166.13,0.0,11999.92,11999.92,0.0,0.0,0.0,0.0,0.0,0.0,0.0
ABGP0001440,7062.93,,,,,,,,,,5297.2,0.0,0.0,0.0,0.0,0.0,0.0,493.99,0.0
ABGP0001441,6003.49,5473.77,,,,,,,,,4414.33,4414.33,9439.31,,,,,,
ABGP0001442,,,,,,,,,,,,,,,,,,,
ABGP0001443,21082.85,,,,,,,,,,7062.93,0.0,0.0,0.0,0.0,0.0,0.0,0.0,0.0
ABGP0001444,21799.74,,,,,,,,,,15891.6,15891.6,0.0,0.0,0.0,0.0,0.0,0.0,0.0
ABGP0001445,24013.97,15008.73,0.0,0.0,0.0,0.0,94.39,,314.64,,4237.76,3178.32,0.0,0.0,0.0,0.0,157.32,377.57,0.0
ABGP0001446,,,,,,,,,,,,,,,,,,,
ABGP0001447,1518.53,,,,,,,,,,,,,,,,,,
ABGP0001448,,,,,,,,,,,,,,,,,,,
ABGP0001449,3955.24,,,,,,,,,,,,,,,,,,
ABGP0001450,3884.61,,,,,,,,,,,,,,,,,,
ABGP0001451,3354.89,2683.91,0.0,0.0,0.0,0.0,0.0,,0.0,0.0,7981.11,7981.11,0.0,0.0,0.0,0.0,0.0,0.0,0.0
ABGP0001452,2118.88,,,,,,,,,,,,,,,,,,
ABGP0001453,1257.2,,,,,,,,,,,,,,,,,,
ABGP0001454,4944.05,,,,,,,,,,3143.0,2118.88,75.51,0.0,0.0,0.0,0.0,0.0,0.0
ABGP0001455,3990.56,,,,,,,,,,,,,,,,,,
ABGP0001456,19917.47,19705.58,1.26,0.0,45.31,0.0,0.0,,446.79,,14999.9,14999.9,0.0,0.0,0.0,0.0,0.0,163.61,0.0
ABGP0001457,6921.67,,,,,,,,,,4001.15,4001.15,0.0,0.0,0.0,0.0,0.0,6.29,0.0
ABGP0001458,145884.87,123566.0,0.0,0.0,0.0,0.0,6657.86,,1239.7,52.86,145884.87,94290.15,0.0,0.0,0.0,0.0,7551.44,2202.5,573.2
ABGP0001459,9994.05,,,,,,,,,,,,,,,,,,
ABGP0001460,27993.93,,,,,,,,,,,,,,,,,,
ABGP0001461,43684.24,41989.13,0.0,0.0,0.0,0.0,0.0,,0.0,0.0,22954.53,22954.53,0.0,0.0,0.0,0.0,0.0,0.0,0.0
ABGP0001462,31783.2,,,,,,,,,,,,,,,,,,
ABGP0001463,1624.47,1298.87,,,,,,,132.78,,1589.16,1236.01,1258.57,0.0,0.0,0.0,0.0,125.86,0.0
ABGP0001464,8021.37,7352.16,0.0,0.0,0.0,0.0,0.0,,310.24,,5297.2,4944.05,0.0,0.0,0.0,0.0,0.0,0.0,0.0
ABGP0001465,0.0,,,,,,,,,,,,,,,,,,
ABGP0001466,3164.19,,,,,,,,,,,,,,,,,,
ABGP0001467,529.72,,,,,,,,,,706.29,706.29,188.79,0.0,0.0,0.0,0.0,314.64,0.0
ABGP0001468,9958.73,9923.42,0.0,0.0,0.0,0.0,8.18,,0.0,,11999.92,11999.92,0.0,0.0,0.0,0.0,0.0,0.0,0.0
ABGP0001469,282.52,,,,,,,,,,,,,,,,,,
ABGP0001470,,,,,,,,,,,,,,,,,,,
ABGP0001471,19988.1,,,,,,,,,,,,,,,,,,
ABGP0001472,24670.82,21845.65,,,,,,,41.53,,5797.25,5345.58,0.0,0.0,0.0,0.0,0.0,0.0,0.0
ABGP0001473,7133.56,,,,,,,,,,,,,,,,,,
ABGP0001474,5968.18,,,,,,,,,,,,,,,,,,
ABGP0001475,14125.86,12777.2,,,,,0.0,,113.27,,10594.4,10594.4,0.0,0.0,0.0,0.0,0.0,113.27,0.0
ABGP0001476,,,,,,,,,,,2648.6,2401.4,471.97,0.0,0.0,0.0,0.0,0.0,0.0
ABGP0001477,32312.92,30017.46,0.0,0.0,0.0,0.0,792.9,,937.64,,24720.26,24013.97,0.0,0.0,0.0,0.0,346.11,534.89,0.0
ABGP0001478,258609.27,224883.77,19268.77,0.0,12396.95,7142.41,7048.01,,0.0,,,,,,,,,,
ABGP0001479,49758.36,,,,,,,,,,60034.93,53325.14,0.0,0.0,0.0,0.0,0.0,0.0,0.0
ABGP0001480,30017.46,29809.11,0.0,0.0,0.0,0.0,0.0,,81.18,0.0,31076.9,31076.9,,,,,,201.37,
ABGP0001481,,,,,,,,,,,,,,,,,,,
ABGP0001482,184695.68,155384.51,2831.79,0.0,0.0,0.0,11364.92,,5506.26,542.34,184695.68,132429.98,0.0,0.0,0.0,0.0,11327.17,2831.79,0.0
ABGP0001483,,,,,,,,,,,,,,,,,,,
ABGP0001484,6003.49,5615.03,,,,,,,,,0.0,2825.17,0.0,0.0,0.0,0.0,0.0,0.0,0.0
ABGP0001485,995.87,,,,,,,,,,,,,,,,,,
ABGP0001486,14161.18,13419.57,,,,,,,37.76,,5932.86,5297.2,1573.22,0.0,0.0,0.0,0.0,125.86,0.0
ABGP0001487,2500.28,,,,,,,,,,,,,,,,,,
ABGP0001488,0.0,,,,,,,,,,,,,,,,,,
ABGP0001489,1518.53,,,,,,,,,,,,,,,,,,
ABGP0001490,176.57,,,,,,,,,,,,,,,,,,
ABGP0001491,35.31,,,,,,,,,,,,,,,,,,
ABGP0001492,575.63,,,,,,,,,,,,,,,,,,
ABGP0001493,3884.61,,,,,,,,,,,,,,,,,,
ABGP0001494,,,,,,,,,,,0.0,0.0,0.0,0.0,0.0,0.0,0.0,0.0,0.0
ABGP0001495,6956.99,5869.3,0.0,0.0,0.0,0.0,0.0,,943.93,0.0,0.0,0.0,0.0,0.0,0.0,0.0,0.0,0.0,0.0
ABGP0001496,,,,,,,,,,,,,,,,,,,
ABGP0001497,20129.36,19988.1,0.0,0.0,0.0,0.0,465.04,,72.37,,12360.13,11477.27,0.0,0.0,0.0,0.0,251.71,377.57,0.0
ABGP0001498,2023.53,,,,,,,,,,,,,,,,,,
ABGP0001499,12006.99,,,,,,,,,,8828.67,8475.52,125.86,0.0,0.0,0.0,0.0,125.86,0.0
ABGP0001500,3990.56,,,,,,,,,,,,,,,,,,
ABGP0001501,5367.83,4696.85,0.0,0.0,0.0,0.0,0.0,,44.05,,2648.6,2295.45,0.0,0.0,0.0,0.0,0.0,62.93,0.0
ABGP0001502,1518.53,,,,,,,,,,,,,,,,,,
ABGP0001503,,,,,,,,,,,,,,,,,,,
ABGP0001504,9888.11,8828.67,0.0,0.0,0.0,0.0,0.0,,62.93,,3599.98,3599.98,0.0,0.0,0.0,0.0,0.0,62.93,0.0
ABGP0001505,6533.21,,,,,,,,,,,,,,,,,,
ABGP0001506,142900.78,134902.01,0.0,0.0,0.0,0.0,865.9,,478.89,52.48,141258.65,135608.3,0.0,0.0,629.29,755.14,1636.15,0.0,54.56
ABGP0001507,6356.64,5932.86,0.0,0.0,0.0,0.0,0.0,,25.8,,3531.47,3178.32,0.0,0.0,0.0,0.0,0.0,0.0,0.0
ABGP0001508,42377.59,,,,,,,,,,,,,,,,,,
ABGP0001509,2189.51,1748.08,,,,,,,229.69,,105943.99,105943.99,0.0,0.0,0.0,0.0,0.0,125.86,0.0
ABGP0001510,6286.01,6010.56,,,,,,,20.77,,11865.73,10594.4,0.0,0.0,0.0,0.0,0.0,0.0,0.0
ABGP0001511,60034.93,55232.13,0.0,0.0,0.0,0.0,1472.53,,2133.28,,40611.86,35314.66,0.0,0.0,566.36,251.71,1258.57,2076.65,0.0
ABGP0001512,5085.31,,,,,,,,,,,,,,,,,,
ABGP0001513,4590.91,,,,,,,,,,,,,,,,,,
ABGP0001514,9958.73,,,,,,,,,,,,,,,,,,
ABGP0001515,6144.75,,,,,,,,,,,,,,,,,,
ABGP0001516,7451.39,,,,,,,,,,800.23,597.17,5034.3,0.0,0.0,0.0,157.32,314.64,0.0
ABGP0001517,20023.41,19352.44,0.0,0.0,0.0,0.0,0.0,,522.31,,4999.85,4999.85,0.0,0.0,0.0,0.0,0.0,125.86,0.0
ABGP0001518,6709.79,6286.01,0.0,0.0,0.0,0.0,0.0,,25.8,,5932.86,5932.86,0.0,0.0,0.0,0.0,0.0,0.0,0.0
ABGP0001519,8828.67,8193.0,0.0,0.0,0.0,0.0,0.0,,176.2,,8828.67,0.0,75.51,0.0,0.0,0.0,0.0,94.39,0.0
ABGP0001520,127132.78,116609.02,,6764.84,,,7834.62,,1441.07,,126426.49,0.0,0.0,4405.01,943.93,566.36,755.14,0.0,0.0
ABGP0001521,7062.93,,,,,,,,,,0.0,0.0,0.0,0.0,0.0,0.0,0.0,0.0,0.0
ABGP0001522,178339.05,,,,,,,,,,0.0,0.0,0.0,0.0,0.0,0.0,0.0,0.0,0.0
ABGP0001523,7945.8,,,,,,,,,,176.57,176.57,0.0,0.0,0.0,0.0,0.0,31.46,0.0
ABGP0001524,41777.25,,,,,,,,,,14125.86,12713.28,0.0,0.0,0.0,0.0,0.0,0.0,0.0
ABGP0001525,3884.61,3178.32,0.0,0.0,0.0,0.0,0.0,,74.26,,3282.85,2563.49,264.3,0.0,0.0,0.0,0.0,31.46,0.0
ABGP0001526,,,,,,,,,,,,,,,,,,,
ABGP0001527,30017.46,,,,,,,,,,30000.16,27999.94,0.0,0.0,0.0,0.0,0.0,1384.43,0.0
ABGP0001528,6144.75,,,,,,,,,,,,,,,,,,
ABGP0001529,7486.71,,,,,,,,,,,,,,,,,,
ABGP0001530,134983.23,123113.98,0.0,0.0,0.0,0.0,2258.51,,882.26,636.69,134972.64,123318.8,0.0,0.0,0.0,0.0,2258.51,882.26,646.62
ABGP0001531,44496.47,43306.37,0.0,0.0,0.0,0.0,0.0,,1001.82,,49999.91,24720.26,4405.01,0.0,0.0,0.0,0.0,1573.22,0.0
ABGP0001532,9994.05,9640.9,0.0,0.0,0.0,0.0,20.77,,0.0,,9888.11,9888.11,0.0,0.0,0.0,0.0,0.0,125.86,0.0
ABGP0001533,,,,,,,,,,,,,,,,,,,
ABGP0001534,7592.65,6851.04,0.0,0.0,0.0,0.0,0.0,,16.36,,9711.53,8828.67,0.0,0.0,0.0,0.0,0.0,314.64,0.0
ABGP0001535,18010.48,17657.33,0.0,0.0,0.0,0.0,144.74,,88.1,,18999.99,18999.99,0.0,0.0,0.0,0.0,0.0,106.98,0.0
ABGP0001536,20023.41,18010.48,,,,,,,81.81,,635.66,635.66,0.0,0.0,0.0,0.0,0.0,0.0,0.0
ABGP0001537,13001.8,,,,,,,,,,882.87,7945.8,0.0,0.0,0.0,0.0,0.0,0.0,0.0
ABGP0001538,1700.4,,,,,,,,,,,,,,,,,,
ABGP0001539,,,,,,,,,,,,,,,,,,,
ABGP0001540,2985.5,,,,,,,,,,,,,,,,,,
ABGP0001541,10001.11,9534.96,0.0,0.0,0.0,0.0,42.79,,0.0,,12360.13,12360.13,125.86,0.0,0.0,0.0,0.0,94.39,0.0
ABGP0001542,10029.36,,,,,,,,,,10029.36,9965.8,0.0,0.0,0.0,0.0,0.0,232.21,0.0
ABGP0001543,12289.5,11936.36,0.0,0.0,0.0,0.0,157.32,,0.0,0.0,3354.89,3072.38,0.0,0.0,0.0,0.0,0.0,31.46,0.0
ABGP0001544,353.15,,,,,,,,,,706.29,706.29,629.29,0.0,0.0,0.0,0.0,0.0,0.0
ABGP0001545,9799.82,,,,,,,,,,7062.93,6709.79,0.0,0.0,0.0,0.0,0.0,62.93,0.0
ABGP0001546,882.87,,,,,,,,,,,,,,,,,,
ABGP0001547,65024.89,58940.17,0.0,2632.94,0.0,0.0,170.54,,0.0,,40011.51,35279.35,0.0,0.0,0.0,0.0,0.0,3121.26,0.0
ABGP0001548,24861.52,,,,,,,,,,,,,,,,,,
ABGP0001549,30017.46,,,,,,,,,,14000.14,14000.14,0.0,0.0,0.0,0.0,0.0,125.86,0.0
ABGP0001550,13984.61,13772.72,0.0,0.0,0.0,0.0,251.71,,0.0,,2825.17,2825.17,0.0,0.0,0.0,0.0,0.0,125.86,0.0
ABGP0001551,6356.64,,,,,,,,,,,,,,,,,,
ABGP0001552,,,,,,,,,,,,,,,,,,,
ABGP0001553,23484.25,,,,,,,,,,,,,,,,,,
ABGP0001554,,,,,,,,,,,,,,,,,,,
ABGP0001555,3178.32,,,,,,,,,,,,,,,,,,
ABGP0001556,7945.8,7769.23,0.0,0.0,0.0,0.0,0.0,,132.15,0.0,105.94,988.81,3146.43,0.0,0.0,0.0,0.0,125.86,0.0
ABGP0001557,23307.68,,,,,,,,,,,,,,,,,,
ABGP0001558,1412.59,,,,,,,,,,,,,,,,,,
ABGP0001559,2825.17,,,,,,,,,,,,,,,,,,
ABGP0001560,6003.49,5968.18,,,,,,,113.27,,3531.47,3531.47,3775.72,0.0,0.0,0.0,0.0,157.32,0.0
ABGP0001561,16103.49,,,,,,,,,,15919.85,0.0,0.0,0.0,0.0,0.0,0.0,0.0,0.0
ABGP0001562,6356.64,5650.35,0.0,0.0,0.0,0.0,0.0,,207.66,0.0,5297.2,4944.05,0.0,0.0,0.0,0.0,0.0,188.79,0.0
ABGP0001563,4237.76,,,,,,,,,,,,,,,,,,
ABGP0001564,3990.56,,,,,,,,,,,,,,,,,,
ABGP0001565,5968.18,5968.18,,,,,,,169.91,,4979.37,4979.37,0.0,0.0,0.0,0.0,0.0,188.79,0.0
ABGP0001566,14761.53,,,,,,,,,,10064.68,10064.68,0.0,0.0,125.86,0.0,125.86,0.0,0.0
ABGP0001567,10982.86,,,,,,,,,,12360.13,10594.4,0.0,0.0,0.0,0.0,0.0,188.79,0.0
ABGP0001568,9923.42,,,,,,,,,,,,,,,,,,
ABGP0001569,423.78,,,,,,,,,,,,,,,,,,
ABGP0001570,9958.73,9711.53,0.0,0.0,0.0,0.0,16.36,,0.0,,10594.4,10241.25,0.0,0.0,0.0,0.0,0.0,9.44,0.0
ABGP0001571,4025.87,3460.84,,,,,,,232.84,,2966.43,2966.43,2202.5,0.0,0.0,0.0,0.0,125.86,0.0
ABGP0001572,282.52,,,,,,,,,,247.2,105.94,377.57,0.0,0.0,0.0,0.0,62.93,0.0
ABGP0001573,20129.36,19423.06,0.0,0.0,0.0,0.0,18.88,,188.79,,20129.36,20129.36,0.0,0.0,0.0,0.0,0.0,0.0,0.0
ABGP0001574,7062.93,6952.4,0.0,0.0,0.0,0.0,0.0,,81.81,,10000.05,10000.05,0.0,0.0,0.0,0.0,0.0,62.93,0.0
ABGP0001575,13207.68,12854.54,0.0,0.0,0.0,0.0,213.96,,0.0,,10594.4,9888.11,0.0,0.0,0.0,0.0,0.0,239.13,0.0
ABGP0001576,44143.33,,,,,,,,,,24999.96,24720.26,0.0,0.0,0.0,0.0,0.0,125.86,0.0
ABGP0001577,15891.6,14125.86,0.0,0.0,0.0,0.0,0.0,,692.22,,15891.6,14125.86,0.0,0.0,0.0,0.0,0.0,692.22,0.0
ABGP0001578,12925.17,,,,,,,,,,19423.06,18540.2,0.0,0.0,0.0,0.0,0.0,0.0,0.0
ABGP0001579,282.52,,,,,,,,,,3178.32,2825.17,0.0,0.0,0.0,0.0,0.0,0.0,0.0
ABGP0001580,20101.11,,,,,,,,,,,,,,,,,,
ABGP0001581,18010.48,,,,,,,,,,,,,,,,,,
ABGP0001582,13843.35,2118.88,0.0,0.0,0.0,0.0,62.93,,100.69,,14125.86,13419.57,1258.57,0.0,251.71,251.71,188.79,0.0,0.0
ABGP0001583,35314.66,,,,,,,,,,10947.55,10064.68,0.0,0.0,0.0,0.0,220.25,314.64,0.0
ABGP0001584,9949.55,9949.55,0.0,0.0,0.0,0.0,0.0,,340.44,,4944.05,4944.05,0.0,0.0,0.0,0.0,0.0,377.57,0.0
ABGP0001585,54723.6,46622.42,0.0,0.0,0.0,0.0,70.48,,1249.76,9.79,54723.6,46622.42,70.48,0.0,0.0,0.0,70.48,1249.76,11.02
ABGP0001586,3531.47,,,,,,,,,,10665.03,10665.03,0.0,0.0,0.0,0.0,0.0,50.34,0.0
ABGP0001587,14196.49,12995.8,0.0,0.0,0.0,0.0,0.0,,433.58,,6427.27,6427.27,28.32,40.9,0.0,0.0,0.0,78.66,0.0
ABGP0001588,413.18,342.55,,,,,,,5.03,,741.61,670.98,0.0,0.0,0.0,0.0,0.0,62.93,0.0
ABGP0001589,41777.25,39764.31,,,,,,,,,2733.35,2662.73,0.0,0.0,0.0,0.0,0.0,0.0,0.0
ABGP0001590,35985.64,33725.5,0.0,0.0,0.0,0.0,50.34,,0.0,,10594.4,10594.4,0.0,0.0,0.0,0.0,0.0,314.64,0.0
ABGP0001591,6427.27,,,,,,,,,,3531.47,3531.47,0.0,0.0,0.0,0.0,0.0,0.0,0.0
ABGP0001592,5297.2,5014.68,0.0,0.0,0.0,0.0,0.0,,154.18,0.0,5999.96,5999.96,,,,,,62.93,
ABGP0001593,19776.21,18928.66,,,,,7.55,,,,0.0,31641.94,0.0,0.0,0.0,0.0,0.0,0.0,0.0
ABGP0001594,,,,,,,,,,,,,,,,,,,
ABGP0001595,3531.47,,,,,,,,,,,,,,,,,,
ABGP0001596,4661.54,,,,,,,,,,,,,,,,,,
ABGP0001597,12006.99,11759.78,0.0,0.0,0.0,0.0,0.0,,182.49,0.0,19999.75,0.0,0.0,0.0,0.0,0.0,0.0,0.0,0.0
ABGP0001598,7416.08,,,,,,,,,,,,,,,,,,
ABGP0001599,16739.15,,,,,,,,,,,,,,,,,,
ABGP0001600,8475.52,7945.8,0.0,0.0,0.0,0.0,31.46,,18.88,,1553.85,1444.37,0.0,0.0,0.0,0.0,0.0,37.76,0.0
ABGP0001601,,,,,,,,,,,,,,,,,,,
ABGP0001602,,,,,,,,,,,,,,,,,,,
ABGP0001603,282.52,,,,,,,,,,,,,,,,,,
ABGP0001604,3531.47,,,,,,,,,,,,,,,,,,
ABGP0001605,,,,,,,,,,,,,,,,,,,
ABGP0001606,1998.81,1942.31,,,,,,,1.89,,4061.19,3531.47,0.0,0.0,0.0,0.0,0.0,62.93,0.0
ABGP0001607,18010.48,14938.1,,,,,1.89,,,61.59,,,,,,,,,
ABGP0001608,5297.2,5251.29,,,,,,,18.88,,4944.05,4767.48,0.0,0.0,0.0,0.0,0.0,62.93,0.0
ABGP0001609,1130.07,,,,,,,,,,,,,,,,,,
ABGP0001610,19776.21,,,,,,,,,,16000.01,14999.9,0.0,0.0,0.0,0.0,0.0,125.86,0.0
ABGP0001611,4590.91,,,,,,,,,,5297.2,2825.17,0.0,0.0,0.0,0.0,0.0,0.0,0.0
ABGP0001612,7062.93,6321.32,0.0,0.0,0.0,0.0,0.0,,550.0,,7062.93,6003.49,1887.86,0.0,0.0,0.0,0.0,94.39,0.0
ABGP0001613,2500.28,2376.68,0.0,0.0,0.0,0.0,9.44,,9.44,0.0,2999.98,2999.98,0.0,0.0,0.0,0.0,0.0,0.0,0.0
ABGP0001614,11901.04,11901.04,226.54,0.0,125.86,18.88,10.07,,169.91,,9888.11,9888.11,0.0,0.0,0.0,0.0,0.0,94.39,0.0
ABGP0001615,7486.71,,,,,,,,,,,,,,,,,,
ABGP0001616,3143.0,,,,,,,,,,,,,,,,,,
ABGP0001617,74619.88,70057.23,0.0,0.0,0.0,0.0,188.79,,3057.71,,74619.88,67097.86,0.0,0.0,824.37,0.0,0.0,2705.93,0.0
ABGP0001618,6999.37,6872.23,,,,,,,,,,,,,,,,,
ABGP0001619,670.98,,,,,,,,,,,,,,,,,,
ABGP0001620,2274.26,1447.9,,,,,0.0,,100.69,,918.18,776.92,1258.57,0.0,0.0,0.0,0.0,283.18,0.0
ABGP0001621,15926.91,,,,,,,,,,,,,,,,,,
ABGP0001622,7451.39,,,,,,,,,,7451.39,6780.42,0.0,0.0,0.0,0.0,105.72,0.0,0.0
ABGP0001623,126249.92,123707.26,0.0,0.0,0.0,0.0,10697.88,,157.32,,5297.2,4237.76,629.29,0.0,0.0,0.0,0.0,94.39,0.0
ABGP0001624,53325.14,51947.87,0.0,0.0,1195.65,453.09,1768.3,,0.0,,31783.2,26839.14,0.0,0.0,943.93,377.57,881.0,220.25,0.0
ABGP0001625,77692.26,67097.86,0.0,11012.52,0.0,0.0,0.0,,0.0,,77692.26,67097.86,0.0,,0.0,0.0,0.0,11012.52,796.97
ABGP0001626,8475.52,,,,,,,,,,7486.71,7062.93,0.0,0.0,0.0,0.0,0.0,37.76,0.0
ABGP0001627,5971.71,5826.92,0.0,0.0,0.0,0.0,0.0,,25.17,,7062.93,7062.93,0.0,0.0,0.0,0.0,0.0,0.0,0.0
ABGP0001628,33548.93,27510.12,0.0,3788.31,0.0,0.0,0.0,,0.0,,33548.93,22954.53,18878.61,0.0,0.0,0.0,0.0,6292.87,0.0
ABGP0001629,42377.59,,,,,,,,,,37080.4,36727.25,0.0,0.0,0.0,0.0,251.71,188.79,1.65
ABGP0001630,10241.25,,,,,,,,,,19800.93,0.0,0.0,0.0,0.0,0.0,0.0,0.0,0.0
ABGP0001631,9994.05,9888.11,,,,,25.17,,,,9888.11,7769.23,3146.43,0.0,0.0,0.0,0.0,0.0,0.0
ABGP0001632,3919.93,,,,,,,,,,,,,,,,,,
ABGP0001633,15008.73,,,,,,,,,,17657.33,17657.33,0.0,0.0,0.0,0.0,0.0,125.86,0.0
ABGP0001634,24967.47,24363.59,0.0,0.0,0.0,0.0,88.73,,0.0,,39764.31,39764.31,0.0,0.0,0.0,0.0,0.0,0.0,0.0
ABGP0001635,15538.45,,,,,,,,,,16000.01,14125.86,0.0,0.0,0.0,0.0,0.0,0.0,0.0
ABGP0001636,3531.47,,,,,,,,,,,,,,,,,,
ABGP0001637,9888.11,9824.54,0.0,0.0,0.0,0.0,0.0,,52.23,,,,,,,,,,
ABGP0001638,55917.24,53360.45,0.0,0.0,0.0,0.0,28.95,,0.0,1.27,55903.11,53713.6,0.0,0.0,0.0,0.0,0.0,0.0,1.27
ABGP0001639,3955.24,,,,,,,,,,,,,,,,,,
ABGP0001640,36833.19,36833.19,,0.0,285.07,0.0,292.62,,285.07,3.67,,,,,,,,,
ABGP0001641,19998.69,19458.38,,,,,71.11,,,,9068.81,8619.96,0.0,0.0,0.0,0.0,0.0,0.0,0.0
ABGP0001642,20129.36,,,,,,,,,,20129.36,19423.06,0.0,0.0,0.0,0.0,0.0,283.18,0.0
ABGP0001643,,,,,,,,,,,,,,,,,,,
ABGP0001644,1765.73,1394.93,0.0,0.0,0.0,0.0,0.0,,33.98,,1772.8,1589.16,943.93,0.0,31.46,0.0,0.0,0.0,0.0
ABGP0001645,29876.2,29487.74,0.0,0.0,0.0,0.0,232.84,,157.32,,20906.28,19952.78,0.0,0.0,0.0,0.0,0.0,125.86,0.0
ABGP0001646,9994.05,,,,,,,,,,8051.74,7062.93,,,,,,,
ABGP0001647,15997.54,14574.36,0.0,0.0,0.0,0.0,0.63,,99.43,,14999.9,14000.14,0.0,0.0,0.0,0.0,0.0,0.0,0.0
ABGP0001648,,,,,,,,,,,,,,,,,,,
ABGP0001649,9203.0,8510.83,,,,,,,464.41,,2057.43,1619.88,0.0,0.0,0.0,0.0,0.0,0.0,0.0
ABGP0001650,,,,,,,,,,,,,,,,,,,
ABGP0001651,82989.46,80234.91,0.0,0.0,0.0,0.0,1264.87,,2592.66,,82989.46,79987.71,0.0,509.72,509.72,509.72,509.72,2108.11,0.0
ABGP0001652,,,,,,,,,,,,,,,,,,,
ABGP0001653,9948.14,,,,,,,,,,,,,,,,,,
ABGP0001654,6533.21,5989.37,,,,,,,,,,,,,,,,,
ABGP0001655,14125.86,13031.11,,,,,,,,,24720.26,8828.67,0.0,0.0,0.0,0.0,0.0,0.0,0.0
ABGP0001656,4975.84,,,,,,,,,,,,,,,,,,
ABGP0001657,1518.53,,,,,,,,,,,,,,,,,,
ABGP0001658,39976.2,36268.16,0.0,0.0,0.0,0.0,251.71,,397.71,,39976.2,36268.16,0.0,0.0,0.0,0.0,31.46,397.71,0.0
ABGP0001659,4979.37,,,,,,,,,,,,,,,,,,
ABGP0001660,,,,,,,,,,,,,,,,,,,
ABGP0001661,32312.92,30370.61,0.0,0.0,0.0,0.0,1321.5,,692.22,,6209.38,5683.19,0.0,0.0,0.0,0.0,1699.07,415.33,0.0
ABGP0001662,383164.09,158915.98,,34359.07,,,26650.3,,,5977.28,365965.85,123601.32,0.0,0.0,0.0,0.0,15732.17,31464.35,
ABGP0001663,58975.49,58587.03,,,,,,,295.76,,58975.49,58975.49,0.0,0.0,0.0,0.0,0.0,0.0,0.0
ABGP0001664,25991.59,24720.26,,,,,,,31.46,,23000.09,0.0,0.0,0.0,0.0,0.0,0.0,0.0,0.0
ABGP0001665,3990.56,,,,,,,,,,,,,,,,,,
ABGP0001666,161105.49,159975.42,0.0,0.0,0.0,0.0,0.0,,2145.87,,141258.65,137727.18,0.0,0.0,0.0,0.0,943.93,1258.57,0.0
ABGP0001667,25426.56,25249.98,0.0,0.0,0.0,0.0,201.37,,169.91,,,,,,,,,,
ABGP0001668,99813.36,94378.44,0.0,0.0,0.0,0.0,383.87,,1573.22,,99999.82,94999.97,0.0,0.0,0.0,0.0,0.0,0.0,0.0
ABGP0001669,65861.85,59106.15,0.0,0.0,0.0,0.0,465.67,,3159.02,,60034.93,56503.46,0.0,0.0,0.0,0.0,0.0,2517.15,0.0
ABGP0001670,8475.52,,,,,,,,,,,,,,,,,,
ABGP0001671,13772.72,,,,,,,,,,13419.57,13419.57,9.44,0.0,0.0,0.0,0.0,0.0,0.0
ABGP0001672,20023.41,18716.77,0.0,0.0,0.0,0.0,163.61,,195.08,,8122.37,8122.37,0.0,0.0,0.0,0.0,163.61,195.08,0.0
ABGP0001673,18000.24,17400.24,0.0,0.0,0.0,0.0,88.1,,432.95,,17657.33,17657.33,1887.86,0.0,0.0,0.0,0.0,314.64,0.0
ABGP0001674,10594.4,9746.85,4889.56,0.0,251.71,6.29,0.0,,251.71,,10594.4,10594.4,2517.15,0.0,0.0,0.0,0.0,188.79,0.0
ABGP0001675,13243.0,12925.17,0.0,0.0,0.0,0.0,0.0,,213.96,,11992.86,10099.99,0.0,0.0,0.0,0.0,0.0,220.25,0.0
ABGP0001676,40011.51,28816.76,0.0,0.0,0.0,0.0,114.53,,0.0,,30017.46,20482.5,0.0,0.0,0.0,0.0,0.0,0.0,0.0
ABGP0001677,6003.49,6003.49,,3.15,,,,,,,1059.44,988.81,0.0,0.0,0.0,0.0,0.0,7.55,0.0
ABGP0001678,28004.53,26205.6,0.0,0.0,0.0,0.0,0.0,,94.39,,4590.91,4061.19,1258.57,0.0,0.0,0.0,0.0,0.0,0.0
ABGP0001679,8828.67,8652.09,,,,,75.51,,202.63,,9711.53,8899.29,377.57,0.0,0.0,0.0,0.0,188.79,0.0
ABGP0001680,14125.86,14055.24,0.0,0.0,0.0,0.0,1887.86,,0.0,0.0,5650.35,5650.35,314.64,0.0,0.0,0.0,0.0,0.0,0.0
ABGP0001681,6180.07,6031.74,,,,,,,62.93,,6356.64,6356.64,314.64,0.0,0.0,0.0,0.0,188.79,0.0
ABGP0001682,8828.67,7416.08,,,,,,,,,7062.93,6003.49,0.0,0.0,0.0,0.0,0.0,0.0,0.0
ABGP0001683,2118.88,,,,,,,,,,4979.37,4414.33,0.0,0.0,0.0,0.0,0.0,0.0,0.0
ABGP0001684,7981.11,7850.45,0.0,0.0,0.0,0.0,0.0,,0.0,0.0,5968.18,5968.18,3775.72,0.0,0.0,0.0,0.0,0.0,0.0
ABGP0001685,11999.92,11378.38,0.0,0.0,0.0,0.0,0.0,,0.0,0.0,9181.81,7416.08,0.0,0.0,0.0,0.0,0.0,0.0,0.0
ABGP0001686,10453.14,,,,,,,,,,,,,,,,,,
ABGP0001687,9888.11,9358.39,0.0,0.0,0.0,0.0,6.29,,50.34,,9994.05,9994.05,0.0,0.0,0.0,0.0,0.0,62.93,0.0
ABGP0001688,19988.1,19882.15,,,,,,,144.74,,10594.4,10594.4,0.0,0.0,0.0,0.0,0.0,377.57,0.0
ABGP0001689,6497.9,,,,,,,,,,,,,,,,,,
ABGP0001690,21895.09,19924.53,,,,,7.55,,553.14,,3884.61,3354.89,0.0,0.0,0.0,0.0,0.0,125.86,0.0
ABGP0001691,,,,,,,,,,,,,,,,,,,
ABGP0001692,41106.27,,,,,,,,,,,,,,,,,,
ABGP0001693,22001.03,,,,,,,,,,14125.86,12360.13,0.0,0.0,0.0,0.0,94.39,629.29,0.0
ABGP0001694,22954.53,22283.55,0.0,0.0,0.0,0.0,22.03,,0.0,,4944.05,4767.48,0.0,0.0,0.0,0.0,0.0,12.59,0.0
ABGP0001695,19423.06,16244.74,0.0,0.0,0.0,0.0,0.0,,616.7,0.0,5968.18,4661.54,0.0,0.0,0.0,0.0,0.0,28.32,13.23
ABGP0001696,43578.29,43507.66,,,,,232.84,,,,42377.59,42377.59,0.0,0.0,0.0,0.0,1258.57,0.0,0.0
ABGP0001697,24013.97,23766.77,,,,,80.55,,396.45,,22954.53,18363.62,0.0,0.0,0.0,0.0,0.0,440.5,0.0
ABGP0001698,14973.42,14302.44,0.0,0.0,0.0,0.0,44.05,,629.29,0.0,15008.73,14125.86,0.0,0.0,0.0,0.0,0.0,314.64,0.0
ABGP0001699,21047.54,,,,,,,,,,,,,,,,,,
ABGP0001700,3.53,3.53,0.0,0.0,17053.68,0.0,3165.31,,0.0,,0.0,882.87,0.0,0.0,0.0,0.0,3335.22,10572.02,0.0
ABGP0001701,0.35,0.35,29513.56,96658.48,36070.73,23912.91,139387.07,,,,0.0,0.0,0.0,29513.56,36070.73,23912.91,139387.07,98357.56,1.05
ABGP0001702,42624.8,,,,,,,,,,0.0,0.0,0.0,0.0,1321.5,1321.5,1762.0,0.0,0.0
ABGP0001703,0.35,0.35,0.0,0.0,32999.81,17299.1,19193.25,,50695.36,,0.0,0.0,0.0,,31464.35,25171.48,15102.89,90617.33,0.0
ABGP0001704,11653.84,,,,,,,,,,,,,,,,,,
ABGP0001705,47745.42,46438.78,0.0,0.0,0.0,0.0,764.58,,915.61,,,,,,,,,,
ABGP0001706,,,,,,,,,,,,,,,,,,,
ABGP0001707,0.35,0.35,38399.09,,48883.01,23170.35,15008.49,,,,0.0,0.0,,48329.24,45749.16,21395.76,14347.74,88314.14,0.0
ABGP0001713,70398.72,66658.54,0.0,0.0,0.0,0.0,45.94,,0.0,,123601.32,123601.32,0.0,0.0,0.0,0.0,188.79,0.0,0.0
ABGP0001714,19917.47,19271.21,,,,,426.03,,183.12,,19776.21,19246.49,0.0,0.0,0.0,0.0,0.0,220.25,0.0
ABGP0001715,25207.61,25175.82,0.0,0.0,0.0,0.0,0.0,,0.0,,15891.6,15891.6,0.0,0.0,0.0,0.0,0.0,629.29,0.0
ABGP0001716,19599.64,19317.12,0.0,0.0,0.0,0.0,0.0,,10.07,0.0,8475.52,8475.52,0.0,0.0,0.0,0.0,0.0,0.0,0.0
ABGP0001717,12006.99,11971.67,0.0,0.0,0.63,1.26,28.32,,0.0,,2825.17,2825.17,0.0,0.0,0.0,0.0,0.0,0.0,0.0
ABGP0001718,110005.17,108062.87,,,,,2233.97,,,,81510.83,79638.1,0.0,0.0,0.0,0.0,0.0,0.0,0.0
ABGP0001719,4001.15,3965.84,0.0,0.0,0.0,0.0,0.0,,28.95,0.0,2118.88,2118.88,0.0,0.0,0.0,0.0,0.0,62.93,0.0
ABGP0001720,1412.59,1271.33,0.0,101.32,0.0,0.0,0.0,,0.0,0.0,1412.59,1412.59,0.0,0.0,0.0,0.0,0.0,31.46,0.0
ABGP0001727,22036.35,22022.22,0.0,0.0,0.0,0.0,0.0,,35.87,,17657.33,17657.33,0.0,0.0,0.0,0.0,0.0,0.0,0.0
ABGP0001728,12006.99,,,,,,,,,,,,,,,,,,
ABGP0001729,6391.95,,,,,,,,,,,,,,,,,,
ABGP0001730,11971.67,,,,,,,,,,4944.05,4944.05,0.0,0.0,0.0,0.0,0.0,6.29,0.0
ABGP0001731,6003.49,5615.03,0.0,0.0,0.0,0.0,5.03,,278.77,0.0,,,,,,,,,
ABGP0001732,32136.34,,,,,,,,,,9181.81,8581.46,0.0,0.0,0.0,0.0,0.0,0.0,0.0
ABGP0001733,176.57,,,,,,,,,,,,,,,,,,
ABGP0001734,6356.64,,,,,,,,,,9181.81,8581.46,0.0,0.0,0.0,0.0,0.0,0.0,0.0
ABGP0001735,19995.16,19998.69,,,,,,,402.74,,0.0,0.0,0.0,0.0,0.0,0.0,0.0,0.0,0.0
ABGP0001736,10001.11,9665.62,0.0,0.0,0.0,0.0,264.93,,0.0,0.0,,,,,,,,,
ABGP0001737,14832.16,,,,,,,,,,15891.6,15891.6,0.0,0.0,0.0,0.0,0.0,0.0,0.0
ABGP0001738,44920.25,43260.46,,,,,283.18,,0.0,,44920.25,43260.46,0.0,0.0,0.0,0.0,225.28,0.0,37.92
ABGP0001739,32666.06,32443.58,0.0,0.0,0.0,0.0,94.39,,0.0,,26486.0,26486.0,0.0,0.0,0.0,0.0,0.0,125.86,0.0
ABGP0001740,296099.32,253234.38,0.0,14473.6,0.0,0.0,3837.39,,5836.64,,248968.37,248968.37,0.0,10068.59,2202.5,0.0,1762.0,1887.86,0.0
ABGP0001741,3531.47,14775.65,,,,,,,236.61,,2825.17,2825.17,125.86,0.0,0.0,0.0,0.0,0.0,0.0
ABGP0001742,9001.71,8577.93,0.0,0.0,0.0,0.0,0.0,,275.63,,9001.71,0.0,62.93,0.0,0.0,0.0,0.0,0.0,0.0
ABGP0001743,2012.94,,,,,,,,,,,,,,,,,,
ABGP0001744,9994.05,,,,,,,,,,7239.51,6956.99,0.0,0.0,0.0,0.0,0.0,6.29,0.0
ABGP0001745,5000.56,5897.55,,,,,,,83.07,,0.0,0.0,0.0,0.0,0.0,0.0,0.0,0.0,0.0
ABGP0001746,60317.44,56955.49,0.0,0.0,0.0,0.0,145.99,,398.97,,43790.18,38846.13,,,,,151.03,534.89,
ABGP0001747,15891.6,14885.13,,,,,84.95,,,,9888.11,9358.39,,,,,,31.46,
ABGP0001748,20129.36,9849.26,0.0,,0.0,0.0,0.0,,203.89,0.0,14832.16,14832.16,0.0,0.0,0.0,0.0,188.79,0.0,0.0
ABGP0001749,88.29,,,,,,,,,,0.0,0.0,1573.22,0.0,0.0,0.0,0.0,0.0,0.0
ABGP0001750,258609.27,224883.77,19268.77,0.0,12396.95,7142.41,7048.01,,0.0,,,,,,,,,,
ABGP0001751,19776.21,,,,,,,,,,19776.21,19776.21,0.0,0.0,0.0,0.0,0.0,943.93,0.0
ABGP0001752,5297.2,4979.37,0.0,0.0,0.0,0.0,18.88,,0.0,,8546.15,8122.37,,,,,,188.79,
ABGP0001753,5579.72,,,,,,,,,,4237.76,4237.76,0.0,0.0,0.0,0.0,0.0,0.0,0.0
ABGP0001754,9994.05,,,,,,,,,,,,,,,,,,
ABGP0001755,10594.4,,,,,,,,,,10594.4,10594.4,0.0,0.0,0.0,0.0,0.0,0.0,0.0
ABGP0001756,336937.19,312146.3,0.0,0.0,0.0,0.0,1903.59,,6083.95,463.85,,,,,,,,,
ABGP0001757,19917.47,19271.21,,,,,426.03,,183.12,,,,,,,,,,
ABGP0001758,13419.57,12112.93,0.0,0.0,0.0,0.0,0.0,,188.79,,10594.4,10594.4,6292.87,0.0,0.0,0.0,0.0,125.86,0.0
ABGP0001759,24720.26,23639.64,0.0,0.0,0.0,0.0,440.5,,723.68,,19423.06,18363.62,0.0,0.0,0.0,0.0,0.0,818.07,0.0
ABGP0001760,8969.92,,,,,,,,,,,,,,,,,,
ABGP0001761,17939.85,,,,,,,,,,0.0,29254.67,0.0,0.0,0.0,0.0,0.0,0.0,0.0
ABGP0001764,49440.53,,,,,,,,,,,,,,,,,,
ABGP0001765,40011.51,38634.24,0.0,0.0,0.0,0.0,208.29,,67.96,,14125.86,12360.13,1258.57,0.0,0.0,0.0,0.0,251.71,0.0
ABGP0001766,129993.27,120317.06,0.0,0.0,0.0,0.0,1988.55,,3328.93,,105943.99,91818.12,0.0,0.0,0.0,0.0,2517.15,2517.15,0.0
ABGP0001767,19998.69,19175.86,0.0,0.0,0.0,0.0,0.0,,0.0,0.0,10594.4,8828.67,0.0,0.0,0.0,0.0,0.0,0.0,0.0
ABGP0001768,23025.16,22446.0,,,,,,,410.3,,17657.33,14832.16,,,,,,,
ABGP0001769,5650.35,,,,,,,,,,3531.47,3354.89,0.0,0.0,0.0,0.0,0.0,0.0,0.0
ABGP0001770,11124.12,11018.17,0.0,0.0,0.0,0.0,0.0,,55.38,0.0,0.0,0.0,0.0,0.0,0.0,0.0,0.0,0.0,0.0
ABGP0001771,5297.2,,,,,,,,,,,,,,,,,,
ABGP0001772,,,,,,,,,,,,,,,,,,,
ABGP0001773,2401.4,1801.05,,,218.36,,,,227.8,,2399.98,0.0,0.0,0.0,0.0,0.0,0.0,0.0,0.0
ABGP0001774,18893.34,17904.53,0.0,0.0,0.0,0.0,0.0,,3121.26,,2807.52,2409.52,3398.15,,,,,157.32,
ABGP0001775,23999.84,22749.71,0.0,0.0,0.0,0.0,0.0,,530.49,,23978.66,22071.66,943.93,188786.1,0.0,0.0,0.0,0.0,0.0
ABGP0001776,4414.33,4202.44,0.0,0.0,0.0,0.0,0.0,,62.93,,953.5,953.5,0.0,0.0,0.0,0.0,0.0,0.0,0.0
ABGP0001777,19988.1,19335.48,0.0,0.0,0.0,0.0,918.76,,0.0,,19988.1,19334.78,0.0,0.0,0.0,0.0,0.0,937.64,0.0
ABGP0001778,11929.29,11879.85,0.0,0.0,0.0,0.0,45.94,,0.0,,6992.3,6462.58,0.0,0.0,0.0,0.0,0.0,0.0,0.0
ABGP0001779,30017.46,29664.32,0.0,0.0,0.0,0.0,62.93,,0.0,,27898.58,27368.86,0.0,0.0,0.0,0.0,12.59,0.0,0.0
ABGP0001780,81576.87,80164.28,,,,,,,2963.94,,24720.26,24720.26,0.0,0.0,0.0,0.0,0.0,0.0,0.0
ABGP0001781,9888.11,,,,,,,,,,,,,,,,,,
ABGP0001782,21965.72,21941.0,0.0,0.0,0.0,0.0,23.91,,88.1,,14125.86,14125.86,0.0,0.0,0.0,0.0,0.0,0.0,0.0
ABGP0001783,7300.25,7977.58,0.0,0.0,0.0,0.0,3.78,,0.0,0.0,,,,,,,,,
ABGP0001784,9958.73,9534.96,,,,,,,,,7000.07,7000.07,0.0,0.0,0.0,0.0,0.0,0.0,0.0
ABGP0001785,47992.63,47992.63,0.0,0.0,0.0,0.0,0.0,,0.0,,38846.13,21188.8,0.0,0.0,0.0,0.0,0.0,0.0,0.0
ABGP0001786,30017.46,29134.6,0.0,0.0,0.0,0.0,0.0,,755.14,,30017.46,30017.46,0.0,0.0,0.0,0.0,0.0,503.43,0.0
ABGP0001787,2966.43,2719.23,0.0,0.0,0.0,0.0,62.93,,0.0,,7062.93,7062.93,0.0,0.0,0.0,0.0,0.0,0.0,0.0
ABGP0001788,10841.6,10562.62,0.0,0.0,0.0,0.0,0.0,,203.89,0.0,10594.4,10594.4,0.0,0.0,0.0,0.0,0.0,125.86,0.0
ABGP0001789,9005.24,8899.29,0.0,0.0,1.26,5.03,18.25,,0.0,0.0,5517.92,5352.29,25.17,0.0,1.26,5.03,18.25,31.46,0.0
ABGP0001790,4944.05,,,,,,,,,,13560.83,13454.89,0.0,0.0,0.0,0.0,0.0,0.0,0.0
ABGP0001791,17657.33,17597.3,0.0,0.0,0.0,0.0,341.07,,0.0,,9888.11,9888.11,0.0,0.0,0.0,0.0,0.0,31.46,0.0
ABGP0001792,35314.66,35314.66,,,,,,,1258.57,,,,,,,,,,
ABGP0001793,5473.77,5307.79,0.0,0.0,0.0,0.0,204.52,,0.0,,26486.0,24720.26,0.0,0.0,0.0,0.0,0.0,0.0,0.0
ABGP0001794,1988.22,1589.16,,,,,,,157.32,,1765.73,1765.73,6292.87,0.0,0.0,0.0,0.0,314.64,0.0
ABGP0001795,14973.42,14867.47,,,,,125.86,,,,14973.42,14867.47,0.0,0.0,0.0,0.0,0.0,0.0,0.0
ABGP0001796,15997.54,,,,,,,,,,,,,,,,,,
ABGP0001797,4989.96,4954.65,0.0,0.0,0.0,0.0,35.24,,0.0,,7945.8,0.0,0.0,0.0,0.0,0.0,0.0,0.0,0.0
ABGP0001798,150087.32,143377.53,0.0,0.0,0.0,0.0,62.93,,0.0,,0.0,127132.78,0.0,0.0,0.0,0.0,0.0,0.0,0.0
ABGP0001799,9958.73,,,,,,,,,,1412.59,918.18,0.0,0.0,0.0,0.0,207.66,9.44,0.0
ABGP0001800,19952.78,17939.85,,,,,62.93,,,,28251.73,28251.73,,,,,,157.32,
ABGP0001801,424129.1,388425.97,17802.53,,,,,,,,441433.28,370803.96,0.0,15732.17,7551.44,0.0,629.29,0.0,0.0
ABGP0001802,273618.0,,,,,,,,,,249992.5,,0.0,0.0,0.0,0.0,0.0,0.0,0.0
ABGP0001803,172158.98,132500.61,16392.93,0.0,0.0,0.0,0.0,,13617.77,,134195.72,105943.99,0.0,202252.84,9607.01,352.4,0.0,16701.28,0.0
ABGP0001804,284283.03,256914.17,5909.0,0.0,2831.79,1868.98,3964.51,,0.0,1577.41,,,,,,,,,
ABGP0001805,88286.66,,,,,,,,,,,,,,,,,,
ABGP0001806,671084.53,584952.07,,15367.19,,,33666.85,,17424.96,2170.46,,,,,,,,,
ABGP0001807,69216.74,62524.61,37.13,0.0,1379.4,932.6,1368.7,,2712.86,,79987.71,79987.71,0.0,62.93,1573.22,503.43,1006.86,2643.01,0.0
ABGP0001808,49440.53,45979.69,0.0,0.0,0.0,0.0,622.99,,0.0,,,,,,,,,,
ABGP0001809,388461.29,,,,,,,,,,,,,,,,,,
ABGP0001810,7981.11,,,,,,,,,,,,,,,,,,
ABGP0001811,490789.05,396371.77,24681.89,0.0,15580.52,8663.39,11018.82,,12005.54,53.57,,,,,,,,,
ABGP0001831,24932.15,23943.34,0.0,0.0,0.0,0.0,12.59,,0.0,0.0,26486.0,25956.28,0.0,0.0,0.0,0.0,94.39,0.0,0.0
ABGP0001832,3178.32,2260.14,0.0,0.0,0.0,0.0,0.0,,314.64,,141.26,46.97,6292.87,0.0,0.0,0.0,0.0,283.18,0.0
ABGP0001833,22001.03,20482.5,,50.34,,,,,,,,,,,,,,,
ABGP0001834,1765.73,,,,,,,,,,,,,,,,,,
ABGP0001836,12006.99,10947.55,,,,,,,6.29,,1236.01,1059.44,0.0,0.0,0.0,0.0,0.0,25.17,0.0
ABGP0001837,22001.03,20482.5,,50.34,,,,,,,0.0,0.0,0.0,0.0,0.0,0.0,0.0,0.0,0.0
ABGP0001838,9926.95,7239.51,,,,,,,1566.92,,4944.05,3602.1,0.0,0.0,0.0,0.0,0.0,51.6,0.0
ABGP0001839,19670.27,19581.98,0.0,0.0,0.0,0.0,13.84,,0.0,0.0,11300.69,10947.55,0.0,0.0,0.0,0.0,0.0,3.15,0.0
ABGP0001840,13998.73,13913.98,,,,,15.1,,,,17657.33,15891.6,0.0,0.0,0.0,0.0,0.0,0.0,0.0
ABGP0001841,164167.27,160999.55,0.0,0.0,0.0,0.0,1636.15,,592.16,,158915.98,158915.98,0.0,0.0,0.0,0.0,1195.65,188.79,0.0
ABGP0001842,,,,,,,,,,,,,,,,,,,
ABGP0001843,1998.81,1896.4,,,,,,,,,,,,,,,,,
ABGP0001844,,,,,,,,,,,,,,,,,,,
ABGP0001845,14125.86,13243.0,0.0,0.0,0.0,0.0,314.64,,0.0,,1765.73,1765.73,0.0,0.0,0.0,0.0,0.0,1762.0,0.0
ABGP0001846,9499.64,9499.64,,,,,1.26,,,,4590.91,4590.91,0.0,0.0,0.0,0.0,0.0,12.59,0.0
ABGP0001847,1500.87,1426.71,,,,,,,7.55,,,,,,,,,,
ABGP0001848,19423.06,18363.62,,,,,18.88,,,,,,,,,,,,
ABGP0001849,3224.23,14125.86,,,,,3.15,,,,1589.16,1589.16,0.0,0.0,0.0,0.0,0.0,0.0,0.0
ABGP0001850,10001.11,10001.11,,,,,0.63,,,,0.0,9534.96,0.0,0.0,0.0,0.0,0.0,0.0,0.0
ABGP0001851,3001.75,,,,,,,,,,5014.68,5014.68,0.0,0.0,0.0,0.0,0.0,0.0,0.0
ABGP0001852,,,,,,,,,,,,,,,,,,,
ABGP0001853,85002.39,79913.55,0.0,0.0,0.0,0.0,0.0,,2405.76,,84755.19,79775.82,0.0,0.0,0.0,0.0,0.0,2517.15,0.0
ABGP0001854,36974.45,35978.58,,,,,,,402.74,,17657.33,17657.33,0.0,0.0,0.0,0.0,0.0,188.79,0.0
ABGP0001855,33301.73,30299.98,0.0,0.0,0.0,0.0,0.0,,140.33,,32983.89,32983.89,0.0,0.0,0.0,0.0,0.0,0.0,0.0
ABGP0001856,4379.02,,,,,,,,,,,,,,,,,,
ABGP0001857,13036.76,,,,,,,,,,6356.64,5650.35,0.0,0.0,0.0,0.0,0.0,125.86,0.0
ABGP0001858,98987.0,96020.57,,,,,151.03,,818.07,,0.0,0.0,0.0,660.75,0.0,0.0,0.0,377.57,0.0
ABGP0001859,21895.09,20588.45,0.0,0.0,0.0,0.0,0.0,,320.94,,19423.06,0.0,0.0,,0.0,0.0,0.0,314.64,0.0
ABGP0001860,13984.61,,,,,,,,,,,,,,,,,,
ABGP0001861,17975.16,16657.93,0.0,0.0,0.0,0.0,73.0,,95.02,,635.66,565.03,0.0,0.0,0.0,0.0,12.59,12.59,2.2
ABGP0001862,19988.1,19493.69,0.0,0.0,0.0,0.0,276.89,,0.0,,20002.22,19493.69,0.0,0.0,0.0,0.0,276.89,0.0,0.0
ABGP0001863,12713.28,,,,,,,,,,15538.45,15538.45,0.0,0.0,0.0,0.0,0.0,314.64,0.0
ABGP0001864,44143.33,42787.25,0.0,0.0,0.0,0.0,0.0,,158.58,0.0,44143.33,42730.74,1.26,0.0,0.0,0.0,0.0,76.77,0.0
ABGP0001865,4767.48,,,,,,,,,,,,,,,,,,
ABGP0001866,5473.77,,,,,,,,,,9888.11,4944.05,0.0,881.0,0.0,0.0,0.0,0.0,0.0
ABGP0001867,,,,,,,,,,,,,,,,,,,
ABGP0001868,15008.73,14655.58,,,,,,,198.23,,14991.07,14655.58,0.0,0.0,0.0,0.0,0.0,132.15,0.0
ABGP0001869,23166.42,,,,,,,,,,,,,,,,,,
ABGP0001870,30017.46,29664.32,0.0,0.0,0.0,0.0,62.93,,0.0,,,,,,,,,,
ABGP0001871,9746.85,,,,,,,,,,,,,,,,,,
ABGP0001872,5968.18,,,,,,,,,,,,,,,,,,
ABGP0001873,3990.56,,,,,,,,,,,,,,,,,,
ABGP0001874,27192.29,,,,,,,,,,6687.89,5974.89,0.0,0.0,0.0,0.0,128.37,283.18,0.0
ABGP0001875,5120.63,4908.74,0.0,0.0,0.0,0.0,0.0,,132.15,,3990.56,1236.01,4002.27,0.0,0.0,0.0,0.0,125.86,0.0
ABGP0001876,1094.75,,,,,,,,,,,,,,,,,,
ABGP0001877,4944.05,,,,,,,,,,,,,,,,,,
ABGP0001878,14973.42,10982.86,0.0,0.0,0.0,118.94,19.51,,137.81,,148321.58,130452.36,1510.29,0.0,188.79,975.39,1799.76,1837.52,0.0
ABGP0001879,6038.81,,,,,,,,,,,,,,,,,,
ABGP0001880,100014.66,97998.19,,,,,176.83,,792.9,,79599.25,79599.25,,,,,,,
ABGP0001881,9958.73,,,,,,,,,,10594.4,10594.4,0.0,0.0,0.0,0.0,0.0,0.0,0.0
ABGP0001882,,,,,,,,,,,,,,,,,,,
ABGP0001883,22001.03,,,,,,,,,,,,,,,,,,
ABGP0001884,25002.78,24790.89,,,,,20.77,,,,24999.96,24999.96,0.0,0.0,0.0,0.0,0.0,0.0,0.0
ABGP0001885,39729.0,38987.39,0.0,0.0,0.0,0.0,291.36,,0.0,,17657.33,16951.04,0.0,0.0,0.0,0.0,0.0,0.0,0.0
ABGP0001886,3884.61,,,,,,,,,,0.0,0.0,0.0,0.0,0.0,0.0,0.0,0.0,0.0
ABGP0001887,58209.16,55761.85,0.0,0.0,0.0,0.0,0.0,,862.75,,10608524.61,14125.86,0.0,0.0,0.0,0.0,0.0,0.0,0.0
ABGP0001888,5050.0,5050.0,,,,,,,289.47,,529.72,0.0,9439.31,,,,,25.17,
ABGP0001889,1921.12,,,,,,,,,,,,,,,,,,
ABGP0001890,8828.67,,,,,,,,,,3001.75,3001.75,0.0,0.0,0.0,0.0,0.0,0.0,0.0
ABGP0001891,8016.43,,,,,,,,,,8016.43,7062.93,0.0,0.0,0.0,0.0,0.0,157.32,0.0
ABGP0001892,258715.22,231710.09,0.0,0.0,0.0,0.0,10440.5,,3717.83,525.8,211887.97,201293.58,8180.73,0.0,2517.15,0.0,2831.79,0.0,496.04
ABGP0001893,0.0,,,,,,,,,,,,,,,,,,
ABGP0001894,5297.2,3178.32,,,,,,,62.93,,20999.86,20000.11,0.0,0.0,0.0,0.0,0.0,0.0,0.0
ABGP0001895,95999.38,93997.04,0.0,0.0,0.0,0.0,251.71,,440.5,,99999.82,94999.97,0.0,0.0,0.0,0.0,0.0,314.64,0.0
ABGP0001896,4379.02,,,,,,,,,,,,,,,,,,
ABGP0001897,61977.23,59928.98,,,,,,,,,51382.83,47674.79,0.0,0.0,0.0,0.0,0.0,0.0,0.0
ABGP0001898,31677.25,29840.89,,,,,,,,,5650.35,4590.91,0.0,0.0,0.0,0.0,0.0,0.0,0.0
ABGP0001899,9923.42,9870.45,0.0,0.0,0.0,0.0,,,,,99999.82,99999.82,0.0,0.0,0.0,0.0,0.0,0.0,0.0
ABGP0001901,2399984.46,2281327.2,32093.64,0.0,16990.75,6292.87,2831.79,,0.0,,1443338.86,1356507.17,0.0,34610.78,16990.75,6922.16,3146.43,3146.43,0.0
ABGP0001902,6241866.59,6009496.11,,92349.13,,,,,59903.09,,4899980.05,0.0,0.0,86212.32,0.0,0.0,0.0,46881.88,0.0
ABGP0001903,2487917.97,2487917.97,79925.74,0.0,0.0,0.0,0.0,,39959.72,,2499999.82,0.0,0.0,65024.23,33012.4,0.0,0.0,0.0,0.0
ABGP0001906,388461.29,,,,,,,,,,356110.58,329368.56,0.0,22843.12,0.0,0.0,0.0,7551.44,0.0
ABGP0001907,1094754.54,,,,,,,,,,953495.89,953495.89,0.0,10068.59,10068.59,0.0,0.0,0.0,0.0
ABGP0001908,37115.71,,,,,,,,,,37080.4,32666.06,0.0,0.0,0.0,0.0,0.0,1887.86,0.0
ABGP0001909,1193953.42,1147020.24,28317.91,0.0,25171.48,17594.86,4606.38,,45415.64,,1176260.78,0.0,0.0,25171.48,0.0,0.0,0.0,12585.74,0.0
ABGP0001910,40011.51,,,,,,,,,,40011.51,34113.96,0.0,0.0,0.0,0.0,0.0,1938.2,0.0
ABGP0001935,70629.32,52971.99,0.0,0.0,0.0,0.0,1573.22,,1258.57,,0.0,0.0,0.0,0.0,0.0,0.0,0.0,0.0,0.0
ABGP0001936,,,,,,,,,,,,,,,,,,,
ABGP0001937,,,,,,,,,,,,,,,,,,,
ABGP0001938,,,,,,,,,,,,,,,,,,,
ABGP0001939,,,,,,,,,,,,,,,,,,,
ABGP0001940,,,,,,,,,,,,,,,,,,,
ABGP0001941,,,,,,,,,,,,,,,,,,,
ABGP0001942,,,,,,,,,,,,,,,,,,,
ABGP0001943,,,,,,,,,,,,,,,,,,,
ABGP0001944,,,,,,,,,,,,,,,,,,,
ABGP0001945,,,,,,,,,,,,,,,,,,,
ABGP0001946,88286.66,,,,,,,,,,88286.66,88286.66,0.0,0.0,0.0,0.0,2831.79,1573.22,0.0
ABGP0001947,,,,,,,,,,,,,,,,,,,
ABGP0001950,,,,,,,,,,,,,,,,,,,
ABGP0001951,172158.98,132500.61,16392.93,0.0,0.0,0.0,0.0,,13617.77,,263659.27,179151.28,0.0,34346.48,18847.15,0.0,0.0,0.0,0.0
ABGP0001960,49996.38,46851.96,0.0,0.0,0.0,0.0,271.22,,967.84,,34000.96,33171.06,0.0,0.0,45.31,0.0,10.7,0.0,0.0
ABGP0001961,,,,,,,,,,,,,,,,,,,
ABGP0001962,12360.13,,,,,,,,,,50005.56,48769.55,0.0,104.46,263.04,83.07,0.0,0.0,0.0
ABGP0001963,17657.33,,,,,,,,,,4944.05,1765.73,0.0,0.0,0.0,0.0,0.0,0.0,0.0
ABGP0001964,21054.6,20623.76,0.0,0.0,0.0,0.0,229.06,,0.0,,16774.46,14938.1,0.0,0.0,0.0,0.0,0.0,0.0,0.0
ABGP0001965,26486.0,26380.05,0.0,0.0,0.0,0.0,0.0,,95.02,0.0,21188.8,21188.8,0.0,0.0,0.0,0.0,0.0,0.0,0.0
ABGP0001966,9994.05,9782.16,0.0,0.0,0.0,0.0,6.29,,166.76,,9888.11,9888.11,0.0,0.0,0.0,0.0,0.0,31.46,0.0
ABGP0001967,,,,,,,,,,,,,,,,,,,
ABGP0001968,13419.57,,,,,,,,,,,,,,,,,,
ABGP0001969,35314.66,34523.61,0.0,0.0,0.0,0.0,288.84,,608.52,,31783.2,28251.73,0.0,0.0,0.0,0.0,0.0,0.0,0.0
ABGP0001970,84578.62,78045.4,,,,,3703.98,,3461.08,,67097.86,61800.66,534.89,377.57,1699.07,629.29,943.93,2831.79,0.0
ABGP0001971,7592.65,7416.08,0.0,0.0,0.0,0.0,26.43,,0.0,0.0,812.24,706.29,0.0,0.0,0.0,0.0,0.0,25.17,0.0
ABGP0001972,19917.47,,,,,,,,,,14125.86,0.0,0.0,0.0,0.0,0.0,0.0,0.0,0.0
ABGP0001973,5297.2,4449.65,,,,,,,,,10594.4,10594.4,0.0,0.0,0.0,0.0,0.0,0.0,0.0
ABGP0001974,37009.77,33548.93,0.0,0.0,0.0,0.0,6.92,,0.0,,19882.15,19882.15,0.0,0.0,0.0,0.0,0.0,0.0,0.0
ABGP0001975,16774.46,15891.6,0.0,0.0,0.0,0.0,125.86,,0.0,,39999.86,39999.86,1762.0,0.0,0.0,0.0,0.0,0.0,0.0
ABGP0001976,34820.26,33760.82,,,,,,,188.79,,34431.8,31995.08,0.0,0.0,0.0,0.0,0.0,157.32,0.0
ABGP0001977,42377.59,,,,,,,,,,39764.31,0.0,0.0,0.0,0.0,0.0,0.0,0.0,0.0
ABGP0001978,14973.42,10982.86,0.0,0.0,0.0,118.94,19.51,,137.81,,,,,,,,,,
ABGP0001979,3531.47,,,,,,,,,,7945.8,7486.71,0.0,0.0,0.0,0.0,0.0,62.93,0.0
ABGP0001980,2472.03,,,,,,,,,,,,,,,,,,
ABGP0001981,18010.48,16915.72,0.0,0.0,0.0,0.0,59.78,,83.7,,635.66,565.03,0.0,0.0,0.0,0.0,12.59,12.59,0.0
ABGP0001982,4477.9,4237.76,0.0,0.0,0.0,0.0,0.0,,94.39,,2224.82,2048.25,0.0,0.0,0.0,0.0,0.0,31.46,0.0
ABGP0001983,8101.18,,,,,,,,,,,,,,,,,,
ABGP0001984,11653.84,17233.56,,,,,54.12,,252.97,,,,,,,,,,
ABGP0001985,15005.2,14136.46,,,,,75.51,,293.88,,14125.86,14125.86,429.3,,,,,629.29,
ABGP0001986,4975.84,4838.11,,,,,,,30.21,,,,,,,,,,
ABGP0001987,29840.89,26863.86,,,,,1101.88,,937.01,,29338.72,27068.34,0.0,0.0,629.29,314.64,409.04,943.93,0.0
ABGP0001988,2825.17,,,,,,,,,,,,,,,,,,
ABGP0001989,8828.67,,,,,,,,,,,,,,,,,,
ABGP0001990,19998.69,16054.05,0.0,0.0,0.0,0.0,20.77,,212.7,0.0,5120.63,4308.39,0.0,0.0,0.0,0.0,0.0,125.86,0.0
ABGP0001991,,,,,,,,,,,,,,,,,,,
ABGP0001992,,,,,,,,,,,,,,,,,,,
ABGP0001993,,,,,,,,,,,,,,,,,,,
ABGP0001994,13984.61,13913.98,0.0,0.0,0.0,0.0,0.0,,69.85,0.0,,,,,,,,,
ABGP0001995,15008.73,14938.1,0.0,0.0,0.0,0.0,0.0,,33.98,,,,,,,,,,
ABGP0001996,,,,,,,,,,,,,,,,,,,
ABGP0001997,56616.47,49864.3,,,,,309.61,,,,6180.07,7062.93,0.0,0.0,0.0,0.0,943.93,0.0,0.0
ABGP0001998,3884.61,3884.61,,,,,1.26,,,,11883.38,11883.38,12.59,,,,,,
ABGP0001999,,,,,,,,,,,20199.99,20199.99,15102.89,0.0,0.0,0.0,0.0,0.0,0.0
ABGP0075252,11018.17,10982.86,,,,,,,25.17,,1765.73,1659.79,0.0,0.0,0.0,0.0,0.0,62.93,0.0
ABGP0075650,249533.41,228499.99,9226.61,,,,,,4127.49,,205884.48,205884.48,0.0,7268.26,0.0,0.0,0.0,2108.11,0.0
ABGP0075866,10001.11,9556.15,0.0,0.0,0.0,0.0,0.0,,249.83,0.0,10001.11,9556.15,100.06,0.0,0.0,0.0,0.0,249.83,0.0
ABGP0075995,24013.97,23060.47,0.0,0.0,0.0,0.0,0.0,,943.93,,24720.26,24720.26,3146.43,0.0,0.0,0.0,0.0,371.28,0.0
ABGP0076045,,,,,,,,,,,,,,,,,,,
ABGP0076120,15001.67,14939.87,0.0,0.0,0.0,0.0,0.0,,22.65,,7062.93,6533.21,0.0,0.0,0.0,0.0,18.88,0.0,0.0
ABGP0076575,5120.63,,,,,,,,,,4590.91,0.0,0.0,0.0,0.0,0.0,0.0,0.0,0.0
ABGP0076666,1765.73,,,,,,,,,,3531.47,0.0,0.0,0.0,0.0,0.0,0.0,0.0,0.0
ABGP0077070,16986.35,16915.72,,,,,94.39,,,,19988.1,19988.1,0.0,0.0,0.0,0.0,251.71,0.0,0.0
ABGP0077266,32429.45,32312.92,0.0,0.0,0.0,0.0,28.95,,0.0,0.0,13207.68,13207.68,0.0,0.0,0.0,0.0,0.0,0.0,0.0
ABGP0077288,6003.49,,,,,,,,,,24720.26,24190.54,0.0,0.0,0.0,0.0,0.0,0.0,0.0
ABGP0077308,8482.58,8404.89,0.0,0.0,0.0,0.0,89.99,,0.0,0.0,7062.93,7062.93,0.0,0.0,0.0,0.0,0.0,0.0,0.0
ABGP0077324,7327.79,6197.72,,,,,,,352.4,,7062.93,7062.93,0.0,0.0,0.0,0.0,0.0,0.0,0.0
ABGP0077819,8019.96,7906.95,0.0,0.0,0.0,0.0,0.0,,141.59,0.0,812.24,565.03,0.0,0.0,0.0,0.0,94.39,0.0,0.0
ABGP0078091,38846.13,38175.15,,,,,,,,,38846.13,350674.6,0.0,0.0,0.0,0.0,0.0,314.64,0.0
ABGP0078222,20623.76,20553.13,0.0,0.0,0.0,0.0,0.0,,207.04,0.0,10594.4,9888.11,,,,,,125.86,
ABGP0079061,40046.83,39029.76,0.0,0.0,0.0,0.0,824.37,,949.59,,42377.59,38846.13,0.0,0.0,0.0,0.0,2831.79,,0.0
ABGP0079080,1977.62,1776.33,0.0,0.0,0.0,0.0,0.0,,0.0,,1942.31,1942.31,629.29,0.0,0.0,0.0,0.0,0.0,0.0
ABGP0079260,37963.26,36656.62,,,,,,,157.95,,37963.26,22601.38,0.0,0.0,157.95,0.0,0.0,377.57,0.0
ABGP0079548,14923.98,11441.95,,,,,,,,,,,,,,,,,
ABGP0080025,20023.41,19493.69,0.0,0.0,0.0,0.0,0.0,,755.14,,19776.21,19776.21,0.0,0.0,0.0,0.0,0.0,440.5,0.0
ABGP0080187,39905.57,38139.84,0.0,0.0,0.0,0.0,2831.79,,1258.57,0.0,1412.59,1236.01,0.0,0.0,0.0,0.0,0.0,62.93,0.0
ABGP0080688,250027.81,246990.75,0.0,0.0,0.0,0.0,969.1,,1466.24,,199997.53,198373.05,2202.5,0.0,0.0,0.0,0.0,1352.97,0.0
ABGP0080799,6999.37,,,,,,,,,,6356.64,6356.64,,,,,,,
ABGP0080972,25073.41,22636.7,0.0,0.0,0.0,0.0,0.0,,925.05,,10461.26,9534.96,12585.74,0.0,0.0,0.0,0.0,314.64,0.0
ABGP0081174,7839.86,7627.97,0.0,0.0,0.0,0.0,44.68,,0.0,0.0,2295.45,60034.93,0.0,0.0,0.0,0.0,0.0,10.07,0.0
ABGP0081379,134983.23,123113.98,0.0,0.0,0.0,0.0,2258.51,,882.26,636.69,134972.64,123318.8,0.0,0.0,0.0,0.0,2258.51,882.26,636.69
ABGP0081382,134983.23,123113.98,0.0,0.0,0.0,0.0,2258.51,,882.26,636.69,134972.64,123318.8,0.0,0.0,0.0,0.0,2258.51,882.26,634.93
ABGP0081833,14959.29,14210.62,,,,,397.08,,,,12501.39,12254.19,0.0,0.0,0.0,0.0,0.0,614.81,0.0
ABGP0081848,15008.73,14549.64,,,,,,,120.19,,15008.73,14549.64,0.0,0.0,0.0,0.0,0.0,50.34,0.0
ABGP0081971,1504.4,1483.22,0.0,0.0,0.0,0.0,0.0,,8.81,0.0,1878.74,1493.81,,,,,,3.15,
ABGP0082137,7062.93,,,,,,,,,,,,,,,,,,
ABGP0082273,2500.28,2479.09,0.0,0.0,0.0,0.0,25.17,,0.0,0.0,,,,,,,,,
ABGP0082296,5498.49,5487.9,,,,,3.15,,,,,,,,,,,,
ABGP0082304,17657.33,17374.81,0.0,0.0,0.0,0.0,0.0,,192.56,0.0,14125.86,14125.86,2517.15,0.0,0.0,0.0,0.0,0.0,0.0
ABGP0082962,9948.14,9711.53,0.0,0.0,0.0,0.0,8.18,,0.0,0.0,,,,,,,,,
ABGP0083567,20482.5,14479.01,0.0,0.0,0.0,0.0,0.0,,2076.65,,17000.13,14999.9,503.43,0.0,0.0,0.0,0.0,314.64,0.0
ABGP0083667,23943.34,22777.96,0.0,0.0,0.0,0.0,251.71,,0.0,0.0,21895.09,5297.2,0.0,0.0,0.0,0.0,0.0,0.0,0.0
ABGP0083746,10001.11,10001.11,0.0,0.0,0.0,0.0,0.0,,11.96,,5014.68,4979.37,0.0,0.0,0.0,0.0,0.0,14.47,0.0
ABGP0083873,22001.03,21997.5,0.0,0.0,0.0,0.0,0.0,,25.17,0.0,,,,,,,,,
ABGP0084058,19952.78,19458.38,0.0,0.0,0.0,0.0,264.3,,572.65,0.0,13913.98,12819.22,0.0,0.0,0.0,0.0,308.35,0.0,0.0
ABGP0084179,3001.75,2789.86,0.0,0.0,0.0,0.0,23.28,,30.21,,1412.59,1236.01,0.0,0.0,0.0,0.0,0.0,62.93,0.0
ABGP0084226,20002.22,19295.93,0.0,0.0,0.0,0.0,0.0,,300.17,0.0,10594.4,9888.11,0.0,0.0,0.0,0.0,0.0,220.25,0.0
ABGP0084455,29840.89,28022.18,0.0,341.7,0.0,0.0,0.0,,,0.0,21895.09,21188.8,0.0,0.0,0.0,0.0,0.0,0.0,0.0
ABGP0084636,2701.57,2701.57,,,,,,,440.5,,2648.6,2118.88,0.0,0.0,0.0,0.0,94.39,0.0,0.0
ABGP0084773,100011.12,99304.83,0.0,0.0,0.0,0.0,1181.8,,0.0,,98881.05,98881.05,0.0,0.0,0.0,0.0,1573.22,629.29,0.0
ABGP0084966,24999.25,23791.49,0.0,0.0,0.0,0.0,548.11,,604.12,,24999.96,22500.03,0.0,0.0,0.0,0.0,0.0,188.79,0.0
ABGP0084973,250.73,201.29,0.0,0.0,0.0,0.0,0.0,,37.76,,0.0,0.0,0.0,0.0,0.0,0.0,0.0,0.0,0.0
ABGP0085141,13984.61,13490.2,0.0,0.0,0.0,0.0,0.0,,50.34,,14000.14,14000.14,0.0,0.0,0.0,0.0,0.0,18.88,0.0
ABGP0085152,24439.16,23068.24,0.0,0.0,0.0,0.0,0.0,,470.71,,12006.99,11300.69,0.0,0.0,0.0,0.0,0.0,0.0,0.0
ABGP0085275,11999.92,11021.71,0.0,0.0,0.0,0.0,0.0,,174.31,,11865.73,10594.4,0.0,0.0,0.0,0.0,0.0,188.79,0.0
ABGP0086281,5000.56,,,,,,,,,,0.0,0.0,0.0,0.0,0.0,0.0,0.0,0.0,0.0
ABGP0086283,7981.11,7239.51,,,,,,,17.62,,7000.07,1589.16,0.0,0.0,0.0,0.0,0.0,0.0,0.0
ABGP0086359,9994.05,9895.17,0.0,0.0,0.0,0.0,38.39,,0.0,0.0,9888.11,9888.11,0.0,0.0,0.0,0.0,0.0,157.32,0.0
ABGP0086379,18010.48,17727.96,0.0,0.0,0.0,0.0,253.6,,0.0,,14125.86,13419.57,0.0,0.0,0.0,0.0,0.0,251.71,0.0
ABGP0086427,0.0,0.0,,,1459.95,1793.47,1403.31,,,,,,,,,,,,
ABGP0086640,725716.31,723244.29,,,,,1824.93,,,,753178.05,724999.78,0.0,0.0,0.0,0.0,0.0,12585.74,0.0
ABGP0086745,17657.33,16597.89,,,,,,,37.76,,19776.21,19776.21,0.0,0.0,0.0,0.0,0.0,0.0,0.0
ABGP0086768,22954.53,21895.09,,,,,,,,,35314.66,35314.66,0.0,0.0,0.0,0.0,0.0,0.0,0.0
ABGP0086769,21982.67,,,,,,,,,,17657.33,17657.33,0.0,0.0,0.0,0.0,0.0,0.0,0.0
ABGP0086771,706.29,,,,,,,,,,7062.93,7062.93,0.0,0.0,0.0,0.0,0.0,0.0,0.0
ABGP0086803,9994.05,9958.73,0.0,0.0,0.0,0.0,0.0,,2.52,0.0,2825.17,2825.17,0.0,0.0,0.0,0.0,0.0,0.0,0.0
ABGP0086883,60034.93,60034.93,0.0,0.0,0.0,0.0,0.0,,125.86,,99999.82,,,,,,,,
ABGP0087651,40082.14,,,,,,,,,,30017.46,28251.73,0.0,0.0,0.0,0.0,0.0,0.0,0.0
ABGP0087677,30285.85,28283.51,0.0,0.0,0.0,0.0,611.04,,1079.86,,30000.16,,,,,,,,
ABGP0087898,32489.49,32136.34,0.0,0.0,0.0,0.0,0.0,,151.66,,34961.52,34255.22,188.79,0.0,0.0,0.0,0.0,157.32,0.0
ABGP0088035,8828.67,,,,,,,,,,,,,,,,,,
ABGP0088160,19998.69,19048.73,0.0,0.0,0.0,0.0,0.0,,173.68,,19988.1,19048.73,0.0,0.0,0.0,0.0,0.0,125.86,0.0
ABGP0088446,90052.39,86520.92,0.0,0.0,0.0,0.0,169.91,,0.0,,24123.09,22611.63,,,,,,,
ABGP0088508,15008.73,14899.26,0.0,0.0,0.0,0.0,0.0,,102.57,,3651.89,3441.41,0.0,0.0,0.0,0.0,0.0,0.0,0.0
ABGP0088516,9252.44,9075.87,0.0,0.0,0.0,0.0,0.0,,161.73,,8828.67,6180.07,0.0,0.0,0.0,0.0,0.0,0.0,0.0
ABGP0088615,20129.36,19940.07,0.0,0.0,0.0,0.0,0.0,,59.78,,14832.16,14832.16,0.0,0.0,0.0,0.0,0.0,5.03,0.0
ABGP0089018,69993.66,69428.63,0.0,0.0,0.0,0.0,2705.93,,836.95,,57033.18,55090.87,0.0,0.0,377.57,251.71,629.29,1258.57,0.0
ABGP0089265,9995.82,9930.48,0.0,0.0,0.0,0.0,0.0,,158.58,,9994.05,9994.05,,,,,,,
ABGP0089314,8828.67,8122.37,0.0,0.0,0.0,0.0,0.0,,943.93,,7062.93,5297.2,6292.87,0.0,0.0,0.0,0.0,314.64,0.0
ABGP0089350,10001.11,9799.82,0.0,0.0,0.0,0.0,134.67,,0.0,,6356.64,6003.49,0.0,0.0,0.0,0.0,0.0,0.0,0.0
ABGP0089584,60034.93,56997.87,0.0,0.0,0.0,0.0,0.0,,163.61,,59999.61,15891.6,0.0,0.0,0.0,0.0,0.0,0.0,0.0
ABGP0089756,27545.44,25603.13,0.0,0.0,0.0,0.0,0.0,,88.1,,29982.15,28251.73,0.0,0.0,0.0,0.0,0.0,0.0,0.0
ABGP0089914,18010.48,17339.5,0.0,0.0,0.0,0.0,0.0,,18.88,,15008.73,14655.58,,,,,,,
ABGP0089955,30017.46,29311.17,0.0,0.0,0.0,0.0,0.0,,94.39,,17657.33,16809.78,0.0,0.0,0.0,0.0,0.0,3.15,0.0
ABGP0090067,1977.62,1829.3,0.0,0.0,0.0,0.0,0.0,,93.13,,1977.62,1829.3,9439.31,,,,,93.13,
ABGP0090090,1500.87,353.15,0.0,0.0,0.0,0.0,0.0,,62.93,,988.81,988.81,3146.43,0.0,0.0,0.0,0.0,138.44,0.0
ABGP0090092,13500.8,13500.8,,,,,,,75.51,,12006.99,10947.55,0.0,0.0,0.0,0.0,0.0,0.0,0.0
ABGP0090355,6533.21,4050.59,,,,,0.63,,,,2966.43,0.0,0.0,0.0,0.0,0.0,0.0,0.0,0.0
ABGP0090715,11958.6,11152.37,0.0,0.0,0.0,0.0,9961.61,,822.48,,9888.11,5297.2,7551.44,0.0,0.0,0.0,0.0,314.64,0.0
ABGP0090799,23999.84,23899.9,0.0,0.0,0.0,0.0,1080.49,,377.57,,21188.8,19776.21,1006.86,0.0,0.0,0.0,0.0,377.57,0.0
ABGP0090807,20002.22,20002.22,0.0,0.0,0.0,0.0,0.0,,5.66,,24720.26,24720.26,0.0,0.0,0.0,0.0,0.0,31.46,0.0
ABGP0090927,9948.14,9609.12,0.0,0.0,0.0,0.0,0.0,,13.84,0.0,9948.14,9609.12,0.0,0.0,0.0,0.0,0.0,13.84,0.0
ABGP0091427,119999.22,119338.84,0.0,0.0,0.0,0.0,0.0,,5093.45,,119963.91,94374.9,0.0,0.0,0.0,0.0,4536.53,5093.45,0.0
ABGP0091983,11999.92,10001.11,0.0,0.0,0.0,0.0,0.0,,356.18,,9888.11,9888.11,0.0,0.0,0.0,0.0,0.0,125.86,0.0
ABGP0092557,6003.49,5897.55,0.0,0.0,0.0,0.0,0.0,,34.61,,5297.2,5297.2,943.93,,,,,94.39,
ABGP0092867,4944.05,4873.42,0.0,0.0,0.0,0.0,0.0,,15.73,,0.0,0.0,0.0,0.0,0.0,0.0,0.0,201.37,0.0
ABGP0093212,77692.26,67097.86,0.0,11012.52,0.0,0.0,0.0,,0.0,,,,,,,,,,
ABGP0093223,14999.9,14853.35,0.0,0.0,0.0,0.0,0.0,,73.63,,19917.47,19423.06,0.0,0.0,0.0,0.0,0.0,251.71,0.0
ABGP0093277,24720.26,24084.6,0.0,0.0,0.0,0.0,188.79,,597.82,,21188.8,20835.65,0.0,0.0,0.0,0.0,0.0,314.64,0.0
ABGP0093647,19959.85,19493.69,0.0,0.0,0.0,0.0,659.49,,367.5,,14125.86,12360.13,0.0,0.0,0.0,0.0,0.0,0.0,0.0
ABGP0094071,98881.05,98881.05,0.0,0.0,0.0,0.0,0.0,,698.51,,99940.49,99940.49,0.0,0.0,0.0,0.0,0.0,805.49,0.0
ABGP0094290,11936.36,11053.49,0.0,0.0,0.0,0.0,33.98,,0.0,,,,,,,,,,
ABGP0094322,10001.11,9605.59,0.0,0.0,0.0,0.0,62.93,,0.0,,4979.37,4767.48,0.0,0.0,0.0,0.0,0.0,62.93,0.0
ABGP0094379,64004.29,63820.66,0.0,0.0,0.0,0.0,1601.54,,0.0,,56503.46,56503.46,0.0,0.0,0.0,0.0,943.93,0.0,0.0
ABGP0094382,70629.32,67804.15,0.0,0.0,0.0,0.0,1113.84,,3555.47,,54984.93,54984.93,881.0,0.0,0.0,0.0,0.0,5034.3,0.0
ABGP0094954,300174.63,255745.25,0.0,20815.56,0.0,0.0,6804.48,,0.0,,99999.82,99999.82,0.0,0.0,0.0,0.0,943.93,0.0,0.0
ABGP0094957,20129.36,18999.29,0.0,0.0,0.0,0.0,396.45,,0.0,,20000.11,20000.11,0.0,0.0,0.0,0.0,314.64,0.0,0.0
ABGP0095425,5826.92,5650.35,0.0,0.0,0.0,0.0,0.0,,297.02,,5826.92,5650.35,0.0,0.0,0.0,0.0,0.0,297.02,0.0
ABGP0095721,18010.48,17918.66,0.0,0.0,0.0,0.0,6.29,,0.0,,15891.6,15891.6,0.0,0.0,0.0,0.0,2.52,0.0,0.0
ABGP0095741,33019.21,30229.35,0.0,0.0,767.73,556.92,1555.6,,1529.17,,30017.46,27545.44,,,,,,1258.57,
ABGP0095750,1575.03,515.59,0.0,0.0,0.0,0.0,0.0,,136.56,,2330.77,1765.73,2517.15,0.0,0.0,0.0,0.0,12.59,0.0
ABGP0096078,17904.53,,,,,,,,,,,,,,,,,,
ABGP0096335,70594.01,68298.56,0.0,0.0,0.0,0.0,528.6,,0.0,,44143.33,44143.33,314.64,0.0,0.0,0.0,0.0,0.0,0.0
ABGP0096366,15891.6,,,,,,,,,,,,,,,,,,
ABGP0096897,10000.05,,,,,,,,,,4944.05,4944.05,0.0,0.0,0.0,0.0,0.0,0.0,0.0
ABGP0096963,12360.13,12148.24,0.0,0.0,0.0,0.0,0.0,,6.29,,12360.13,0.0,0.0,0.0,0.0,0.0,0.0,0.0,0.0
ABGP0097389,25002.78,8819.13,0.0,0.0,0.0,0.0,0.0,,205.78,,19776.21,9888.11,100.69,0.0,0.0,0.0,100.69,0.0,0.0
ABGP0097445,37504.17,36585.99,0.0,0.0,0.0,0.0,302.06,,0.0,,24720.26,24720.26,314.64,0.0,0.0,0.0,0.0,0.0,0.0
ABGP0097476,4000.44,4000.44,0.0,0.0,0.0,0.0,62.93,,0.0,,4237.76,,,,,,,,
ABGP0097699,60034.93,59717.09,0.0,0.0,0.0,0.0,417.85,,138.44,,52971.99,51206.26,0.0,0.0,0.0,0.0,0.0,755.14,0.0
ABGP0098003,4975.84,,,,,,,,,,353.15,321.36,,,,,,118.31,
ABGP0098419,2012.94,1978.33,0.0,0.0,0.0,0.0,4.41,,0.0,,,,,,,,,,
ABGP0098480,10064.68,10054.79,0.0,0.0,37.76,0.0,0.0,,0.0,,9888.11,9888.11,314.64,,,,,,
ABGP0098678,2348.43,2217.76,,,,,,,,,2542.66,2542.66,,,,,,,1.09
ABGP0098890,17904.53,,,,,,,,,,,,,,,,,,
ABGP0099099,4999.85,4928.16,0.0,0.0,0.0,0.0,0.0,,57.89,,,2472.03,,,,,,,
ABGP0099238,1977.62,812.24,3531.56,0.0,0.0,0.0,0.0,,3.15,,1059.44,1059.44,,,,,,37.76,
ABGP0099610,353.15,3354.89,0.0,0.0,0.0,0.0,0.0,,0.63,0.0,5756.29,5756.29,,,,,,,
ABGP0099613,353.15,3354.89,0.0,0.0,0.0,0.0,0.0,,0.63,0.0,3178.32,2472.03,,,,,,,
ABGP0101007,8464.92,,,,,,,,,,7451.39,7451.39,,,,,,31.46,
ABGP0102810,13066.43,13045.24,0.0,0.0,0.0,0.0,11.96,,0.0,,12360.13,12360.13,,,,,,44.05,
ABGP0103480,3001.75,2500.28,,0.0,,,0.0,,566.36,,3001.75,2500.28,9401.55,,,,,566.36,0.64
ABGP0104350,15997.54,15365.41,0.0,0.0,0.0,0.0,0.0,,251.71,,14125.86,14125.86,18.88,,,,,188.79,
ABGP0104557,743.73,393.41,,,,,,,,,20000.11,7999.83,,,,,,,
ABGP0105487,3708.04,3708.04,0.0,0.0,0.0,0.0,0.0,,1.26,,,,,,,,,,
ABGP0105488,2472.03,2472.03,0.0,0.0,0.0,0.0,0.0,,6.29,,,,,,,,,,
ABGP0105489,9994.05,9464.33,,,,,40.9,,,,,,,,,,,,
ABGP0106663,339638.77,326194.47,,,,,9847.08,,3146.43,,,,,,,,,,
ABGP0106720,490789.05,396371.77,24681.89,0.0,15580.52,8663.39,11018.82,,12005.54,53.57,,,,,,,,10005.66,
ABGP0106875,19988.1,19959.85,0.0,0.0,0.0,0.0,0.0,,33.35,,9888.11,9888.11,,,,,,2.52,
ABGP0107835,400001.06,373805.35,,,,,3507.65,,3252.16,,139997.92,133857.4,,,,,,,
ABGP0110241,4999.85,4998.44,0.0,0.0,0.0,0.0,0.63,,0.0,,2436.71,2189.51,,,,,,,
ABGP0110251,123.6,70.63,0.0,0.0,0.0,0.0,0.0,,12.59,,494.41,,629.29,,,,,,
ABGP0110804,5473.77,5297.2,0.0,0.0,0.0,0.0,0.0,,0.0,,5968.18,,5330.06,,,,,,
ABGP0110886,5999.96,5861.88,0.0,0.0,0.0,0.0,0.0,,0.0,,,2295.45,,,,,,,
ABGP0111570,49999.91,47851.37,0.0,0.0,0.0,0.0,396.45,,0.0,,47674.79,25426.56,,,,,,377.57,
ABGP0112787,5968.18,5791.6,0.0,0.0,0.0,0.0,0.0,,44.05,,5297.2,5120.63,,,,,,,
ABGP0113730,7062.93,6628.56,,,,,39.65,,,,,,,,,,,,
ABGP0113988,21895.09,20588.45,0.0,0.0,0.0,0.0,0.0,,320.94,,,,,,,,,,
ABGP0113989,21895.09,20588.45,0.0,0.0,0.0,0.0,0.0,,320.94,,,,,,,,,,
ABGP0114466,9997.58,9972.86,0.0,0.0,0.0,0.0,0.0,,0.0,0.0,5932.86,5932.86,,,,,31.46,99.43,
ABGP0115041,4520.28,,,,,,,,,,,,,,,,,,
ABGP0115356,135007.95,135007.95,0.0,0.0,0.0,0.0,2962.68,,56.01,,120069.85,116538.39,,,,,,,
ABGP0115599,882.87,731.01,,,,,,,,,,4944.05,1573.22,,,,,,
ABGP0115771,60034.93,59116.74,0.0,0.0,0.0,0.0,0.0,,1409.6,,52971.99,52971.99,,,,,,534.89,
ABGP0116752,18363.62,17767.51,0.0,0.0,0.0,0.0,0.0,,973.51,,17975.16,,,,,,,,
ABGP0117576,24967.47,24363.59,0.0,0.0,0.0,0.0,88.73,,0.0,,24967.47,24967.47,,,,,,,
ABGP0117818,59999.61,24780.3,0.0,0.0,0.0,0.0,0.0,,185.64,,,,,,,,,,
ABGP0118855,275004.46,226834.2,0.0,0.0,0.0,0.0,19745.14,,22264.17,,249957.18,235372.23,,,,,19111.45,18501.04,
ABGP0119271,49999.91,46604.76,0.0,0.0,0.0,0.0,1853.88,,401.49,,108769.16,105237.69,3146.43,,401.49,,,629.29,
ABGP0119546,47992.63,47992.63,0.0,0.0,0.0,0.0,0.0,,0.0,,882.87,882.87,,,,,,,
ABGP0119547,14125.86,13031.11,,,,,,,,,,,,,,,,,
ABGP0119690,14125.86,13031.11,,,,,,,,,24720.26,24720.26,,,,,,,
ABGP0119722,4001.15,,,,,,,,,,,,,,,,,,
ABGP0119754,700183.81,698029.62,0.0,0.0,0.0,0.0,0.0,,1824.93,,547377.27,547377.27,,,,,,,
ABGP0119968,1059.44,985.28,,,,,,,,,565.03,512.06,3775.72,,,,,,
ABGP0119984,15891.6,15520.79,,,,,,,,,16000.01,,,,,,,,
ABGP0120344,40142.18,28714.35,,,,,1122.65,,1281.86,,29982.15,22954.53,4090.37,,,,,1132.72,
ABGP0120365,58209.16,55761.85,0.0,0.0,0.0,0.0,0.0,,862.75,,19952.78,18363.62,,,,,5.66,524.2,
ABGP0121326,119963.91,115383.6,0.0,0.0,0.0,0.0,642.5,,1310.8,,120069.85,120069.85,,,,,755.14,943.93,
ABGP0121540,39976.2,36268.16,0.0,0.0,0.0,0.0,251.71,,397.71,,,,,,,,,,
ABGP0122937,0.0,0.0,0.0,73.63,0.0,0.0,681.52,,0.0,0.0,,,,,,,503.43,,
ABGP0123090,150634.34,134564.76,,9960.35,,,8312.25,,,,150634.34,134564.76,,9960.35,,,2589.52,,10.21
ABGP0126279,437901.81,376489.62,0.0,34092.88,0.0,0.0,0.0,,0.0,,222482.37,222482.37,,15732.17,,,,,
ABGP0126524,15008.73,4756.89,0.0,0.0,0.0,0.0,295.14,,0.0,0.0,15008.73,4756.89,0.0,0.0,0.0,0.0,295.14,0.0,27.56
ABGP0127090,5120.63,4908.74,0.0,0.0,0.0,0.0,0.0,,31.46,,5932.86,5050.0,,,,,,75.51,
ABGP0128196,6391.95,,,,,,,,,,5297.2,4237.76,,,,,,,
ABGP0128197,1094.75,1077.45,0.0,0.0,0.0,0.0,1.89,,0.0,,5297.2,4414.33,,,,,,157.32,
ABGP0128198,5297.2,,,,,,,,,,,,,,,,,,
ABGP0129178,150793.61,150295.32,0.0,0.0,0.0,0.0,633.06,,387.01,,31783.2,30017.46,,,,,,251.71,
ABGP0129179,95985.25,91535.61,0.0,0.0,0.0,0.0,334.78,,489.59,,,,,,,,,,
ABGP0129279,65014.29,65014.29,0.0,0.0,0.0,0.0,0.0,,755.14,,67097.86,67097.86,,,,,,251.71,
ABGP0130963,164990.1,160010.74,,,,,18507.33,,5153.86,,,,,,,,,,
ABGP0130964,164990.1,160010.74,,,,,18507.33,,5153.86,,,,,,,,,,
ABGP0131384,14832.16,14825.1,0.0,0.0,0.0,0.0,7.55,,3.78,0.0,,,,,,,,,
ABGP0131712,499984.99,499773.1,0.0,0.0,0.0,0.0,629.29,,0.0,,,,,,,,,,
ABGP0132407,40011.51,38139.84,0.0,0.0,0.0,0.0,4346.49,,751.37,,,,,,,,,,
ABGP0133259,110005.17,96620.92,0.0,0.0,0.0,0.0,13328.3,,4478.01,,,,,,,,,,
ABGP0134386,44920.25,43260.46,,,,,283.18,,0.0,,44920.25,43260.46,,,,,225.28,,37.92
ABGP0134471,4000.44,4000.44,0.0,0.0,0.0,0.0,0.0,,0.0,,,,,,,,,,
ABGP0134628,219586.57,218633.08,0.0,3775.72,0.0,0.0,6292.87,,0.0,,99940.49,99940.49,,,,,3001.7,1573.22,
ABGP0134673,39976.9,38471.79,,,,,,,0.0,,,,,,,,,,
ABGP0134834,16774.46,15891.6,0.0,0.0,0.0,0.0,125.86,,0.0,,,,,,,,,,
ABGP0135009,39976.2,37327.6,,,,,121.45,,629.29,,33548.93,31783.2,188.79,,,,,943.93,
ABGP0135330,59896.49,55167.51,,,,,763.95,,1884.09,,29982.15,26486.0,,,377.57,,,377.57,49.6
ABGP0135716,49999.91,47679.74,0.0,0.0,0.0,0.0,2271.73,,1271.16,,56503.46,49793.67,,,,,7551.44,471.97,
ABGP0135948,30017.46,29664.32,0.0,0.0,0.0,0.0,0.0,,629.29,,,,,,,,,,
ABGP0136119,11300.69,10594.4,,,,,346.11,,,,,,,,,,,,
ABGP0137047,257699.92,228800.17,0.0,15971.3,0.0,0.0,5665.47,,0.0,,110005.17,106014.62,,1406.46,2558.05,1011.26,500.28,,
ABGP0137118,0.35,0.35,38399.09,,48883.01,23170.35,15008.49,,,,,,,,,,,,
ABGP0137513,19776.21,13243.0,0.0,0.0,0.0,0.0,0.0,,1824.93,,7592.65,7416.08,,,,,106.98,,
ABGP0137899,437901.81,376489.62,0.0,34092.88,0.0,0.0,0.0,,0.0,,222482.37,222482.37,,15732.17,,,,,
ABGP0137978,82000.65,81400.3,0.0,0.0,0.0,0.0,0.0,,682.15,,82000.65,81400.3,,,682.15,,314.64,,
ABGP0138158,6003.49,5473.77,,,,,,,,,8828.67,8828.67,7551.44,,,,,,
ABGP0138191,23729.33,23660.82,0.0,0.0,0.0,0.0,258.01,,0.0,,19211.18,,,,,,,,
ABGP0138443,54384.58,49828.99,0.0,0.0,0.0,0.0,2322.07,,2447.93,,,,,,,,,,
ABGP0138789,9001.71,8577.93,0.0,0.0,0.0,0.0,0.0,,275.63,,,,,,,,,,
ABGP0138811,230957.89,220010.35,0.0,0.0,0.0,0.0,0.0,,4449.06,,198962.81,198962.81,,,,,,7551.44,
ABGP0138891,100293.64,99763.92,0.0,0.0,0.0,0.0,471.97,,704.8,,64978.98,98881.05,,,,,,188.79,
ABGP0139140,59999.61,58159.72,0.0,0.0,0.0,0.0,680.89,,3136.37,,,,,,,,,,
ABGP0139294,59999.61,58159.72,0.0,0.0,0.0,0.0,680.89,,3136.37,,,,,,,,,,
ABGP0139501,160010.74,159269.13,0.0,0.0,0.0,0.0,1860.8,,305.2,,,,,,,,,,
ABGP0140036,119999.22,118860.33,0.0,0.0,0.0,0.0,3354.1,,1032.03,,,,,,,,,,
ABGP0140178,20000.11,4927.1,0.0,0.0,0.0,0.0,0.0,,4326.35,,,,,,,,,,
ABGP0140267,284035.83,270015.91,0.0,0.0,0.0,0.0,0.0,,11094.33,,247202.64,247202.64,,,,,,7929.02,
ABGP0140277,0.35,0.35,38399.09,,48883.01,23170.35,15008.49,,,,,,,,,,,,
ABGP0140439,75043.66,74302.05,0.0,0.0,0.0,0.0,10125.23,,2901.01,,,,,,,,,,
ABGP0140643,394217.58,380698.06,0.0,0.0,0.0,0.0,1866.47,,10832.55,,74619.88,74619.88,,,,,,1296.33,
ABGP0140842,59893.67,53325.14,0.0,0.0,0.0,0.0,2257.88,,736.27,,,,,,,,,,
ABGP0140979,114998.67,112300.63,0.0,0.0,0.0,0.0,1103.77,,258.64,,,,,,,,,,
ABGP0142406,50005.56,44814.31,0.0,0.0,0.0,0.0,0.0,,1837.52,,,,,,,,,,
ABGP0142505,296099.32,253234.38,0.0,14473.6,0.0,0.0,3837.39,,5836.64,,7239.51,,,15102.89,,,,,
ABGP0143117,3990.56,3955.24,0.0,0.0,0.0,0.0,0.0,,1.89,,,,,,,,,,
ABGP0143189,37115.71,,,,,,,,,,,,,,,,,,
ABGP0143633,0.35,0.35,38399.09,,48883.01,23170.35,15008.49,,,,,,,,,,,,
ABGP0144505,60034.93,60034.93,,,,,7551.44,,,,,,,,,,,,
ABGP0144581,21895.09,21506.63,0.63,312.13,33.35,62.93,215.85,,312.13,,,,,,,,,,
ABGP0145129,298681.17,274542.54,0.0,15224.97,0.0,0.0,0.0,,0.0,,,,,,,,,,
ABGP0145222,10064.68,9888.11,0.0,0.0,0.0,0.0,77.4,,0.0,,,,,,,,,,
ABGP0145469,9926.95,7239.51,,,,,,,1566.92,,,,,,,,,,
ABGP0146250,14832.16,14825.1,0.0,0.0,0.0,0.0,7.55,,3.78,0.0,,,,,,,,,
ABGP0147725,490789.05,396371.77,24681.89,0.0,15580.52,8663.39,11018.82,,12005.54,53.57,,,,,,,,,
ABGP0147748,47392.28,43269.64,0.0,0.0,0.0,0.0,627.4,,509.72,,,,,,,,,,
ABGP0148152,100177.1,98054.69,0.0,0.0,0.0,0.0,1879.05,,0.0,,,,,,,,,,
ABGP0148981,576017.46,532015.39,0.0,0.0,0.0,0.0,0.0,,20281.92,,,,,,,,,,
ABGP0149002,22954.53,22477.78,,,,,,,,,,,,,,,,,
ABGP0149088,18010.48,13437.23,0.0,0.0,0.0,0.0,137.18,,0.0,,,,,,,,,,
ABGP0150177,176.93,158.92,,,,,,,,,,,,,,,,,
ABGP0150355,299998.06,271075.35,,,,,32408.28,,7727.64,,,,,,,,,,
ABGP0150386,200004.59,173077.16,,,,,34969.48,,10194.45,,,,,,,,,,
ABGP0150704,200092.88,190028.2,0.0,0.0,0.0,0.0,17991.32,,3083.51,,,,,,,,,,
ABGP0151188,184695.68,155384.51,2831.79,0.0,0.0,0.0,11364.92,,5506.26,542.34,,,,,,,,,
ABGP0152315,109993.17,85103.75,0.0,0.0,0.0,0.0,14406.9,,11531.05,,,,,,,,,,
ABGP0153429,199617.19,197334.8,0.0,0.0,0.0,0.0,50028.32,,0.0,,,,,,,,,,
ABGP0153753,34184.59,19952.78,0.0,400.23,0.63,74.26,325.34,,400.23,,,,,,,,,,
ABGP0154540,121694.33,113925.1,0.0,0.0,0.0,0.0,239.13,,75.51,,,,,,,,,,
ABGP0154913,9994.05,9817.48,0.0,0.0,0.0,0.0,0.0,,251.71,,,,,,,,,,
ABGP0155173,119999.22,4145.94,0.0,0.0,0.0,0.0,1753.19,,617.96,,,,,,,,,,
ABGP0155556,119999.22,4145.94,0.0,0.0,0.0,0.0,1753.19,,617.96,,,,,,,,,,
ABGP0156241,170004.79,154996.05,0.0,0.0,0.0,0.0,30016.99,,2636.71,,,,,,,,,,
ABGP0156644,4484.96,3.53,0.63,0.0,0.0,0.0,0.0,,0.0,,,,,,,,,,
ABGP0156929,50146.82,35314.66,943.93,0.0,6607.51,2517.15,943.93,,0.0,,,,,,,,,,
ABGP0157262,2648.6,2472.03,0.0,0.0,0.0,0.0,0.0,,62.93,,,,,,,,,,
ABGP0157570,170004.79,154996.05,0.0,0.0,0.0,0.0,30016.99,,2636.71,,,,,,,,,,
ABGP0158090,21895.09,21506.63,0.63,312.13,33.35,62.93,215.85,,312.13,,,,,,,,,,
ABGP0158167,22036.35,22022.22,0.0,0.0,0.0,0.0,0.0,,35.87,,,,,,,,,,
ABGP0158517,19952.78,,,,,,,,,,,,,,,,,,
ABGS0131512,,,,,,,,,,,,,,,,,,,
F10154,,,,,,,,,,,,,,,,,,,
F10347,,,,,,,,,,,,,,,,,,,
F10587,,,,,,,,,,,,,,,,,,,
F10656,,,,,,,,,,,,,,,,,,,
F1075,,,,,,,,,,,,,,,,,,,
F11440,,,,,,,,,,,,,,,,,,,
F11503,,,,,,,,,,,,,,,,,,,
F11719,,,,,,,,,,,,,,,,,,,
F12192,,,,,,,,,,,,,,,,,,,
F12196,,,,,,,,,,,,,,,,,,,
F12453,,,,,,,,,,,,,,,,,,,
F12763,,,,,,,,,,,,,,,,,,,
F13681,,,,,,,,,,,,,,,,,,,
F14143,,,,,,,,,,,,,,,,,,,
F14148,,,,,,,,,,,,,,,,,,,
F15561,,,,,,,,,,,,,,,,,,,
F15562,,,,,,,,,,,,,,,,,,,
F15818,,,,,,,,,,,,,,,,,,,
F1585,,,,,,,,,,,,,,,,,,,
F16239,,,,,,,,,,,,,,,,,,,
F16248,,,,,,,,,,,,,,,,,,,
F16616,,,,,,,,,,,,,,,,,,,
F17063,,,,,,,,,,,,,,,,,,,
F17656,,,,,,,,,,,,,,,,,,,
F17768,,,,,,,,,,,,,,,,,,,
F18647,,,,,,,,,,,,,,,,,,,
F1910,,,,,,,,,,,,,,,,,,,
F20262,,,,,,,,,,,,,,,,,,,
F20554,,,,,,,,,,,,,,,,,,,
F21213,,,,,,,,,,,,,,,,,,,
F21349,,,,,,,,,,,,,,,,,,,
F21521,,,,,,,,,,,,,,,,,,,
F21708,,,,,,,,,,,,,,,,,,,
F21809,,,,,,,,,,,,,,,,,,,
F21978,,,,,,,,,,,,,,,,,,,
F21988,,,,,,,,,,,,,,,,,,,
F22204,,,,,,,,,,,,,,,,,,,
F22293,,,,,,,,,,,,,,,,,,,
F22391,,,,,,,,,,,,,,,,,,,
F22473,,,,,,,,,,,,,,,,,,,
F22636,,,,,,,,,,,,,,,,,,,
F22646,,,,,,,,,,,,,,,,,,,
F22649,,,,,,,,,,,,,,,,,,,
F22753,,,,,,,,,,,,,,,,,,,
F23308,,,,,,,,,,,,,,,,,,,
F23325,,,,,,,,,,,,,,,,,,,
F23365,,,,,,,,,,,,,,,,,,,
F23426,,,,,,,,,,,,,,,,,,,
F23641,,,,,,,,,,,,,,,,,,,
F23715,,,,,,,,,,,,,,,,,,,
F23758,,,,,,,,,,,,,,,,,,,
F25129,,,,,,,,,,,,,,,,,,,
F25270,,,,,,,,,,,,,,,,,,,
F25751,,,,,,,,,,,,,,,,,,,
F25762,,,,,,,,,,,,,,,,,,,
F26055,,,,,,,,,,,,,,,,,,,
F26094,,,,,,,,,,,,,,,,,,,
F26215,,,,,,,,,,,,,,,,,,,
F26605,,,,,,,,,,,,,,,,,,,
F26916,,,,,,,,,,,,,,,,,,,
F27398,,,,,,,,,,,,,,,,,,,
F27499,,,,,,,,,,,,,,,,,,,
F28030,,,,,,,,,,,,,,,,,,,
F2819,,,,,,,,,,,,,,,,,,,
F28630,,,,,,,,,,,,,,,,,,,
F28885,,,,,,,,,,,,,,,,,,,
F29476,,,,,,,,,,,,,,,,,,,
F30364,,,,,,,,,,,,,,,,,,,
F31447,,,,,,,,,,,,,,,,,,,
F32021,,,,,,,,,,,,,,,,,,,
F32236,,,,,,,,,,,,,,,,,,,
F33103,,,,,,,,,,,,,,,,,,,
F33308,,,,,,,,,,,,,,,,,,,
F33770,,,,,,,,,,,,,,,,,,,
F33788,,,,,,,,,,,,,,,,,,,
F34295,,,,,,,,,,,,,,,,,,,
F34651,,,,,,,,,,,,,,,,,,,
F34660,,,,,,,,,,,,,,,,,,,
F34667,,,,,,,,,,,,,,,,,,,
F34775,,,,,,,,,,,,,,,,,,,
F35633,,,,,,,,,,,,,,,,,,,
F3576,,,,,,,,,,,,,,,,,,,
F35792,,,,,,,,,,,,,,,,,,,
F36067,,,,,,,,,,,,,,,,,,,
F36770,,,,,,,,,,,,,,,,,,,
F36921,,,,,,,,,,,,,,,,,,,
F37475,,,,,,,,,,,,,,,,,,,
F3803,,,,,,,,,,,,,,,,,,,
F38601,,,,,,,,,,,,,,,,,,,
F38618,,,,,,,,,,,,,,,,,,,
F38695,,,,,,,,,,,,,,,,,,,
F38961,,,,,,,,,,,,,,,,,,,
F39494,,,,,,,,,,,,,,,,,,,
F39544,,,,,,,,,,,,,,,,,,,
F39978,,,,,,,,,,,,,,,,,,,
F40715,,,,,,,,,,,,,,,,,,,
F41364,,,,,,,,,,,,,,,,,,,
F41472,,,,,,,,,,,,,,,,,,,
F42647,,,,,,,,,,,,,,,,,,,
F4277,,,,,,,,,,,,,,,,,,,
F44349,,,,,,,,,,,,,,,,,,,
F44452,,,,,,,,,,,,,,,,,,,
F44540,,,,,,,,,,,,,,,,,,,
F45791,,,,,,,,,,,,,,,,,,,
F46093,,,,,,,,,,,,,,,,,,,
F4696,,,,,,,,,,,,,,,,,,,
F48440,,,,,,,,,,,,,,,,,,,
F48558,,,,,,,,,,,,,,,,,,,
F48869,,,,,,,,,,,,,,,,,,,
F48977,,,,,,,,,,,,,,,,,,,
F49125,,,,,,,,,,,,,,,,,,,
F49491,,,,,,,,,,,,,,,,,,,
F49927,,,,,,,,,,,,,,,,,,,
F50344,,,,,,,,,,,,,,,,,,,
F50809,,,,,,,,,,,,,,,,,,,
F50893,,,,,,,,,,,,,,,,,,,
F51046,,,,,,,,,,,,,,,,,,,
F5138,,,,,,,,,,,,,,,,,,,
F51486,,,,,,,,,,,,,,,,,,,
F51503,,,,,,,,,,,,,,,,,,,
F51712,,,,,,,,,,,,,,,,,,,
F52071,,,,,,,,,,,,,,,,,,,
F52081,,,,,,,,,,,,,,,,,,,
F52084,,,,,,,,,,,,,,,,,,,
F52217,,,,,,,,,,,,,,,,,,,
F52228,,,,,,,,,,,,,,,,,,,
F52235,,,,,,,,,,,,,,,,,,,
F5659,,,,,,,,,,,,,,,,,,,
F6011,,,,,,,,,,,,,,,,,,,
F7444,,,,,,,,,,,,,,,,,,,
F8929,,,,,,,,,,,,,,,,,,,
F8965,,,,,,,,,,,,,,,,,,,
F9688,,,,,,,,,,,,,,,,,,,
BCGP0000160,,,,,,,,,,,565034.6,565034.6,0.0,0.0,0.0,0.0,0.0,0.0,0.0
BCGP0000298,,,,,,,,,,,,,,,,,,,
BCGP0000303,9040.55,7945.8,,,,,,,,0.01,0.0,4999.85,0.0,0.0,0.0,0.0,0.0,0.0,0.0
BCGP0000317,14125.86,0.0,,,,,500.28,,,,10594.4,12183.56,,,,,,,
BCGP0000322,102059.37,100046.44,,,,,,,,0.44,99999.82,95349.59,0.0,0.0,0.0,0.0,0.0,0.0,0.0
BCGP0000437,1003889.91,853308.19,,,,,,,,742.96,879999.72,749999.74,0.0,0.0,0.0,0.0,0.0,0.0,352.74
BCGP0000438,,,,,,,,,,0.66,,,,,,,,,
BCGP0000439,680266.34,620266.73,,,1227.11,2076.65,6638.98,,,616.19,819999.75,740000.04,0.0,0.0,1132.72,1510.29,11327.17,16007.8,606.27
BCGP0000440,,,,,,,,,,6.61,,,,,,,,,
BCGP0000442,560231.81,441186.08,,,,,,,,2204.62,575063.96,451074.18,0.0,0.0,0.0,0.0,0.0,0.0,2204.62
BCGP0000445,11018.17,8263.63,,,755.14,,,,,1.1,,,,,,,,,
BCGP0000457,,,,,,,,,,,,,,,,,,,
BCGP0000464,45026.19,,,,,,,,,15.54,45061.51,44355.22,0.0,0.0,0.0,0.0,0.0,0.0,13.99
BCGP0000465,19882.15,19670.27,,,333.52,,,,,,20000.11,0.0,0.0,0.0,333.52,0.0,0.0,0.0,0.0
BCGP0000558,100011.12,,,,,,,,,0.36,,,,,,,,,
BCGP0000559,82035.96,78045.4,,,,,,,,0.34,98881.05,98881.05,,,,,,,
BCGP0000730,45767.8,44778.99,,,,,574.54,,,4.08,45909.06,44778.99,0.0,0.0,0.0,0.0,574.54,0.0,3.92
BCGP0000740,104460.77,94007.63,,,811.78,,1409.6,,,,,,,,,,,,
BCGP0000921,,,,,,,,,,,,,,,,,,,
BCGP0000932,750083.43,725928.2,,,15486.75,5141.27,1705.37,,,,749999.74,749999.74,0.0,10705.18,4632.56,1650.81,480.52,17431.5,0.0
BCGP0001243,,,0.0,,,,,0.0,0.0,0.0,,,,,,,,,
BCGP0001279,,,,,,,,,,0.57,,,,,,,,,
BCGP0001593,,,,,,,,,,,,,,,,,,,
BCGP0001647,35314.66,,,,,,,,,,28251.73,26486.0,125.86,0.0,0.0,0.0,0.0,0.0,0.0
BCGP0001692,40294.03,39729.0,,,,409.04,,,,,0.0,39976.2,0.0,0.0,0.0,0.0,1080938.87,0.0,0.0
BCGP0001726,,,,,,,,,,,,,,,,,,,
BCGP0002153,99481.4,96514.97,,,,,503.43,,,,0.0,5014.68,0.0,0.0,0.0,0.0,0.0,0.0,0.0
BCGP0002267,77692.26,67097.86,,,755.14,,503.43,,,,77692.26,70629.32,0.0,0.0,0.0,0.0,881.0,0.0,0.0
BCGP0002268,,,0.0,,,,,0.0,0.0,0.0,,,,,,,,,
BCGP0002411,99410.77,,,,723.68,,302.06,,,,105131.75,0.0,0.0,0.0,377.57,220.25,0.0,792.9,0.0
BCGP0002435,79987.71,72006.6,,,881.0,,,,,,80023.03,73030.72,0.0,0.0,0.0,0.0,629.29,1164.18,0.0
BCGP0002436,109475.45,104001.68,,,937.64,862.12,969.1,,,,100011.12,91818.12,0.0,0.0,855.83,780.32,868.42,0.0,0.0
BCGP0002438,,,0.0,,,,,0.0,0.0,0.0,102553.78,98881.05,0.0,0.0,0.0,0.0,0.0,0.0,0.0
BCGP0002766,8016.43,7804.54,,,,,,,,,17657.33,17657.33,,,,,,,
BCGP0002787,,,,,,,,,,,,,,,,,,,
BCGP0002889,49970.25,,,,,,377.57,,,,49440.53,0.0,0.0,0.0,0.0,0.0,0.0,0.0,0.0
BCGP0002917,139281.03,119363.56,,,,,50.34,,,0.0,5297199.37,5297199.37,0.0,0.0,0.0,0.0,0.0,0.0,0.0
BCGP0003164,119787.34,97892.24,,,5474.8,,,,,,119787.34,61871.29,0.0,0.0,0.0,0.0,0.0,5525.14,0.0
BCGP0003479,12360.13,,,,251.71,,,,,,19776.21,0.0,94.39,0.0,0.0,0.0,0.0,157.32,0.0
BCGP0003548,23872.71,23837.4,,,,,44.05,,,,88286.66,0.0,0.0,0.0,0.0,0.0,0.0,0.0,0.0
BCGP0003738,88286.66,,,,,,,,,,,,,,,,,,
BCGP0004070,111241.19,,,,,,,,,,,,,,,,,,
BCGP0004556,38492.98,35491.24,,,566.36,,,,,,105943.99,105943.99,,,,,,6292.87,
BCGP0004576,50323.39,,,,,,,,,,,,,,,,,,
BCGP0004579,,,,,,,,,,,,,,,,,,,
BCGP0007158,,,,,,,,,,,,,,,,,,,
BCGP0007192,,,0.0,,,,,0.0,0.0,0.0,,,,,,,,,
BCGP0007193,,,0.0,,,,,0.0,0.0,0.0,,,,,,,,,
BCGP0007286,9958.73,8969.92,,,,,,,,,258927.11,258927.11,0.0,0.0,0.0,0.0,0.0,0.0,0.0
BCGP0007309,,,,,,,,,,,,,,,,,,,
BCGP0007346,0.0,0.0,0.0,,,,,0.0,0.0,0.0,,,,,,,,,
BCGP0007354,,,,,,,,,,,,,,,,,,,
BCGP0007362,5473.77,0.0,0.0,,0.0,0.0,0.0,0.0,0.0,0.0,2118.88,1765.73,,,,,,,
BCGP0007383,,,0.0,,,,,0.0,0.0,0.0,,,,,,,,,
BCGP0007435,,,0.0,,,,,0.0,0.0,0.0,21188.8,0.0,0.0,0.0,0.0,0.0,0.0,0.0,0.0
BCGP0007442,119999.22,112795.03,0.0,,258.01,358.69,868.42,0.0,0.0,0.0,63954.85,63954.85,0.0,188.79,0.0,0.0,576.43,936.38,0.0
BCGP0007463,19069.92,,0.0,,,,,0.0,0.0,0.0,21188.8,15891.6,0.0,0.0,0.0,0.0,0.0,0.0,0.0
BCGP0007466,214999.2,212099.86,0.0,,,,,0.0,0.0,0.0,214006.85,208356.51,0.0,0.0,0.0,0.0,0.0,0.0,49.6
BCGP0007472,8828.67,,0.0,,,,,0.0,0.0,0.0,4944.05,0.0,0.0,0.0,0.0,0.0,0.0,0.0,0.0
BCGP0007473,8828.67,,0.0,,,,,0.0,0.0,0.0,8828.67,0.0,0.0,0.0,0.0,0.0,0.0,0.0,0.0
BCGP0007633,6356.64,,,,,,,,,,7062.93,4590.91,9439.31,0.0,0.0,0.0,1258.57,0.0,0.0
BCGP0007652,98527.91,,,,,,,,,,98527.91,91818.12,0.0,0.0,0.0,0.0,62.93,0.0,0.0
BCGP0007676,109440.14,105025.81,,,226543.32,106978.79,31464.35,,,,114772.65,109475.45,0.0,0.0,0.0,0.0,0.0,75.51,4.41
BCGP0007702,1998.81,,,,,,,,,,0.0,0.0,0.0,0.0,0.0,0.0,0.0,0.0,0.0
BCGP0007717,1193.64,,,,,,,,,,1193.64,1193.64,0.0,0.0,0.0,0.0,0.0,0.0,0.0
BCGP0007727,134195.72,,,,,,,,,,10000.05,9888.11,0.0,0.0,0.0,0.0,0.0,0.0,0.0
BCGP0007743,184999.39,171134.85,,,,,248857.84,,,,26486.0,26486.0,1485.12,,,,,2831.79,
BCGP0007776,59681.78,,,,,,,,,,75008.34,69569.89,0.0,0.0,0.0,0.0,0.0,0.0,0.0
BCGP0007778,179045.34,,,,,,,,,,318679.51,318679.51,,,,,,,
BCGP0007795,45909.06,45909.06,,,53741.11,20464.41,5304.89,,,,,,,,,,,,
BCGP0007806,170075.41,169157.23,,,,319514.18,72342.83,,,,160681.71,146555.85,0.0,0.0,0.0,0.0,2517.15,2517.15,0.0
BCGP0007808,417737.14,405730.16,,,,,157.32,,,,204825.04,199527.84,0.0,0.0,0.0,0.0,0.0,75.51,0.0
BCGP0007810,,,,,,,,,,,,,,,,,,,
BCGP0007812,795992.49,,,,,,,,,,,,,,,,,,
BCGP0007819,100011.12,71900.65,,,202.63,237.87,1340.38,,,,77692.26,75008.34,0.0,0.0,314.64,314.64,874.71,1504.0,0.0
BCGP0007830,,,,,,,,,,,,,,,,,,,
BCGP0007834,50005.56,47533.54,,,672.71,590.9,465.67,,,,49970.25,49970.25,0.0,0.0,0.0,0.0,2013.72,1258.57,0.0
BCGP0007854,7998.77,,,,,,,,,,,,,,,,,,
BCGP0007858,309992.11,258715.22,,,584148.24,207161.28,65735.32,,,,,,,,,,,,
BCGP0007868,229439.36,229439.36,,,1334.09,,1441.07,,,,199880.99,199880.99,,,,,,,
BCGP0007883,35314.66,34043.33,,,742.56,,475.74,,,,,,,,,,,,
BCGP0007896,196985.19,,,,,,,,,,,,,,,,,,
BCGP0007925,195996.38,191970.51,,,376.31,171.17,42.79,,,,198009.31,198009.31,,,,,,163.61,
BCGP0007932,85002.39,81930.02,,,,338808.12,2958.97,,,,21188.8,21188.8,,,,,629.29,629.29,
BCGP0007936,119928.59,119928.59,,,1416.53,1205.08,4374.8,,,,99940.49,96055.88,0.0,0.0,471.97,440.5,1730.54,2643.01,0.0
BCGP0007966,195996.38,,,,,,,,,,195996.38,193065.26,,,,,,,
BCGP0007974,397996.25,377866.89,,,,,,,,,,,,,,,,,
BCGP0008619,,,,,,,,,,,0.0,0.0,0.0,0.0,0.0,0.0,0.0,0.0,0.0
BCGP0008645,,,,,,,,,,,239433.41,0.0,0.0,0.0,0.0,0.0,2800.33,1982.25,0.0
BCGP0008649,25073.41,,,,,,,,,,,,,,,,,,
BCGP0008651,100011.12,,,,,,,,,,50005.56,50005.56,,,,,,,
BCGP0009075,22883.9,19988.1,,,128.37,263.67,390.16,,,,34996.83,13984.61,,6.29,75.51,75.51,81.81,239.13,
BCGP0009092,,,,,,,,,,,0.0,0.0,0.0,0.0,0.0,0.0,0.0,0.0,0.0
BCGP0009132,8828.67,,0.0,,,,,0.0,0.0,0.0,10594.4,9888.11,0.0,0.0,0.0,0.0,0.0,0.0,0.0
BCGP0017858,140022.64,137197.46,,,,370209.54,131269.27,,,,,,,,,,,,
BCGP0017909,295018.69,282446.67,,,151.03,288.84,2451.07,,,,154325.07,149981.37,,,,,6336.92,3970.8,
BCGP0018016,28046.9,27199.35,,,283.81,129.63,52.86,,,,28075.16,27545.44,,,,,,18.88,
BCGP0018051,400009.18,393264.08,,,1308.92,1295.7,1296.33,,,,,,,,,,,,
BCGP0018074,125013.91,120069.85,,,,,5978.23,,,,125013.91,120069.85,,,,,,2831.79,
BCGP0018136,292299.46,279444.92,,,,,,,,,,,,,,,,,
BCGP0018229,195996.38,186178.9,,,1035.18,1430.37,3712.79,,,,,,,,,,,,
BCGP0018237,119999.22,110534.89,,,1585.8,1208.23,2183.63,,,,,,,,,,,,
BCGP0018246,550237.76,496241.64,,,11245.36,,7617.71,,,,,,,,,,,,
BCGP0018260,515269.18,491940.31,,,,,,,,,,,,,,,,,
BCGP0018270,210016.3,184342.54,,,,,,,,,,,,,,,,,
BCGP0018309,349968.31,334006.08,,,1466.24,2045.18,4329.49,,,,,,,,,,,,
BCGP0024114,144260.4,142000.26,,,,406122.95,215914.66,,,,,,,,,,,,
BCGP0026223,195996.38,190699.18,,,22.65,49.71,187.53,,,,,,,,,,,,
BCGP0026229,139740.12,116598.42,,,,419111.43,133339.62,,,,59328.63,56503.46,,,,,2831.79,1887.86,
BCGP0026427,395241.7,358090.68,,,,,478270.71,,,,,,,,,,,,
BCGP0026623,198539.03,169510.38,,,2674.47,2674.47,5449.63,,,,,,,,,,,,
BCGP0026696,230180.97,200000.0,,,7217.92,,40689.7,,,,,,,,,,,,
BCGP0026801,74831.77,70205.55,,,1768.3,409.04,2611.54,,,,,,,,,,,,
BCGP0026856,119769.68,114772.65,,,,,,,,,,,,,,,,,
BCGP0026937,197762.11,170110.73,,,,,416216.71,,,,,,,,,,,,
BCGP0026943,0.0,0.0,,,,,,,,,,,,,,,,,
BCGP0026945,299998.06,264012.42,,,0.0,0.0,0.0,,,,,,,,,,,,
BCGP0026946,810012.41,765021.53,,,0.19,0.06,0.06,,,,,,,,,,,,
BCGP0026947,100011.12,97539.1,,,0.19,0.13,0.06,,,,,,,,,,,,
BCGP0026950,249992.5,222517.69,,,0.0,,,,,,,,,,,,,,
BCGP0026951,255007.18,223541.81,,,1.64,,,,,,,,,,,,,,
NEB8039,,,,,,,,,,,,,,,,,,,
NEB8041,,,,,,,,,,,,,,,,,,,
BCNF0026230,,,,,,,,,,,,,,,,,,,
