id,status,name,type,plant_name,current_operator,co-owner,constructed_date,latitude,longitude,sub_type,location
ABGP0001001,Active,Maple Glen 15-36-036-16W4,GP,Maple Glen,Canadian Natural Resources Limited,0.0% - Cansearch Resources Ltd.; 0.0% - Canadian Natural Resources Limited,,52.14129,-112.15592,Gas Plant Sweet,15-36-036-16W4M
ABGP0001002,Suspended,Keyera Nevis Gas Plant 16-33-38-22W4,GP,Nevis,Keyera Energy Ltd.,100.0% - Keyera Energy Ltd.,1956-01-01,52.31647,-113.07704,Gas Plant Sulphur Recovery,16-33-038-22W4M
ABGP0001003,Suspended,Gulf Pincher Creek,GP,Pincher Creek,Gulf Canada Limited,100.0% - Palmer Ranch (1984) Ltd.,,49.30742,-113.79413,Gas Plant Sulphur Recovery,01-23-004-29W4M
ABGP0001004,Active,Keyera Homeglen-Rimbey 2-05-44-01W5,GP,Rimbey,Keyera Energy Ltd.,0.0% - Centipede Holdings Ltd.; 0.8% - Bellatrix Exploration Ltd.; 0.1% - Altagas Pipeline Partnership; 98.8% - Keyera Energy Ltd.; 0.1% - Mosaic Energy Ltd.; 0.0% - Canadian Natural Resources Limited; 0.0% - Bonavista Energy Corporation; 1.0% - Green Valley Energy Ltd.,1961-01-01,52.75748,-114.10701,Gas Plant Sulphur Recovery,02-05-044-01W5M
ABGP0001005,Suspended,Gulf Gilby,GP,Gilby,I3 Energy Canada Ltd.,100.0% - I3 Energy Canada Ltd.,,52.44119,-114.30526,Gas Plant Sweet,06-13-040-03W5M
ABGP0001006,Abandoned,Chevron Nevis,GP,Nevis,Chevron Canada Limited,100.0% - Chevron Canada Limited,,52.37406,-113.0847,Gas Plant Sulphur Recovery,15-22-039-22W4M
ABGP0001007,Active,Mitsue 16-30-072-04W5,GP,Mitsue,Canadian Natural Resources Limited,90.0% - Canadian Natural Resources Limited; 10.0% - Superman Resources Inc.,1974-01-01,55.26891,-114.59255,Gas Plant Sweet,16-30-072-04W5M
ABGP0001008,Suspended,Chevron Princess,GP,Princess,Chevron Canada Limited,100.0% - Chevron Canada Limited,,50.68416,-111.54854,Gas Plant Acid Gas Flaring < 1 T/D Sulphur,12-12-020-12W4M
ABGP0001009,Suspended,Sedalia 9-29-31-5 Gp,GP,Sedalia,Baytex Energy Ltd.,100.0% - Baytex Energy Ltd.,1961-01-01,51.68595,-110.66725,Gas Plant Sweet,09-29-031-05W4M
ABGP0001010,Suspended,Norcen Campbell-Namao,GP,Campbell,Canadian Natural Resources Limited,100.0% - Canadian Natural Resources Limited,,53.68884,-113.56821,Gas Plant Acid Gas Flaring < 1 T/D Sulphur,01-26-054-25W4M
ABGP0001011,Abandoned,Shell Innisfail,GP,Innisfail,Shell Canada Limited,100.0% - Enhance Energy Inc.,,51.97099,-114.05192,Gas Plant Sweet,01-03-035-01W5M
ABGP0001012,Active,Pancdn Countess,GP,Makepeace,Torxen Energy Ltd.,100.0% - Torxen Energy Ltd.,,50.91585,-112.44874,Gas Plant Sweet,12-33-022-18W4M
ABGP0001013,Active,Keyera Gilby Plant 15-22-040-03W5,GP,Gilby,Keyera Energy Ltd.,80.2% - Keyera Energy Ltd.; 1.2% - Harvest Operations Corp.; 5.1% - Pengrowth Energy Corporation; 5.1% - Nal Resources Limited; 5.7% - Omers Energy Inc.; 1.3% - Signalta Resources Limited,,52.46344,-114.34751,Gas Plant Acid Gas Flaring < 1 T/D Sulphur,15-22-040-03W5M
ABGP0001014,Active,Atco Carbon,GP,Carbon,Atco Next Energy Ltd.,100.0% - Atco Next Energy Ltd.,1967-01-01,51.47884,-113.05644,Gas Plant Sweet,08-17-029-22W4M
ABGP0001015,Suspended,Wardlow 2-31-22-11W4,GP,Wardlow,Canadian Natural Resources Limited,100.0% - Canadian Natural Resources Limited,1992-01-01,50.90862,-111.51286,Gas Plant Sweet,02-31-022-11W4M
ABGP0001016,Suspended,Cometra Wood River,GP,Cometra Wood River,Vintage Petroleum Canada; Inc.,100.0% - Vintage Petroleum Canada  Inc.,,52.69725,-113.29863,Gas Plant Sweet,16-08-043-23W4M
ABGP0001017,Suspended,Cessford 04-15-027-15W4,GP,Cessford,Canadian Natural Resources Limited,50.0% - Canadian Natural Resources Limited; 50.0% - Arc Resources Ltd.,1960-01-01,51.30065,-112.04278,Gas Plant Sweet,04-15-027-15W4M
ABGP0001018,Suspended,Taurus Consort 7-34-34-6W4 Gp,GP,Provost,Tamarack Valley Energy Ltd.,,1959-01-01,51.9599,-110.77,Gas Plant Sweet,07-34-034-06W4M
ABGP0001019,Suspended,Amoco Buck Creek,GP,Buck Creek,Bp Canada Energy Group Ulc,100.0% - Bp Canada Energy Group Ulc,,49.00159,-110.00785,Gas Plant Sweet,01-01-001-01W4M
ABGP0001020,Suspended,Devon Carstairs,GP,Carstairs,Hwn Energy Ltd.,20.0% - Bonavista Energy Corporation; 36.0% - Direct Energy Marketing Limited; 18.0% - Exxonmobil Canada Energy; 10.0% - Provident Energy Ltd.; 2.0% - Signalta Resources Limited; 8.0% - Bp Canada Energy Company,1960-01-01,51.53563,-114.20286,Gas Plant Sulphur Recovery,03-03-030-02W5M
ABGP0001021,Active,Garrington Olds,GP,Garrington,Whitecap Resources Inc.,100.0% - Whitecap Resources Inc.,1964-01-01,51.74161,-114.13404,Gas Plant Sulphur Recovery,06-18-032-01W5M
ABGP0001022,Active,Cessford 02-08-024-12W4,GP,Cessford,Canadian Natural Resources Limited,47.0% - Imperial Oil Limited; 52.0% - Canadian Natural Resources Limited,1958-01-01,51.02509,-111.64273,Gas Plant Sweet,02-08-024-12W4M
ABGP0001023,Abandoned,Imperial Leduc-Woodbend,GP,Leduc Woodbend,Imperial Oil Resources Limited,100.0% - Imperial Oil Resources Limited,,53.3541,-113.717,Gas Plant Acid Gas Flaring > 1 T/D Sulphur,02-34-050-26W4M
ABGP0001024,Active,Boundary Lake 01-14-085-13W6,GP,Boundary Lake South,Canadian Natural Resources Limited,100.0% - Canadian Natural Resources Limited,,56.36453,-119.92875,Gas Plant Acid Gas Flaring > 1 T/D Sulphur,01-14-085-13W6M
ABGP0001025,Reclamation Certified,Devon Normandville,GP,Normandville,Canadian Natural Resources Limited,100.0% - Canadian Natural Resources Limited,,55.83774,-117.39191,Gas Plant Sweet,13-09-079-22W5M
ABGP0001026,Abandoned,Cessford 7-17-26-14W4,GP,Cessford,Canadian Natural Resources Limited,100.0% - Canadian Natural Resources Limited,,51.21699,-111.92061,Gas Plant Sweet,07-17-026-14W4M
ABGP0001027,Suspended,Imperial Golden Spike,GP,Golden Spike,Imperial Oil Resources Limited,100.0% - Imperial Oil Resources Limited,,53.4229,-113.892,Gas Plant Sweet,15-22-051-27W4M
ABGP0001028,Active,Redwater Gp 1-29-57-21W4,GP,Redwater,Conifer Energy Inc.,100.0% - Conifer Energy Inc.,1956-01-01,53.95228,-113.07831,Gas Plant Sulphur Recovery,01-29-057-21W4M
ABGP0001029,Suspended,Samson Ferrybank,GP,Ferrybank,Obsidian Energy Ltd.,100.0% - Obsidian Energy Ltd.,,52.89101,-113.87045,Gas Plant Sweet,05-21-045-27W4M
ABGP0001030,Suspended,Talisman Turner Valley,GP,Turner Valley,Repsol Oil & Gas Canada Inc.,100.0% - Repsol Oil & Gas Canada Inc.,,50.67202,-114.27018,Gas Plant Sulphur Recovery,14-06-020-02W5M
ABGP0001031,Suspended,Valhalla 8-20-76-9W6,GP,Valhalla,Canadian Natural Resources Limited,100.0% - Canadian Natural Resources Limited,,55.5968,-119.3462,Gas Plant Sweet,08-20-076-09W6M
ABGP0001032,Abandoned,Shell Worsley,GP,Worsley,Shell Canada Limited,100.0% - Shell Canada Limited,,56.55819,-119.02349,Gas Plant Sweet,07-22-087-07W6M
ABGP0001033,Suspended,Crestar Three Hills Ck,GP,Three Hills Creek,Pine Cliff Energy Ltd.,100.0% - Pine Cliff Energy Ltd.,,52.0115,-113.59875,Gas Plant Sweet,13-13-035-26W4M
ABGP0001034,Active,Pgi West Whitecourt (Windfall),GP,Windfall,Pembina Gas Infrastructure Inc.,72.8% - Pgi Processing Ulc; 0.1% - Bp Canada Energy Company; 10.4% - Sw Resources Ulc; 16.7% - Sinopec Canada Energy Ltd.,1959-01-01,54.18629,-116.20559,Gas Plant Sulphur Recovery,08-17-060-15W5M
ABGP0001035,Suspended,Icg Acheson,GP,Icg Acheson,Cnooc Petroleum North America Ulc,100.0% - Cnooc Petroleum North America Ulc,,53.54448,-113.73657,Gas Plant Sweet,04-02-053-26W4M
ABGP0001036,Active,Apache Provost,GP,Consort,Karve Energy Inc.,100.0% - Karve Energy Inc.,,52.10591,-110.69831,Gas Plant Sweet,08-19-036-05W4M
ABGP0001037,Active,Shell Jumping Pound,GP,Jumping Pound,Pieridae Alberta Production Ltd.,100.0% - Shell Canada Limited,1951-01-01,51.13853,-114.58041,Gas Plant Sulphur Recovery,13-13-025-05W5M
ABGP0001038,Active,Apf Energy Countess,GP,Countess,Journey Energy Inc.,24.1% - Cenovus Fccl Ltd.; 22.7% - Enermark Inc.; 53.3% - Journey Energy Inc.,1960-01-01,50.73849,-112.08307,Gas Plant Sweet,08-36-020-16W4M
ABGP0001039,Abandoned,Vista Midstream Enchant Ggs,GP,Enchant,Campus Energy Partners Operations Inc.,100.0% - Barrel Oil Corp.,1963-01-01,50.12987,-112.22436,Gas Plant Acid Gas Flaring > 1 T/D Sulphur,11-35-013-17W4M
ABGP0001040,Reclamation Certified,Can Oxy Okotoks,GP,Can Oxy Okotoks,Cnooc Petroleum North America Ulc,100.0% - Cnooc Petroleum North America Ulc,,50.71942,-113.94897,Gas Plant Sulphur Recovery,04-27-020-29W4M
ABGP0001041,Abandoned,Cessford 3-6-24-10W4,GP,Cessford Plant,Canadian Natural Resources Limited,100.0% - Canadian Natural Resources Limited,,51.00933,-111.3899,Gas Plant Sweet,03-06-024-10W4M
ABGP0001042,Active,Karr 10-10-065-02W6,GP,Karr Creek,Canadian Natural Resources Limited,62.0% - Canadian Natural Resources Limited; 10.0% - Devon Canada; 11.5% - Progress Exploration Ltd.; 3.2% - Enerplus Energy Ltd.; 0.5% - Iteration Energy Ltd.; 12.8% - Signalta Resources Limited,1981-01-01,54.61299,-118.21362,Gas Plant Sweet,10-10-065-02W6M
ABGP0001043,Active,Husky Hussar 13-36,GP,Hussar,Torxen Energy Ltd.,25.0% - Husky Oil Operations Limited; 25.0% - Harvard International Resources Ltd.; 50.0% - Torxen Energy Ltd.,1959-01-01,51.0935,-112.817,Gas Plant Sweet,13-36-024-21W4M
ABGP0001044,Active,Husky Wayne-Rosedale 12-4,GP,Wayne,Torxen Energy Ltd.,25.0% - Husky Oil Operations Limited; 25.0% - Harvard International Resources Ltd.; 50.0% - Torxen Energy Ltd.,1981-01-01,51.36653,-112.76914,Gas Plant Sweet,12-04-028-20W4M
ABGP0001045,Suspended,Imperial Bonnie Glen,GP,Bonnie Glen Solutions,Imperial Oil Resources Limited,100.0% - Imperial Oil Resources Limited,,53.0488,-113.924,Gas Plant Sulphur Recovery,04-17-047-27W4M
ABGP0001046,Suspended,Imperial Pembina,GP,Pembina,Whitecap Resources Inc.,100.0% - Whitecap Resources Inc.,,53.25122,-115.39564,Gas Plant Acid Gas Flaring > 1 T/D Sulphur,01-28-049-10W5M
ABGP0001047,Suspended,Keyera Minnehik-Buck Lake 10-05,GP,Minnehik,Keyera Energy Ltd.,79.8% - Keyera Energy Ltd.; 10.0% - Canlin Resources Partnership; 8.1% - Enerplus Resources Corporation; 1.7% - Taqa North               ; 0.5% - Sabre Energy Ltd.,1961-01-01,52.94033,-114.83234,Gas Plant Sulphur Recovery,10-05-046-06W5M
ABGP0001048,Active,Altana Black Butte,GP,Black Butte,Pine Cliff Energy Ltd.,100.0% - Pine Cliff Energy Ltd.,1962-01-01,49.0312,-111.056,Gas Plant Acid Gas Flaring < 1 T/D Sulphur,01-18-001-08W4M
ABGP0001049,Active,Pancdn Wayne-Rosedale,GP,Wayne Dalum,Torxen Energy Ltd.,100.0% - Torxen Energy Ltd.,,51.3035,-112.65,Gas Plant Sweet,05-17-027-19W4M
ABGP0001050,Suspended,Wascana Crossfield,GP,Crossfield,Cnooc Petroleum North America Ulc,6.3% - Bonavista Petroleum Ltd.; 0.6% - Coastal Resources Limited; 1.4% - Dewpoint Resources Ltd.; 0.0% - Encana Corporation; 2.1% - Enermark Inc.; 33.0% - Exxonmobil Canada Energy; 1.8% - Imperial Oil Limited; 46.7% - Cnooc Petroleum North America Ulc; 0.0% - Pegasus Oil & Gas Inc.; 8.1% - Enerplus Resources Corporation,1961-01-01,51.19259,-113.94389,Gas Plant Sulphur Recovery,10-02-026-29W4M
ABGP0001051,Suspended,Devon Savanna Creek,GP,Coleman,Canadian Natural Resources Limited,100.0% - Canadian Natural Resources Limited,1961-01-01,49.62787,-114.56868,Gas Plant Sulphur Recovery,01-11-008-05W5M
ABGP0001052,Suspended,Husky Farrell Exp Chain 7-23,GP,Farrell Exp Chain,Cenovus Energy Inc.,100.0% - Cenovus Energy Inc.,,51.84199,-112.16433,Gas Plant Sweet,07-23-033-16W4M
ABGP0001053,Suspended,Merit Sibbald,GP,Merit Sibbald,Nuvista Energy Ltd.,100.0% - Nuvista Energy Ltd.,,51.36425,-110.28552,Gas Plant Sweet,05-06-028-02W4M
ABGP0001054,Active,D Energy Wildcat Hills 6-16-26-5W5,GP,Wildcat Hills,Canlin Energy Corporation,,1962-01-01,51.21951,-114.64666,Gas Plant Sulphur Recovery,06-16-026-05W5M
ABGP0001055,Suspended,Tom Brown Edson,GP,Tom Brown Edson,Ovintiv Canada Ulc,100.0% - Long Run Exploration Ltd.,,53.52105,-116.49212,Gas Plant Sweet,10-30-052-17W5M
ABGP0001056,Active,Shell Waterton,GP,Waterton,Pieridae Alberta Production Ltd.,100.0% - Shell Canada Limited,1962-01-01,49.30744,-113.99953,Gas Plant Sulphur Recovery,02-20-004-30W4M
ABGP0001057,Active,Penn West Pembina,GP,Lobstick Glauconite,Obsidian Energy Ltd.,87.3% - Obsidian Energy Ltd.; 10.7% - Arc Resources Ltd.; 0.1% - Bonterra Energy Corp.; 0.3% - Canadian Natural Resources Limited; 0.5% - Laramide Oil & Gas Ltd.; 0.5% - Signalta Resources Limited; 0.5% - Owlco Resources Ltd,1980-01-01,53.31794,-114.97986,Gas Plant Sweet,09-17-050-07W5M
ABGP0001058,Active,Trilogy Kaybob,GP,Kaybob,Paramount Resources Ltd.,90.0% - Paramount Resources Ltd.,1962-01-01,54.521,-116.804,Gas Plant Acid Gas Flaring > 1 T/D Sulphur,08-09-064-19W5M
ABGP0001059,Suspended,Drumheller  6-33-30-19W4,GP,Drumheller,Canadian Natural Resources Limited,100.0% - Canadian Natural Resources Limited,,51.60948,-112.62331,Gas Plant Sweet,06-33-030-19W4M
ABGP0001060,Active,Solex Harmattan-Elkton,GP,Alta Gas Harmattan,Altagas Ltd.,100.0% - Altagas Ltd.,1960-01-01,51.68925,-114.47925,Gas Plant Sulphur Recovery,09-27-031-04W5M
ABGP0001061,Suspended,Gulf Gilby,GP,Gilby,I3 Energy Canada Ltd.,100.0% - I3 Energy Canada Ltd.,,52.53839,-114.29121,Gas Plant Sweet,01-24-041-03W5M
ABGP0001062,Active,Carson Creek Gp 4-23-61-12W5,GP,Carson Creek,Conifer Energy Inc.,95.0% - Conifer Energy Inc.; 5.0% - Journey Energy Inc.,1960-01-01,54.28503,-115.69849,Gas Plant Acid Gas Flaring > 1 T/D Sulphur,04-23-061-12W5M
ABGP0001063,Active,Apache Canada Provost,GP,Kessler,Battle River Energy Ltd.,98.0% - Battle River Energy Ltd.,,52.3314,-111.1269,Gas Plant Sweet,13-05-039-08W4M
ABGP0001064,Suspended,Petro-Can Gilby,GP,Gilby,Canlin Energy Corporation,100.0% - Canlin Resources Partnership,,52.47037,-114.34653,Gas Plant Acid Gas Flaring < 1 T/D Sulphur,07-27-040-03W5M
ABGP0001065,Abandoned,Barrel Retlaw 12-02-013-19W4,GP,Retlaw,Barrel Oil Corp.,83.5% - Campus Energy Partners Operations Inc.; 16.5% - Enermark Inc.,1963-01-01,50.05764,-112.50506,Gas Plant Acid Gas Flaring < 1 T/D Sulphur,12-02-013-19W4M
ABGP0001066,Suspended,Poco Kirkwall,GP,Poco Kirkwall,Conocophillips Canada,100.0% - Conocophillips Canada Resources Corp.,,51.33059,-110.66429,Gas Plant Sweet,01-29-027-05W4M
ABGP0001067,Suspended,Renaissance Sylvan Lake-21,GP,Sylvan Lake,Cenovus Energy Inc.,100.0% - Cenovus Energy Inc.,,52.27658,-114.21761,Gas Plant Sweet,01-21-038-02W5M
ABGP0001068,Suspended,Westlock 07-15-060-02W5,GP,Westlock West,Canadian Natural Resources Limited,100.0% - Canadian Natural Resources Limited,,54.18824,-114.21254,Gas Plant Sweet,07-15-060-02W5M
ABGP0001069,Active,Cfr Jc 15-25-64-11W5 Gp,GP,Judy Creek Conservation Plant,Conifer Energy Inc.,51.0% - Conifer Energy Inc.; 24.5% - Obsidian Energy Ltd.; 24.5% - Canadian Natural Resources Limited,1960-01-01,54.57197,-115.52196,Gas Plant Acid Gas Flaring > 1 T/D Sulphur,15-25-064-11W5M
ABGP0001070,Active,Btg Energy Sylvan Lake Gp 14-32,GP,Sylvan Lake,Btg Energy Corporation,40.0% - Btg Energy Corporation,1965-01-01,52.22997,-114.39743,Gas Plant Acid Gas Flaring > 1 T/D Sulphur,14-32-037-03W5M
ABGP0001071,Suspended,Rigel Gilby,GP,Rigel Gilby,Talisman Energy Inc.,100.0% - I3 Energy Canada Ltd.,,52.51788,-114.29895,Gas Plant Acid Gas Flaring > 1 T/D Sulphur,10-12-041-03W5M
ABGP0001072,Active,Real Resources West Provost,GP,Provost West,Karve Energy Inc.,100.0% - Karve Energy Inc.,1964-01-01,52.0784,-111.01149,Gas Plant Sweet,10-12-036-08W4M
ABGP0001073,Suspended,Altaquest Gilby,GP,Gilby,Cequel Energy Inc.,100.0% - Manitok Energy Inc.,,52.51815,-114.34682,Gas Plant Acid Gas Flaring < 1 T/D Sulphur,10-10-041-03W5M
ABGP0001074,Suspended,Imperial Bonnie Glen,GP,Bonnie Glen Cycle,Imperial Oil Resources Limited,100.0% - Imperial Oil Resources Limited,,53.0488,-113.919,Gas Plant Acid Gas Flaring > 1 T/D Sulphur,03-17-047-27W4M
ABGP0001075,Active,Vermilion Carrot Creek,GP,Granada,Vermilion Energy Inc.,52.0% - Vermilion Energy Inc.; 48.0% - Obsidian Energy Ltd.,1972-01-01,53.48483,-115.60569,Gas Plant Sweet,02-18-052-11W5M
ABGP0001076,Active,Pancdn Wayne-Rosedale,GP,Redlands High Pressure,Lynx Energy Ulc,100.0% - Lynx Energy Ulc,,51.40324,-112.91416,Gas Plant Sweet,01-20-028-21W4M
ABGP0001077,Suspended,Amoco Gilby South,GP,Amoco Gilby South,Bp Canada Energy Group Ulc,100.0% - Bp Canada Energy Group Ulc,,52.47052,-114.31681,Gas Plant Acid Gas Flaring > 1 T/D Sulphur,08-26-040-03W5M
ABGP0001078,Suspended,Handhills 10-33-28-15W4,GP,Handhills Coyote,Canadian Natural Resources Limited,100.0% - Canadian Natural Resources Limited,,51.44043,-112.05264,Gas Plant Sweet,10-33-028-15W4M
ABGP0001079,Suspended,Primewest Crossfield East,GP,Crossfield East,Taqa North Ltd.,55.0% - Taqa North Ltd.,1967-01-01,51.3974,-114.02887,Gas Plant Sulphur Recovery,09-14-028-01W5M
ABGP0001080,Active,Calcrude Cherhill,GP,Cherhill,Journey Energy Inc.,90.0% - Journey Energy Inc.; 10.0% - Ridgmar Canada Inc.,1972-01-01,53.848,-114.619,Gas Plant Sweet,04-24-056-05W5M
ABGP0001081,Active,Devon Wimborne,GP,Wimborne,Vantage Point Resources Inc.,99.8% - Vantage Point Resources Inc.,1964-01-01,51.89935,-113.56946,Gas Plant Sulphur Recovery,04-12-034-26W4M
ABGP0001082,Suspended,Imperial Willesden Green,GP,Willesden Green,Entrada Resources Inc.,100.0% - Entrada Resources Inc.,1964-01-01,52.61218,-114.81871,Gas Plant Sweet,01-17-042-06W5M
ABGP0001083,Suspended,Bonavista Harmattan-Elkton Plant,GP,Harmattan Elkton South Unit 1,Hwn Energy Ltd.,100.0% - Hwn Energy Ltd.,,51.62385,-114.48381,Gas Plant Acid Gas Flaring > 1 T/D Sulphur,02-03-031-04W5M
ABGP0001084,Active,Edson 04-11-053-18W5 Gp,GP,Edson,Peyto Exploration & Development Corp.,0.0% - Chair Resources Inc.; 0.0% - Conocophillips Canada Resources Corp.; 0.0% - Crocotta Energy Inc.; 0.0% - Conocophillips Canada (Brc) Ltd.; 0.0% - Daylight Energy Ltd.; 0.0% - Enerplus Oil & Gas Ltd.; 0.0% - Enermark Inc.; 59.0% - Repsol Oil & Gas Canada Inc.; 22.0% - Keyera Energy Ltd.,1965-01-01,53.55721,-116.55321,Gas Plant Sulphur Recovery,04-11-053-18W5M
ABGP0001085,Active,Penn West Tomahawk 04-02 Gp,GP,Berrymoor,Obsidian Energy Ltd.,2.9% - Signalta Resources Limited; 6.2% - Canetic Resources Inc.; 90.9% - Obsidian Energy Ltd.,,53.28055,-114.7736,Gas Plant Sweet,03-02-050-06W5M
ABGP0001086,Active,Tamarack Veteran 15-20-034-08W4 Gp,GP,Veteran,Tamarack Valley Energy Ltd.,100.0% - Tamarack Valley Energy Ltd.,,51.93887,-111.09876,Gas Plant Sweet,15-20-034-08W4M
ABGP0001087,Suspended,Crestar Oyen,GP,Crestar Oyen,Conocophillips Canada,100.0% - Conocophillips Canada Energy Partnership,,51.44453,-110.58471,Gas Plant Sweet,14-36-028-05W4M
ABGP0001088,Active,Bonterra 05-35 Sweet Gas Plant,GP,Keystone,Bonterra Energy Corp.,100.0% - Bonterra Energy Corp.,1965-01-01,53.18335,-114.48522,Gas Plant Sweet,05-35-048-04W5M
ABGP0001089,Suspended,Paddle River 13-06-057-8W5 Gas Plant,GP,Paddle River,Tidewater Midstream And Infrastructure Ltd.,100.0% - Tidewater Midstream And Infrastructure Ltd.,1966-01-01,53.90229,-115.18977,Gas Plant Sulphur Recovery,13-06-057-08W5M
ABGP0001090,Suspended,Mobil Harmattan-Elkton,GP,Harmattan-Elkton,Exxonmobil,100.0% - Exxonmobil Canada Ltd.,,51.68923,-114.4802,Gas Plant Sweet,10-27-031-04W5M
ABGP0001091,Active,Pancdn Wintering Hills,GP,Wintering Hills,Torxen Energy Ltd.,100.0% - Torxen Energy Ltd.,,51.12594,-112.35472,Gas Plant Sweet,01-18-025-17W4M
ABGP0001092,Suspended,Steen Crossfield,GP,Steen Crossfield,Petrostone Holdings Ltd.,100.0% - Steen Resources Ltd.,,51.58165,-114.37926,Gas Plant Sweet,08-20-030-03W5M
ABGP0001093,Suspended,Ferrier 09-22-39-8W5,GP,Ferrier 1,Canadian Natural Resources Limited,100.0% - Canadian Natural Resources Limited,,52.37231,-115.06059,Gas Plant Sweet,09-22-039-08W5M
ABGP0001094,Suspended,Amoco Lone Pine Creek,GP,Lone Pine Creek,Taqa North Ltd.,100.0% - Taqa North Ltd.,,51.58062,-113.84123,Gas Plant Sulphur Recovery,06-23-030-28W4M
ABGP0001095,Active,Cdn 88 Twining,GP,Three Hills Creek,Artis Exploration Ltd.,100.0% - Artis Exploration Ltd.,,51.69361,-113.21579,Gas Plant Sweet,04-33-031-23W4M
ABGP0001096,Active,Petro-Can Wilson Creek,GP,Wilson Creek,Mancal Energy Inc.,52.2% - Tamarack Acquisition Corp.; 47.8% - Taqa North Ltd.,1968-01-01,52.7282,-114.5349,Gas Plant Acid Gas Flaring < 1 T/D Sulphur,01-29-043-04W5M
ABGP0001097,Active,Conoco Ghost Pine,GP,Ghost Pine,Pine Cliff Energy Ltd.,100.0% - Pine Cliff Energy Ltd.,1967-01-01,51.63823,-112.86592,Gas Plant Sweet,08-11-031-21W4M
ABGP0001098,Suspended,Crestar Gilby N,GP,Crestar Gilby N,I3 Energy Canada Ltd.,100.0% - Suncor Energy Inc.,,52.51744,-114.44663,Gas Plant Sweet,11-12-041-04W5M
ABGP0001099,Suspended,Altana Caroline,GP,Altana Caroline,Altana Exploration Company,100.0% - Taqa North Ltd.,,51.96525,-114.72934,Gas Plant Acid Gas Flaring > 1 T/D Sulphur,12-36-034-06W5M
ABGP0001100,Suspended,Vulcan 8-24-15-22W4,GP,Vulcan,Canadian Natural Resources Limited,100.0% - Canadian Natural Resources Limited,,50.27051,-112.89313,Gas Plant Acid Gas Flaring > 1 T/D Sulphur,08-24-015-22W4M
ABGP0001101,Abandoned,Amoco Bigstone,GP,Bigstone,Bp Canada Energy Group Ulc,100.0% - Paramount Resources Ltd.,,54.25847,-117.21398,Gas Plant Sulphur Recovery,06-10-061-22W5M
ABGP0001102,Suspended,Amoco Crossfield,GP,Crossfield,Bp Canada Energy Group Ulc,100.0% - Taqa North Ltd.,,51.38897,-114.02705,Gas Plant Sweet,01-14-028-01W5M
ABGP0001103,Active,Sylvan Lake-10-12-038-03 W5M,GP,Sylvan Lake,Harvest Operations Corp.,100.0% - Harvest Operations Corp.,1980-01-01,52.2565,-114.29837,Gas Plant Sweet,10-12-038-03W5M
ABGP0001104,Suspended,Amoco South Caroline,GP,Caroline South,Tourmaline Oil Corp.,100.0% - Tourmaline Oil Corp.,,51.92734,-114.53795,Gas Plant Sulphur Recovery,03-20-034-04W5M
ABGP0001105,Active,Cve Rainbow 10-10,GP,Rainbow,Cenovus Energy Inc.,100.0% - Cenovus Energy Inc.,1967-01-01,58.45072,-119.23723,Gas Plant Sulphur Recovery,10-10-109-08W6M
ABGP0001106,Active,Husky Elnora 5-19,GP,Mikwan,Bornite Energy Ltd.,25.0% - Encana Corporation; 75.0% - Bornite Energy Ltd.,1978-01-01,52.01768,-113.14489,Gas Plant Sweet,05-19-035-22W4M
ABGP0001107,Active,Pgi Kaybob Amalgamated,GP,Kaybob South 1 Cycling,Pembina Gas Infrastructure Inc.,56.6% - Pgi Processing Ulc; 22.8% - Husky Oil Operations Limited; 1.5% - Talisman Energy Inc.; 2.0% - Devon Canada Corporation; 1.6% - Taqa North Ltd.; 0.6% - Conocophillips Canada (Brc) Ltd.; 0.1% - Paramount Resources (Acl) Ltd.; 5.5% - Cequence Energy Ltd.; 4.0% - Whitecap Energy Canada; 5.2% - Long Run Exploration Ltd.,1967-01-01,54.34311,-116.85406,Gas Plant Sulphur Recovery,01-12-062-20W5M
ABGP0001108,Active,Keyera Brazeau East 6-12-046-14W5,GP,Brazeau River,Keyera Energy Ltd.,100.0% - Keyera Energy Ltd.,1968-01-01,52.9493,-115.902,Gas Plant Sulphur Recovery,06-12-046-14W5M
ABGP0001109,Abandoned,Vintage West Drumheller,GP,Drumheller West,Obsidian Energy Ltd.,100.0% - Sanling Energy Ltd.,,51.54128,-112.83713,Gas Plant Acid Gas Flaring > 1 T/D Sulphur,12-01-030-21W4M
ABGP0001110,Active,Ferrier 01-20-039-07W5,GP,Ferrier 2,Canadian Natural Resources Limited,100.0% - Canadian Natural Resources Limited,,52.36599,-114.96378,Gas Plant Sweet,01-20-039-07W5M
ABGP0001111,Suspended,Northrock Judy Creek,GP,Judy Creek,Point Loma Resources Ltd.,100.0% - Point Loma Resources Ltd.,,54.5541,-115.662,Gas Plant Sweet,12-19-064-11W5M
ABGP0001112,Suspended,Sturgeon Lake S 2-2-69-22W5,GP,Sturgeon Lake South,Canadian Natural Resources Limited,100.0% - Canadian Natural Resources Limited,1969-01-01,54.93874,-117.23971,Gas Plant Sulphur Recovery,02-02-069-22W5M
ABGP0001113,Active,Keyera Simonette Gas Plant 09-06,GP,Simonette,Keyera Energy Ltd.,100.0% - Keyera Energy Ltd.,1969-01-01,54.42259,-117.75935,Gas Plant Sulphur Recovery,09-06-063-25W5M
ABGP0001114,Active,Campus Bantry,GP,Bantry,Pivotal Energy Partners Inc.,100.0% - Pivotal Energy Partners Inc.,,50.4714,-111.6071,Gas Plant Acid Gas Injection,04-33-017-12W4M
ABGP0001115,Active,Petro-Can Whitecourt,GP,Whitecourt,Taqa North Ltd.,45.8% - Taqa North Ltd.; 45.3% - Chinook Energy Inc.; 4.2% - Harvest Operations Corp.; 4.7% - Obsidian Energy Ltd.,1968-01-01,54.13113,-115.54923,Gas Plant Acid Gas Flaring > 1 T/D Sulphur,12-26-059-11W5M
ABGP0001116,Active,Apache Provost,GP,Brownfield,Karve Energy Inc.,96.1% - Karve Energy Inc.,1969-01-01,52.31898,-111.47929,Gas Plant Sweet,02-02-039-11W4M
ABGP0001117,Active,Devon Marten Hills,GP,Marten Hills Plant 1,Sequoia Resources Corp.,100.0% - Sequoia Resources Corp.,1969-01-01,55.42928,-113.61059,Gas Plant Acid Gas Injection,14-22-074-24W4M
ABGP0001118,Suspended,Amoco East Garrington,GP,Garrington East,Tourmaline Oil Corp.,100.0% - Tourmaline Oil Corp.,1975-01-01,51.91974,-114.39267,Gas Plant Sweet,11-17-034-03W5M
ABGP0001119,Active,Willow 02-05-028-17W4,GP,Drumheller East,Canadian Natural Resources Limited,100.0% - Canadian Natural Resources Limited,1974-01-01,51.35926,-112.35539,Gas Plant Sweet,02-05-028-17W4M
ABGP0001120,Suspended,Amoco Kaybob S #2,GP,Kaybob South 1 Cycling,Bp Canada Energy Group Ulc,100.0% - Pgi Processing Ulc,,54.34316,-116.85462,Gas Plant Sweet,01-12-062-20W5M
ABGP0001121,Active,Keyera Nordegg River 6-10-044-12W5,GP,Nordegg River,Keyera Energy Ltd.,89.4% - Keyera Energy Ltd.,1969-01-01,52.7768,-115.662,Gas Plant Sulphur Recovery,06-10-044-12W5M
ABGP0001122,Active,Central Ferrier Gp 01-06,GP,Ferrier,Canlin Energy Corporation,,1970-01-01,52.4969,-114.9898,Gas Plant Sweet,01-06-041-07W5M
ABGP0001123,Active,Chevron Mitsue,GP,Mitsue,Cardinal Energy Ltd.,13.0% - Canadian Natural Resources Limited; 85.0% - Cardinal Energy Ltd.,1969-01-01,55.26784,-114.60286,Gas Plant Acid Gas Flaring < 1 T/D Sulphur,10-30-072-04W5M
ABGP0001124,Abandoned,Bittern Lk 5-31-45-20W4,GP,Bittern Lake,Canadian Natural Resources Limited,100.0% - Canadian Natural Resources Limited,,52.9208,-112.90459,Gas Plant Acid Gas Flaring > 1 T/D Sulphur,05-31-045-20W4M
ABGP0001125,Active,Waskahigan 15-7-064-23W5,GP,Waskahigan,Canadian Natural Resources Limited,94.2% - Canadian Natural Resources Limited,,54.5272,-117.463,Gas Plant Sweet,15-07-064-23W5M
ABGP0001126,Abandoned,Jordan Provost,GP,Jordan Provost,Enerplus Corporation,100.0% - Primewest Energy Inc.,,52.30199,-112.08093,Gas Plant Sweet,16-28-038-15W4M
ABGP0001127,Active,Greencourt 09-26-059-09W5,GP,Greencourt,Canadian Natural Resources Limited,100.0% - Canadian Natural Resources Limited,1969-01-01,54.13122,-115.22795,Gas Plant Acid Gas Flaring > 1 T/D Sulphur,09-26-059-09W5M
ABGP0001128,Suspended,Gulf Swallwell,GP,Swallwell,Ember Resources Inc.,100.0% - Ember Resources Inc.,,51.52339,-113.32358,Gas Plant Acid Gas Injection,06-33-029-24W4M
ABGP0001129,Active,Gold Creek 13-26-067-05W6,GP,Gold Creek,Canadian Natural Resources Limited,17.0% - Progress Energy Ltd.; 0.8% - Chinook Energy Ltd.; 82.2% - Canadian Natural Resources Limited,1969-01-01,54.8354,-118.658,Gas Plant Sulphur Recovery,13-26-067-05W6M
ABGP0001130,Active,Central Gilby Gp 02-27,GP,Gilby,Canlin Energy Corporation,,1970-01-01,52.46588,-114.34676,Gas Plant Acid Gas Flaring < 1 T/D Sulphur,02-27-040-03W5M
ABGP0001131,Suspended,Shell Burnt Timber,GP,Burnt Timber,Shell Canada Limited,100.0% - Shell Canada Limited,1972-01-01,51.5728,-114.85324,Gas Plant Sulphur Recovery,10-13-030-07W5M
ABGP0001132,Active,Marten Hills 10-18-076-25W4,GP,Marten Hills,Canadian Natural Resources Limited,100.0% - Canadian Natural Resources Limited,,55.58689,-113.87184,Gas Plant Acid Gas Injection,10-18-076-25W4M
ABGP0001133,Active,Keyera Strachan 11-35-037-09W5,GP,Strachan,Keyera Energy Ltd.,100.0% - Keyera Energy Ltd.,1970-01-01,52.22609,-115.18149,Gas Plant Sulphur Recovery,11-35-037-09W5M
ABGP0001134,Active,Caledonian Midstream Quirk Creek,GP,Quirk Creek,Caledonian Midstream Corporation,98.3% - Caledonian Midstream Corporation; 1.7% - Shell Oil Company,1970-01-01,50.74884,-114.49434,Gas Plant Sulphur Recovery,02-04-021-04W5M
ABGP0001135,Suspended,Apache Virginia Hill,GP,Hope Creek,Paramount Resources Ltd.,100.0% - Paramount Resources Ltd.,1970-01-01,54.53832,-115.92385,Gas Plant Acid Gas Flaring > 1 T/D Sulphur,10-17-064-13W5M
ABGP0001136,Suspended,Apache Provost,GP,Hamilton Lake,Karve Energy Inc.,100.0% - Karve Energy Inc.,1970-01-01,51.98163,-111.17551,Gas Plant Sweet,16-02-035-09W4M
ABGP0001137,Abandoned,Joffre 11-31-39-26W4,GP,Joffre,Canadian Natural Resources Limited,100.0% - Canadian Natural Resources Limited,,52.40015,-113.7393,Gas Plant Sweet,11-31-039-26W4M
ABGP0001138,Active,Penn West Bigoray,GP,Bigoray,Obsidian Energy Ltd.,100.0% - Obsidian Energy Ltd.,1977-01-01,53.4317,-115.12254,Gas Plant Acid Gas Flaring > 1 T/D Sulphur,06-28-051-08W5M
ABGP0001139,Abandoned,Mobil Lone Pine Creek,GP,Lone Pine Creek,Exxonmobil,100.0% - Exxonmobil Canada Ltd.,1971-01-01,51.50864,-113.86973,Gas Plant Sulphur Recovery,05-27-029-28W4M
ABGP0001140,Suspended,Ferryb Duv 14-33-043-27W4 Gp,GP,Ferrybank,Ledgend Royalty Trust Ltd.,100.0% - Ledgend Royalty Trust Ltd.,,52.75515,-113.86396,Gas Plant Sweet,14-33-043-27W4M
ABGP0001141,Active,Ram River 04-02-037-10W5,GP,Ram River,Tidewater Midstream And Infrastructure Ltd.,85.0% - Tidewater Midstream And Infrastructure Ltd.; 2.1% - Enerplus Resources Corporation; 3.0% - C Group Energy Inc.; 9.8% - Paramount Resources (Acl) Ltd.,1972-01-01,52.14736,-115.3322,Gas Plant Sulphur Recovery,04-02-037-10W5M
ABGP0001143,Active,Psec Leafland 13-16 Gp,GP,Leafland,Inplay Oil Corp.,75.9% - Inplay Oil Corp.,1971-01-01,52.44986,-114.67198,Gas Plant Sweet,13-16-040-05W5M
ABGP0001144,Active,Pgi Kaybob South #3,GP,Kaybob South 3,Pembina Gas Infrastructure Inc.,85.0% - Pgi Processing Ulc; 10.2% - Exxonmobil Canada Energy; 0.1% - Hamilton Brothers Canadian Gas Company Ltd.; 0.1% - Bp Canada Energy Company; 0.1% - Devon Canada Corporation; 0.1% - Conocophillips Canada Limited; 0.1% - Suncor Energy Inc.; 4.2% - Burlington Resources Canada Ltd.; 0.1% - Paramount Resources (Acl) Ltd.,1972-01-01,54.09586,-116.6172,Gas Plant Sulphur Recovery,03-15-059-18W5M
ABGP0001145,Suspended,Imperial Rainbow,GP,Rainbow,Cenovus Energy Inc.,100.0% - Cenovus Energy Inc.,,58.56591,-119.05717,Gas Plant Sweet,12-23-110-07W6M
ABGP0001147,Active,Veresen Hythe 11-18-074-12W6 Gp,GP,Hythe,Pembina Gas Infrastructure Inc.,100.0% - Veresen Midstream General Partner Inc.,1981-01-01,55.41235,-119.83518,Gas Plant Sulphur Recovery,11-18-074-12W6M
ABGP0001148,Suspended,Saxon Bigoray,GP,Bigoray,Obsidian Energy Ltd.,100.0% - Obsidian Energy Ltd.,,53.41974,-115.09045,Gas Plant Sweet,10-22-051-08W5M
ABGP0001149,Active,00/06-15-048-03W5 Pembina Gp,GP,Warburg Keystone,Sinopec Canada Energy Ltd.,100.0% - Sinopec Canada Energy Ltd.,,53.1396,-114.358,Gas Plant Sweet,06-15-048-03W5M
ABGP0001150,Active,Crestar Little Bow,GP,Little Bow,Blue Sky Resources Ltd.,100.0% - Blue Sky Resources Ltd.,1981-01-01,50.2211,-112.443,Gas Plant Acid Gas Flaring > 1 T/D Sulphur,16-31-014-18W4M
ABGP0001151,Suspended,Renaissance Hussar 2-1,GP,Rosebud,Torxen Energy Ltd.,100.0% - Torxen Energy Ltd.,,51.27132,-112.82814,Gas Plant Sweet,02-01-027-21W4M
ABGP0001152,Suspended,Encal Simonette,GP,Simonette,Spoke Resources Ltd.,100.0% - Spoke Resources Ltd.,,54.42259,-117.75935,Gas Plant Sweet,09-06-063-25W5M
ABGP0001153,Active,Ferrybank 02-01 Gas Plant,GP,Ferrybank,Tourmaline Oil Corp.,52.0% - Bonavista Energy Corporation; 48.0% - Nal Resources Limited,1977-01-01,52.75681,-113.93317,Gas Plant Sweet,02-01-044-28W4M
ABGP0001154,Suspended,Encal Sylvan Lake,GP,Sylvan Lake,Taqa North Ltd.,100.0% - Taqa North Ltd.,,52.24188,-114.19952,Gas Plant Sweet,10-03-038-02W5M
ABGP0001155,Abandoned,Mobil Rainbow,GP,Rainbow Lake Battery 10,Cenovus Energy Inc.,100.0% - Cenovus Energy Inc.,1969-01-01,58.53795,-118.90359,Gas Plant Sulphur Recovery,10-10-110-06W6M
ABGP0001156,Suspended,Petro-Can Medicine River,GP,Gilby,Pine Cliff Energy Ltd.,26.0% - Obsidian Energy Ltd.; 26.0% - Certus Oil And Gas Inc.; 23.6% - Keyera Energy Ltd.; 7.2% - Taqa North               ,1972-01-01,52.41308,-114.40685,Gas Plant Acid Gas Flaring < 1 T/D Sulphur,05-05-040-03W5M
ABGP0001157,Suspended,Penn West Woking,GP,Penn West Woking,Kelt Exploration Ltd.,100.0% - Kelt Exploration Ltd.,,55.52784,-118.61156,Gas Plant Sweet,11-30-075-04W6M
ABGP0001158,Active,Pennwest Pembina (Sub #1),GP,Pembina Pembalta Stn 1,Ricochet Oil Corp.,82.9% - Ricochet Oil Corp.; 10.1% - Bonterra Energy Corp.; 5.0% - Obsidian Energy Ltd.; 0.1% - Blaze Energy Ltd.,1958-01-01,53.17412,-114.88365,Gas Plant Sweet,09-25-048-07W5M
ABGP0001159,Active,Bonterra 10-15 Sweet Gas Plant Stn 2,GP,Rose Creek Pembalta Stn 2,Bonterra Energy Corp.,28.1% - Obsidian Energy Ltd.; 38.9% - Bonterra Energy Corp.; 25.7% - Enerplus Corporation     ; 5.5% - Arc Resources Ltd.; 1.4% - Husky Oil Operations Limited; 0.5% - Freehold Resources Ltd.,1957-01-01,53.05497,-114.93586,Gas Plant Sweet,10-15-047-07W5M
ABGP0001160,Suspended,Mobil Pembina,GP,Pembina,Ricochet Oil Corp.,100.0% - Ricochet Oil Corp.,,53.2052,-115.13214,Gas Plant Sweet,15-05-049-08W5M
ABGP0001161,Active,Mobil Pembina,GP,Pembalta 4,Ricochet Oil Corp.,10.0% - Obsidian Energy Ltd.; 88.3% - Ricochet Oil Corp.; 1.0% - Bonterra Energy Corp.; 0.8% - Blaze Energy Ltd.,1957-01-01,53.23166,-115.10071,Gas Plant Acid Gas Flaring < 1 T/D Sulphur,09-16-049-08W5M
ABGP0001162,Reclamation Exempt,Amoco Pemb (Sub #5),GP,Pemb Sub 5,Bp Canada Energy Group Ulc,100.0% - Arc Resources Ltd.,,53.10905,-115.06202,Gas Plant Sweet,07-02-048-08W5M
ABGP0001163,Active,Spectra Gordondale West Gas Plant,GP,Gordondale West,Northriver Midstream,100.0% - Northriver Midstream Inc.,1981-01-01,55.86335,-119.58471,Gas Plant Sweet,11-24-079-11W6M
ABGP0001164,Active,Amoco Pembina (Sub #7),GP,Pembina Pembalta Stn 7,Obsidian Energy Ltd.,0.7% - Taqa North Ltd.; 5.1% - Freehold Resources Ltd.; 83.5% - Obsidian Energy Ltd.; 4.5% - Bonterra Energy Corp.; 6.2% - Arc Resources Ltd.,1958-01-01,53.0935,-115.24,Gas Plant Sweet,04-34-047-09W5M
ABGP0001165,Active,Amoco Pembina (Sub #8),GP,Pembina Pembalta Stn 8,Obsidian Energy Ltd.,80.0% - Obsidian Energy Ltd.; 15.0% - Bonterra Energy Corp.,,53.19729,-115.29147,Gas Plant Sweet,05-05-049-09W5M
ABGP0001166,Abandoned,Atco Midstream 4-20,GP,Cranberry,Atco Next Energy Ltd.,100.0% - Atco Next Energy Ltd.,,57.33824,-118.46007,Gas Plant Sweet,04-20-096-03W6M
ABGP0001167,Active,Crestar Huxley,GP,Huxley South,Pine Cliff Energy Ltd.,100.0% - Pine Cliff Energy Ltd.,1997-01-01,51.9181,-113.373,Gas Plant Sweet,06-17-034-24W4M
ABGP0001168,Active,Heathdale 7-9-30-11W4 Stanmore,GP,Stanmore,Canadian Natural Resources Limited,75.0% - Canadian Natural Resources Limited; 20.0% - Pengrowth Energy Corporation,,51.5523,-111.49,Gas Plant Sweet,07-09-030-11W4M
ABGP0001169,Active,Dunvegan 15-3-81-4W6,GP,Dunvegan,Canadian Natural Resources Limited,78.3% - Canadian Natural Resources Limited; 5.1% - Arc Resources Ltd.; 3.9% - Chair Resources Inc.; 1.0% - Signalta Resources Limited; 4.3% - Taqa North Ltd.; 0.9% - 119307 Alberta Corporation; 0.5% - 389592 Alberta Ltd.; 0.6% - Ardee Resources Ltd.; 0.7% - Cumulus Investments Ltd.; 1.6% - Prairie Birch Royalties Ltd.; 3.2% - W. F. Brown Exploration Ltd,1972-01-01,55.99775,-118.53288,Gas Plant Sweet,15-03-081-04W6M
ABGP0001170,Abandoned,Nal Resources Joffre,GP,Resources Joffre,Whitecap Resources Inc.,100.0% - Del Canada Gp Ltd.,,52.35854,-113.70703,Gas Plant Sulphur Recovery,15-17-039-26W4M
ABGP0001171,Suspended,Michichi 4-8-31-18W4,GP,East Michichi,Canadian Natural Resources Limited,74.9% - Canadian Natural Resources Limited; 1.2% - Encana Corporation; 9.8% - Signalta Resources Limited; 8.4% - Sonde Resources Corp.; 4.7% - Centrica Canada Limited; 1.1% - Celtic Exploration Ulc,1982-01-01,51.63748,-112.53138,Gas Plant Sweet,04-08-031-18W4M
ABGP0001172,Active,Star Mikwan,GP,Arc Mikwan,Sun Century Petroleum Corporation,18.6% - Cansearch Resources Ltd.; 5.4% - Signalta Resources Limited; 3.6% - Conocophillips Canada Resources Corp.; 1.5% - Advantage Energy Ltd.; 9.1% - Pengrowth Energy Corporation; 54.0% - Sun Century Petroleum Corporation,1971-01-01,52.16761,-113.25045,Gas Plant Sweet,10-08-037-23W4M
ABGP0001173,Suspended,Keyera Ricinus Gas Plant 11-30,GP,Ricinus,Keyera Energy Ltd.,70.8% - Keyera Energy Ltd.; 28.7% - Taqa North Ltd.; 0.5% - Cenovus Energy Inc.,1967-01-01,52.03712,-115.13502,Gas Plant Sweet,11-30-035-08W5M
ABGP0001174,Active,Pancdn Countess,GP,Countess,Torxen Energy Ltd.,100.0% - Torxen Energy Ltd.,1980-01-01,50.5375,-112.029,Gas Plant Acid Gas Flaring < 1 T/D Sulphur,10-20-018-15W4M
ABGP0001175,Active,Archer Bruce,GP,Bruce/West Holden,Sequoia Resources Corp.,100.0% - Sequoia Resources Corp.,,53.0197,-112.19403,Gas Plant Sweet,04-06-047-15W4M
ABGP0001176,Suspended,Bonavista Rockyford,GP,Rockyford,Ovintiv Canada Ulc,100.0% - Lynx Energy Ulc,1975-01-01,51.23698,-113.08208,Gas Plant Sweet,10-24-026-23W4M
ABGP0001177,Active,Pancdn Bassano,GP,Bassano Lathom,Torxen Energy Ltd.,100.0% - Torxen Energy Ltd.,1978-01-01,50.8432,-112.46,Gas Plant Sweet,10-05-022-18W4M
ABGP0001178,Suspended,Stanmore 5-1-29-12W4,GP,Stanmore,Canadian Natural Resources Limited,75.5% - Canadian Natural Resources Limited; 24.5% - Nal Resources Limited,1976-01-01,51.4495,-111.57393,Gas Plant Sweet,05-01-029-12W4M
ABGP0001179,Abandoned,Strome 13-14-44-17W4,GP,Holmberg,Canadian Natural Resources Limited,100.0% - Canadian Natural Resources Limited,,52.79903,-112.37329,Gas Plant Acid Gas Flaring > 1 T/D Sulphur,13-14-044-17W4M
ABGP0001180,Suspended,Bonavista Oyen,GP,Oyen,Nuvista Energy Ltd.,100.0% - Nuvista Energy Ltd.,,51.51749,-110.45146,Gas Plant Sweet,16-26-029-04W4M
ABGP0001181,Active,10-30-036-27W4 Penhold Gas Plant,GP,Penhold,Taqa North Ltd.,100.0% - Taqa North Ltd.,2022-06-01,52.12398,-113.84437,Gas Plant Sweet,10-30-036-27W4M
ABGP0001182,Suspended,Hanna 08-25-031-14W4,GP,Hanna,Canadian Natural Resources Limited,0.0% - Arc Resources Ltd.; 0.0% - Cansearch Resources Ltd.; 0.0% - Pengrowth Corporation; 0.0% - Great Plains Exploration Inc.; 0.0% - Signalta Resources Limited; 0.0% - Advantage Energy Ltd.; 63.0% - Canadian Natural Resources Limited,,51.6848,-111.85178,Gas Plant Sweet,08-25-031-14W4M
ABGP0001183,Suspended,Sceptre Matziwin,GP,Matziwin,Canadian Natural Resources Limited,100.0% - Canadian Natural Resources Limited,1975-01-01,50.94035,-111.88155,Gas Plant Sweet,06-10-023-14W4M
ABGP0001184,Active,Knopcik 9-10-74-11W6,GP,Knopcik,Canadian Natural Resources Limited,43.0% - Canadian Natural Resources Limited; 20.0% - Taqa North Ltd.; 10.0% - Repsol Oil & Gas Canada Inc.; 3.0% - Obsidian Energy Ltd.,,55.3986,-119.596,Gas Plant Sweet,09-10-074-11W6M
ABGP0001185,Active,Marathon Battle Cr Twining,GP,Twining Line 54,Ember Resources Inc.,25.0% - Bumper Development Corporation Ltd.; 75.0% - Ember Resources Inc.,1975-01-01,51.64337,-113.33257,Gas Plant Sweet,12-10-031-24W4M
ABGP0001186,Suspended,Star Sylvan Lake,GP,Sylvan Lake,I3 Energy Canada Ltd.,100.0% - I3 Energy Canada Ltd.,1970-01-01,52.28915,-114.12233,Gas Plant Sweet,16-19-038-01W5M
ABGP0001187,Abandoned,Bonavista Sibbald,GP,Sibbald,Nuvista Energy Ltd.,100.0% - Nuvista Energy Ltd.,,51.36136,-110.35601,Gas Plant Sweet,04-03-028-03W4M
ABGP0001188,Suspended,Norcen Corbett,GP,Norcen Corbett,Canadian Natural Resources Limited,100.0% - Canadian Natural Resources Limited,,54.3098,-115.09972,Gas Plant Sweet,13-26-061-08W5M
ABGP0001189,Abandoned,Storm Sylvan Lake,GP,Sylvan Lake,Whitecap Resources Inc.,100.0% - Whitecap Resources Inc.,1974-01-01,52.215,-114.31027,Gas Plant Sweet,13-25-037-03W5M
ABGP0001190,Suspended,Talisman Pembina,GP,Pembina,Repsol Oil & Gas Canada Inc.,100.0% - Repsol Oil & Gas Canada Inc.,,53.09233,-114.46168,Gas Plant Sweet,04-36-047-04W5M
ABGP0001191,Active,Barrel Turin 12-19-12-18W4,GP,Turin,Barrel Oil Corp.,26.7% - Graly Resources Ltd.; 72.3% - Campus Energy Partners Operations Inc.,1974-01-01,50.01238,-112.45978,Gas Plant Acid Gas Injection,12-19-012-18W4M
ABGP0001192,Active,Swan Hills,GP,House Mountain,Cardinal Energy Ltd.,100.0% - Cardinal Energy Ltd.,1974-01-01,55.04051,-115.47646,Gas Plant Acid Gas Flaring < 1 T/D Sulphur,01-08-070-10W5M
ABGP0001193,Abandoned,Penn West Killam,GP,Hardisty,Cleo Energy Corp.,100.0% - Cleo Energy Corp.,,52.697,-111.19976,Gas Plant Sweet,15-11-043-09W4M
ABGP0001194,Suspended,Penn West Sedgewick,GP,Sedgewick,Cleo Energy Corp.,100.0% - Cleo Energy Corp.,,52.60931,-111.67152,Gas Plant Acid Gas Flaring < 1 T/D Sulphur,02-16-042-12W4M
ABGP0001195,Abandoned,Lario Cessford,GP,Carolside,Cenovus Energy Inc.,50.0% - Lario Oil & Gas Company; 50.0% - Husky Oil Operations Limited,,51.188,-111.64,Gas Plant Sweet,07-05-026-12W4M
ABGP0001196,Suspended,Nul Fairydell-Bon Accord,GP,Fairydell Bon Accord,Atco Energy Solutions Ltd.,100.0% - Atco Gas And Pipelines Ltd.,1981-01-01,53.85631,-113.38761,Gas Plant Sweet,11-20-056-23W4M
ABGP0001197,Abandoned,Nce Petrofund Provost,GP,Grays Lake,Obsidian Energy Ltd.,100.0% - Obsidian Energy Ltd.,1976-01-01,51.82425,-110.94889,Gas Plant Sweet,04-16-033-07W4M
ABGP0001198,Abandoned,Merit Long Coulee,GP,Merit Long Coulee,Sanling Energy Ltd.,100.0% - Sanling Energy Ltd.,,50.28731,-112.88498,Gas Plant Acid Gas Flaring < 1 T/D Sulphur,06-30-015-21W4M
ABGP0001199,Suspended,Norcen Whitecourt,GP,Norcen Whitecourt,Canadian Natural Resources Limited,100.0% - Canadian Natural Resources Limited,,54.15265,-115.50305,Gas Plant Sweet,01-01-060-11W5M
ABGP0001200,Suspended,Amoco Braeburn,GP,Braeburn,Bp Canada Energy Group Ulc,100.0% - Canadian Natural Resources Limited,,55.69341,-119.52739,Gas Plant Acid Gas Injection,16-19-077-10W6M
ABGP0001201,Active,Aec Mcleod,GP,Mcleod River,Vermilion Energy Inc.,100.0% - Vermilion Energy Inc.,1980-01-01,53.70727,-115.97486,Gas Plant Sweet,07-34-054-14W5M
ABGP0001202,Suspended,Kelt Boundary Lake South,GP,Neptune,Kelt Exploration Ltd.,100.0% - Kelt Exploration Ltd.,,56.46152,-119.90738,Gas Plant Acid Gas Flaring > 1 T/D Sulphur,15-13-086-13W6M
ABGP0001203,Suspended,Hackett 11-20-35-17W4,GP,Gough Lake,Canadian Natural Resources Limited,100.0% - Canadian Natural Resources Limited,1975-01-01,52.02185,-112.40312,Gas Plant Sweet,11-20-035-17W4M
ABGP0001204,Suspended,Altagas Killam,GP,Killam,Altagas Ltd.,100.0% - Altagas Ltd.,,52.61136,-111.82974,Gas Plant Acid Gas Flaring > 1 T/D Sulphur,01-17-042-13W4M
ABGP0001205,Suspended,Landbank Alix,GP,Landbank Alix,Landbank Minerals Ltd,100.0% - Landbank Minerals Ltd,,52.37135,-113.28405,Gas Plant Sweet,11-20-039-23W4M
ABGP0001206,Suspended,Suncor Rosevear,GP,Suncor Rosevear,Tourmaline Oil Corp.,100.0% - Tourmaline Oil Corp.,,53.71328,-116.14349,Gas Plant Sulphur Recovery,16-33-054-15W5M
ABGP0001207,Suspended,Beau Gilby,GP,Gilby,Murphy Oil Company Ltd.,100.0% - Journey Energy Inc.,,52.45514,-114.23331,Gas Plant Sweet,06-21-040-02W5M
ABGP0001209,Suspended,Lochfayne Carstairs,GP,Lochfayne Carstairs,Two Forty Engineering Ltd.,100.0% - Two Forty Engineering Ltd.,,51.56878,-114.14998,Gas Plant Sweet,07-13-030-02W5M
ABGP0001210,Abandoned,Devon Wimborne,GP,Wimborne North,Vantage Point Resources Inc.,100.0% - Vantage Point Resources Inc.,,51.98242,-113.67362,Gas Plant Sweet,16-05-035-26W4M
ABGP0001211,Active,Archer Killam,GP,Killam,Sequoia Resources Corp.,98.0% - Sequoia Resources Corp.,,52.72045,-111.50297,Gas Plant Sweet,12-23-043-11W4M
ABGP0001212,Suspended,Lindstrom Samson,GP,Lindstrom Samson,Lindstrom Resources Limited,100.0% - Lindstrom Resources Limited,,52.78058,-113.42978,Gas Plant Sweet,11-09-044-24W4M
ABGP0001213,Suspended,Garden Plains 5-15-33-13 Gp,GP,Garden Plains,Baytex Energy Ltd.,50.0% - Baytex Energy Ltd.; 50.0% - Canadian Natural Resources Limited,,51.83027,-111.77549,Gas Plant Sweet,05-15-033-13W4M
ABGP0001214,Active,Poco Pembina,GP,Sunnybrook North,Petrus Resources Corp.,100.0% - Petrus Resources Corp.,1976-01-01,53.16266,-114.20507,Gas Plant Sweet,15-22-048-02W5M
ABGP0001215,Active,Persist Carseland 16-21 Gas Plant,GP,Carseland,Persist Oil And Gas Inc.,100.0% - Persist Oil And Gas Inc.,1982-01-01,50.88954,-113.40055,Gas Plant Acid Gas Flaring < 1 T/D Sulphur,16-21-022-25W4M
ABGP0001216,Active,Conoco Majeau Lake,GP,Majeau Lake,Long Run Exploration Ltd.,100.0% - Long Run Exploration Ltd.,,53.92994,-114.37874,Gas Plant Sweet,09-16-057-03W5M
ABGP0001217,Suspended,Crestar Leaman,GP,Paddle River West,Cenovus Energy Inc.,100.0% - Cenovus Energy Inc.,,53.82581,-115.55417,Gas Plant Sweet,11-10-056-11W5M
ABGP0001218,Suspended,Coastal Sounding,GP,Sounding,Coastal Resources Limited,65.0% - Coastal Resources Limited; 35.0% - Pengrowth Corporation,1986-01-01,51.60077,-111.24056,Gas Plant Sweet,11-29-030-09W4M
ABGP0001219,Abandoned,Apache Zama,GP,Zama A,Paramount Resources Ltd.,100.0% - Paramount Resources Ltd.,1965-01-01,59.06436,-118.8802,Gas Plant Sulphur Recovery,13-12-116-06W6M
ABGP0001220,Active,Apache Nevis,GP,Nevis,Ember Resources Inc.,100.0% - Ember Resources Inc.,,52.51512,-113.16705,Gas Plant Sweet,12-07-041-22W4M
ABGP0001221,Active,Leahurst 06-19-039-19W4 Gp,GP,Leahurst,Baytex Energy Ltd.,75.0% - Baytex Energy Ltd.; 25.0% - Ember Resources Inc.,1996-01-01,52.36539,-112.73304,Gas Plant Sweet,06-19-039-19W4M
ABGP0001222,Active,Cutbank 7-16-62-8W6,GP,Cutbank,Pembina Gas Infrastructure Inc.,100.0% - Pembina Gas Services Ltd.,1982-01-01,54.36108,-119.13331,Gas Plant Sweet,07-16-062-08W6M
ABGP0001223,Suspended,Jaycor Hercules,GP,Jaycor Hercules,Jaycor Resources Inc.,100.0% - Jaycor Resources Inc.,2007-01-01,53.44491,-113.31057,Gas Plant Sweet,06-34-051-23W4M
ABGP0001224,Suspended,Crestar Med River,GP,Medicine River,Cenovus Energy Inc.,100.0% - Cenovus Energy Inc.,1974-01-01,52.26589,-114.51791,Gas Plant Sweet,06-16-038-04W5M
ABGP0001225,Active,Tri Seven Judy Creek,GP,Judy Creek,Allied Energy Ii Corp.,55.0% - Second Wave Petroleum Inc.; 45.0% - Veren Inc.,,54.46151,-115.3634,Gas Plant Sweet,08-24-063-10W5M
ABGP0001226,Active,Husky Davey Lake 13-35,GP,Davey Lake,Vantage Point Resources Inc.,100.0% - Vantage Point Resources Inc.,1974-01-01,51.9637,-113.726,Gas Plant Sweet,11-35-034-27W4M
ABGP0001227,Abandoned,Opal Gilby,GP,Gilby,Whitecap Resources Inc.,100.0% - Pine Cliff Energy Ltd.,,52.5185,-114.106,Gas Plant Sweet,10-08-041-01W5M
ABGP0001228,Active,Husky Garrington 16-21,GP,Netook,Response Energy Corporation,100.0% - Response Energy Corporation,,51.85049,-114.07586,Gas Plant Sweet,16-21-033-01W5M
ABGP0001229,Suspended,Devon Marten Hills,GP,Marten Hills Plant 2,Sequoia Resources Corp.,100.0% - Sequoia Resources Corp.,,55.44576,-113.81642,Gas Plant Sweet,14-29-074-25W4M
ABGP0001230,Suspended,Enermark Bashaw,GP,Bashaw,Ember Resources Inc.,100.0% - Ember Resources Inc.,1972-01-01,52.6,-113.07758,Gas Plant Sweet,08-10-042-22W4M
ABGP0001231,Active,Apache Garrington,GP,Garrington,Tourmaline Oil Corp.,25.7% - Petrofund Corp.; 10.0% - Viking Holdings Inc.; 2.6% - Addison Energy Inc.; 1.1% - Nal Resources Limited; 15.0% - Primewest Energy Inc.; 45.6% - Bonavista Energy Corporation,1976-01-01,51.89524,-114.40029,Gas Plant Sweet,13-05-034-03W5M
ABGP0001232,Suspended,Apache Provost,GP,Choice,Karve Energy Inc.,94.0% - Battle River Energy Ltd.,,52.44514,-111.27569,Gas Plant Acid Gas Flaring < 1 T/D Sulphur,13-17-040-09W4M
ABGP0001233,Active,Twining N 6-31-32-24W4,GP,Twining North Dup Line 44,Pine Cliff Energy Ltd.,100.0% - Pine Cliff Energy Ltd.,1972-01-01,51.78647,-113.39938,Gas Plant Sweet,06-31-032-24W4M
ABGP0001234,Suspended,Bonavista Sedalia,GP,Sedalia,Tourmaline Oil Corp.,100.0% - Nuvista Energy Ltd.,,51.56195,-110.56841,Gas Plant Sweet,01-13-030-05W4M
ABGP0001235,Suspended,Enron Swalwell,GP,Enron Swalwell,Canadian Natural Resources Limited,100.0% - Ember Resources Inc.,,51.53156,-113.27677,Gas Plant Sweet,14-35-029-24W4M
ABGP0001236,Suspended,Bumper Carbon,GP,Bumper Carbon,Bumper Development Corporation Ltd.,100.0% - Lynx Energy Ulc,,51.44932,-113.16208,Gas Plant Sweet,06-03-029-23W4M
ABGP0001237,Abandoned,Samson Hudson,GP,Hudson,Nuvista Energy Ltd.,100.0% - Nuvista Energy Ltd.,,51.60624,-110.2852,Gas Plant Sweet,04-31-030-02W4M
ABGP0001238,Suspended,Talisman Hotchkiss,GP,Hotchkiss,Repsol Oil & Gas Canada Inc.,100.0% - Repsol Oil & Gas Canada Inc.,,57.19366,-118.21195,Gas Plant Acid Gas Injection,04-35-094-02W6M
ABGP0001239,Abandoned,Sedalia 5-26-30-4W4,GP,Sedalia,Canadian Natural Resources Limited,85.0% - Canadian Natural Resources Limited; 15.0% - Nuvista Energy           ,1978-01-01,51.59759,-110.47235,Gas Plant Sweet,05-26-030-04W4M
ABGP0001240,Suspended,Rife Ferintosh,GP,Ferintosh,Rife Resources Ltd.,100.0% - Rife Resources Ltd.,,52.77639,-112.91043,Gas Plant Acid Gas Flaring < 1 T/D Sulphur,08-12-044-21W4M
ABGP0001241,Suspended,Norcen Lacombe,GP,Norcen Lacombe,Canadian Natural Resources Limited,100.0% - Canadian Natural Resources Limited,,52.46949,-113.6828,Gas Plant Sweet,07-28-040-26W4M
ABGP0001242,Active,Bei Chip Lake 10-29,GP,Chip Lake,West 5 Resources Inc.,100.0% - West 5 Resources Inc.,,53.609,-115.435,Gas Plant Sweet,10-29-053-10W5M
ABGP0001243,Abandoned,Hotchkiss 2-35-94-2W6,GP,Hotchkiss North,Canadian Natural Resources Limited,100.0% - Canadian Natural Resources Limited,1980-01-01,57.19315,-118.20025,Gas Plant Acid Gas Injection,02-35-094-02W6M
ABGP0001244,Abandoned,Thunder Holmberg,GP,Holmberg,Crimson Oil & Gas Ltd.,100.0% - Crimson Oil & Gas Ltd.,1997-01-01,52.7953,-112.56094,Gas Plant Acid Gas Flaring > 1 T/D Sulphur,11-16-044-18W4M
ABGP0001245,Suspended,Penn West Twining,GP,Three Hills-Verger,Ovintiv Canada Ulc,100.0% - Ember Resources Inc.,,51.65908,-113.2085,Gas Plant Sweet,11-16-031-23W4M
ABGP0001246,Suspended,Vermillion Gilby,GP,Gilby,Vermilion Energy Inc.,100.0% - Vermilion Energy Inc.,,52.48412,-114.30582,Gas Plant Sweet,06-36-040-03W5M
ABGP0001247,Abandoned,Tom Brown Edson,GP,Tom Brown Edson,Ovintiv Canada Ulc,100.0% - Kiwetinohk Energy Corp.,,53.58388,-116.56213,Gas Plant Sweet,16-15-053-18W5M
ABGP0001248,Suspended,Highland Morinville,GP,Riviere Qui Barre,Maga Energy Ltd.,100.0% - Tidewater Midstream And Infrastructure Ltd.,1974-01-01,53.68257,-113.81958,Gas Plant Sweet,10-19-054-26W4M
ABGP0001249,Active,Northstar Cyn-Pem,GP,Eta Lake,Vermilion Energy Inc.,73.9% - Vermilion Energy Inc.; 15.2% - Direct Energy Marketing Limited; 9.3% - Obsidian Energy Ltd.; 1.2% - Arc Resources Ltd.; 0.2% - Olympus Resources Ltd.; 0.2% - Heather Oil Ltd.,,53.38571,-115.60725,Gas Plant Sweet,07-07-051-11W5M
ABGP0001250,Suspended,Amerada Garrington,GP,Amerada Garrington,177293 Canada Ltd.,100.0% - 177293 Canada Ltd.,,51.92796,-114.38767,Gas Plant Sweet,02-20-034-03W5M
ABGP0001251,Suspended,Cabre Marten Hills,GP,Fawcett River East,Sequoia Resources Corp.,100.0% - Sequoia Resources Corp.,,55.42646,-113.51041,Gas Plant Sweet,11-20-074-23W4M
ABGP0001252,Active,Norcen Provost,GP,Bodo,Goodland Energy Ltd.,100.0% - Rockeast Energy Corp.,1973-01-01,52.22978,-110.26768,Gas Plant Sweet,16-31-037-02W4M
ABGP0001253,Suspended,Pnrc Provost,GP,Pnrc Provost,Taqa North Ltd.,100.0% - Taqa North Ltd.,,52.4673,-111.36717,Gas Plant Acid Gas Flaring < 1 T/D Sulphur,05-27-040-10W4M
ABGP0001254,Active,Bearberry 05-31-033-07W5 Gas Plant,GP,Bearberry,Taqa North Ltd.,100.0% - Taqa North Ltd.,1991-01-01,51.87311,-114.98926,Gas Plant Sweet,05-31-033-07W5M
ABGP0001256,Active,Pancdn Alderson,GP,Alderson West,Torxen Energy Ltd.,100.0% - Torxen Energy Ltd.,1976-01-01,50.2903,-112.005,Gas Plant Sweet,10-28-015-15W4M
ABGP0001257,Suspended,Aec Enchant (Cancelled),GP,Aec Enchant,Torxen Energy Ltd.,100.0% - Torxen Energy Ltd.,,50.3055,-112.10036,Gas Plant Sweet,10-35-015-16W4M
ABGP0001259,Abandoned,Universal Provost,GP,Universal Provost,Primewest Energy Inc.,100.0% - Primewest Energy Inc.,,51.8132,-111.133,Gas Plant Sweet,06-07-033-08W4M
ABGP0001260,Suspended,Westlock 13-24-60-26W4,GP,Westlock East,Canadian Natural Resources Limited,100.0% - Canadian Natural Resources Limited,1976-01-01,54.20943,-113.77408,Gas Plant Acid Gas Flaring < 1 T/D Sulphur,13-24-060-26W4M
ABGP0001261,Active,Enermark Wildmere,GP,Gilt Edge,Surge Energy Inc.,100.0% - Surge Energy Inc.,,53.0655,-110.611,Gas Plant Sweet,05-24-047-05W4M
ABGP0001262,Suspended,Amoco Wintering Hills,GP,Amoco Wintering Hills,Bp Canada Energy Group Ulc,100.0% - Bp Canada Energy Group Ulc,,50.98313,-112.11297,Gas Plant Sweet,06-25-023-16W4M
ABGP0001263,Suspended,Devon Ferrybank,GP,Ferrybank,Canadian Natural Resources Limited,100.0% - Canadian Natural Resources Limited,,52.82961,-113.91136,Gas Plant Sweet,03-31-044-27W4M
ABGP0001264,Suspended,Gulf Bashaw,GP,Gulf Bashaw,Gulf Canada Limited,100.0% - Gulf Canada Limited,,52.58786,-113.15647,Gas Plant Sweet,10-06-042-22W4M
ABGP0001265,Abandoned,Rio Alto Peco,GP,Rio Alto Peco,Canadian Natural Resources Limited,100.0% - Canadian Natural Resources Limited,,53.17357,-116.26113,Gas Plant Sweet,11-27-048-16W5M
ABGP0001266,Suspended,Ante Creek 4-13-65-24W5,GP,Ante Creek,Canadian Natural Resources Limited,100.0% - Canadian Natural Resources Limited,,54.62051,-117.50068,Gas Plant Sweet,04-13-065-24W5M
ABGP0001267,Active,Crestar Niton,GP,Niton,Cenovus Energy Inc.,61.4% - Cenovus Energy Inc.; 8.2% - Arc Resources Ltd.; 0.6% - Harvard International Resources Ltd.; 7.9% - Lario Oil & Gas Company; 12.7% - Penn West Petroleum; 0.4% - Vision 2000 Exploration Ltd.; 1.1% - Bonavista Oil & Gas      ,1977-01-01,53.67073,-115.76327,Gas Plant Sweet,14-18-054-12W5M
ABGP0001268,Active,Rosevear 16-11 Gas Plant,GP,South Rosevear,Tourmaline Oil Corp.,60.0% - Bonavista Energy Corporation; 15.0% - Sequoia Resources Corp.; 3.0% - Lexin Resources Ltd.; 22.0% - Canadian Natural Resources Limited,1979-01-01,53.65405,-116.0958,Gas Plant Sulphur Recovery,16-11-054-15W5M
ABGP0001269,Abandoned,Sun Century Bittern Lake,GP,Bittern Lake,Sun Century Petroleum Corporation,100.0% - Sun Century Petroleum Corporation,1990-01-01,52.99937,-112.97213,Gas Plant Acid Gas Flaring < 1 T/D Sulphur,11-27-046-21W4M
ABGP0001270,Suspended,Talisman Blueberry,GP,Blueberry,Repsol Oil & Gas Canada Inc.,100.0% - Logan Energy Corp.,,56.11155,-119.03589,Gas Plant Acid Gas Flaring < 1 T/D Sulphur,11-16-082-07W6M
ABGP0001271,Suspended,Crestar Provost,GP,Crestar Provost,Battle River Energy Ltd.,100.0% - Battle River Energy Ltd.,,52.3314,-111.1269,Gas Plant Sweet,13-05-039-08W4M
ABGP0001272,Active,Pengrowth  Draig Hanna,GP,Hanna,Alphabow Energy Ltd.,100.0% - Alphabow Energy Ltd.,1977-01-01,51.6244,-111.864,Gas Plant Sweet,06-01-031-14W4M
ABGP0001273,Suspended,D Energy Bashaw 11-24-41-21W4,GP,Buffalo Lake,Ember Resources Inc.,89.0% - Ember Resources Inc.,1977-01-01,52.54661,-112.90093,Gas Plant Sweet,11-24-041-21W4M
ABGP0001274,Abandoned,Berry 4-30-27-11W4,GP,Sceptre Berry,Canadian Natural Resources Limited,100.0% - Canadian Natural Resources Limited,,51.32941,-111.54969,Gas Plant Sweet,04-30-027-11W4M
ABGP0001275,Suspended,Encal Killam,GP,Encal Killam,Taqa North Ltd.,100.0% - Taqa North Ltd.,,52.647,-111.78882,Gas Plant Acid Gas Injection,10-27-042-13W4M
ABGP0001276,Abandoned,Meyer 15-29-70-24W4,GP,Meyer Lake North,Canadian Natural Resources Limited,100.0% - Canadian Natural Resources Limited,1977-01-01,55.0936,-113.62365,Gas Plant Acid Gas Flaring < 1 T/D Sulphur,15-29-070-24W4M
ABGP0001277,Active,Compton Halkirk,GP,Halkirk,Marlin Resources Ltd.,100.0% - Marlin Resources Ltd.,,52.30468,-112.20436,Gas Plant Sweet,02-34-038-16W4M
ABGP0001278,Suspended,Joffre 14-36-38-27W4,GP,Joffre,Canadian Natural Resources Limited,100.0% - Canadian Natural Resources Limited,1977-01-01,52.31687,-113.73301,Gas Plant Sweet,14-36-038-27W4M
ABGP0001279,Suspended,Archean Kaybob South,GP,Kaybob South,Sinopec Canada Energy Ltd.,100.0% - Sinopec Canada Energy Ltd.,,54.2936,-116.908,Gas Plant Sweet,10-22-061-20W5M
ABGP0001280,Active,Bellshill-03-28-041-12 W4M,GP,Bellshill Lake,Harvest Operations Corp.,100.0% - Harvest Operations Corp.,1950-01-01,52.5527,-111.676,Gas Plant Acid Gas Flaring > 1 T/D Sulphur,03-28-041-12W4M
ABGP0001281,Active,Hawkins 04-05-044-09W4,GP,Hawkins,Canadian Natural Resources Limited,49.0% - Long Run Exploration Ltd.; 51.0% - Canadian Natural Resources Limited,1972-01-01,52.75894,-111.285,Gas Plant Sweet,04-05-044-09W4M
ABGP0001282,Abandoned,Apache Red Willow,GP,Red Willow,Karve Energy Inc.,100.0% - Karve Energy Inc.,,52.34604,-112.20535,Gas Plant Sweet,14-11-039-16W4M
ABGP0001283,Reclamation Certified,Wascana Leduc-Woodbend,GP,Wascana Leduc Woodbend,Cnooc Petroleum North America Ulc,100.0% - Cnooc Petroleum North America Ulc,,53.24252,-113.63317,Gas Plant Acid Gas Flaring < 1 T/D Sulphur,05-20-049-25W4M
ABGP0001284,Abandoned,Vintage Provost,GP,Vintage Provost,Obsidian Energy Ltd.,100.0% - Acclaim Energy Inc.,,52.14361,-111.75402,Gas Plant Sweet,02-02-037-13W4M
ABGP0001285,Active,Apache Provost,GP,Castor East,Karve Energy Inc.,100.0% - Karve Energy Inc.,,52.23413,-111.78928,Gas Plant Sweet,05-03-038-13W4M
ABGP0001286,Reclamation Certified,Talisman Hotchkiss,GP,Hotchkiss,Repsol Oil & Gas Canada Inc.,100.0% - Peyto Exploration & Development Corp.,,57.1091,-118.143,Gas Plant Sweet,07-31-093-01W6M
ABGP0001287,Abandoned,Steele 10-19-66-24W4,GP,Steele,Sinopec Canada Energy Ltd.,100.0% - Canadian Natural Resources Limited,,54.72881,-113.6217,Gas Plant Acid Gas Injection,10-19-066-24W4M
ABGP0001288,Suspended,Phillips Pouce Coupe,GP,Phillips Pouce Coupe,Phillips Petroleum Company Western Hemisphere,100.0% - Phillips Petroleum Company Western Hemisphere,,55.91732,-119.83485,Gas Plant Sweet,07-08-080-12W6M
ABGP0001289,Suspended,Nce Ferrier,GP,Ferrier,Obsidian Energy Ltd.,100.0% - Orlen Upstream Canada Ltd.,,52.36964,-115.16555,Gas Plant Sweet,06-24-039-09W5M
ABGP0001290,Active,Conoco Hotchkiss,GP,Lovett Creek 1,Direct Oil & Gas Inc.,100.0% - Direct Oil & Gas Inc.,1993-01-01,57.15416,-118.33168,Gas Plant Sweet,07-13-094-03W6M
ABGP0001291,Suspended,Canterra Oyen,GP,Canterra Oyen,Canterra Energy Ltd.,100.0% - Canterra Energy Ltd.,,51.48344,-110.53544,Gas Plant Sweet,11-17-029-04W4M
ABGP0001292,Active,Wapiti 16-36-067-09W6,GP,South Wapiti,Canadian Natural Resources Limited,0.2% - Chair Resources Inc.; 0.3% - Superman Resources Inc.; 1.4% - Husky Oil Operations Limited; 3.7% - Nuvista Energy           ; 4.8% - Omers Energy Inc.; 0.0% - Dorchester Energy Inc.; 24.8% - Conocophillips Canada (Brc) Partnership ; 1.4% - Reserve Royalty; 0.4% - Shanghai Energy Corporation; 62.9% - Canadian Natural Resources Limited,1982-01-01,54.8486,-119.22407,Gas Plant Sweet,16-36-067-09W6M
ABGP0001293,Active,Big Bend 13-36-66-27W4,GP,Big Bend,Canadian Natural Resources Limited,100.0% - Canadian Natural Resources Limited,1978-01-01,54.76128,-113.95711,Gas Plant Acid Gas Flaring > 1 T/D Sulphur,13-36-066-27W4M
ABGP0001294,Suspended,New Jordan Red Willow,GP,New Jordan Red Willow,Primewest Energy Inc.,100.0% - Primewest Energy Inc.,,52.45411,-112.27518,Gas Plant Acid Gas Flaring < 1 T/D Sulphur,06-20-040-16W4M
ABGP0001295,Active,Apache Leahurst,GP,Leahurst,Avila Energy Corporation,100.0% - Avila Energy Corporation,,52.44814,-112.58295,Gas Plant Sweet,15-18-040-18W4M
ABGP0001296,Active,Teepee Creek 07-02-074-04W6,GP,Teepee Creek,Canadian Natural Resources Limited,94.5% - Canadian Natural Resources Limited,1977-01-01,55.3788,-118.499,Gas Plant Sulphur Recovery,07-02-074-04W6M
ABGP0001297,Abandoned,Penn West Amisk,GP,Amisk,Cleo Energy Corp.,100.0% - Cleo Energy Corp.,,52.53667,-111.0618,Gas Plant Acid Gas Flaring < 1 T/D Sulphur,01-22-041-08W4M
ABGP0001298,Active,Apache Provost,GP,Provost East,Karve Energy Inc.,100.0% - Karve Energy Inc.,1977-01-01,52.20195,-110.28303,Gas Plant Sweet,03-30-037-02W4M
ABGP0001299,Active,Baytex Twining,GP,Twining North,Barnwell Of Canada; Limited,100.0% - Barnwell Of Canada  Limited,1977-01-01,51.7967,-113.45,Gas Plant Sweet,04-02-033-25W4M
ABGP0001300,Abandoned,Gulf Sunnynook,GP,Sunnynook,Gulf Canada Limited,100.0% - Alphabow Energy Ltd.,,51.25063,-111.43227,Gas Plant Sweet,10-26-026-11W4M
ABGP0001303,Suspended,Solex Haro,GP,Solex Haro,625894 Alberta Inc.,100.0% - Tallahassee Exploration Inc.,,58.2332,-118.78269,Gas Plant Sweet,10-29-106-05W6M
ABGP0001304,Suspended,Solex Haro,GP,Solex Haro,625894 Alberta Inc.,100.0% - Obsidian Energy Ltd.,,58.07427,-118.76321,Gas Plant Acid Gas Flaring > 1 T/D Sulphur,11-33-104-05W6M
ABGP0001305,Abandoned,Genesis Baptiste,GP,Island Lake,Sinopec Canada Energy Ltd.,100.0% - Sinopec Canada Energy Ltd.,1977-01-01,54.88502,-113.49292,Gas Plant Acid Gas Injection,08-18-068-23W4M
ABGP0001306,Abandoned,Big Bend 5-14-67-2W5,GP,Tieland,Canadian Natural Resources Limited,100.0% - Canadian Natural Resources Limited,,54.79919,-114.20423,Gas Plant Acid Gas Flaring < 1 T/D Sulphur,05-14-067-02W5M
ABGP0001307,Suspended,Altagas Ferrybank,GP,Ferrybank,Altagas Ltd.,100.0% - Altagas Ltd.,,52.87111,-113.81692,Gas Plant Sweet,14-11-045-27W4M
ABGP0001308,Suspended,Gulf Wildunn,GP,Richdale,Canadian Natural Resources Limited,96.0% - Canadian Natural Resources Limited,,51.55289,-111.63206,Gas Plant Sweet,07-09-030-12W4M
ABGP0001309,Abandoned,Devon Tangent,GP,Tangent,Canadian Natural Resources Limited,100.0% - Canadian Natural Resources Limited,,55.95463,-117.71178,Gas Plant Acid Gas Flaring < 1 T/D Sulphur,16-20-080-24W5M
ABGP0001310,Abandoned,Marathon Cessford,GP,Marathon Cessford,Cenovus Energy Inc.,100.0% - Canadian Natural Resources Limited,,51.20792,-111.9985,Gas Plant Acid Gas Flaring > 1 T/D Sulphur,11-11-026-15W4M
ABGP0001311,Suspended,Connorsville 9-32-25-15W4,GP,Connorsville,Canadian Natural Resources Limited,100.0% - Canadian Natural Resources Limited,1977-01-01,51.17682,-112.05303,Gas Plant Sweet,09-32-025-15W4M
ABGP0001312,Active,Samson Rainbow,GP,Basset Lake,Tallahassee Exploration Inc.,100.0% - Tallahassee Exploration Inc.,1979-01-01,58.36624,-118.98897,Gas Plant Sweet,15-07-108-06W6M
ABGP0001313,Suspended,Pennzoil Sturgeon Lake,GP,Pennzoil Sturgeon Lake,Conocophillips Canada,100.0% - Serinus Energy Plc,,55.05217,-117.46791,Gas Plant Sweet,15-08-070-23W5M
ABGP0001314,Abandoned,Celsius Hanna,GP,Celsius Hanna,Enerplus Corporation,100.0% - Canadian Natural Resources Limited,,51.69416,-111.85641,Gas Plant Sweet,02-36-031-14W4M
ABGP0001315,Active,Vermillion Mikwan,GP,Mikwan,Vermilion Energy Inc.,65.7% - Vermilion Energy Inc.; 13.2% - Canetic Abc Acquisitionco Ltd.; 11.3% - Penn West Ptf Energy Ltd.; 5.1% - Regent Resources Ltd.,,52.18013,-113.07915,Gas Plant Sweet,09-16-037-22W4M
ABGP0001316,Active,Talisman George,GP,George,Veren Inc.,100.0% - Veren Inc.,1978-01-01,56.09531,-118.7586,Gas Plant Sweet,09-07-082-05W6M
ABGP0001317,Abandoned,Opal Clive,GP,Clive Refrigeration,Ember Resources Inc.,100.0% - Ember Resources Inc.,1988-01-01,52.45301,-113.33266,Gas Plant Sweet,06-24-040-24W4M
ABGP0001318,Suspended,Imperial Provost,GP,Provost,Imperial Oil Resources Limited,100.0% - Imperial Oil Resources Limited,,52.23283,-111.78948,Gas Plant Sweet,04-03-038-13W4M
ABGP0001319,Suspended,D Energy Abee 1-32-61-22W4,GP,Abee,Canlin Energy Corporation,,1976-01-01,54.31552,-113.25178,Gas Plant Acid Gas Injection,01-32-061-22W4M
ABGP0001320,Suspended,Ranger Hussar,GP,Crawling Valley,Torxen Energy Ltd.,78.0% - Torxen Energy Ltd.; 22.0% - Canadian Natural Resources Limited,,51.00123,-112.46188,Gas Plant Sweet,06-33-023-18W4M
ABGP0001321,Abandoned,Imperial Pembina (Knobhill),GP,Pembina,Imperial Oil Resources Limited,100.0% - Imperial Oil Resources Limited,,52.9773,-114.188,Gas Plant Acid Gas Flaring > 1 T/D Sulphur,03-23-046-02W5M
ABGP0001322,Suspended,Josephine 9-1-83-10W6,GP,Josephine,Canadian Natural Resources Limited,62.0% - Canadian Natural Resources Limited; 38.4% - Spyglass Resources Corp.,1973-01-01,56.16794,-119.42941,Gas Plant Sweet,09-01-083-10W6M
ABGP0001323,Abandoned,Husky Steele 14-34,GP,Steele Lake,Cenovus Energy Inc.,100.0% - Sequoia Resources Corp.,,54.6733,-113.54871,Gas Plant Acid Gas Flaring < 1 T/D Sulphur,14-34-065-24W4M
ABGP0001324,Suspended,Talisman Sundance,GP,Sundance,Repsol Oil & Gas Canada Inc.,100.0% - Peyto Exploration & Development Corp.,,53.6914,-116.965,Gas Plant Sweet,06-25-054-21W5M
ABGP0001325,Suspended,Archer Inland,GP,Archer Inland,1333002 Alberta Ltd.,100.0% - 1333002 Alberta Ltd.,,53.42554,-112.08987,Gas Plant Sweet,04-25-051-15W4M
ABGP0001326,Active,Pgi West Fox Creek 11-22,GP,Fox Creek West,Pembina Gas Infrastructure Inc.,75.6% - Pgi Processing Ulc; 13.9% - Taqa North Ltd.; 10.4% - Talisman Energy Inc.; 0.1% - Paramount Resources (Acl) Ltd.,1979-01-01,54.20623,-116.76554,Gas Plant Sweet,11-22-060-19W5M
ABGP0001327,Suspended,Glencoe Chigwell,GP,Chigwell,Glencoe Resources Ltd.,100.0% - Glencoe Resources Ltd.,1986-01-01,52.53983,-113.52769,Gas Plant Sweet,05-22-041-25W4M
ABGP0001328,Suspended,Crestar Niton West,GP,Niton West,Cenovus Energy Inc.,100.0% - Cenovus Energy Inc.,,53.75502,-115.86663,Gas Plant Sweet,10-16-055-13W5M
ABGP0001329,Suspended,Pancdn Entice,GP,Entice Phase 1,Ovintiv Canada Ulc,100.0% - Ember Resources Inc.,,51.38033,-113.22711,Gas Plant Sweet,10-07-028-23W4M
ABGP0001330,Abandoned,Baptiste Lake 5-28-67-22W4,GP,Baptiste,Canadian Natural Resources Limited,100.0% - Canadian Natural Resources Limited,,54.82632,-113.3072,Gas Plant Sweet,05-28-067-22W4M
ABGP0001331,Abandoned,Altagas Acadia,GP,Acadia Valley,Altagas Ltd.,100.0% - Altagas Ltd.,1979-01-01,51.21171,-110.16601,Gas Plant Sweet,13-12-026-02W4M
ABGP0001332,Suspended,Gulf Dobson,GP,Dobson,Canadian Natural Resources Limited,100.0% - Canadian Natural Resources Limited,,51.49519,-111.20217,Gas Plant Sweet,08-21-029-09W4M
ABGP0001333,Suspended,Penn West Joffre,GP,Joffre,Desoto Resources Limited,100.0% - Desoto Resources Limited,,52.25814,-113.43599,Gas Plant Sweet,16-12-038-25W4M
ABGP0001334,Suspended,Penn West Provost,GP,Monitor,Karve Energy Inc.,100.0% - Karve Energy Inc.,1970-01-01,51.96982,-110.63032,Gas Plant Acid Gas Flaring < 1 T/D Sulphur,02-03-035-05W4M
ABGP0001335,Active,Devon Clover 9-34 Plant #1,GP,Devon Clover Plant 1,Paramount Resources Ltd.,22.2% - Outlier Resources Ltd.; 45.3% - Canadian Natural Resources Limited; 12.2% - Adeco Exploration Company Ltd.; 9.9% - Sinopec Daylight Energy Ltd.; 10.4% - Paramount Resources Ltd.,,54.23439,-116.60667,Gas Plant Sweet,09-34-060-18W5M
ABGP0001336,Suspended,Tarragon Ghost Pine,GP,Ghost Pine,Canadian Natural Resources Limited,100.0% - Canadian Natural Resources Limited,,51.71591,-113.20221,Gas Plant Sweet,10-04-032-23W4M
ABGP0001337,Suspended,Crestar Goodwin,GP,Crestar Goodwin,Cenovus Energy Inc.,100.0% - Cenovus Energy Inc.,,54.14799,-115.80926,Gas Plant Acid Gas Flaring < 1 T/D Sulphur,10-36-059-13W5M
ABGP0001338,Suspended,Enermark Valhalla,GP,Valhalla,Enerplus Corporation,29.0% - Advantage Energy Ltd.,1983-01-01,55.50066,-119.50795,Gas Plant Sweet,10-17-075-10W6M
ABGP0001339,Abandoned,Gulf Berry,GP,Berry,Fairwest Energy Corporation,100.0% - Fairwest Energy Corporation,1975-01-01,51.31944,-111.68395,Gas Plant Sweet,06-19-027-12W4M
ABGP0001340,Active,Stellarton Edson,GP,Edson,Long Run Exploration Ltd.,100.0% - Long Run Exploration Ltd.,1981-01-01,53.65844,-116.65995,Gas Plant Sweet,01-13-054-19W5M
ABGP0001341,Abandoned,Amoco Kaybob South,GP,Kaybob South,Bp Canada Energy Group Ulc,100.0% - Paramount Resources Ltd.,,54.32822,-117.08102,Gas Plant Sweet,01-04-062-21W5M
ABGP0001343,Active,Goodfare 04-19-072-11W6 Gas Plant,GP,Goodfare,Tidewater Midstream And Infrastructure Ltd.,76.1% - Cenovus Energy Inc.; 4.8% - Shield Energy Ltd.; 19.1% - Tidewater Midstream And Infrastructure Ltd.,1979-01-01,55.24434,-119.6904,Gas Plant Sweet,04-19-072-11W6M
ABGP0001344,Active,Ember Entice 01-24-028-24W4,GP,Entice Phase 2,Ember Resources Inc.,100.0% - Ember Resources Inc.,,51.40214,-113.24124,Gas Plant Sweet,01-24-028-24W4M
ABGP0001345,Abandoned,Rich 1-19-35-21W4,GP,Rich,Canadian Natural Resources Limited,100.0% - Canadian Natural Resources Limited,,52.01267,-112.98431,Gas Plant Sweet,01-19-035-21W4M
ABGP0001346,Suspended,Ante Creek 10-18-65-23W5,GP,Ante Creek,Canadian Natural Resources Limited,100.0% - Canadian Natural Resources Limited,,54.62675,-117.46343,Gas Plant Sweet,10-18-065-23W5M
ABGP0001347,Abandoned,Chauvco Provost,GP,Chauvco Provost,Taqa North Ltd.,100.0% - Pioneer Natural Resources Canada Inc.,,52.3565,-110.909,Gas Plant Acid Gas Injection,11-14-039-07W4M
ABGP0001348,Suspended,Cdn Conquest Rich,GP,Cdn Conquest Rich,Primewest Energy Inc.,100.0% - Bornite Energy Ltd.,,52.02542,-112.9126,Gas Plant Sweet,16-22-035-21W4M
ABGP0001350,Active,Elmworth  4-8-70-11W6,GP,Elmworth Shallow Cut,Cenovus Energy Inc.,100.0% - Cenovus Energy Inc.,1979-01-01,55.04254,-119.63299,Gas Plant Sweet,01-08-070-11W6M
ABGP0001351,Active,Elmworth 4-8-69-8W6,GP,Wapiti,Canadian Natural Resources Limited,25.5% - Conocophillips Canada Limited; 0.7% - Husky Oil Operations Limited; 2.2% - Nuvista Energy           ; 2.2% - Omers Energy Inc.; 0.2% - Superman Resources Inc.; 1.2% - Progress Exploration Ltd.; 0.9% - Distinction Energy Corp.; 0.5% - Chair Resources Inc.; 63.4% - Canadian Natural Resources Limited; 0.1% - Dorchester Energy Inc.; 3.1% - Reserve Royalty,1985-01-01,54.95425,-119.1925,Gas Plant Sweet,04-08-069-08W6M
ABGP0001352,Suspended,Big Bend 2-7-67-26W4,GP,Big Bend,Canadian Natural Resources Limited,100.0% - Canadian Natural Resources Limited,,54.77924,-113.95791,Gas Plant Sweet,02-07-067-26W4M
ABGP0001353,Active,Imperial Ferrier,GP,Everdell,Whitecap Resources Inc.,100.0% - Whitecap Resources Inc.,,52.28811,-114.9687,Gas Plant Sweet,14-20-038-07W5M
ABGP0001354,Suspended,Mirage 10-2-79-8W6,GP,Mirage,Canadian Natural Resources Limited,100.0% - Canadian Natural Resources Limited,,55.82092,-119.13036,Gas Plant Sweet,10-02-079-08W6M
ABGP0001355,Suspended,Devon Eaglesham,GP,Eaglesham West,Canadian Natural Resources Limited,100.0% - Canadian Natural Resources Limited,,55.66981,-117.9039,Gas Plant Sweet,05-13-077-26W5M
ABGP0001356,Suspended,Apache Provost,GP,Provost,Karve Energy Inc.,100.0% - Karve Energy Inc.,,52.45632,-111.2365,Gas Plant Acid Gas Injection,10-21-040-09W4M
ABGP0001357,Suspended,Keyera Bigoray Plant 10-07-051-09W5,GP,Bigoray,Keyera Energy Ltd.,100.0% - Keyera Energy Ltd.,,53.39148,-115.31156,Gas Plant Acid Gas Flaring > 1 T/D Sulphur,10-07-051-09W5M
ABGP0001358,Suspended,Tarragon Wintering Hills,GP,Wintering Hills,Canadian Natural Resources Limited,100.0% - Canadian Natural Resources Limited,,51.03548,-112.21742,Gas Plant Sweet,16-07-024-16W4M
ABGP0001359,Suspended,Cyn-Pem 9-16-51-11W5,GP,Cyn-Pem,Canadian Natural Resources Limited,100.0% - Vermilion Energy Inc.,,53.40576,-115.55144,Gas Plant Acid Gas Flaring < 1 T/D Sulphur,09-16-051-11W5M
ABGP0001360,Active,Petro-Can Hanlan,GP,Hanlan Robb,Canlin Energy Corporation,,1983-01-01,53.20569,-116.81223,Gas Plant Sulphur Recovery,15-02-049-20W5M
ABGP0001361,Suspended,Enermark Kaybob,GP,Kaybob,Journey Energy Inc.,85.0% - Journey Energy Inc.,1990-01-01,54.4961,-116.739,Gas Plant Sweet,11-36-063-19W5M
ABGP0001362,Suspended,Pancdn Verger,GP,Pancdn Verger,Cenovus Energy Inc.,100.0% - Cenovus Energy Inc.,,50.89694,-112.11208,Gas Plant Sweet,07-26-022-16W4M
ABGP0001363,Abandoned,Duhamel 3-32-45-21W5,GP,Duhamel,Canadian Natural Resources Limited,100.0% - Canadian Natural Resources Limited,,52.91694,-113.01659,Gas Plant Acid Gas Flaring > 1 T/D Sulphur,03-32-045-21W4M
ABGP0001364,Suspended,Talisman Shane,GP,Shane,Hanna Oil & Gas Company - Canada Ulc ,83.3% - Hanna Oil & Gas Company - Canada Ulc ; 2.6% - Signalta Resources Limited; 14.1% - Manitok Energy Inc.,,55.75868,-118.29697,Gas Plant Sweet,07-18-078-02W6M
ABGP0001365,Suspended,Signalta Forestburg,GP,Forestburg,Signalta Resources Limited,100.0% - Signalta Resources Limited,1984-01-01,52.62121,-112.20758,Gas Plant Acid Gas Flaring > 1 T/D Sulphur,13-14-042-16W4M
ABGP0001366,Suspended,Crestar Provost,GP,Crestar Provost,Conocophillips Canada,100.0% - Conocophillips Canada Energy Partnership,,51.82173,-111.08877,Gas Plant Sweet,13-09-033-08W4M
ABGP0001367,Suspended,Pancdn Morley,GP,Pancdn Morley,Ovintiv Canada Ulc,100.0% - Ovintiv Canada Ulc,,51.19249,-114.86494,Gas Plant Sweet,09-02-026-07W5M
ABGP0001368,Active,Argonauts Thorsby,GP,Thorsby,Petrus Resources Corp.,100.0% - Petrus Resources Corp.,1982-01-01,53.19743,-114.09785,Gas Plant Sweet,05-04-049-01W5M
ABGP0001369,Abandoned,Joarcam 7-14-50-22W4,GP,Joarcam,Canadian Natural Resources Limited,100.0% - Canadian Natural Resources Limited,,53.3145,-113.10831,Gas Plant Sweet,07-14-050-22W4M
ABGP0001370,Suspended,Keyera Braz North Plt 16-35-48-12W5,GP,North Brazeau,Keyera Energy Ltd.,100.0% - Keyera Energy Ltd.,,53.18929,-115.63654,Gas Plant Sweet,16-35-048-12W5M
ABGP0001371,Suspended,Norcen Giroux Lake,GP,Norcen Giroux Lake,Canadian Natural Resources Limited,100.0% - Canadian Natural Resources Limited,,54.70096,-117.21072,Gas Plant Sweet,10-11-066-22W5M
ABGP0001372,Suspended,Petro-Can Brazeau River,GP,Brazeau River,Tidewater Midstream And Infrastructure Ltd.,100.0% - Tidewater Midstream And Infrastructure Ltd.,,53.17976,-115.75496,Gas Plant Sweet,04-31-048-12W5M
ABGP0001373,Abandoned,Ascot Watelet,GP,Ascot Watelet,Obsidian Energy Ltd.,,,53.05241,-113.69136,Gas Plant Sweet,07-14-047-26W4M
ABGP0001374,Suspended,Amoco Caroline N,GP,Caroline North,Tourmaline Oil Corp.,100.0% - Tourmaline Oil Corp.,,51.98548,-114.74239,Gas Plant Sulphur Recovery,01-11-035-06W5M
ABGP0001375,Suspended,Amoco Brazeau River,GP,Brazeau River,Bp Canada Energy Group Ulc,100.0% - Bp Canada Energy Group Ulc,,53.02119,-115.75186,Gas Plant Sweet,04-06-047-12W5M
ABGP0001376,Suspended,Altagas Alder Flats,GP,Pembina,Tidewater Midstream And Infrastructure Ltd.,100.0% - Tidewater Midstream And Infrastructure Ltd.,,52.91083,-115.17236,Gas Plant Sweet,10-25-045-09W5M
ABGP0001377,Active,Gulf Med River,GP,Medicine River,Btg Energy Corporation,100.0% - Btg Energy Corporation,1979-01-01,52.3577,-114.322,Gas Plant Acid Gas Flaring < 1 T/D Sulphur,10-14-039-03W5M
ABGP0001378,Suspended,Imperial Provost,GP,Provost,Imperial Oil Resources Limited,100.0% - Imperial Oil Resources Limited,,52.45311,-111.404,Gas Plant Acid Gas Flaring < 1 T/D Sulphur,07-20-040-10W4M
ABGP0001379,Active,Ferrier 1-34-40-9W5,GP,Ferrier,Canadian Natural Resources Limited,100.0% - Canadian Natural Resources Limited,1980-01-01,52.48008,-115.20593,Gas Plant Sweet,01-34-040-09W5M
ABGP0001380,Active,Chinchaga 1-24-96-5W6,GP,Cranberry,Canadian Natural Resources Limited,100.0% - Canadian Natural Resources Limited,,57.33863,-118.65604,Gas Plant Sweet,01-24-096-05W6M
ABGP0001381,Active,Highvale Gas Plant 10-04,GP,Highvale,New Star Energy Ltd.,100.0% - New Star Energy Ltd.,1980-01-01,53.37552,-114.52742,Gas Plant Acid Gas Flaring < 1 T/D Sulphur,10-04-051-04W5M
ABGP0001382,Abandoned,Compton Bigoray Gas Plant,GP,Compton Bigoray,Lexin Resources Ltd.,100.0% - Tallgrass Energy Corp.,,53.3912,-115.2802,Gas Plant Sweet,09-08-051-09W5M
ABGP0001383,Active,Vallhala 1-29-75-9W6,GP,Valhalla,Canadian Natural Resources Limited,5.5% - Encana Corporation; 0.5% - Doag Energy Ltd.; 32.8% - Trilogy Resources Ltd.; 0.3% - Kelt Exploration Ltd.; 0.6% - Longshore Resources Ltd.; 37.2% - Canadian Natural Resources Limited; 9.6% - Whitecap Resources Inc.; 0.7% - Surge Energy Inc.; 12.8% - Husky Oil Operations Limited,,55.51999,-119.35006,Gas Plant Sweet,01-29-075-09W6M
ABGP0001384,Suspended,Cdn Sup Killam,GP,Cdn Sup Killam,Exxonmobil Resources Ltd.,100.0% - Exxonmobil Resources Ltd.,,52.78953,-111.77132,Gas Plant Sweet,08-14-044-13W4M
ABGP0001385,Suspended,Viridian Campbell-Namao,GP,Viridian Campbell Namao,Nutrien (Canada) Holdings Ulc,100.0% - Nutrien (Canada) Holdings Ulc,,53.65704,-113.56426,Gas Plant Acid Gas Flaring > 1 T/D Sulphur,13-12-054-25W4M
ABGP0001386,Active,Amoco Willesden Green,GP,Crimson Lake,Obsidian Energy Ltd.,100.0% - Obsidian Energy Ltd.,1980-01-01,52.6518,-115.07732,Gas Plant Sweet,13-27-042-08W5M
ABGP0001387,Active,Seiu Lake 14-12-26-19W4,GP,Sieu Lake,Canadian Natural Resources Limited,100.0% - Canadian Natural Resources Limited,,51.2122,-112.53381,Gas Plant Sweet,14-12-026-19W4M
ABGP0001389,Suspended,Ranger Leahurst,GP,Ranger Leahurst,Canadian Natural Resources Limited,100.0% - Ember Resources Inc.,,52.35114,-112.68509,Gas Plant Sweet,06-16-039-19W4M
ABGP0001390,Abandoned,Esther 6-9-31-1W4,GP,Esther,Canadian Natural Resources Limited,100.0% - Canadian Natural Resources Limited,,51.64007,-110.09032,Gas Plant Sweet,06-09-031-01W4M
ABGP0001391,Abandoned,Atco Midstream Pembina Cranberry,GP,Slave Point,Atco Next Energy Ltd.,100.0% - Atco Next Energy Ltd.,,57.33824,-118.46007,Gas Plant Sweet,04-20-096-03W6M
ABGP0001392,Active,Conoco Peco,GP,Peco,Cenovus Energy Inc.,100.0% - Cenovus Energy Inc.,,53.20153,-116.21707,Gas Plant Sweet,12-01-049-16W5M
ABGP0001393,Suspended,Poco Redwater,GP,Poco Redwater,Conocophillips Canada,100.0% - Conocophillips Canada Resources Corp.,,53.7508,-112.72481,Gas Plant Sweet,05-14-055-19W4M
ABGP0001394,Active,D Energy Carrot Creek 10-16-53-13W5,GP,Carrot Creek,Vermilion Energy Inc.,100.0% - Vermilion Energy Inc.,,53.57845,-115.85491,Gas Plant Sweet,10-16-053-13W5M
ABGP0001396,Suspended,Border Midstream Gladys,GP,Gladys,Lexin Resources Ltd.,100.0% - Lexin Resources Ltd.,,50.69523,-113.66841,Gas Plant Acid Gas Flaring < 1 T/D Sulphur,06-15-020-27W4M
ABGP0001397,Active,Calling Lake S 1-20-70-22W4,GP,Calling Lake South,Canadian Natural Resources Limited,100.0% - Canadian Natural Resources Limited,1978-01-01,55.07008,-113.31177,Gas Plant Acid Gas Flaring < 1 T/D Sulphur,01-20-070-22W4M
ABGP0001398,Suspended,Anadarko Beaverhill Lake,GP,Anadarko Beaverhill Lake,Canadian Natural Resources Limited,100.0% - Canadian Natural Resources Limited,,53.48674,-112.62559,Gas Plant Sweet,04-17-052-18W4M
ABGP0001399,Abandoned,Imperial Wilson Creek,GP,Wilson Creek,I3 Energy Canada Ltd.,100.0% - I3 Energy Canada Ltd.,,52.66224,-114.63436,Gas Plant Acid Gas Flaring > 1 T/D Sulphur,10-34-042-05W5M
ABGP0001400,Suspended,Clearport Gunn,GP,Clearport Gunn,Clearport Holdings Ltd,100.0% - Clearport Holdings Ltd,,53.74214,-114.4145,Gas Plant Sweet,14-08-055-03W5M
ABGP0001401,Active,Opal 01-25-057-23W4 Gp,GP,Opal,Baytex Energy Ltd.,100.0% - Baytex Energy Ltd.,1981-01-01,53.95216,-113.27403,Gas Plant Sweet,01-25-057-23W4M
ABGP0001402,Active,Keyera Pembina Gas Plant 11-22,GP,North Pembina,Westbrick Energy Ltd.,100.0% - Westbrick Energy Ltd.,1981-01-01,53.24499,-115.67401,Gas Plant Sulphur Recovery,11-22-049-12W5M
ABGP0001403,Suspended,Tony Creek North 7-16-64-21W5,GP,Waskahigan,Canadian Natural Resources Limited,100.0% - Canadian Natural Resources Limited,,54.53607,-117.11348,Gas Plant Sweet,07-16-064-21W5M
ABGP0001404,Suspended,Eaglesham South 2-24-77-25W5,GP,Eaglesham South,Canadian Natural Resources Limited,100.0% - Canadian Natural Resources Limited,,55.66716,-117.76161,Gas Plant Sweet,02-14-077-25W5M
ABGP0001405,Suspended,Talisman Sundance,GP,Old Man,Repsol Oil & Gas Canada Inc.,100.0% - Peyto Exploration & Development Corp.,,53.6472,-117.032,Gas Plant Sweet,07-09-054-21W5M
ABGP0001406,Abandoned,Alberta Selecta Corp. Sedgewick,GP,Bellshill Lake,Ovintiv Canada Ulc,100.0% - Ovintiv Canada Ulc,,52.6284,-111.667,Gas Plant Sweet,07-21-042-12W4M
ABGP0001407,Abandoned,Aav Joffre 13-12-038-27W4 Gp,GP,Joffre,Advantage Energy Ltd.,54.7% - Advantage Energy Ltd.; 40.8% - Obsidian Energy Ltd.; 0.8% - Bonavista Energy Lp; 0.8% - Signalta Resources Limited; 2.4% - Devon Canada Corporation,1981-01-01,52.25842,-113.7398,Gas Plant Sweet,13-12-038-27W4M
ABGP0001408,Suspended,Devon Leo,GP,Leo,Canadian Natural Resources Limited,100.0% - Canadian Natural Resources Limited,,52.11233,-112.30773,Gas Plant Sweet,14-24-036-17W4M
ABGP0001409,Suspended,Pancdn Bashaw,GP,Pancdn Bashaw,Ovintiv Canada Ulc,100.0% - Ovintiv Canada Ulc,,52.6484,-112.89941,Gas Plant Acid Gas Flaring > 1 T/D Sulphur,11-25-042-21W4M
ABGP0001410,Suspended,Enron Blackfoot,GP,Enron Blackfoot,Lynx Energy Ulc,100.0% - Lynx Energy Ulc,,50.89293,-113.0394,Gas Plant Sweet,02-30-022-22W4M
ABGP0001411,Suspended,Paramount Saleski,GP,Saleski,Sequoia Resources Corp.,100.0% - Sequoia Resources Corp.,1982-01-01,56.49778,-112.85222,Gas Plant Acid Gas Injection,08-36-086-19W4M
ABGP0001412,Suspended,Endiang 6-28-34-15W4,GP,Spiers,Canadian Natural Resources Limited,86.5% - Canadian Natural Resources Limited,1981-01-01,51.94395,-112.07707,Gas Plant Sweet,06-28-034-15W4M
ABGP0001413,Active,Success Berry Gas Plant,GP,Berry,Success Resources Ltd.,100.0% - Success Resources Ltd.,1983-01-01,51.2734,-111.77179,Gas Plant Sweet,02-04-027-13W4M
ABGP0001414,Active,Campus Parkland,GP,Parkland,Pivotal Energy Partners Inc.,100.0% - Pivotal Energy Partners Inc.,1983-01-01,50.24306,-113.60874,Gas Plant Sweet,07-11-015-27W4M
ABGP0001415,Abandoned,Cimarron Manyberries,GP,Manyberries,Hunt Oil Company Of Canada; Inc.,100.0% - Cenovus Energy Inc.,,49.46905,-110.80226,Gas Plant Sulphur Recovery,06-18-006-06W4M
ABGP0001416,Suspended,Roan Med Hat,GP,Roan Med Hat,7246366 Canada Ltd.,100.0% - Ovintiv Canada Ulc,,49.71789,-110.73596,Gas Plant Sweet,07-10-009-06W4M
ABGP0001417,Active,Galloway 14-14-53-20W5,GP,Galloway,Canadian Natural Resources Limited,100.0% - Canadian Natural Resources Limited,,53.58375,-116.84201,Gas Plant Acid Gas Flaring > 1 T/D Sulphur,14-14-053-20W5M
ABGP0001418,Active,Ante Creek 10-4-66-23W5,GP,Dunvegan,Canadian Natural Resources Limited,100.0% - Canadian Natural Resources Limited,,54.68476,-117.41344,Gas Plant Sweet,10-04-066-23W5M
ABGP0001419,Active,Killam N 04-05-045-12W4 Gas Plant,GP,Killam North,Axiom Oil And Gas Inc.,20.0% - Long Run Exploration Ltd.; 20.0% - Altagas Ltd.; 60.0% - Axiom Oil And Gas Inc.,1973-01-01,52.84471,-111.71545,Gas Plant Sweet,04-05-045-12W4M
ABGP0001420,Suspended,Stealth Big Coulee,GP,Stealth Big Coulee,Ovintiv Canada Ulc.,100.0% - Encana Corporation,,54.81618,-113.54637,Gas Plant Acid Gas Injection,10-23-067-24W4M
ABGP0001421,Abandoned,Bonavista Blood,GP,Magrath,Tamarack Valley Energy Ltd.,100.0% - Tamarack Valley Energy Ltd.,,49.455,-112.927,Gas Plant Sweet,07-08-006-22W4M
ABGP0001422,Suspended,Chevron House,GP,House,Chevron Canada Limited,100.0% - Canadian Natural Resources Limited,,56.08379,-112.51589,Gas Plant Sweet,16-01-082-17W4M
ABGP0001423,Active,Star Swan Hills,GP,House Mountain,Acquisition Oil Corp.,100.0% - Acquisition Oil Corp.,,55.00389,-115.45907,Gas Plant Sweet,10-28-069-10W5M
ABGP0001424,Suspended,Boundary Lake Central 10-33 Plant,GP,Hill,Enercapita Energy Ltd.,100.0% - Enercapita Energy Ltd.,1982-01-01,56.41597,-119.67027,Gas Plant Sweet,10-33-085-11W6M
ABGP0001425,Active,Pengrowth Mkwan 102/09-21-038-23W4,GP,Ardley,Alphabow Energy Ltd.,100.0% - Alphabow Energy Ltd.,,52.28445,-113.22373,Gas Plant Sweet,09-21-038-23W4M
ABGP0001426,Active,Shiningbank Berrymoor Pembina,GP,Berrymoor,Ricochet Oil Corp.,98.4% - Ricochet Oil Corp.; 1.0% - Freehold Resources Ltd.; 0.2% - Obsidian Energy Ltd.,,53.2749,-114.725,Gas Plant Acid Gas Flaring < 1 T/D Sulphur,11-31-049-05W5M
ABGP0001427,Suspended,Keyera Chinchaga North 05-32-98-7W6,GP,Chinchaga North,Keyera Energy Ltd.,100.0% - Keyera Energy Ltd.,1983-01-01,57.54657,-119.10889,Gas Plant Acid Gas Flaring < 1 T/D Sulphur,05-32-098-07W6M
ABGP0001428,Abandoned,Star Boundary Lake South,GP,Star Boundary Lake South,Enercapita Energy Ltd.,100.0% - Enercapita Energy Ltd.,,56.27103,-119.80234,Gas Plant Sweet,10-10-084-12W6M
ABGP0001429,Active,Tarragon Swalwell,GP,Swalwell,Ember Resources Inc.,25.0% - Bumper Development Corporation Ltd.; 75.0% - Ember Resources Inc.,1980-01-01,51.5302,-113.276,Gas Plant Sweet,14-35-029-24W4M
ABGP0001430,Suspended,Tarragon Twining,GP,Twining,Cenovus Energy Inc.,100.0% - Tidewater Midstream And Infrastructure Ltd.,,52.80598,-112.19407,Gas Plant Sweet,06-24-044-16W4M
ABGP0001431,Suspended,C Star Sullivan Lake,GP,C Star Sullivan Lake,Arc Resources Ltd.,100.0% - Arc Resources Ltd.,,52.02951,-111.86755,Gas Plant Sweet,01-25-035-14W4M
ABGP0001432,Suspended,Cabre Strom,GP,Cabre Strom,Enermark Inc.,100.0% - Tidewater Midstream And Infrastructure Ltd.,,52.80598,-112.19407,Gas Plant Sweet,06-24-044-16W4M
ABGP0001433,Suspended,Donnelly 6-1-77-21W5,GP,Girouxville Kenzie,Long Run Exploration Ltd.,100.0% - Long Run Exploration Ltd.,2006-01-01,55.64061,-117.11964,Gas Plant Acid Gas Flaring < 1 T/D Sulphur,06-01-077-21W5M
ABGP0001434,Active,Pancdn Hussar,GP,Crowfoot,Lynx Energy Ulc,100.0% - Lynx Energy Ulc,1983-01-01,51.02224,-112.94912,Gas Plant Sweet,14-01-024-22W4M
ABGP0001435,Abandoned,Pennzoil Roxana,GP,Pennzoil Roxana,625894 Alberta Inc.,100.0% - Obsidian Energy Ltd.,,55.79175,-116.85438,Gas Plant Acid Gas Injection,10-27-078-19W5M
ABGP0001436,Abandoned,Conoco Joarvie,GP,Jarvie,Paramount Resources Ltd.,84.0% - Paramount Resources Ltd.; 14.0% - Canadian Natural Resources Limited; 1.0% - Husky Oil Operations Limited,1981-01-01,54.34075,-114.11038,Gas Plant Sweet,15-05-062-01W5M
ABGP0001437,Active,Cascade Caroline,GP,Sundre,Taqa North Ltd.,100.0% - Taqa North Ltd.,1993-01-01,51.85611,-114.75056,Gas Plant Acid Gas Flaring > 1 T/D Sulphur,03-26-033-06W5M
ABGP0001438,Abandoned,Stanmore 11-16-30-10W4,GP,Scotfield,Canadian Natural Resources Limited,100.0% - Canadian Natural Resources Limited,,51.57092,-111.3569,Gas Plant Sweet,11-16-030-10W4M
ABGP0001439,Suspended,Thunder Fenn Big Valley,GP,Fenn-Big Valley,Ember Resources Inc.,100.0% - Ember Resources Inc.,1983-01-01,52.0319,-112.62518,Gas Plant Sweet,08-27-035-19W4M
ABGP0001440,Abandoned,Enermark Chigwell,GP,Chigwell Magee,Ember Resources Inc.,100.0% - Ember Resources Inc.,1993-01-01,52.63306,-113.57197,Gas Plant Sweet,11-20-042-25W4M
ABGP0001441,Suspended,Pancdn Alderson,GP,Alderson West,Torxen Energy Ltd.,100.0% - Torxen Energy Ltd.,,50.31663,-111.96773,Gas Plant Acid Gas Injection,06-02-016-15W4M
ABGP0001442,Suspended,Burlington Forestburg S/D 88,GP,Forestburg,Conocophillips Canada,100.0% - Conocophillips Canada Resources Corp.,,52.55405,-112.20715,Gas Plant Acid Gas Injection,04-26-041-16W4M
ABGP0001443,Suspended,Conoco Westlock,GP,Clyde,Paramount Resources Ltd.,100.0% - Paramount Resources Ltd.,1980-01-01,54.08947,-113.63297,Gas Plant Acid Gas Flaring < 1 T/D Sulphur,10-11-059-25W4M
ABGP0001444,Suspended,Apache Monitor,GP,Monitor,Karve Energy Inc.,100.0% - Karve Energy Inc.,2004-01-01,51.97708,-110.48794,Gas Plant Acid Gas Injection,10-03-035-04W4M
ABGP0001445,Active,Penn West Pembina,GP,Sun Creek,Mancal Energy Inc.,100.0% - Mancal Energy Inc.,1980-01-01,52.8943,-114.861,Gas Plant Sweet,06-19-045-06W5M
ABGP0001446,Suspended,Husky Erskine 9-31,GP,Husky Erskine,Cenovus Energy Inc.,100.0% - Cenovus Energy Inc.,,52.40036,-112.86568,Gas Plant Sweet,09-31-039-20W4M
ABGP0001447,Suspended,Forest Deanne,GP,Forest Deanne,Forest Oil Corporation,100.0% - Northrock Resources Ltd.,,52.30924,-115.44728,Gas Plant Sweet,06-36-038-11W5M
ABGP0001448,Suspended,Strike Crystal,GP,Strike Crystal,I3 Energy Canada Ltd.,100.0% - I3 Energy Canada Ltd.,,52.93038,-114.43785,Gas Plant Sweet,16-36-045-04W5M
ABGP0001449,Suspended,Apf Energy Joarcam,GP,Joarcam,Enerplus Corporation,100.0% - Enerplus Corporation,,53.13386,-112.82496,Gas Plant Sweet,13-11-048-20W4M
ABGP0001450,Abandoned,Orion Baptiste,GP,Orion Baptiste,Arc Resources Ltd.,100.0% - Canadian Natural Resources Limited,,54.79802,-113.3605,Gas Plant Acid Gas Injection,05-18-067-22W4M
ABGP0001451,Abandoned,Corker Liege,GP,Mackay,Tourmaline Oil Corp.,53.0% - Bonavista Energy Corporation; 47.0% - Avenir Oil & Gas Corp.,1982-01-01,56.73723,-113.2927,Gas Plant Acid Gas Injection,14-21-089-21W4M
ABGP0001452,Suspended,Husky Redwater 15-16,GP,Redwater,Point Bar Resources Inc.,100.0% - Point Bar Resources Inc.,,53.8449,-112.91,Gas Plant Sweet,15-16-056-20W4M
ABGP0001453,Abandoned,Penn West Compeer,GP,Penn West Compeer,Obsidian Energy Ltd.,100.0% - Obsidian Energy Ltd.,,51.87217,-110.16383,Gas Plant Acid Gas Injection,06-36-033-02W4M
ABGP0001454,Suspended,00/14-36-053-26W4 St Albert Gp,GP,Big Lake,Sinopec Canada Energy Ltd.,100.0% - Sinopec Canada Energy Ltd.,1960-01-01,53.6271,-113.704,Gas Plant Acid Gas Flaring < 1 T/D Sulphur,14-36-053-26W4M
ABGP0001455,Reclamation Certified,Paz Fenn-Big Valley,GP,Paz Fenn Big Valley,Journey Energy Inc.,100.0% - Strathcona Resources Ltd.,,51.97149,-112.63038,Gas Plant Sweet,02-03-035-19W4M
ABGP0001456,Suspended,Gilby-10-34-040-04 W5M,GP,Gilby,Harvest Operations Corp.,100.0% - Harvest Operations Corp.,,52.48991,-114.48827,Gas Plant Sweet,10-34-040-04W5M
ABGP0001457,Suspended,Kanex Grand Prix Scandia,GP,Scandia,Success Resources Ltd.,100.0% - Success Resources Ltd.,,50.39696,-112.09324,Gas Plant Sweet,16-35-016-16W4M
ABGP0001458,Suspended,Keyera West Pembina 10-10-047-14W5,GP,West Pembina,Keyera Energy Ltd.,83.1% - Keyera Energy Ltd.; 4.2% - Paramount Resources Ltd.; 3.2% - Canlin Resources Partnership; 2.9% - Canadian Natural Resources Limited; 3.2% - Boulder Energy Ltd.; 2.6% - Baytex Energy Ltd.; 0.7% - Canadian Natural Resources; 0.1% - Tourmaline Oil Corp.; 0.1% - Vermilion Energy Inc.,1984-01-01,53.04025,-115.95931,Gas Plant Sulphur Recovery,10-10-047-14W5M
ABGP0001459,Reclamation Certified,Conoco Claresholm,GP,Claresholm,Canadian Natural Resources Limited,100.0% - Conocophillips Canada Resources Corp.,,50.02381,-113.40713,Gas Plant Acid Gas Flaring > 1 T/D Sulphur,06-30-012-25W4M
ABGP0001460,Suspended,Kan Energy Gleichen,GP,Kan Energy Gleichen,Kanamera Texas Sentry Operating Partnership.,100.0% - Lynx Energy Ulc,,50.83718,-112.79659,Gas Plant Acid Gas Injection,04-01-022-21W4M
ABGP0001461,Suspended,Paramount Legend,GP,Liege,Athabasca Oil Corporation,100.0% - Athabasca Oil Corporation,1964-01-01,57.20029,-112.90153,Gas Plant Sweet,12-31-094-18W4M
ABGP0001462,Abandoned,Amoco Bigstone Dunvegan,GP,Bigstone Dunvegan,Bp Canada Energy Group Ulc,100.0% - Paramount Resources Ltd.,,54.25847,-117.21398,Gas Plant Sweet,06-10-061-22W5M
ABGP0001463,Active,Westrock Pouce Coupe South,GP,Pouce Coupe South,Advantage Energy Ltd.,99.4% - Longshore Resources Ltd.; 0.7% - Freehold Resources Ltd.,1985-01-01,55.77191,-119.81881,Gas Plant Acid Gas Flaring < 1 T/D Sulphur,07-20-078-12W6M
ABGP0001464,Active,Provident Craigmyle,GP,Craigmyle,Prairie Provident Resources Canada Ltd.,100.0% - Prairie Provident Resources Canada Ltd.,1984-01-01,51.72118,-112.38977,Gas Plant Sweet,13-05-032-17W4M
ABGP0001465,Abandoned,Baytex Kneller,GP,Kneller,Baytex Energy Ltd.,100.0% - Alphabow Energy Ltd.,,53.23074,-113.30229,Gas Plant Acid Gas Injection,10-16-049-23W4M
ABGP0001466,Suspended,Husky Rumsey 8-36,GP,Rumsey,Trident Exploration (Alberta) Corp.,100.0% - Endrum Energy Corp.,,51.87278,-112.84117,Gas Plant Sweet,08-36-033-21W4M
ABGP0001467,Suspended,Surge Willesden Gr 08-29-040-06W5 Gp,GP,Willesden Green,Surge Energy Inc.,100.0% - Surge Energy Inc.,1982-01-01,52.47124,-114.82124,Gas Plant Sweet,08-29-040-06W5M
ABGP0001468,Suspended,Mundare 09-28-053-18W4 Gas Plant,GP,Mundare,Axiom Oil And Gas Inc.,100.0% - Axiom Oil And Gas Inc.,1980-01-01,53.60799,-112.58347,Gas Plant Sweet,09-28-053-18W4M
ABGP0001469,Suspended,Crestar Bantry,GP,Crestar Bantry,Strathcona Resources Ltd.,100.0% - Cardinal Energy Ltd.,,50.54118,-111.79414,Gas Plant Acid Gas Flaring > 1 T/D Sulphur,16-24-018-14W4M
ABGP0001470,Suspended,Norcen Fort Sask,GP,Norcen Fort Sask,Canadian Natural Resources Limited,100.0% - Canadian Natural Resources Limited,,53.71935,-113.17652,Gas Plant Sweet,01-03-055-22W4M
ABGP0001471,Suspended,Aec Suffield,GP,Aec Suffield,Ipc Canada Ltd.,100.0% - Ipc Canada Ltd.,,50.57415,-111.17945,Gas Plant Sweet,04-03-019-09W4M
ABGP0001472,Active,Nipisi 2-11-80-8W5,GP,Nipisi,Canadian Natural Resources Limited,90.0% - Canadian Natural Resources Limited; 0.0% - Superman Resources Inc.,,55.9131,-115.131,Gas Plant Acid Gas Flaring < 1 T/D Sulphur,02-11-080-08W5M
ABGP0001473,Reclamation Certified,Provost 15-7-36-15W4,GP,Provost,Canadian Natural Resources Limited,100.0% - Canadian Natural Resources Limited,,52.08407,-112.13285,Gas Plant Sweet,15-07-036-15W4M
ABGP0001474,Abandoned,Crestar Rumsey,GP,Crestar Rumsey,Pine Cliff Energy Ltd.,100.0% - Pine Cliff Energy Ltd.,,51.90097,-112.84118,Gas Plant Sweet,08-12-034-21W4M
ABGP0001475,Active,Crestar Jenner,GP,Jenner,Ipc Canada Ltd.,4.6% - Enermark Inc.; 1.4% - Canoil Inc.; 93.9% - Cor4 Oil Corp.,,50.6541,-111.167,Gas Plant Acid Gas Flaring < 1 T/D Sulphur,10-34-019-09W4M
ABGP0001476,Suspended,Apache Willesden Green,GP,Bingley,Tourmaline Oil Corp.,100.0% - Tourmaline Oil Corp.,1983-01-01,52.48255,-114.87222,Gas Plant Sweet,02-36-040-07W5M
ABGP0001477,Active,Apache Willesden Green,GP,Leafland,Paramount Resources Ltd.,69.5% - Paramount Resources Ltd.; 17.4% - Obsidian Energy Ltd.; 11.8% - Signalta Resources Limited,1985-01-01,52.40495,-114.70709,Gas Plant Sweet,15-31-039-05W5M
ABGP0001478,Suspended,Imperial Injection,GP,Injection,Imperial Oil Resources Limited,100.0% - Imperial Oil Resources Limited,,53.0488,-113.919,Gas Plant Sweet,03-17-047-27W4M
ABGP0001479,Suspended,Judy Creek Gp 3-18-67-10W5,GP,Swan Hills,Canadian Natural Resources Limited,100.0% - Canadian Natural Resources Limited,,54.79552,-115.51918,Gas Plant Acid Gas Injection,03-18-067-10W5M
ABGP0001480,Active,Eyremore 1-18-17-18W4,GP,Armada,Canadian Natural Resources Limited,100.0% - Canadian Natural Resources Limited,,50.42756,-112.45675,Gas Plant Sweet,01-18-017-18W4M
ABGP0001481,Suspended,Chauvco Nosehill,GP,Chauvco Nosehill,Taqa North Ltd.,100.0% - Taqa North Ltd.,,53.76822,-116.96756,Gas Plant Acid Gas Injection,11-19-055-20W5M
ABGP0001482,Active,Brc 04-31-048-12W5 Gas Plant,GP,Brazeau River,Tidewater Midstream And Infrastructure Ltd.,100.0% - Tidewater Midstream And Infrastructure Ltd.,1979-01-01,53.17952,-115.75348,Gas Plant Sulphur Recovery,04-31-048-12W5M
ABGP0001483,Suspended,Husky Michichi 16-32,GP,Michichi,Cenovus Energy Inc.,100.0% - Cenovus Energy Inc.,,51.61879,-112.35489,Gas Plant Sweet,16-32-030-17W4M
ABGP0001484,Abandoned,Baptiste 1-18-68-23W4,GP,Island Lake,Canadian Natural Resources Limited,100.0% - Canadian Natural Resources Limited,,54.87958,-113.48994,Gas Plant Acid Gas Flaring < 1 T/D Sulphur,01-18-068-23W4M
ABGP0001485,Abandoned,Morinville 11-15-55-25W4,GP,Morinville,Canadian Natural Resources Limited,100.0% - Maga Energy Ltd.,,53.7544,-113.635,Gas Plant Acid Gas Injection,11-15-055-25W4M
ABGP0001486,Abandoned,Ketch Tangent,GP,Tangent,Obsidian Energy Ltd.,100.0% - Obsidian Energy Ltd.,1984-01-01,55.96966,-117.57586,Gas Plant Acid Gas Flaring < 1 T/D Sulphur,13-29-080-23W5M
ABGP0001487,Reclamation Certified,Enron Sangudo,GP,Enron Sangudo,Canadian Natural Resources Limited,100.0% - Canadian Natural Resources Limited,,53.88468,-114.87054,Gas Plant Sweet,09-31-056-06W5M
ABGP0001488,Reclamation Exempt,Talisman Turner Valley,GP,Turner Valley,Repsol Oil & Gas Canada Inc.,100.0% - Peyto Exploration & Development Corp.,,50.59486,-114.15096,Gas Plant Sulphur Recovery,10-12-019-02W5M
ABGP0001489,Suspended,Amoco Hotchkiss,GP,Hotchkiss,Bp Canada Energy Group Ulc,100.0% - Surge Energy Inc.,,57.12346,-118.15246,Gas Plant Sweet,06-06-094-01W6M
ABGP0001490,Suspended,Blackspur Bantry Gp 15-23-018-14W4,GP,Delta Bantry,Delta Consultants (1973) Ltd.,100.0% - Astara Energy Corp.,,50.53976,-111.82524,Gas Plant Sweet,15-23-018-14W4M
ABGP0001491,Suspended,Avord Chauvin S,GP,Avord Chauvin S,Avord Oil & Gas Ltd,100.0% - Surge Energy Inc.,,52.66175,-110.18178,Gas Plant Acid Gas Flaring < 1 T/D Sulphur,10-35-042-02W4M
ABGP0001492,Suspended,Mobil Twining,GP,Twining,Bumper Development Corporation Ltd.,100.0% - Barnwell Of Canada  Limited,,51.67479,-113.36407,Gas Plant Sweet,16-20-031-24W4M
ABGP0001493,Abandoned,Anderson Rycroft,GP,Anderson Rycroft,Canadian Natural Resources Limited,100.0% - Canadian Natural Resources Limited,,55.61367,-118.58393,Gas Plant Sweet,06-29-076-04W6M
ABGP0001494,Suspended,Cabre Joarcam,GP,Joarcam,Enerplus Corporation,100.0% - Enerplus Corporation,,53.20192,-112.99243,Gas Plant Sweet,11-03-049-21W4M
ABGP0001495,Suspended,Signalta Pembina,GP,Lobstick 2,Signalta Resources Limited,100.0% - Signalta Resources Limited,,53.3566,-114.89541,Gas Plant Sweet,06-36-050-07W5M
ABGP0001496,Suspended,Altex Sullivan Lake,GP,Altex Sullivan Lake,Repsol Oil & Gas Canada Inc.,100.0% - Repsol Oil & Gas Canada Inc.,,52.02715,-111.84028,Gas Plant Sweet,01-30-035-13W4M
ABGP0001497,Active,Medlodge 10-33-052-21W5 Gp,GP,Medicine Lodge,Peyto Exploration & Development Corp.,100.0% - Peyto Exploration & Development Corp.,1989-01-01,53.5356,-117.032,Gas Plant Sweet,10-33-052-21W5M
ABGP0001498,Reclamation Certified,Bonavista Benton,GP,Benton,Nuvista Energy Ltd.,100.0% - Nuvista Energy Ltd.,,51.42398,-110.36362,Gas Plant Acid Gas Injection,10-28-028-03W4M
ABGP0001499,Active,Cypress Farrow,GP,Farrow,Taqa North Ltd.,68.0% - Taqa North Ltd.; 32.0% - Coastal Resources Limited,1984-01-01,50.7367,-113.32208,Gas Plant Sweet,06-31-020-24W4M
ABGP0001500,Abandoned,Grad & Walker Huxley,GP,Grad And Walker Huxley,Pine Cliff Energy Ltd.,100.0% - Pine Cliff Energy Ltd.,,51.97265,-113.41606,Gas Plant Sweet,07-06-035-24W4M
ABGP0001501,Abandoned,Malmo 6-3-44-22W4,GP,Malmo,Canadian Natural Resources Limited,100.0% - Canadian Natural Resources Limited,,52.76215,-113.11753,Gas Plant Acid Gas Flaring < 1 T/D Sulphur,06-03-044-22W4M
ABGP0001502,Reclamation Certified,Triton Kneller,GP,Triton Kneller,Primewest Energy Inc.,100.0% - Altagas Ltd.,,53.24705,-113.28321,Gas Plant Sweet,14-22-049-23W4M
ABGP0001503,Suspended,Poco Watts,GP,Poco Watts,Conocophillips Canada,100.0% - Conocophillips Canada Resources Corp.,,51.62053,-112.06839,Gas Plant Sweet,02-04-031-15W4M
ABGP0001504,Abandoned,Apl Edson,GP,Edson,Canadian Oil & Gas International Inc.,100.0% - Arrow Point Oil & Gas Ltd.,1990-01-01,53.60771,-116.46314,Gas Plant Sweet,09-29-053-17W5M
ABGP0001505,Abandoned,Crestar Trochu Twining,GP,Crestar Trochu Twining,Conocophillips Canada,100.0% - Conocophillips Canada Resources Corp.,,51.78074,-113.26353,Gas Plant Sweet,04-31-032-23W4M
ABGP0001506,Active,Progress 1-1-78-10W6,GP,Progress,Canadian Natural Resources Limited,50.0% - Canadian Natural Resources Limited,1984-01-01,55.72365,-119.40225,Gas Plant Sulphur Recovery,01-01-078-10W6M
ABGP0001507,Suspended,Byemoor 8-32-34-17W4,GP,Byemoor,Canadian Natural Resources Limited,100.0% - Canadian Natural Resources Limited,,51.96154,-112.36985,Gas Plant Sweet,08-32-034-17W4M
ABGP0001508,Suspended,Beau Alderson,GP,Beau Alderson,Murphy Oil Company Ltd.,100.0% - Canadian Natural Resources Limited,,50.5123,-111.28864,Gas Plant Sweet,16-10-018-10W4M
ABGP0001509,Suspended,Grand Forks 8-7-12-13W4,GP,Grand Forks,Canadian Natural Resources Limited,100.0% - Canadian Natural Resources Limited,,49.98035,-111.75936,Gas Plant Acid Gas Flaring < 1 T/D Sulphur,08-07-012-13W4M
ABGP0001510,Abandoned,Altagas Killam,GP,Sedgewick,Altagas Ltd.,100.0% - Altagas Ltd.,1982-01-01,52.55541,-111.79391,Gas Plant Acid Gas Flaring > 1 T/D Sulphur,06-27-041-13W4M
ABGP0001511,Active,Edson West 1-24-52-20W5,GP,Edson West,Canadian Natural Resources Limited,100.0% - Canadian Natural Resources Limited,1985-01-01,53.5005,-116.80511,Gas Plant Sweet,01-24-052-20W5M
ABGP0001512,Reclamation Exempt,Bow Valley Bashaw,GP,Bow Valley Bashaw,Repsol Oil & Gas Canada Inc.,100.0% - Teine Energy Ltd.,,52.51676,-113.28298,Gas Plant Sweet,11-08-041-23W4M
ABGP0001513,Suspended,Apache Nevis,GP,Nevis,Ember Resources Inc.,100.0% - Ember Resources Inc.,,52.38102,-113.17742,Gas Plant Sweet,08-25-039-23W4M
ABGP0001514,Reclamation Certified,Cardiff 16-15-54-02W5,GP,Cardiff,Conocophillips Canada,100.0% - Conocophillips Canada Resources Corp.,,53.66881,-114.2034,Gas Plant Sweet,16-15-054-02W5M
ABGP0001515,Suspended,Kaybob 7-32-63-20W5,GP,Kaybob,Canadian Natural Resources Limited,100.0% - Canadian Natural Resources Limited,,54.49278,-116.98685,Gas Plant Sweet,07-32-063-20W5M
ABGP0001516,Active,Penn West Crystal,GP,Crystal,Journey Energy Inc.,100.0% - Journey Energy Inc.,1982-01-01,52.94083,-114.4173,Gas Plant Sweet,09-06-046-03W5M
ABGP0001517,Active,Orlen Lochend 05-11-029-04W5 Gp,GP,Lochend,Orlen Upstream Canada Ltd.,99.0% - Orlen Upstream Canada Ltd.,1987-01-01,51.46688,-114.4683,Gas Plant Sweet,05-11-029-04W5M
ABGP0001518,Suspended,Craigmyle 13-32-31-17W4,GP,Michichi,Canadian Natural Resources Limited,100.0% - Canadian Natural Resources Limited,1987-01-01,51.70651,-112.38612,Gas Plant Sweet,13-32-031-17W4M
ABGP0001519,Suspended,Ghost Pine 4-18-32-22W4,GP,Ghost Pine,Canadian Natural Resources Limited,100.0% - Canadian Natural Resources Limited,1986-01-01,51.73847,-113.12169,Gas Plant Sweet,04-18-032-22W4M
ABGP0001520,Active,Wembley 06-19-073-08W6,GP,Wembley,Nuvista Energy Ltd.,0.2% - Kelt Exploration Ltd.; 0.1% - Enerplus Corporation; 37.0% - Canadian Natural Resources Limited; 22.3% - Encana Oil & Gas Co. Ltd.; 1.6% - Wembley Resources Ltd.; 38.8% - Nuvista Energy Ltd.,1986-01-01,55.3351,-119.221,Gas Plant Sulphur Recovery,06-19-073-08W6M
ABGP0001521,Suspended,Grimshaw 11-23-83-23W5,GP,Grimshaw,Canadian Natural Resources Limited,100.0% - Prairie Thunder Resources Ltd.,,56.21361,-117.52326,Gas Plant Acid Gas Flaring < 1 T/D Sulphur,11-23-083-23W5M
ABGP0001522,Suspended,Hamburg 12-29-096-11W6,GP,Hamburg,Canadian Natural Resources Limited,100.0% - Canadian Natural Resources Limited,1985-01-01,57.36105,-119.75591,Gas Plant Sweet,12-29-096-11W6M
ABGP0001523,Suspended,Endiang Gas Plant,GP,Provost,Obsidian Energy Ltd.,100.0% - Obsidian Energy Ltd.,,52.05233,-112.15336,Gas Plant Sweet,16-36-035-16W4M
ABGP0001524,Active,Mcleod River 16-36 Gas Plant,GP,Mcleod River,Westbrick Energy Ltd.,55.1% - Westbrick Energy Ltd.; 44.9% - Ish Energy Ltd.,,53.79966,-116.0867,Gas Plant Sweet,16-36-055-15W5M
ABGP0001525,Active,Journey Pembina Berrymoor,GP,Genesee,Maga Energy Ltd.,30.1% - Chinook Energy Inc.; 69.9% - Journey Energy Inc.,1981-01-01,53.25525,-114.4388,Gas Plant Acid Gas Flaring < 1 T/D Sulphur,05-30-049-03W5M
ABGP0001526,Suspended,Poco Sullivan Lake,GP,Poco Sullivan Lake,Conocophillips Canada,100.0% - Conocophillips Canada Resources Corp.,,51.99676,-111.84478,Gas Plant Sweet,15-07-035-13W4M
ABGP0001527,Active,Sylvan 05-01-039-01W5 Gas Plant,GP,Sylvan Lake,Tidewater Midstream And Infrastructure Ltd.,100.0% - Tidewater Midstream And Infrastructure Ltd.,1986-01-01,52.3249,-114.02281,Gas Plant Sweet,05-01-039-01W5M
ABGP0001528,Suspended,Poco Michichi,GP,Poco Michichi,Canadian Natural Resources Limited,100.0% - Canadian Natural Resources Limited,,51.63384,-112.29786,Gas Plant Sweet,16-02-031-17W4M
ABGP0001529,Abandoned,Encal Sinclair,GP,Encal Sinclair,Blue Sky Resources Ltd.,100.0% - Blue Sky Resources Ltd.,,55.2295,-119.72968,Gas Plant Sweet,02-14-072-12W6M
ABGP0001530,Abandoned,Border Midstream Mazeppa,GP,Mazeppa,Lexin Resources Ltd.,100.0% - Lexin Resources Ltd.,1986-01-01,50.64675,-113.77165,Gas Plant Sulphur Recovery,01-35-019-28W4M
ABGP0001531,Active,Marathon Kakwa,GP,Kakwa,Cenovus Energy Inc.,42.0% - Husky Oil Operations Limited; 37.0% - Imperial Oil Limited,1980-01-01,54.43913,-118.74058,Gas Plant Sweet,10-07-063-05W6M
ABGP0001532,Suspended,Hadrian Berry,GP,Berry,Tourmaline Oil Corp.,100.0% - Tourmaline Oil Corp.,,51.41493,-111.76594,Gas Plant Sweet,16-21-028-13W4M
ABGP0001533,Suspended,Ish Energy Mcleod,GP,Mcleod,Amber Energy Inc.,100.0% - Amber Energy Inc.,,53.75633,-116.03776,Gas Plant Sweet,16-17-055-14W5M
ABGP0001534,Active,Glencoe Chigwell,GP,Morningside,Alphabow Energy Ltd.,100.0% - Alphabow Energy Ltd.,1986-01-01,52.6221,-113.617,Gas Plant Sweet,14-13-042-26W4M
ABGP0001535,Suspended,Majorville 4-31-18-19W4,GP,Majorville,Canadian Natural Resources Limited,40.0% - Canadian Natural Resources Limited; 20.0% - Husky Oil Operations Limited; 40.0% - Harvest Operations Corp.,,50.55902,-112.61131,Gas Plant Sweet,04-31-018-19W4M
ABGP0001536,Active,Manola 11-18-059-02W5 Gas Plant,GP,Manola,Axiom Oil And Gas Inc.,100.0% - Axiom Oil And Gas Inc.,1996-01-01,54.1039,-114.29066,Gas Plant Sweet,11-18-059-02W5M
ABGP0001537,Active,Pouce Coupe 11-34-79-12W6,GP,Pouce Coupe,Canadian Natural Resources Limited,50.0% - Arc Resources Ltd.; 50.0% - Canadian Natural Resources Limited,,55.8926,-119.791,Gas Plant Sweet,11-34-079-12W6M
ABGP0001538,Suspended,Energy Processors Phoenix,GP,Energy Processors Phoenix,Energy Processors Leasing Ltd.,100.0% - Baytex Energy Ltd.,,52.3685,-115.37765,Gas Plant Sweet,07-21-039-10W5M
ABGP0001539,Suspended,Husky Oil Provost 6-27 (Rescinded),GP,Provost,Cenovus Energy Inc.,100.0% - Cenovus Energy Inc.,,52.46865,-110.932,Gas Plant Sweet,06-27-040-07W4M
ABGP0001540,Abandoned,Bonavista Chigwell,GP,Chigwell,Signalta Resources Limited,100.0% - Signalta Resources Limited,,52.57472,-113.45297,Gas Plant Sweet,11-31-041-24W4M
ABGP0001541,Active,D Energy Craigmyle Michi 13-28-31-16,GP,Craigmyle East,Prairie Provident Resources Canada Ltd.,100.0% - Prairie Provident Resources Canada Ltd.,1985-01-01,51.69152,-112.22315,Gas Plant Sweet,13-28-031-16W4M
ABGP0001542,Active,Stellarton Rowley,GP,Rumsey,Ember Resources Inc.,100.0% - Ember Resources Inc.,1986-01-01,51.881,-112.79149,Gas Plant Sweet,13-33-033-20W4M
ABGP0001543,Abandoned,Thunder Lake,GP,Thunder Lake,Altagas Ltd.,100.0% - Altagas Ltd.,,54.11913,-114.85417,Gas Plant Acid Gas Flaring < 1 T/D Sulphur,09-20-059-06W5M
ABGP0001544,Suspended,Encal Tindastoll,GP,Tindastoll,2363750 Alberta Ltd.,100.0% - 2363750 Alberta Ltd.,,52.08304,-114.06661,Gas Plant Sweet,14-10-036-01W5M
ABGP0001545,Suspended,Wle  Thunder,GP,Thunder Lake East,Axiom Oil And Gas Inc.,54.0% - Axiom Oil And Gas Inc.,1982-01-01,54.25865,-114.57926,Gas Plant Sweet,08-07-061-04W5M
ABGP0001546,Abandoned,Provident Cessford,GP,Cessford,Sanling Energy Ltd.,100.0% - Sanling Energy Ltd.,,51.0533,-111.687,Gas Plant Sweet,02-24-024-13W4M
ABGP0001547,Suspended,Atco Golden Spike,GP,Golden Spike,Tidewater Midstream And Infrastructure Ltd.,100.0% - Tidewater Midstream And Infrastructure Ltd.,1999-01-01,53.4291,-113.88646,Gas Plant Sulphur Recovery,08-27-051-27W4M
ABGP0001548,Suspended,Knopcik 16-21 Gas Plant,GP,Acheson,Repsol Oil & Gas Canada Inc.,100.0% - Canadian Natural Resources Limited,,55.34437,-119.46369,Gas Plant Sweet,16-21-073-10W6M
ABGP0001549,Active,Bonnie Glen 09-19-043-25W4 Gas Plant,GP,Bonnie Glen,Axiom Oil And Gas Inc.,100.0% - Axiom Oil And Gas Inc.,1986-01-01,52.72027,-113.60926,Gas Plant Sweet,09-19-043-25W4M
ABGP0001550,Suspended,Devon Pouce Coupe,GP,Bonanza,Birchcliff Energy Ltd.,100.0% - Birchcliff Energy Ltd.,1987-01-01,55.91732,-119.83485,Gas Plant Sweet,07-08-080-12W6M
ABGP0001551,Abandoned,Triquest Leige,GP,Triquest Leige,Tourmaline Oil Corp.,100.0% - Tourmaline Oil Corp.,,56.80535,-113.15308,Gas Plant Acid Gas Injection,07-17-090-20W4M
ABGP0001552,Suspended,Paramount Liege,GP,Liege,Paramount Resources Ltd.,100.0% - Paramount Resources Ltd.,,56.84213,-113.01908,Gas Plant Sweet,15-30-090-19W4M
ABGP0001553,Abandoned,Talisman Sundance,GP,Sundance,Repsol Oil & Gas Canada Inc.,100.0% - Peyto Exploration & Development Corp.,,53.70518,-116.95074,Gas Plant Sweet,08-36-054-21W5M
ABGP0001554,Suspended,Amoco Bigoray,GP,Bigoray,Bp Canada Energy Group Ulc,100.0% - Bp Canada Energy Group Ulc,,53.48081,-115.12953,Gas Plant Sweet,13-09-052-08W5M
ABGP0001555,Suspended,Crestar Elnora,GP,Crestar Elnora,Pine Cliff Energy Ltd.,100.0% - Pine Cliff Energy Ltd.,,51.94113,-113.23927,Gas Plant Sweet,04-29-034-23W4M
ABGP0001556,Suspended,Pancdn Halkirk,GP,Halkirk,Logic Energy Ltd.,100.0% - Logic Energy Ltd.,1986-01-01,52.21892,-112.30759,Gas Plant Acid Gas Flaring < 1 T/D Sulphur,03-36-037-17W4M
ABGP0001557,Suspended,Star Pouce Coupe,GP,Star Pouce Coupe,Tourmaline Oil Corp.,100.0% - Tourmaline Oil Corp.,,55.8738,-119.716,Gas Plant Sweet,06-30-079-11W6M
ABGP0001558,Abandoned,Crestar Crossfield,GP,Crestar Crossfield,Conocophillips Canada,100.0% - Conocophillips Canada Resources Corp.,,51.48509,-114.32166,Gas Plant Acid Gas Flaring > 1 T/D Sulphur,11-14-029-03W5M
ABGP0001559,Suspended,Crestar Crossfield,GP,Crossfield,Hwn Energy Ltd.,100.0% - Hwn Energy Ltd.,,51.53345,-114.3283,Gas Plant Sweet,04-02-030-03W5M
ABGP0001560,Active,Bonavista Spirit River,GP,Spirit River,Spoke Resources Ltd.,50.0% - Spoke Resources Ltd.,1988-01-01,55.71545,-118.83348,Gas Plant Acid Gas Flaring > 1 T/D Sulphur,08-34-077-06W6M
ABGP0001561,Suspended,Mcleod 16-12-56-14W5,GP,Mcleod River,Cenovus Energy Inc.,43.8% - Ish Energy Ltd.,,53.83114,-115.93731,Gas Plant Sweet,16-12-056-14W5M
ABGP0001562,Active,Kaybob S. 11-19-60-19W5,GP,Pass Creek,Canadian Natural Resources Limited,100.0% - Canadian Natural Resources Limited,,54.20565,-116.84209,Gas Plant Sweet,11-19-060-19W5M
ABGP0001563,Abandoned,Talisman Edson,GP,Edson,Repsol Oil & Gas Canada Inc.,100.0% - Peyto Exploration & Development Corp.,,53.65415,-116.78209,Gas Plant Sweet,16-07-054-19W5M
ABGP0001564,Abandoned,Sabre Brazeau River,GP,Sabre Brazeau River,Sabre Energy Ltd.,100.0% - Highwood Asset Management Ltd.,,53.01009,-115.97528,Gas Plant Sweet,06-33-046-14W5M
ABGP0001565,Suspended,Shiningbank Niton,GP,Niton,Barrel Oil Corp.,100.0% - Barrel Oil Corp.,1987-01-01,53.69088,-115.71465,Gas Plant Sweet,06-28-054-12W5M
ABGP0001566,Active,Leedale 9-21 Gas Plant,GP,Leedale West,I3 Energy Canada Ltd.,100.0% - I3 Energy Canada Ltd.,1986-01-01,52.72046,-114.51109,Gas Plant Sweet,09-21-043-04W5M
ABGP0001567,Suspended,Sundance 03-29-054-19W5,GP,Sundance,Canadian Natural Resources Limited,100.0% - Canadian Natural Resources Limited,1986-01-01,53.68981,-116.77102,Gas Plant Sweet,03-29-054-19W5M
ABGP0001568,Suspended,Placer Cego Elnora,GP,Placer Cego Elnora,Conocophillips Canada,100.0% - Trident Exploration (Alberta) Corp.,,51.92479,-113.02729,Gas Plant Sweet,13-14-034-22W4M
ABGP0001569,Abandoned,Crystal 15-35-46-3W5,GP,Crystal,Response Energy Corporation,100.0% - Response Energy Corporation,,53.01705,-114.32264,Gas Plant Sweet,15-35-046-03W5M
ABGP0001570,Active,Ember Kelsey,GP,Kelsey,Ember Resources Inc.,100.0% - Ember Resources Inc.,,52.7896,-112.489,Gas Plant Sweet,06-13-044-18W4M
ABGP0001571,Active,Bonavista Rycroft Sys 2,GP,Rycroft,Spoke Resources Ltd.,56.0% - Spoke Resources Ltd.,1987-01-01,55.7006,-118.777,Gas Plant Acid Gas Flaring < 1 T/D Sulphur,08-25-077-06W6M
ABGP0001572,Suspended,Nipisi 12-28-80-9W5,GP,Nipisi,Canadian Natural Resources Limited,31.8% - Canadian Natural Resources Limited; 21.9% - Harvard International Resources Ltd.; 11.6% - Summerland Energy Inc.; 34.7% - Cardinal Energy Ltd.,,55.9655,-115.35565,Gas Plant Sweet,12-28-080-09W5M
ABGP0001573,Active,Husky Drumheller 4-9  C,GP,Ghost Pine/Rowley,Pine Cliff Energy Ltd.,100.0% - Pine Cliff Energy Ltd.,1986-01-01,51.63662,-112.79081,Gas Plant Sweet,04-09-031-20W4M
ABGP0001574,Suspended,Penn West Compeer,GP,Compeer,Obsidian Energy Ltd.,100.0% - Obsidian Energy Ltd.,,51.86792,-110.14572,Gas Plant Acid Gas Flaring < 1 T/D Sulphur,04-31-033-01W4M
ABGP0001575,Suspended,Pouce Coupe 11-19-79-11W6,GP,Pouce Coupe,Canadian Natural Resources Limited,100.0% - Canadian Natural Resources Limited,,55.86365,-119.71554,Gas Plant Sweet,11-19-079-11W6M
ABGP0001576,Active,Apl Niton,GP,Niton Junction,Journey Energy Inc.,100.0% - Journey Energy Inc.,1987-01-01,53.72925,-115.60384,Gas Plant Sweet,14-05-055-11W5M
ABGP0001577,Active,Pine Creek 10-23 Gas Plant,GP,Pine Creek,Tourmaline Oil Corp.,39.9% - Enerplus Energy Ltd.; 60.1% - Bonavista Energy Corporation,1987-01-01,53.94383,-116.70951,Gas Plant Sweet,10-23-057-19W5M
ABGP0001578,Suspended,Shouldice 02-11-020-23W4,GP,Shouldice,Canadian Natural Resources Limited,20.0% - Journey Energy Inc.; 35.0% - Lexin Resources Ltd.; 40.0% - Canadian Natural Resources Limited,1987-01-01,50.67492,-113.0843,Gas Plant Sweet,02-11-020-23W4M
ABGP0001579,Suspended,Husky Mitsue,GP,Mitsue,Cardinal Energy Ltd.,100.0% - Cardinal Energy Ltd.,2004-01-01,54.93811,-114.34455,Gas Plant Sweet,02-02-069-03W5M
ABGP0001580,Abandoned,Cypress Thorsby,GP,Thorsby 2,Taqa North Ltd.,100.0% - Petrus Resources Corp.,,53.25148,-114.07183,Gas Plant Sweet,04-27-049-01W5M
ABGP0001581,Abandoned,Rowley 04-02-34-20W4,GP,Rowley,Pine Cliff Energy Ltd.,100.0% - Pine Cliff Energy Ltd.,,51.88346,-112.74347,Gas Plant Sweet,04-02-034-20W4M
ABGP0001582,Active,Northrock Carrot Creek 2-26-52-12W5,GP,Carrot Creek,Journey Energy Inc.,78.0% - Journey Energy Inc.,1982-01-01,53.51518,-115.65534,Gas Plant Sweet,02-26-052-12W5M
ABGP0001583,Suspended,Gilby  11-20-41-4W5,GP,Gilby,I3 Energy Canada Ltd.,100.0% - I3 Energy Canada Ltd.,1987-01-01,52.54784,-114.54605,Gas Plant Acid Gas Flaring < 1 T/D Sulphur,11-20-041-04W5M
ABGP0001584,Active,Belair Penhold,GP,Outlook/Penhold,Del Canada Gp Ltd.,100.0% - Del Canada Gp Ltd.,1988-01-01,52.0626,-113.879,Gas Plant Sweet,05-01-036-28W4M
ABGP0001585,Active,Hays 11-31-013-14W4,GP,Hays,Canadian Natural Resources Limited,96.0% - Canadian Natural Resources Limited,1988-01-01,50.12918,-111.90665,Gas Plant Sulphur Recovery,11-31-013-14W4M
ABGP0001586,Suspended,Tarragon Ghost Pine,GP,Trochu,Canstone Energy Ltd.,50.0% - Bumper Development Corporation Ltd.; 50.0% - Trident Exploration (Alberta) Corp.,,51.77954,-113.1932,Gas Plant Sweet,13-27-032-23W4M
ABGP0001587,Suspended,Valhalla 8-30-75-9W6,GP,Valhalla,Archer Exploration Corp.,100.0% - Surge Energy Inc.,1987-01-01,55.52612,-119.37524,Gas Plant Sweet,08-30-075-09W6M
ABGP0001588,Abandoned,Bonavista Manyberries,GP,Manyberries,Lgx Oil + Gas Inc.,89.0% - Lgx Oil + Gas Inc.,,49.41111,-110.62005,Gas Plant Sweet,07-28-005-05W4M
ABGP0001589,Suspended,Liege 3-29-92-20W4,GP,Liege,Canadian Natural Resources Limited,88.7% - Canadian Natural Resources Limited; 11.3% - Advantage Energy Ltd.,1982-01-01,57.0053,-113.18977,Gas Plant Sweet,03-29-092-20W4M
ABGP0001590,Active,Bigstone 1-17-26-10W4,GP,Big Stone,Canadian Natural Resources Limited,100.0% - Canadian Natural Resources Limited,1983-01-01,51.2153,-111.359,Gas Plant Sweet,01-17-026-10W4M
ABGP0001591,Abandoned,Meyer 12-2-70-25W4,GP,Meyer Lake South,Canadian Natural Resources Limited,100.0% - Canadian Natural Resources Limited,1986-01-01,55.03169,-113.71496,Gas Plant Acid Gas Injection,12-02-070-25W4M
ABGP0001592,Active,Burlington Garrington,GP,Garrington,Btg Energy Corporation,100.0% - Btg Energy Corporation,1989-01-01,52.18512,-114.73417,Gas Plant Sweet,13-13-037-06W5M
ABGP0001593,Suspended,Husky Rumsey 5-35,GP,Rumsey,Endrum Energy Corp.,100.0% - Endrum Energy Corp.,1988-01-01,51.87128,-112.88539,Gas Plant Sweet,05-35-033-21W4M
ABGP0001594,Suspended,Precambrian Cherhill,GP,Precambrian Cherhill,Enermark Inc.,100.0% - Enermark Inc.,,53.86638,-114.58983,Gas Plant Sweet,06-30-056-04W5M
ABGP0001595,Suspended,Husky Fenn West 3-16,GP,Fenn West,Trident Exploration (Alberta) Corp.,100.0% - Bornite Energy Ltd.,,52.08596,-112.95046,Gas Plant Sweet,03-16-036-21W4M
ABGP0001596,Abandoned,Samson Rainbow Lake,GP,Basset Lake West,Sanling Energy Ltd.,100.0% - Sanling Energy Ltd.,,58.37441,-119.04045,Gas Plant Acid Gas Flaring > 1 T/D Sulphur,07-14-108-07W6M
ABGP0001597,Suspended,Drumheller 4-1-28-18W4,GP,Drumheller East Coulee Plant,Canadian Natural Resources Limited,100.0% - Canadian Natural Resources Limited,1988-01-01,51.35904,-112.41818,Gas Plant Sweet,04-01-028-18W4M
ABGP0001598,Suspended,Pembina 5-35-49-6W5,GP,Berrymoor,Harvest Operations Corp.,100.0% - Spoke Resources Ltd.,,53.27133,-114.77723,Gas Plant Sweet,05-35-049-06W5M
ABGP0001599,Suspended,Paramount Saleski,GP,Paramount Saleski,Sequoia Resources Corp.,100.0% - Sequoia Resources Corp.,,56.49778,-112.85222,Gas Plant Acid Gas Injection,08-36-086-19W4M
ABGP0001600,Abandoned,Garden Plains 16-6-32-12W4,GP,Sorenson,Canadian Natural Resources Limited,70.0% - Canadian Natural Resources Limited; 30.0% - Celtic Exploration Ulc,,51.73328,-111.63991,Gas Plant Sweet,16-09-032-12W4M
ABGP0001601,Suspended,Amoco Elspeth Terminal,GP,Elspeth Terminal,Bp Canada Energy Group Ulc,100.0% - Bp Canada Energy Group Ulc,,49.00159,-110.00785,Gas Plant Sweet,01-01-001-01W4M
ABGP0001602,Suspended,Imperial Redwater,GP,Redwater,Imperial Oil Resources Limited,100.0% - Imperial Oil Resources Limited,,53.95585,-113.08448,Gas Plant Sweet,07-29-057-21W4M
ABGP0001603,Suspended,Nce Pembina,GP,Pembina,Obsidian Energy Ltd.,100.0% - Obsidian Energy Ltd.,,53.09223,-115.41874,Gas Plant Sweet,01-32-047-10W5M
ABGP0001604,Abandoned,Viridian Sundance,GP,Viridian Sundance,Repsol Oil & Gas Canada Inc.,100.0% - Peyto Exploration & Development Corp.,,53.68016,-117.01347,Gas Plant Sweet,11-22-054-21W5M
ABGP0001605,Suspended,Husky Edson 3-29,GP,Edson,Cenovus Energy Inc.,100.0% - Cenovus Energy Inc.,,53.68981,-116.77102,Gas Plant Sweet,03-29-054-19W5M
ABGP0001606,Abandoned,Signalta Iron Springs,GP,Iron Springs,Houston Oil & Gas Ltd.,100.0% - Houston Oil & Gas Ltd.,1985-01-01,49.88104,-112.73332,Gas Plant Sweet,12-06-011-20W4M
ABGP0001607,Suspended,Chevron Medicine Lodge,GP,Medicine Lodge,Chevron Canada Limited,100.0% - Sinopec Canada Energy Ltd.,,53.47759,-117.02699,Gas Plant Sulphur Recovery,09-09-052-21W5M
ABGP0001608,Active,Sun Century Fenn West 14-18 Gp,GP,Fenn West,Sun Century Petroleum Corporation,74.0% - Sun Century Petroleum Corporation; 20.0% - Storm Energy Inc.; 6.0% - Bearspaw Petroleum Ltd.,1987-01-01,52.09883,-112.8521,Gas Plant Sweet,14-18-036-20W4M
ABGP0001609,Suspended,Valhalla 6-22-75-11W6,GP,Valhalla,Canadian Natural Resources Limited,100.0% - Canadian Natural Resources Limited,,55.50915,-119.62003,Gas Plant Sweet,06-22-075-11W6M
ABGP0001610,Active,Lynx Carbon,GP,Carbon,Lynx Energy Ulc,100.0% - Lynx Energy Ulc,1988-01-01,51.52196,-113.01025,Gas Plant Sweet,08-34-029-22W4M
ABGP0001611,Suspended,Paramount Liege N,GP,Liege Northre,Athabasca Oil Corporation,100.0% - Athabasca Oil Corporation,1988-01-01,57.13544,-113.28297,Gas Plant Sweet,01-10-094-21W4M
ABGP0001612,Suspended,Husky Valhalla Plant 1-12,GP,Valhalla,Tidewater Midstream And Infrastructure Ltd.,100.0% - Tidewater Midstream And Infrastructure Ltd.,,55.47678,-119.24365,Gas Plant Sweet,01-12-075-09W6M
ABGP0001613,Active,Archer Viking,GP,Hattie Lake North,Sequoia Resources Corp.,100.0% - Sequoia Resources Corp.,,53.04028,-111.67989,Gas Plant Sweet,11-10-047-12W4M
ABGP0001614,Active,Magin Three Hills Creek,GP,Three Hills Creek,Vantage Point Resources Inc.,100.0% - Vantage Point Resources Inc.,2005-01-01,52.04182,-113.67265,Gas Plant Sweet,01-32-035-26W4M
ABGP0001615,Suspended,Aec Hoole,GP,Hoole North,Ovintiv Canada Ulc,100.0% - Tidewater Midstream And Infrastructure Ltd.,,56.03695,-113.77164,Gas Plant Acid Gas Injection,10-24-081-25W4M
ABGP0001616,Suspended,Burlington Bonanza,GP,Bonanza,Conocophillips Canada,100.0% - Shoreline Energy Corp.,,56.03934,-119.63408,Gas Plant Sulphur Recovery,11-22-081-11W6M
ABGP0001617,Active,Gilby 01-04-042-03W5 Gas Plant,GP,Gilby,Journey Energy Inc.,50.0% - Tidewater Midstream And Infrastructure Ltd.; 38.0% - Mosaic Energy Ltd.; 12.0% - Nal Resources Limited,1988-01-01,52.5845,-114.367,Gas Plant Sweet,01-04-042-03W5M
ABGP0001618,Reclamation Exempt,Anadarko Burdett,GP,Burdett,Repsol Oil & Gas Canada Inc.,100.0% - Peyto Exploration & Development Corp.,,49.74886,-111.23756,Gas Plant Acid Gas Injection,06-24-009-10W4M
ABGP0001619,Suspended,Joffre 10-18-38-26W4,GP,Joffre,Canadian Natural Resources Limited,100.0% - Canadian Natural Resources Limited,,52.26858,-113.70401,Gas Plant Sweet,10-18-038-26W4M
ABGP0001621,Reclamation Certified,Burlington Ferrybank,GP,Ferrybank,I3 Energy Canada Ltd.,100.0% - I3 Energy Canada Ltd.,,52.92375,-113.82363,Gas Plant Sweet,12-35-045-27W4M
ABGP0001622,Abandoned,Celsius Whitecourt,GP,Carson Creek East,Journey Energy Inc.,100.0% - Journey Energy Inc.,1987-01-01,54.24277,-115.55927,Gas Plant Acid Gas Flaring < 1 T/D Sulphur,02-03-061-11W5M
ABGP0001623,Active,Jayar 6-8-62-3 W6,GP,Jayar,Strathcona Resources Ltd.,100.0% - Strathcona Resources Ltd.,1982-01-01,54.3464,-118.418,Gas Plant Sweet,06-08-062-03W6M
ABGP0001624,Suspended,Husky Ansell 7-27,GP,Ansell,Cenovus Energy Inc.,80.0% - Husky Oil Operations Limited; 15.0% - Ish Energy Ltd.; 5.0% - Arc Resources Ltd.,,53.42949,-116.71153,Gas Plant Sweet,07-27-051-19W5M
ABGP0001625,Active,Keyera Cynthia 6-28 Gas Plant,GP,Cynthia Gas Plant,Keyera Energy Ltd.,94.0% - Keyera Energy Ltd.; 5.0% - Whitecap Resources Inc.; 0.5% - Enerplus Energy Ltd.; 0.5% - Vermilion Energy Inc.,,53.25506,-115.55334,Gas Plant Sulphur Recovery,06-28-049-11W5M
ABGP0001626,Suspended,Pembina 9-16-49-8W5,GP,Pembina West,Canadian Natural Resources Limited,100.0% - Canadian Natural Resources Limited,1991-01-01,53.23166,-115.10071,Gas Plant Sweet,09-16-049-08W5M
ABGP0001627,Suspended,Coastal Cessford,GP,Cessford,Success Resources Ltd.,100.0% - Success Resources Ltd.,,51.28392,-111.86178,Gas Plant Sweet,16-02-027-14W4M
ABGP0001628,Suspended,Acheson 05-02-052-26W4 Gas Plant,GP,Acheson,Tidewater Midstream And Infrastructure Ltd.,100.0% - Tidewater Midstream And Infrastructure Ltd.,1982-01-01,53.5467,-113.735,Gas Plant Sulphur Recovery,05-02-053-26W4M
ABGP0001629,Active,Ksituan 7-22-78-9W6,GP,Progress,Canadian Natural Resources Limited,100.0% - Canadian Natural Resources Limited,1990-01-01,55.77235,-119.30265,Gas Plant Sulphur Recovery,07-22-078-09W6M
ABGP0001630,Suspended,Mcleod Valley 7-26-55-14W5,GP,Mcleod Valley,Cenovus Energy Inc.,54.6% - Cenovus Energy Inc.,,53.78021,-115.96926,Gas Plant Sweet,07-26-055-14W5M
ABGP0001631,Active,Worsley 14-28-87-7W6,GP,Worsley,Canadian Natural Resources Limited,100.0% - Canadian Natural Resources Limited,1990-01-01,56.57965,-119.05664,Gas Plant Sweet,14-28-087-07W6M
ABGP0001632,Abandoned,Apache Provost,GP,Sour Goose,Karve Energy Inc.,100.0% - Battle River Energy Ltd.,,52.08079,-110.64116,Gas Plant Acid Gas Flaring < 1 T/D Sulphur,11-10-036-05W4M
ABGP0001633,Suspended,Claresholm 15-36-12-27W4,GP,Claresholm,Canadian Natural Resources Limited,100.0% - Canadian Natural Resources Limited,1990-01-01,50.04709,-113.55678,Gas Plant Sweet,15-36-012-27W4M
ABGP0001634,Suspended,Gibson Pouce Coupe,GP,Mica,Altagas Ltd.,100.0% - Altagas Ltd.,,55.98618,-119.94748,Gas Plant Sweet,03-03-081-13W6M
ABGP0001635,Active,Adanac Tomahawk,GP,Tomahawk,Adanac Oil & Gas Limited,100.0% - Adanac Oil & Gas Limited,,53.52326,-114.87494,Gas Plant Sweet,14-30-052-06W5M
ABGP0001636,Abandoned,Crestar Valhalla,GP,Crestar Valhalla,Canadian Natural Resources Limited,100.0% - Canadian Natural Resources Limited,,55.55852,-119.15641,Gas Plant Sweet,11-03-076-08W6M
ABGP0001637,Suspended,Cabre Joarcam,GP,Joarcam,Enerplus Corporation,100.0% - Enerplus Corporation,,53.24122,-112.97564,Gas Plant Sweet,05-23-049-21W4M
ABGP0001638,Abandoned,Atco Campbell-Namao,GP,Carbondale,Atco Next Energy Ltd.,100.0% - Atco Next Energy Ltd.,1991-01-01,53.72203,-113.5881,Gas Plant Sulphur Recovery,06-01-055-25W4M
ABGP0001639,Suspended,Bonavista Worsley,GP,Worsley,Tourmaline Oil Corp.,100.0% - Direct Oil & Gas Inc.,,56.5815,-118.44077,Gas Plant Sweet,03-32-087-03W6M
ABGP0001640,Abandoned,Cabre Mcgregor,GP,Cabre Mcgregor,Enermark Inc.,100.0% - Ipc Canada Ltd.,,50.48821,-112.71015,Gas Plant Acid Gas Flaring < 1 T/D Sulphur,01-05-018-20W4M
ABGP0001641,Active,Belloy 16-36-79-3W6,GP,Belloy Northwest,Canadian Natural Resources Limited,1.5% - Arc Resources Ltd.; 3.8% - Barnwell Of Canada  Limited; 0.6% - Chair Resources Inc.; 2.9% - Pengrowth Energy Corporation; 0.3% - Signalta Resources Limited; 4.2% - Taqa North               ; 86.4% - Canadian Natural Resources Limited,1980-01-01,55.89571,-118.31512,Gas Plant Acid Gas Flaring < 1 T/D Sulphur,16-36-079-03W6M
ABGP0001642,Active,Cypress Thorsby,GP,Thorsby 1,Petrus Resources Corp.,100.0% - Petrus Resources Corp.,,53.2265,-114.034,Gas Plant Sweet,07-14-049-01W5M
ABGP0001643,Reclamation Certified,Shell Caroline,GP,Caroline,Shell Canada Limited,100.0% - Shell Canada Limited,,51.88411,-114.80783,Gas Plant Sulphur Recovery,01-05-034-06W5M
ABGP0001644,Suspended,Newport Pouce Coupe,GP,Pouce Coupe South,Kelt Exploration Ltd.,62.7% - Kelt Exploration Ltd.,1991-01-01,55.74918,-119.68588,Gas Plant Acid Gas Flaring < 1 T/D Sulphur,16-07-078-11W6M
ABGP0001645,Suspended,Belloy 13-16-78-1W6,GP,Belloy,Canadian Natural Resources Limited,100.0% - Canadian Natural Resources Limited,,55.7665,-118.10219,Gas Plant Sweet,13-16-078-01W6M
ABGP0001646,Active,Pembina-Sunnybrook 15-22-48-2W5,GP,Sunnybrook South,Petrus Resources Corp.,100.0% - Petrus Resources Corp.,1990-01-01,53.16266,-114.20507,Gas Plant Sweet,15-22-048-02W5M
ABGP0001647,Abandoned,Rife Ferintosh,GP,Ferintosh,Rife Resources Ltd.,65.0% - Rife Resources Ltd.; 35.0% - Baytex Energy Ltd.,1981-01-01,52.77639,-112.91043,Gas Plant Acid Gas Flaring < 1 T/D Sulphur,08-12-044-21W4M
ABGP0001648,Suspended,Blue Range Joffre,GP,Blue Range Joffre,Blue Range Resource Corporation,100.0% - Blue Range Resource Corporation,,52.23517,-113.3776,Gas Plant Sweet,06-04-038-24W4M
ABGP0001649,Active,Cecil 08-15-084-08W6,GP,Cecil,Canadian Natural Resources Limited,100.0% - Canadian Natural Resources Limited,1990-01-01,56.28157,-119.16657,Gas Plant Acid Gas Flaring < 1 T/D Sulphur,08-15-084-08W6M
ABGP0001650,Suspended,Husky Bolloque 16-2,GP,Bolloque,Cenovus Energy Inc.,100.0% - Cenovus Energy Inc.,,54.60137,-113.66118,Gas Plant Acid Gas Flaring < 1 T/D Sulphur,16-02-065-25W4M
ABGP0001651,Active,Alder 10-9-45-8W5,GP,Alder Flats,Cenovus Energy Inc.,9.0% - Taqa North Ltd.; 20.0% - Bellatrix Exploration Ltd.; 70.0% - Cenovus Energy Inc.,1991-01-01,52.8679,-115.1,Gas Plant Sweet,10-09-045-08W5M
ABGP0001652,Suspended,Deminex Cherhill,GP,Deminex Cherhill,2349507 Canada Inc.,100.0% - 2349507 Canada Inc.,,53.91957,-114.71845,Gas Plant Sweet,04-17-057-05W5M
ABGP0001653,Abandoned,Cypress Thorsby,GP,Cypressthorsby,Taqa North Ltd.,100.0% - Petrus Resources Corp.,,53.21143,-113.99305,Gas Plant Acid Gas Flaring < 1 T/D Sulphur,06-11-049-28W4M
ABGP0001654,Suspended,Keywest Swalwell 10-15,GP,Swalwell,Taqa North Ltd.,100.0% - Taqa North Ltd.,,51.48408,-113.29743,Gas Plant Sulphur Recovery,10-15-029-24W4M
ABGP0001655,Suspended,Aec Hoole,GP,Wabasca,Tidewater Midstream And Infrastructure Ltd.,100.0% - Tidewater Midstream And Infrastructure Ltd.,1980-01-01,55.98225,-113.76648,Gas Plant Acid Gas Injection,16-36-080-25W4M
ABGP0001656,Abandoned,Atco Riviere,GP,Riviere,Atco Next Energy Ltd.,100.0% - Cenovus Energy Inc.,,53.69523,-113.96478,Gas Plant Sweet,09-30-054-27W4M
ABGP0001657,Reclamation Certified,Altagas Kneller,GP,Kneller,Altagas Ltd.,100.0% - Altagas Ltd.,,53.24705,-113.28321,Gas Plant Acid Gas Injection,14-22-049-23W4M
ABGP0001658,Abandoned,Gibson Rainbow Lake,GP,Rainbow,Altagas Ltd.,100.0% - Altagas Ltd.,1991-01-01,58.56542,-119.19865,Gas Plant Sulphur Recovery,12-24-110-08W6M
ABGP0001659,Abandoned,Talisman Ferrier,GP,Ferrier,Repsol Oil & Gas Canada Inc.,100.0% - Journey Energy Inc.,,52.3964,-115.112,Gas Plant Acid Gas Flaring < 1 T/D Sulphur,07-32-039-08W5M
ABGP0001660,Suspended,Regco Oldman,GP,Regco Oldman,Regco Petroleums Ltd.,100.0% - Regco Petroleums Ltd.,,53.82889,-116.99387,Gas Plant Acid Gas Flaring < 1 T/D Sulphur,13-12-056-21W5M
ABGP0001661,Active,Hamburg North 11-14-97-11W6,GP,Hamburg 11-14,Canadian Natural Resources Limited,100.0% - Canadian Natural Resources Limited,1992-01-01,57.41842,-119.67214,Gas Plant Sweet,11-14-097-11W6M
ABGP0001662,Active,Shell Caroline,GP,Caroline Complex,Pieridae Alberta Production Ltd.,14.5% - Husky Oil (Alberta) Ltd; 8.2% - Harvest Operations Corp.; 3.1% - Devon Energy Canada Corporation; 0.2% - Clearview Resources Ltd.; 0.1% - Bonavista Energy Corporation; 73.9% - Shell Canada Limited,1992-01-01,51.9652,-114.7536,Gas Plant Sulphur Recovery,12-35-034-06W5M
ABGP0001663,Active,Pancdn Countess,GP,Rosemary,Torxen Energy Ltd.,100.0% - Torxen Energy Ltd.,,50.7962,-112.01442,Gas Plant Sweet,08-21-021-15W4M
ABGP0001664,Active,Keyspan Worsley,GP,Worsley,Direct Oil & Gas Inc.,100.0% - Direct Oil & Gas Inc.,1992-01-01,56.56053,-119.02554,Gas Plant Sweet,11-22-087-07W6M
ABGP0001665,Abandoned,Crestar Long Coulee,GP,Crestar Long Coulee,Surge Energy Inc.,100.0% - Shiningbank Energy Ltd.,,50.19973,-113.01206,Gas Plant Sulphur Recovery,08-25-014-23W4M
ABGP0001666,Active,Cecilia 14-36-57-23W5,GP,Cecilia,Canadian Natural Resources Limited,100.0% - Canadian Natural Resources Limited,,53.97655,-117.28496,Gas Plant Sweet,14-36-057-23W5M
ABGP0001667,Suspended,Shane Gas Plant,GP,Shane Gas Plant,Repsol Oil & Gas Canada Inc.,100.0% - Hanna Oil & Gas Company - Canada Ulc ,,55.75868,-118.29697,Gas Plant Sweet,07-18-078-02W6M
ABGP0001668,Active,Spectra Gordondale East Gas Plant,GP,Gordondale East,Northriver Midstream,100.0% - Northriver Midstream Inc.,1991-01-01,55.87797,-119.29564,Gas Plant Acid Gas Flaring > 1 T/D Sulphur,11-26-079-09W6M
ABGP0001669,Active,Wolf South 5-1-51-15W5,GP,Wolf South,Cenovus Energy Inc.,100.0% - Cenovus Energy Inc.,1993-01-01,53.37297,-116.08638,Gas Plant Sweet,05-01-051-15W5M
ABGP0001670,Reclamation Exempt,Altagas Antelope,GP,Antelope,Campus Energy Partners Operations Inc.,100.0% - Altagas Ltd.,,51.57559,-110.00669,Gas Plant Acid Gas Flaring < 1 T/D Sulphur,16-13-030-01W4M
ABGP0001671,Suspended,Kereco Bilawchuk,GP,Mulligan,Kelt Exploration Ltd.,100.0% - Kelt Exploration Ltd.,,56.00761,-119.07237,Gas Plant Sweet,09-07-081-07W6M
ABGP0001672,Active,Central Watelet Gp 08-18,GP,Watelet,Tenaz Energy Corp.,,1995-01-01,53.14006,-113.78577,Gas Plant Acid Gas Flaring > 1 T/D Sulphur,08-18-048-26W4M
ABGP0001673,Active,Queenstown 4-22-19-21W4,GP,Queenstown,Canadian Natural Resources Limited,100.0% - Canadian Natural Resources Limited,1993-01-01,50.61697,-112.84126,Gas Plant Sweet,04-22-019-21W4M
ABGP0001674,Active,Journey Herronton,GP,Herronton,Journey Energy Inc.,100.0% - Journey Energy Inc.,1992-01-01,50.60331,-113.37637,Gas Plant Sweet,01-15-019-25W4M
ABGP0001675,Suspended,Husky Stewart Lake 1-23,GP,Stewart Lake,Ember Resources Inc.,10.0% - Bumper Development Corporation Ltd.; 18.0% - Eog Resources Canada Inc.; 72.0% - Ember Resources Inc.,1993-01-01,51.75392,-113.85709,Gas Plant Sweet,01-23-032-28W4M
ABGP0001676,Active,Midwest Leduc-Woodbend,GP,Calmar,Aspenleaf Energy Limited,100.0% - Aspenleaf Energy Limited,1997-01-01,53.2417,-113.839,Gas Plant Acid Gas Flaring > 1 T/D Sulphur,07-23-049-27W4M
ABGP0001677,Suspended,Bonavista Cessford,GP,Cessford,Journey Energy Inc.,100.0% - Journey Energy Inc.,1970-01-01,50.98877,-111.74048,Gas Plant Sweet,11-27-023-13W4M
ABGP0001678,Active,Kakut 14-12-75-3W6,GP,Kakut,Long Run Exploration Ltd.,100.0% - Long Run Exploration Ltd.,,55.48957,-118.32574,Gas Plant Sweet,14-12-075-03W6M
ABGP0001679,Active,Bonavista Cherhill,GP,Cherhill Solution Gas Conservation,Long Run Exploration Ltd.,100.0% - Long Run Exploration Ltd.,,53.86325,-114.75226,Gas Plant Acid Gas Flaring < 1 T/D Sulphur,02-25-056-06W5M
ABGP0001680,Suspended,Surge Hotchkiss,GP,Stowe Creek,Surge Energy Inc.,100.0% - Surge Energy Inc.,1994-01-01,57.06722,-118.03132,Gas Plant Sweet,08-14-093-01W6M
ABGP0001681,Active,Northrock Deanne 5-4,GP,Deane,Taqa North Ltd.,85.4% - Taqa North Ltd.; 14.6% - Westbow Energy Inc.,,52.32325,-115.53373,Gas Plant Sweet,05-04-039-11W5M
ABGP0001682,Active,Saleski 5-8,GP,Thickwood,Sequoia Resources Corp.,62.0% - Sequoia Resources Corp.; 30.0% - Harvest Operations Corp.; 8.0% - Progress Energy Resources Corp.,1985-01-01,56.61366,-112.84907,Gas Plant Acid Gas Injection,05-08-088-18W4M
ABGP0001683,Suspended,Devon Culp,GP,Culp,Canadian Natural Resources Limited,100.0% - Canadian Natural Resources Limited,,55.82327,-117.6323,Gas Plant Sweet,16-02-079-24W5M
ABGP0001684,Suspended,Apache Provost,GP,Provost,Battle River Energy Ltd.,30.0% - Paramount Resources (Acl) Ltd.; 60.0% - Battle River Energy Ltd.; 10.0% - Provident Energy Ltd.,1990-01-01,52.33274,-111.35531,Gas Plant Acid Gas Injection,02-10-039-10W4M
ABGP0001685,Abandoned,Husky Cadotte 10-34,GP,Simons Lake,Obsidian Energy Ltd.,100.0% - Obsidian Energy Ltd.,1989-01-01,56.5023,-116.75219,Gas Plant Acid Gas Injection,10-34-086-18W5M
ABGP0001686,Abandoned,Waskahigan West  11-14-63-22W5,GP,Waskahigan,Arc Resources Ltd.,100.0% - Arc Resources Ltd.,,54.45329,-117.21972,Gas Plant Sweet,11-14-063-22W5M
ABGP0001687,Active,D Energy Woodriver 1-28-43-23W4,GP,Wood River,Ember Resources Inc.,100.0% - Ember Resources Inc.,,52.72764,-113.27066,Gas Plant Acid Gas Flaring < 1 T/D Sulphur,01-28-043-23W4M
ABGP0001688,Active,Stettler 8-24-38-19W4,GP,Beltz Lake,Canadian Natural Resources Limited,100.0% - Canadian Natural Resources Limited,1993-01-01,52.28106,-112.57865,Gas Plant Sweet,08-24-038-19W4M
ABGP0001689,Abandoned,Keyspan Northstar,GP,Northstar,Tourmaline Oil Corp.,100.0% - Sydco Energy Inc.,,56.81431,-117.58905,Gas Plant Sweet,04-22-090-23W5M
ABGP0001690,Active,Husky Galahad 1-14,GP,Hastings Coulee,Alphabow Energy Ltd.,100.0% - Alphabow Energy Ltd.,1994-01-01,52.525,-112.047,Gas Plant Sulphur Recovery,01-14-041-15W4M
ABGP0001691,Suspended,Husky Taber South,GP,Taber South,Cenovus Energy Inc.,100.0% - Cenovus Energy Inc.,,49.69825,-112.28862,Gas Plant Sulphur Recovery,16-31-008-17W4M
ABGP0001692,Suspended,Paramount Kaybob,GP,Kaybob North,Paramount Resources Ltd.,100.0% - Paramount Resources Ltd.,,54.50572,-116.44326,Gas Plant Sweet,05-01-064-17W5M
ABGP0001693,Active,Pengrowth Mcleod,GP,Mcleod,Pine Cliff Energy Ltd.,70.0% - Pine Cliff Energy Ltd.,,53.83114,-115.93731,Gas Plant Sweet,16-12-056-14W5M
ABGP0001694,Active,Summit Craigmyle,GP,Chain,Tallahassee Exploration Inc.,100.0% - Tallahassee Exploration Inc.,,51.81542,-112.45491,Gas Plant Sweet,06-11-033-18W4M
ABGP0001695,Suspended,Pancdn Provost,GP,Thompson Lake,Cenovus Energy Inc.,100.0% - Alphabow Energy Ltd.,1993-01-01,52.47574,-111.44191,Gas Plant Sulphur Recovery,13-30-040-10W4M
ABGP0001696,Abandoned,Bear Canyon 1-18-84-12W6,GP,Boundary Lake South,Canadian Natural Resources Limited,100.0% - Canadian Natural Resources Limited,,56.27703,-119.87528,Gas Plant Acid Gas Flaring < 1 T/D Sulphur,01-18-084-12W6M
ABGP0001697,Active,Shinning Bank Gas Plant,GP,Shiningbank,Ish Energy Ltd.,100.0% - Ish Energy Ltd.,1994-01-01,53.8276,-116.38762,Gas Plant Sweet,10-12-056-17W5M
ABGP0001698,Active,Midcoast Provost,GP,Hansman North,Surge Energy Inc.,100.0% - Surge Energy Inc.,1994-01-01,52.4403,-110.31911,Gas Plant Sulphur Recovery,08-14-040-03W4M
ABGP0001699,Suspended,Western Facility Managmentfenn-Big V,GP,Western Facility Management Fenn-Big Valley,Keyera Energy Ltd.,100.0% - Keyera Energy Ltd.,,52.09107,-112.76239,Gas Plant Sweet,05-14-036-20W4M
ABGP0001700,Active,Buck Creek Frac Plant,GP,Buck Creek Fractionation Plant,Plains Midstream Canada Ulc,100.0% - Plains Midstream Canada Ulc,1958-01-01,53.16142,-114.90048,Gas Plant Fractionation,13-24-048-07W5M
ABGP0001701,Active,Keyera Fort Sask Frac Plant,GP,Fort Saskatchewan Fractionation Facility,Keyera Energy Ltd.,76.7% - Keyera Energy Ltd.; 21.3% - Plains Midstream Canada Ulc; 2.0% - Exxonmobil Canada Energy,1972-01-01,53.74642,-113.16131,Gas Plant Fractionation,02-14-055-22W4M
ABGP0001702,Active,Gibson Hardisty,GP,Hardisty Liquids Fractionation Plant,Gibson Energy Inc.,100.0% - Gibson Energy Inc.,1982-01-01,52.633,-111.2681,Gas Plant Fractionation,11-20-042-09W4M
ABGP0001703,Active,Plains Fort Sask Frac Plant,GP,Fort Saskatchewan Liquids Storage And Fractionation Plant,Plains Midstream Canada Ulc,100.0% - Plains Midstream Canada Ulc,1972-01-01,53.76103,-113.15931,Gas Plant Fractionation,02-23-055-22W4M
ABGP0001704,Abandoned,Stittco Kemp,GP,Kemp River Fractionation Plant,Stittco Energy Limited,100.0% - Nottingham Midstream Limited,,57.55736,-117.5337,Gas Plant Fractionation,01-04-099-22W5M
ABGP0001705,Suspended,Trisol Caroline,GP,Trisol Caroline,Altagas Ltd.,100.0% - Taqa North Ltd.,,51.8561,-114.74984,Gas Plant Fractionation,03-26-033-06W5M
ABGP0001706,Active,Dow Fort Saskatchewan,GP,Fort Saskatchewan De-Ethanization And Fractionation Facility,Dow Chemical Canada Ulc,100.0% - Dow Chemical Canada Ulc,,53.74567,-113.12815,Gas Plant Fractionation,01-13-055-22W4M
ABGP0001707,Active,Pembina Infra. & Logistics Lp Frac 1,GP,Redwater Fractionation And Storage Facility,Pembina Pipeline,100.0% - Pembina Ngl Corporation,1998-01-01,53.81304,-113.12938,Gas Plant Fractionation,09-01-056-22W4M
ABGP0001713,Active,Viking-Kinsella 13-31-48-12W4,GP,Viking,Pine Cliff Energy Ltd.,100.0% - Pine Cliff Energy Ltd.,,53.18944,-111.75836,Gas Plant Sweet,13-31-048-12W4M
ABGP0001714,Suspended,Husky Galloway Gp Sundance 12-05,GP,Galloway,Cenovus Energy Inc.,100.0% - Cenovus Energy Inc.,,53.63869,-116.92156,Gas Plant Sweet,12-05-054-20W5M
ABGP0001715,Active,Husky Deny Kiskiu Smoky River 14-09,GP,Kiskiu,Journey Energy Inc.,100.0% - Journey Energy Inc.,2002-01-01,54.0043,-118.24205,Gas Plant Sweet,13-09-058-02W6M
ABGP0001716,Suspended,Encana Peoria And Shane 06-20,GP,Peoria Shane,Verity Energy Ltd.,100.0% - Topanga Resources Ltd.,,55.59881,-118.27574,Gas Plant Sweet,06-20-076-02W6M
ABGP0001717,Suspended,00/05-36-061-18W5 Fox Creek,GP,Fox Creek,Sinopec Canada Energy Ltd.,100.0% - Sinopec Canada Energy Ltd.,,54.3163,-116.571,Gas Plant Sweet,05-36-061-18W5M
ABGP0001718,Active,Berland River West 14-23-58-26W5,GP,Horse Leland,Canadian Natural Resources Limited,10.0% - Conocophillips Canada Limited; 10.0% - Encana Corporation; 80.0% - Canadian Natural Resources Limited,1999-01-01,54.0334,-117.75693,Gas Plant Sweet,14-23-058-26W5M
ABGP0001719,Suspended,Encana Verger 16-07,GP,Verger,Torxen Energy Ltd.,100.0% - Torxen Energy Ltd.,,50.77293,-111.78301,Gas Plant Sweet,16-07-021-13W4M
ABGP0001720,Suspended,Talisman Benson Pembina 08-30,GP,Knob Hill,Inplay Oil Corp.,100.0% - Inplay Oil Corp.,,52.99563,-114.12458,Gas Plant Sweet,08-30-046-01W5M
ABGP0001727,Suspended,Husky Delia 1-13,GP,Mckee Lake,Trident Exploration (Alberta) Corp.,100.0% - Tallahassee Exploration Inc.,1984-01-01,51.73762,-112.55742,Gas Plant Sweet,01-13-032-19W4M
ABGP0001728,Suspended,Percy Lake 4-28-48-10W4,GP,Viking,Pine Cliff Energy Ltd.,100.0% - Pine Cliff Energy Ltd.,,53.16445,-111.41771,Gas Plant Sweet,04-28-048-10W4M
ABGP0001729,Abandoned,Calvalley Rainbow,GP,Calvalley Rainbow,Links Northern Resources Ltd.,100.0% - Winter Petroleum Ltd.,,58.60035,-118.61406,Gas Plant Sweet,13-33-110-04W6M
ABGP0001730,Suspended,Carvel 15-28 Gas Plant,GP,Carvel,Aspenleaf Energy Limited,100.0% - Aspenleaf Energy Limited,1998-01-01,53.6109,-114.233,Gas Plant Sweet,15-28-053-02W5M
ABGP0001731,Active,Bearspaw East Drumheller 4-30,GP,Drumheller East,Bearspaw Petroleum Ltd.,100.0% - Bearspaw Petroleum Ltd.,,51.5042,-112.674,Gas Plant Sweet,04-30-029-19W4M
ABGP0001732,Active,Bonavista Tees,GP,Chigwell,Ember Resources Inc.,100.0% - Ember Resources Inc.,1998-01-01,52.5145,-113.358,Gas Plant Sweet,12-11-041-24W4M
ABGP0001733,Suspended,Penn West Esther 6-36,GP,Esther,Obsidian Energy Ltd.,100.0% - Obsidian Energy Ltd.,,51.65452,-110.09059,Gas Plant Sweet,06-16-031-01W4M
ABGP0001734,Suspended,Eyremore 16-7-17-18W4,GP,Badger Eyemoor,Sanling Energy Ltd.,100.0% - Sanling Energy Ltd.,,50.42565,-112.45662,Gas Plant Sulphur Recovery,16-07-017-18W4M
ABGP0001735,Suspended,George 6-32-82-5W6,GP,George,Canadian Natural Resources Limited,100.0% - Canadian Natural Resources Limited,,56.14967,-118.74928,Gas Plant Sweet,06-32-082-05W6M
ABGP0001736,Abandoned,Worsley 4-23-87-5W6,GP,Worsley,Canadian Natural Resources Limited,100.0% - Canadian Natural Resources Limited,,56.55362,-118.68882,Gas Plant Sweet,04-23-087-05W6M
ABGP0001737,Active,Apache Nevis 6-24,GP,Alix,Ember Resources Inc.,100.0% - Ember Resources Inc.,,52.3652,-113.18844,Gas Plant Sweet,06-24-039-23W4M
ABGP0001738,Suspended,Gulf Steen River 9-17,GP,Steen River,Tallahassee Exploration Inc.,100.0% - Tallahassee Exploration Inc.,1999-01-01,59.59931,-117.39953,Gas Plant Sweet,09-17-122-20W5M
ABGP0001739,Active,Pcr Bantry North 1-8,GP,Bantry North,Torxen Energy Ltd.,100.0% - Torxen Energy Ltd.,,50.676,-111.761,Gas Plant Sweet,01-08-020-13W4M
ABGP0001740,Active,Musreau 4-25-62-6W6,GP,Musreau,Pembina Gas Infrastructure Inc.,100.0% - Pembina Gas Services Ltd.,,54.38744,-118.77101,Gas Plant Sweet,04-25-062-06W6M
ABGP0001741,Suspended,Shiiningbank Blueridge 6-33,GP,Blue Ridge,Taqa North Ltd.,100.0% - Taqa North Ltd.,1999-01-01,54.2303,-115.29063,Gas Plant Sweet,06-33-060-09W5M
ABGP0001742,Suspended,Ang Et Al Pembina 11-17,GP,Pembina Sweetening Facility,Bonterra Energy Corp.,62.5% - Bonterra Energy Corp.; 25.0% - Signalta Resources Limited; 12.5% - Primewest Energy Inc.,1998-01-01,53.23136,-114.55374,Gas Plant Acid Gas Injection,11-17-049-04W5M
ABGP0001743,Suspended,Husky Provost 2-31,GP,Provost,Cenovus Energy Inc.,100.0% - Altagas Ltd.,,51.69437,-111.54958,Gas Plant Sweet,02-31-031-11W4M
ABGP0001744,Abandoned,Coparex Clayhurst Gas Plant,GP,Clayhurst,Kiwetinohk Energy Corp.,100.0% - Tidewater Midstream And Infrastructure Ltd.,1996-01-01,56.19863,-118.65555,Gas Plant Sweet,12-13-083-05W6M
ABGP0001745,Abandoned,00/11-02-056-02W5 Cardiff Gp,GP,Alexander,Sinopec Canada Energy Ltd.,100.0% - Sinopec Canada Energy Ltd.,,53.81062,-114.18878,Gas Plant Sweet,11-02-056-02W5M
ABGP0001746,Active,Spectra Pouce Coupe 5-23 Gas Plant,GP,Pouce Coupe,Northriver Midstream,100.0% - Northriver Midstream Inc.,,55.94788,-119.92944,Gas Plant Acid Gas Flaring > 1 T/D Sulphur,05-23-080-13W6M
ABGP0001747,Active,Pengrowth Brent 5-11 Gas Plant,GP,Brent,Alphabow Energy Ltd.,100.0% - Alphabow Energy Ltd.,1999-01-01,51.90291,-111.61024,Gas Plant Sweet,05-11-034-12W4M
ABGP0001748,Suspended,Crooked Lake 6-5-63-22W5,GP,Crooked Lake,Canadian Natural Resources Limited,100.0% - Canadian Natural Resources Limited,1999-01-01,54.41972,-117.29328,Gas Plant Sweet,06-05-063-22W5M
ABGP0001749,Suspended,Northrock Girouxville 12-28,GP,Girouxville East,Taqa North Ltd.,100.0% - Long Run Exploration Ltd.,1999-01-01,55.61509,-117.36133,Gas Plant Sweet,12-28-076-22W5M
ABGP0001750,Suspended,Imperial Injection,GP,Imperial Injection,Imperial Oil Resources Limited,100.0% - Imperial Oil Resources Limited,,53.0488,-113.919,Gas Plant Fractionation,03-17-047-27W4M
ABGP0001751,Active,Deanne 03-06-039-11W5,GP,Strachan Deanne,Westbrick Energy Ltd.,100.0% - Westbrick Energy Ltd.,1999-01-01,52.3223,-115.575,Gas Plant Sweet,03-06-039-11W5M
ABGP0001752,Suspended,Falher 4-21-78-23W5,GP,Falher,Long Run Exploration Ltd.,100.0% - Long Run Exploration Ltd.,,55.76762,-117.51804,Gas Plant Sweet,04-21-078-23W5M
ABGP0001753,Abandoned,Husky Steele Bolloque 4-26,GP,Steel Bolloque,Sequoia Resources Corp.,100.0% - Sequoia Resources Corp.,1987-01-01,54.56006,-113.83424,Gas Plant Sweet,04-26-064-26W4M
ABGP0001754,Reclamation Certified,Terraquest Twog Bow Island 9-5,GP,Terraquest Twog Bow Island,Blue Sky Resources Ltd.,100.0% - Novus Energy Inc.,,49.79324,-111.45035,Gas Plant Sweet,09-05-010-11W4M
ABGP0001755,Suspended,Devon Berwyn Gas Plant,GP,Berwyn,Long Run Exploration Ltd.,75.0% - Long Run Exploration Ltd.; 25.0% - Masters Energy Inc.,2000-01-01,56.15181,-117.91919,Gas Plant Sweet,08-36-082-26W5M
ABGP0001756,Suspended,Aec West Hythe 14-18,GP,Aec West Hythe,Ovintiv Canada Ulc.,100.0% - Veresen Midstream General Partner Inc.,,55.4125,-119.83623,Gas Plant Sweet,11-18-074-12W6M
ABGP0001757,Suspended,Husky Galloway 12-5,GP,Husky Galloway,Cenovus Energy Inc.,100.0% - Cenovus Energy Inc.,,53.63869,-116.92156,Gas Plant Sweet,12-05-054-20W5M
ABGP0001758,Active,Worsley Gas Plant 8-21,GP,Worsley,Enercapita Energy Ltd.,100.0% - Enercapita Energy Ltd.,,56.55863,-119.36307,Gas Plant Sweet,08-21-087-09W6M
ABGP0001759,Active,Ansell 7-27-51-19W5,GP,Ansell,Canadian Natural Resources Limited,100.0% - Canadian Natural Resources Limited,1988-01-01,53.42949,-116.71153,Gas Plant Sweet,07-27-051-19W5M
ABGP0001760,Abandoned,Aec East Cypress 8-3,GP,Aec East Cypress,Ovintiv Canada Ulc,100.0% - Spartan Delta Corp.,,49.52922,-110.0545,Gas Plant Sweet,08-03-007-01W4M
ABGP0001761,Suspended,Louis Bull 03-18-045-25W4 Gas Plant,GP,Louis Bull,Axiom Oil And Gas Inc.,100.0% - Axiom Oil And Gas Inc.,1999-01-01,52.87444,-113.6219,Gas Plant Sweet,03-18-045-25W4M
ABGP0001764,Suspended,Olympia Wildcat Hills,GP,Olympia Wildcat Hills,Manitok Energy Inc.,100.0% - Persist Oil And Gas Inc.,,51.21932,-114.63944,Gas Plant Sweet,07-16-026-05W5M
ABGP0001765,Suspended,Bearspaw Marlowe 1-28,GP,Marlowe,Tallahassee Exploration Inc.,100.0% - Tallahassee Exploration Inc.,1999-01-01,59.62166,-117.71476,Gas Plant Sweet,01-28-122-22W5M
ABGP0001766,Active,Peyto Oldman 11-17,GP,Oldman,Peyto Exploration & Development Corp.,100.0% - Peyto Exploration & Development Corp.,1999-01-01,53.75508,-117.09044,Gas Plant Sweet,11-17-055-21W5M
ABGP0001767,Suspended,Paramount South Liege Gas Plant,GP,Liege South,Athabasca Oil Corporation,100.0% - Athabasca Oil Corporation,1985-01-01,56.83473,-113.10476,Gas Plant Sweet,06-27-090-20W4M
ABGP0001768,Active,Nal Sturgeon Lake Gas Plant,GP,Sturgeon Lake South,Whitecap Resources Inc.,50.0% - Whitecap Resources Inc.; 50.0% - Conocophillips Canada Resources Corp.,1985-01-01,54.96519,-117.65632,Gas Plant Sweet,13-07-069-24W5M
ABGP0001769,Suspended,Encounter Keho Gas Plant,GP,Iron Springs,Tamarack Valley Energy Ltd.,100.0% - Tamarack Valley Energy Ltd.,2000-01-01,49.814,-112.836,Gas Plant Sweet,14-07-010-21W4M
ABGP0001770,Abandoned,Altagas Kirkpatrick Lake Gas Plant,GP,Kirkpatrick Lake,Altagas Ltd.,100.0% - Altagas Ltd.,,51.7709,-111.42144,Gas Plant Sweet,05-30-032-10W4M
ABGP0001771,Suspended,Mclean Creek 11-5-76-22W5 Plant,GP,Girouxville East,Long Run Exploration Ltd.,100.0% - Long Run Exploration Ltd.,,55.55654,-117.37888,Gas Plant Sweet,11-05-076-22W5M
ABGP0001772,Suspended,Victoria Mulligan 16-6 Gas Plant,GP,Victoria Mulligan,Victoria Gas Ltd.,100.0% - Victoria Gas Ltd.,,55.99693,-119.23327,Gas Plant Sweet,16-06-081-08W6M
ABGP0001773,Suspended,Pengrowth Nipisi 4-8,GP,Nipisi,Anterra Energy Inc.,100.0% - Blue Sky Resources Ltd.,,55.82605,-115.2234,Gas Plant Sweet,04-08-079-08W5M
ABGP0001774,Active,Cabre Joarcam 6-29,GP,Joarcam,Enerplus Corporation,100.0% - Enerplus Corporation,2000-01-01,53.2561,-113.041,Gas Plant Sweet,06-29-049-21W4M
ABGP0001775,Active,West Culp 5-34-78-25W5,GP,West Culp,Canadian Natural Resources Limited,100.0% - Canadian Natural Resources Limited,,55.80029,-117.79917,Gas Plant Acid Gas Flaring > 1 T/D Sulphur,05-34-078-25W5M
ABGP0001776,Active,Defiant Energy Sunset Plant 6-22,GP,Sunset B,Enercapita Energy Ltd.,100.0% - Enercapita Energy Ltd.,1999-01-01,55.0753,-116.96681,Gas Plant Acid Gas Flaring < 1 T/D Sulphur,06-22-070-20W5M
ABGP0001777,Active,Burlington Resthaven 1-36,GP,Resthaven,Strathcona Resources Ltd.,50.0% - Strathcona Resources Ltd.; 50.0% - Paramount Resources Ltd.,2000-01-01,54.22747,-118.30134,Gas Plant Sweet,01-36-060-03W6M
ABGP0001778,Suspended,Atco Widewater Gas Plant 6-8,GP,Widewater,Ipc Canada Ltd.,100.0% - Ipc Canada Ltd.,2001-01-01,55.30716,-115.04181,Gas Plant Sweet,06-08-073-07W5M
ABGP0001779,Suspended,Campus Esther,GP,Esther,Campus Energy Partners Operations Inc.,100.0% - Campus Energy Partners Operations Inc.,2000-01-01,51.64955,-110.19316,Gas Plant Sweet,04-14-031-02W4M
ABGP0001780,Suspended,Kelt Copton Gp 11-25,GP,Grande Cache,Kelt Exploration Ltd.,100.0% - Kelt Exploration Ltd.,2000-01-01,54.1313,-119.21696,Gas Plant Sweet,11-25-059-09W6M
ABGP0001781,Suspended,Conco Sutton 03-31,GP,Sutton,Tourmaline Oil Corp.,100.0% - Sydco Energy Inc.,,56.93064,-118.1517,Gas Plant Sweet,03-31-091-01W6M
ABGP0001782,Active,Pcp Countess,GP,Scandia,Torxen Energy Ltd.,100.0% - Torxen Energy Ltd.,1997-01-01,50.50007,-112.22577,Gas Plant Sweet,04-12-018-17W4M
ABGP0001783,Suspended,Dominion East Bruce 10-01,GP,Bruce East,1333002 Alberta Ltd.,100.0% - 1333002 Alberta Ltd.,,53.11494,-112.05765,Gas Plant Sweet,10-01-048-15W4M
ABGP0001784,Suspended,Monolith Red Willow 7-26,GP,Red Willow,Obsidian Energy Ltd.,25.0% - Crew Energy Inc.; 75.0% - Obsidian Energy Ltd.,1995-01-01,52.38067,-112.19821,Gas Plant Acid Gas Injection,07-26-039-16W4M
ABGP0001785,Suspended,Aec Oil & Gas Martain Hills,GP,Marten Creek,Axiom Oil And Gas Inc.,100.0% - Tamarack Valley Energy Ltd.,,55.64413,-114.65686,Gas Plant Acid Gas Injection,10-02-077-05W5M
ABGP0001786,Active,Bp Canada Callum Creek 2-24,GP,Callum Creek,Lexin Resources Ltd.,100.0% - Lexin Resources Ltd.,2001-01-01,50.00726,-114.14583,Gas Plant Sweet,02-24-012-02W5M
ABGP0001787,Suspended,Nce Pembina 10-14,GP,Warburg,Tourmaline Oil Corp.,100.0% - Tourmaline Oil Corp.,2001-01-01,53.1444,-114.329,Gas Plant Sweet,10-14-048-03W5M
ABGP0001788,Active,Watts East 2-4-31-15W4,GP,Watts East,Canadian Natural Resources Limited,85.0% - Canadian Natural Resources Limited; 15.0% - Nal Resources Limited,,51.62053,-112.06839,Gas Plant Sweet,02-04-031-15W4M
ABGP0001789,Suspended,Hadrian Highvale 7-14,GP,Hadrian Highvale,Aspenleaf Energy Limited,30.0% - Zargon Oil & Gas Ltd.; 70.0% - Nep Canada Ulc,2001-01-01,53.48716,-114.47579,Gas Plant Sweet,07-14-052-04W5M
ABGP0001790,Suspended,Aec Haro 13-17,GP,Haro 2,Long Run Exploration Ltd.,100.0% - Long Run Exploration Ltd.,2000-01-01,57.85961,-118.29893,Gas Plant Sweet,13-17-102-02W6M
ABGP0001791,Active,Trilogy Clover 9-34 Plant #2,GP,Para Clover Plant 2,Paramount Resources Ltd.,21.8% - Canadian Natural Resources Limited; 78.2% - Paramount Resources Ltd.,2001-01-01,54.23439,-116.60667,Gas Plant Sweet,09-34-060-18W5M
ABGP0001792,Suspended,Vermilion Peoria 6-20,GP,Peoria,Advantage Energy Ltd.,100.0% - Questfire Energy Corp.,,55.59881,-118.27574,Gas Plant Sweet,06-20-076-02W6M
ABGP0001793,Suspended,Birchcliff Rycroft 07-02,GP,Rycroft,Birchcliff Energy Ltd.,100.0% - Birchcliff Energy Ltd.,,55.64071,-118.50234,Gas Plant Acid Gas Injection,07-02-077-04W6M
ABGP0001794,Active,Evi 1 -04-36-086-11 W5M,GP,Evi,Spoke Resources Ltd.,100.0% - Spoke Resources Ltd.,1994-01-01,56.49612,-115.60793,Gas Plant Sweet,04-36-086-11W5M
ABGP0001795,Suspended,00/16-31-052-21W5 Med Lodge Gp,GP,Medicine Lodge,Sinopec Canada Energy Ltd.,100.0% - Sinopec Canada Energy Ltd.,,53.5381,-117.077,Gas Plant Sweet,16-31-052-21W5M
ABGP0001796,Suspended,Aec Pelican Granor Nezz 07-09,GP,Granor Nezz,Cenovus Energy Inc.,100.0% - Canadian Natural Resources Limited,,56.17789,-112.77912,Gas Plant Sweet,07-09-083-18W4M
ABGP0001797,Active,Shaman Fenn Big Valley Gas Plant 15-,GP,Fenn-Big Valley,Bornite Energy Ltd.,100.0% - Bornite Energy Ltd.,1991-01-01,52.02505,-112.77772,Gas Plant Sweet,15-22-035-20W4M
ABGP0001798,Active,Narraway 10-08-062-10W6,GP,Narraway,Canadian Natural Resources Limited,81.0% - Canadian Natural Resources Limited,2001-01-01,54.35141,-119.46131,Gas Plant Sweet,10-08-062-10W6M
ABGP0001799,Abandoned,Husky Overchem Mitsue 11-32,GP,Overlea,Cenovus Energy Inc.,100.0% - Cenovus Energy Inc.,1998-01-01,55.28155,-114.42563,Gas Plant Sweet,11-32-072-03W5M
ABGP0001800,Active,Aec Suffeild A2 Solution Gas Plant F,GP,Suffield A2 Station,Ipc Canada Ltd.,100.0% - Ipc Canada Ltd.,1980-01-01,50.7,-111.026,Gas Plant Sweet,16-15-020-08W4M
ABGP0001801,Suspended,Devon Elmworth 4-8,GP,Wapiti Deep Cut,Canadian Natural Resources Limited,28.5% - Devon Canada Corporation; 34.9% - Canadian Natural Resources Limited; 25.5% - Conocophillips Canada (Brc) Ltd.; 3.1% - Enermark Inc.; 0.7% - Husky Oil Operations Limited; 0.7% - Petro-Canada; 6.7% - Talisman Energy Inc.,1985-01-01,54.95425,-119.19206,Gas Plant Sweet,04-08-069-08W6M
ABGP0001802,Suspended,Elmworth 4-8-70-11W6,GP,Elmworth Deep Cut,Cenovus Energy Inc.,87.0% - Conocophillips Canada Resources Corp.,1978-01-01,55.04177,-119.6316,Gas Plant Sweet,01-08-070-11W6M
ABGP0001803,Suspended,Judy Creek Gp 15-25-64-11W5,GP,Judy Creek Ethane Stripping Plant,Conifer Energy Inc.,43.1% - Conifer Energy Inc.,1985-01-01,54.57197,-115.52196,Gas Plant Sweet,15-25-064-11W5M
ABGP0001804,Suspended,Shell Waterton,GP,Shell Waterton,Shell Canada Limited,100.0% - Shell Canada Limited,,49.30711,-113.99982,Gas Plant Sweet,02-20-004-30W4M
ABGP0001805,Suspended,Crestar Wembley Expander,GP,Wembley Ethane Stripping,Cenovus Energy Inc.,100.0% - Conocophillips Canada Resources Corp.,,55.33594,-119.22119,Gas Plant Sweet,06-19-073-08W6M
ABGP0001806,Suspended,Chevron Kaybob,GP,Chevron Kaybob,Bp Canada Energy Group Ulc,100.0% - Pgi Processing Ulc,,54.09624,-116.61647,Gas Plant Sweet,03-15-059-18W5M
ABGP0001807,Suspended,Conoco Peco,GP,Peco,Cenovus Energy Inc.,100.0% - Cenovus Energy Inc.,,53.20153,-116.21707,Gas Plant Sweet,12-01-049-16W5M
ABGP0001808,Suspended,Chevron Brazeau River,GP,Chevron Brazeau River,Keyera Energy Ltd.,100.0% - Keyera Energy Ltd.,,53.18929,-115.63654,Gas Plant Sweet,16-35-048-12W5M
ABGP0001809,Suspended,Amoco Ellerslie,GP,Amoco Ellerslie,Bp Canada Energy Group Ulc,100.0% - Altagas Ltd.,,53.45436,-113.48695,Gas Plant Sweet,04-04-052-24W4M
ABGP0001810,Abandoned,Chevron Acheson,GP,Chevron Acheson,Chevron Canada Limited,100.0% - Tidewater Midstream And Infrastructure Ltd.,,53.54651,-113.73556,Gas Plant Sweet,05-02-053-26W4M
ABGP0001811,Suspended,Solex Harmattan-Elkton,GP,Solex Harmattan-Elkton,Taylor Processing Inc.,100.0% - Altagas Ltd.,,51.68925,-114.47925,Gas Plant Sweet,09-27-031-04W5M
ABGP0001831,Suspended,Husky Boyer Haig River Steen 01-17,GP,Haig River,Cenovus Energy Inc.,100.0% - Cenovus Energy Inc.,1980-01-01,58.1106,-118.117,Gas Plant Sweet,01-17-105-01W6M
ABGP0001832,Abandoned,Dawson 8-26-79-16W5,GP,Dawson,Canadian Natural Resources Limited,76.9% - Canadian Natural Resources Limited,2001-01-01,55.87412,-116.37941,Gas Plant Sweet,08-26-079-16W5M
ABGP0001833,Abandoned,Altagas Balckfoot 13-29,GP,Blackfoot,Altagas Ltd.,100.0% - Altagas Ltd.,,50.90656,-113.30426,Gas Plant Sweet,13-29-022-24W4M
ABGP0001834,Suspended,Spire Oyen 08-04,GP,Oyen,Canlin Energy Corporation,,,51.45222,-110.63907,Gas Plant Sweet,08-04-029-05W4M
ABGP0001836,Suspended,D Energy Benton 10-18-29-3W4,GP,Benton,Canlin Energy Corporation,,,51.4821,-110.41065,Gas Plant Sweet,10-18-029-03W4M
ABGP0001837,Abandoned,Altagas Namaka Blackfoot #2 13-29,GP,Namaka Blackfoot 2 South,Altagas Ltd.,100.0% - Altagas Ltd.,,50.90656,-113.30426,Gas Plant Sweet,13-29-022-24W4M
ABGP0001838,Suspended,Mbog Red Earth 2-23-88-8W5 Gas Plant,GP,Red Earth,Surge Energy Inc.,100.0% - Surge Energy Inc.,1984-01-01,56.64075,-115.15432,Gas Plant Acid Gas Injection,02-23-088-08W5M
ABGP0001839,Suspended,Pancanadian Verger 16-20,GP,Verger,Torxen Energy Ltd.,100.0% - Torxen Energy Ltd.,,50.80416,-111.89852,Gas Plant Sweet,16-20-021-14W4M
ABGP0001840,Active,Penn West Vista Creek 15-10,GP,Vista Creek,Direct Oil & Gas Inc.,100.0% - Direct Oil & Gas Inc.,2001-01-01,57.3219,-118.06512,Gas Plant Sweet,15-10-096-01W6M
ABGP0001841,Active,Berland Sweet Plant  14-15-59-24W5,GP,Berland Sweet Plant,Tourmaline Oil Corp.,44.0% - Tourmaline Oil Corp.; 56.0% - Cenovus Energy Inc.,2002-01-01,54.10815,-117.51641,Gas Plant Sweet,14-15-059-24W5M
ABGP0001842,Suspended,Williams Extraction Plant 1-1-92-9W4,GP,Williams Extraction Plant,Inter Pipeline,100.0% - Inter Pipeline Offgas Ltd.,,56.94706,-111.29538,Gas Plant Sweet,01-01-092-09W4M
ABGP0001843,Abandoned,Denison Knappen 15-29,GP,Denison Knappen,Journey Energy Inc.,100.0% - Crimson Oil & Gas Ltd.,,49.06944,-111.43667,Gas Plant Sweet,15-29-001-11W4M
ABGP0001844,Suspended,Knappen16-29,GP,Knappen,Journey Energy Inc.,100.0% - Journey Energy Inc.,,49.06951,-111.43605,Gas Plant Sweet,16-29-001-11W4M
ABGP0001845,Suspended,00/01-16-075-01W6 Kakut Gp Sweet,GP,Kakut,Sinopec Canada Energy Ltd.,100.0% - Sinopec Canada Energy Ltd.,2000-01-01,55.4937,-118.084,Gas Plant Sweet,01-16-075-01W6M
ABGP0001846,Suspended,Conoco Atlee-Buffalo 09-13,GP,Atlee Buffalo,West Lake Energy Corp.,100.0% - West Lake Energy Corp.,2000-01-01,50.78475,-110.83929,Gas Plant Sweet,09-13-021-07W4M
ABGP0001847,Abandoned,Vermillion Eaglesham 102/10-01,GP,Vermillion Eaglesham,Vermilion Energy Inc.,100.0% - Vermilion Energy Inc.,,55.64429,-117.73831,Gas Plant Sweet,10-01-077-25W5M
ABGP0001848,Suspended,Husky Rainbow 14-03,GP,Rainbow,Winter Petroleum Ltd.,100.0% - Winter Petroleum Ltd.,,58.52712,-118.40845,Gas Plant Sweet,14-03-110-03W6M
ABGP0001849,Active,Rochester 11-9-62-24W4,GP,Armstrong Lake,Tamarack Valley Energy Ltd.,100.0% - Tamarack Valley Energy Ltd.,1996-01-01,54.34922,-113.53901,Gas Plant Sweet,11-09-062-24W4M
ABGP0001850,Suspended,Atlee-Buffalo 4-23-20-9W4,GP,Jenner,Canadian Natural Resources Limited,100.0% - Canadian Natural Resources Limited,,50.70516,-111.15745,Gas Plant Sweet,04-23-020-09W4M
ABGP0001851,Suspended,Granum 12-19-11-25W4,GP,Granum,Canadian Natural Resources Limited,100.0% - Canadian Natural Resources Limited,,49.92579,-113.41022,Gas Plant Sweet,12-19-011-25W4M
ABGP0001852,Suspended,Berkley Puskwaskau,GP,Berkley Puskwaskau,Canadian Natural Resources Limited,100.0% - Canadian Natural Resources Limited,,55.34093,-118.11453,Gas Plant Sweet,10-20-073-01W6M
ABGP0001853,Active,Bigstone Plant 100/14-28-059-22W5 Gp,GP,Bigstone,Peyto Exploration & Development Corp.,64.2% - Repsol Oil & Gas Canada Inc.; 26.4% - Distinction Energy Corp.; 7.9% - Conocophillips Canada Limited; 1.5% - Canadian Natural Resources Limited,1996-01-01,54.13588,-117.24023,Gas Plant Sweet,14-28-059-22W5M
ABGP0001854,Active,Trilogy Two Creek,GP,Two Creeks,Paramount Resources Ltd.,100.0% - Paramount Resources Ltd.,1996-01-01,54.41898,-116.35158,Gas Plant Sweet,07-04-063-16W5M
ABGP0001855,Active,Obe Seal 09-15-084-14W5 Gp,GP,Slave,Obsidian Energy Ltd.,100.0% - Obsidian Energy Ltd.,,56.28347,-116.11219,Gas Plant Acid Gas Flaring < 1 T/D Sulphur,09-15-084-14W5M
ABGP0001856,Suspended,Pancdn Provost-David,GP,Provost-David,Cenovus Energy Inc.,100.0% - West Lake Energy Corp.,,52.42467,-110.36753,Gas Plant Acid Gas Flaring > 1 T/D Sulphur,08-09-040-03W4M
ABGP0001857,Active,Renaissance Blood North 16-35,GP,Blood North,Tamarack Valley Energy Ltd.,100.0% - Tamarack Valley Energy Ltd.,1994-01-01,49.52249,-112.85386,Gas Plant Sweet,16-35-006-22W4M
ABGP0001858,Active,Wildriver 10-20-56-23W5 Gp,GP,Wild River,Peyto Exploration & Development Corp.,84.0% - Repsol Oil & Gas Canada Inc.; 16.0% - Canadian Natural Resources Limited,1994-01-01,53.85643,-117.38197,Gas Plant Sweet,10-20-056-23W5M
ABGP0001859,Active,Hillsdown 13-4-37-25W4,GP,Hillsdown,Canadian Natural Resources Limited,98.0% - Canadian Natural Resources Limited; 2.0% - Apex Energy (Canada) Inc.,1981-01-01,52.15626,-113.5242,Gas Plant Sweet,13-04-037-25W4M
ABGP0001860,Abandoned,Encal Worsley,GP,Encal Worsley,Blue Sky Resources Ltd.,100.0% - Blue Sky Resources Ltd.,,56.55932,-119.35667,Gas Plant Sweet,12-22-087-09W6M
ABGP0001861,Abandoned,New Cache Doris,GP,Doris Plant1,Tidewater Midstream And Infrastructure Ltd.,54.0% - Tidewater Midstream And Infrastructure Ltd.,,54.54609,-114.79179,Gas Plant Acid Gas Flaring < 1 T/D Sulphur,02-23-064-06W5M
ABGP0001862,Suspended,Petro-Can Bezanson,GP,Bezanson,Birchcliff Energy Ltd.,100.0% - Birchcliff Energy Ltd.,1994-01-01,55.14495,-118.44075,Gas Plant Sweet,01-18-071-03W6M
ABGP0001863,Suspended,Valhalla 1-3-77-7W6,GP,Saddle Hills,Canadian Natural Resources Limited,100.0% - Canadian Natural Resources Limited,1996-01-01,55.63926,-118.98445,Gas Plant Sweet,01-03-077-07W6M
ABGP0001864,Active,Pancdn Cavalier,GP,Cavalier,Lynx Energy Ulc,100.0% - Lynx Energy Ulc,1994-01-01,51.00688,-113.1708,Gas Plant Sweet,16-32-023-23W4M
ABGP0001865,Abandoned,Anderson Woking,GP,Anderson Woking,Canadian Natural Resources Limited,100.0% - Devon Canada Corporation,,55.48904,-118.54617,Gas Plant Sweet,16-09-075-04W6M
ABGP0001866,Abandoned,Godin 15-19-81-1W5,GP,Godin Lake,Canadian Natural Resources Limited,100.0% - Canadian Natural Resources Limited,,56.03987,-114.13936,Gas Plant Acid Gas Injection,15-19-081-01W5M
ABGP0001867,Suspended,Serenpet Cranberry,GP,Serenpet Cranberry,Canadian Natural Resources Limited,100.0% - Canadian Natural Resources Limited,,57.26899,-118.55262,Gas Plant Sweet,07-27-095-04W6M
ABGP0001868,Active,Kaiser Negus,GP,Negus,Kiwetinohk Energy Corp.,100.0% - Kiwetinohk Energy Corp.,1995-01-01,54.16217,-117.66783,Gas Plant Sweet,11-03-060-25W5M
ABGP0001869,Reclamation Certified,Keyspan Blueberry,GP,Keyspan Blueberry,Keyera Energy Ltd.,100.0% - Keyera Energy Ltd.,,56.15697,-119.07585,Gas Plant Sweet,16-31-082-07W6M
ABGP0001870,Suspended,Penn West Esther,GP,Penn West Esther,Campus Energy Partners Operations Inc.,100.0% - Campus Energy Partners Operations Inc.,,51.64955,-110.19316,Gas Plant Acid Gas Flaring > 1 T/D Sulphur,04-14-031-02W4M
ABGP0001871,Abandoned,Pancanadian Wembley,GP,Pancanadian Wembley,Ovintiv Canada Ulc,100.0% - Canadian Natural Resources Limited,,55.2371,-119.1173,Gas Plant Sweet,11-14-072-08W6M
ABGP0001872,Suspended,Nce Petrofund Provost,GP,Hansman Lake,Obsidian Energy Ltd.,100.0% - West Lake Energy Corp.,,52.43225,-110.43907,Gas Plant Acid Gas Injection,16-12-040-04W4M
ABGP0001873,Suspended,Apache Provost,GP,Provost,Karve Energy Inc.,100.0% - Karve Energy Inc.,,52.34107,-111.05919,Gas Plant Acid Gas Injection,12-11-039-08W4M
ABGP0001874,Active,Chinchaga 11-33-96-8W6,GP,Hamburg 11-33,Canadian Natural Resources Limited,100.0% - Canadian Natural Resources Limited,1995-01-01,57.37476,-119.23588,Gas Plant Sweet,11-33-096-08W6M
ABGP0001875,Suspended,Sakwatamau 06-12 Gas Plant,GP,Sakwatamau,Enercapita Energy Ltd.,100.0% - Enercapita Energy Ltd.,1992-01-01,54.43458,-116.13214,Gas Plant Acid Gas Flaring < 1 T/D Sulphur,06-12-063-15W5M
ABGP0001876,Abandoned,Signalta Bigoray,GP,Bigoray,Obsidian Energy Ltd.,100.0% - Obsidian Energy Ltd.,,53.43571,-115.16786,Gas Plant Sweet,10-30-051-08W5M
ABGP0001877,Abandoned,Invasion Bison Lake,GP,Bison Lake,Prairie Provident Resources Canada Ltd.,100.0% - Prairie Provident Resources Canada Ltd.,,57.2185,-116.39473,Gas Plant Sweet,15-05-095-15W5M
ABGP0001878,Abandoned,Apache Zama,GP,Zama,Paramount Resources Ltd.,100.0% - Paramount Resources Ltd.,1976-01-01,59.06436,-118.8802,Gas Plant Acid Gas Flaring > 1 T/D Sulphur,13-12-116-06W6M
ABGP0001879,Suspended,Marathon Seal 7-20 Plant,GP,Marathon Seal,Blue Sky Resources Ltd.,100.0% - Blue Sky Resources Ltd.,,56.12166,-115.99368,Gas Plant Acid Gas Injection,07-20-082-13W5M
ABGP0001880,Active,Clear Hills Bndylks 16-11-88-13W6,GP,Clear Hills,Canadian Natural Resources Limited,100.0% - Canadian Natural Resources Limited,,56.6238,-119.947,Gas Plant Sulphur Recovery,16-11-088-13W6M
ABGP0001881,Suspended,Husky Wayne-Rosedale 11-27,GP,Wayne North,Torxen Energy Ltd.,100.0% - Torxen Energy Ltd.,1995-01-01,51.42488,-112.73964,Gas Plant Sweet,11-27-028-20W4M
ABGP0001882,Suspended,Encal Granlea,GP,Encal Granlea,Taqa North Ltd.,100.0% - Taqa North Ltd.,,49.67512,-111.32229,Gas Plant Acid Gas Flaring > 1 T/D Sulphur,07-29-008-10W4M
ABGP0001883,Suspended,Conoco Hotchkiss,GP,Conoco Hotchkiss,Conocophillips Canada,100.0% - Direct Oil & Gas Inc.,,57.15416,-118.33168,Gas Plant Sweet,07-13-094-03W6M
ABGP0001884,Abandoned,Lightstream Jumpbush,GP,Jumpbush,Saturn Oil & Gas Inc.,70.0% - Ridgeback Resources Inc.; 30.0% - Siksika Energy Resources Corporation,1992-01-01,50.723,-112.788,Gas Plant Sweet,06-25-020-21W4M
ABGP0001885,Active,Granum 13-31-11-26W4,GP,Granum,Canadian Natural Resources Limited,100.0% - Canadian Natural Resources Limited,1995-01-01,49.9578,-113.545,Gas Plant Sweet,13-31-011-26W4M
ABGP0001886,Suspended,Bonanza 11-25 Gas Plant,GP,Silver Valley,Repsol Oil & Gas Canada Inc.,41.0% - Repsol Oil & Gas Canada Inc.,,56.05175,-119.58327,Gas Plant Acid Gas Injection,11-25-081-11W6M
ABGP0001887,Suspended,Sturgeon Lk Gas Plant,GP,Ante Creek,Altagas Ltd.,100.0% - Arc Resources Ltd.,,54.9104,-117.69411,Gas Plant Sweet,02-26-068-25W5M
ABGP0001888,Suspended,Persist Wayne-Rosedale Gp,GP,Wayne Rosedale,Persist Oil And Gas Inc.,100.0% - Persist Oil And Gas Inc.,1993-01-01,51.40324,-112.91416,Gas Plant Sulphur Recovery,01-20-028-21W4M
ABGP0001889,Abandoned,Crestar Provost,GP,Crestar Provost,Harvest Operations Corp.,100.0% - Harvest Operations Corp.,,52.44208,-111.0811,Gas Plant Acid Gas Flaring > 1 T/D Sulphur,12-15-040-08W4M
ABGP0001890,Suspended,Energy Processors Pembina,GP,Kitto Lake,Axiom Oil And Gas Inc.,100.0% - Axiom Oil And Gas Inc.,,53.34585,-114.7441,Gas Plant Sweet,10-25-050-06W5M
ABGP0001891,Abandoned,Rozsa Keho,GP,Keho,Houston Oil & Gas Ltd.,100.0% - Houston Oil & Gas Ltd.,1995-01-01,50.00374,-112.87261,Gas Plant Acid Gas Flaring < 1 T/D Sulphur,16-13-012-22W4M
ABGP0001892,Active,Aec Saddle Hills,GP,Sexsmith,Ovintiv Canada Ulc,100.0% - Ovintiv Canada Ulc,1995-01-01,55.4792,-119.059,Gas Plant Sulphur Recovery,04-08-075-07W6M
ABGP0001893,Abandoned,Summit Mirage,GP,Summit Mirage,Tourmaline Oil Corp.,100.0% - Tourmaline Oil Corp.,,55.8557,-119.07,Gas Plant Sulphur Recovery,04-20-079-07W6M
ABGP0001894,Abandoned,Nce Petrofund  Provost,GP,Monitor Creek West,Obsidian Energy Ltd.,100.0% - Obsidian Energy Ltd.,1996-01-01,51.79386,-110.81001,Gas Plant Acid Gas Flaring < 1 T/D Sulphur,16-32-032-06W4M
ABGP0001895,Active,Fourth Creek Gas Plant,GP,Fourth Creek,Northriver Midstream,100.0% - Northriver Midstream Inc.,1991-01-01,56.09959,-119.2854,Gas Plant Acid Gas Flaring > 1 T/D Sulphur,16-11-082-09W6M
ABGP0001896,Abandoned,Chevron Medicine Lodge,GP,Chevron Medicine Lodge,Vermilion Energy Inc.,100.0% - Vermilion Energy Inc.,,53.47759,-117.02699,Gas Plant Sweet,09-09-052-21W5M
ABGP0001897,Active,Goodfish 3-32-91-8W5,GP,Goodfish,Canadian Natural Resources Limited,30.0% - Baytex Energy Ltd.; 70.0% - Canadian Natural Resources Limited,1996-01-01,56.93078,-115.25214,Gas Plant Acid Gas Injection,03-32-091-08W5M
ABGP0001898,Suspended,Husky Goodlow 2-33,GP,Muskwa,Cenovus Energy Inc.,100.0% - Cenovus Energy Inc.,,56.23478,-113.88621,Gas Plant Acid Gas Flaring < 1 T/D Sulphur,02-33-083-25W4M
ABGP0001899,Abandoned,Tarragon Hector,GP,Badger,Cenovus Energy Inc.,100.0% - Canadian Natural Resources Limited,,50.3983,-112.30802,Gas Plant Acid Gas Injection,03-05-017-17W4M
ABGP0001901,Active,Empress 6 Gas And Frac Plant,GP,Empress Straddle Plant,Plains Midstream Canada Ulc,100.0% - Plains Midstream Canada Ulc,1962-01-01,50.68289,-110.03685,Gas Plant Mainline Straddle,10-11-020-01W4M
ABGP0001902,Active,Empress 1-5 Gas Plant,GP,Empress Straddle Plant,Plains Midstream Canada Ulc,100.0% - Plains Midstream Canada Ulc,1971-01-01,50.67647,-110.02632,Gas Plant Mainline Straddle,04-12-020-01W4M
ABGP0001903,Active,Cochrane Extraction Plant,GP,Cochrane Straddle Plant,Inter Pipeline,100.0% - Inter Pipeline Ltd.,1970-01-01,51.22504,-114.49201,Gas Plant Mainline Straddle,16-16-026-04W5M
ABGP0001906,Active,Amoco Ellerslie,GP,Edmonton Ethane Extraction,Altagas Ltd.,100.0% - Altagas Ltd.,1978-01-01,53.45436,-113.48695,Gas Plant Mainline Straddle,04-04-052-24W4M
ABGP0001907,Abandoned,Atco Midstream Empress (3),GP,Empress Gas Liquids Joint Venture Straddle Plant,Atco Next Energy Ltd.,,1983-01-01,50.67709,-110.053,Gas Plant Mainline Straddle,01-10-020-01W4M
ABGP0001908,Suspended,Atco Fort Saskatchewan,GP,Fort Saskatchewan Straddle Plant,Tidewater Midstream And Infrastructure Ltd.,100.0% - Tidewater Midstream And Infrastructure Ltd.,1984-01-01,53.71687,-113.18397,Gas Plant Mainline Straddle,02-03-055-22W4M
ABGP0001909,Active,Pancdn Empress,GP,Empress Straddle Plant,Pembina Pipeline,100.0% - 2354890 Alberta Ltd.,1996-01-01,50.67312,-110.02831,Gas Plant Mainline Straddle,16-02-020-01W4M
ABGP0001910,Active,Veep 08-05-054-26W4 Gas Plant,GP,Villeneuve Straddle Plant,Tidewater Midstream And Infrastructure Ltd.,100.0% - Tidewater Midstream And Infrastructure Ltd.,1997-01-01,53.63523,-113.7897,Gas Plant Sweet,08-05-054-26W4M
ABGP0001935,Suspended,Husky Windfall,GP,Windfall,Cenovus Energy Inc.,100.0% - Pgi Processing Ulc,1965-01-01,54.18692,-116.20467,Gas Plant Sweet,08-17-060-15W5M
ABGP0001936,Unknown,Suncor (Now 1991),GP,,Suncor Energy Inc.,100.0% - Suncor Energy Inc.,,56.94706,-111.29538,,01-01-092-09W4M
ABGP0001937,Unknown,Procor Lynton Sulphur Forming,GP,,Procor Lpg Storage Inc.,100.0% - Procor Lpg Storage Inc.,,49.00159,-110.00785,,01-01-001-01W4M
ABGP0001938,Unknown,Sulmar Redwater,GP,,Unknown Operator/Address - Used By Field Surveillance,100.0% - Unknown Operator/Address - Used By Field Surveillance,,49.00159,-110.00785,,01-01-001-01W4M
ABGP0001939,Unknown,Burza Lynton,GP,,Unknown Operator/Address - Used By Field Surveillance,100.0% - Unknown Operator/Address - Used By Field Surveillance,,49.00159,-110.00785,,01-01-001-01W4M
ABGP0001940,Unknown,Syncrude,GP,,Syncrude Canada Ltd.,100.0% - Syncrude Canada Ltd.,,49.00159,-110.00785,,01-01-001-01W4M
ABGP0001941,Suspended,Chevron Ft Sask,GP,Chevron Ft Sask,Chevron Canada Limited,100.0% - Chevron Canada Limited,,53.74642,-113.16131,Gas Plant Sweet,02-14-055-22W4M
ABGP0001942,Suspended,Gibson Fort Sask,GP,Gibson Fort Sask,Gibson Energy Inc.,100.0% - Gibson Energy Inc.,,53.71732,-113.12788,Gas Plant Sweet,01-01-055-22W4M
ABGP0001943,Suspended,Mobil Procor Gx,GP,Procor Gx,Exxonmobil,100.0% - Exxonmobil Canada Energy,,49.00159,-110.00785,Gas Plant Sweet,01-01-001-01W4M
ABGP0001944,Suspended,Imperial East Edmonton Lpg,GP,East Edmonton Lpg,Imperial Oil Resources Limited,100.0% - Imperial Oil Resources Limited,,49.00159,-110.00785,Gas Plant Sweet,01-01-001-01W4M
ABGP0001945,Suspended,Amoco Pembina,GP,Pembina,Bp Canada Energy Group Ulc,100.0% - Bp Canada Energy Group Ulc,,53.16199,-114.9017,Gas Plant Sweet,13-24-048-07W5M
ABGP0001946,Suspended,Amoco Cranberry(Kemp River),GP,Chinchaga,Canadian Natural Resources Limited,100.0% - Canadian Natural Resources Limited,1960-01-01,57.33863,-118.65604,Gas Plant Sweet,01-24-096-05W6M
ABGP0001947,Suspended,Voyager Bruce,GP,Voyager Bruce,Conocophillips Canada,100.0% - Conocophillips Canada Resources Corp.,,49.00159,-110.00785,Gas Plant Sweet,01-01-001-01W4M
ABGP0001950,Suspended,Gibson Hardisty,GP,Gibson Hardisty,Gibson Energy Inc.,100.0% - Gibson Energy Inc.,,52.63257,-111.26761,Gas Plant Sweet,11-20-042-09W4M
ABGP0001951,Suspended,Imperial Devon 1&2,GP,1 And 2,Imperial Oil Resources Limited,100.0% - Conifer Energy Inc.,,54.57197,-115.52196,Gas Plant Fractionation,15-25-064-11W5M
ABGP0001960,Active,Kanata Valhalla 13-21 Sour Gas Plant,GP,Valhalla,Csv Midstream Solutions Corp.,100.0% - Csv Midstream Solutions Corp.,1985-01-01,55.60398,-119.34316,Gas Plant Acid Gas Flaring < 1 T/D Sulphur,13-21-076-09W6M
ABGP0001961,Suspended,Celsius Worsley,GP,Celsius Worsley,Enerplus Corporation,100.0% - Enerplus Corporation,,56.55851,-118.77645,Gas Plant Sweet,08-19-087-05W6M
ABGP0001962,Suspended,Aec Saddle Hills,GP,Saddle Hills,Ovintiv Canada Ulc,100.0% - Ovintiv Canada Ulc,,55.47654,-119.06433,Gas Plant Sweet,01-07-075-07W6M
ABGP0001963,Suspended,Newport Lathom,GP,Lathom,Harvest Operations Corp.,100.0% - Harvest Operations Corp.,,50.75889,-112.49605,Gas Plant Sweet,13-06-021-18W4M
ABGP0001964,Suspended,Puskwaskau 3-26-74-1W6,GP,Puskwaskau,Prairie Thunder Resources Ltd.,100.0% - Long Run Exploration Ltd.,1995-01-01,55.43342,-118.04167,Gas Plant Acid Gas Flaring > 1 T/D Sulphur,03-26-074-01W6M
ABGP0001965,Active,Pancdn Verger,GP,Verger A,Torxen Energy Ltd.,87.5% - Torxen Energy Ltd.; 12.5% - Harvard International Resources Ltd.,,50.89362,-112.17223,Gas Plant Sweet,04-28-022-16W4M
ABGP0001966,Active,Mikwan 05-22-036-22W4 Gas Plant,GP,Mikwan,Axiom Oil And Gas Inc.,100.0% - Axiom Oil And Gas Inc.,1993-01-01,52.10517,-113.07514,Gas Plant Sweet,05-22-036-22W4M
ABGP0001967,Suspended,Cdn 88 Crossfield East,GP,Cdn 88 Crossfield East,Whitecap Resources Inc.,100.0% - Whitecap Resources Inc.,,51.61951,-114.07317,Gas Plant Sweet,16-33-030-01W5M
ABGP0001968,Suspended,Cdn Hunter Pedigree,GP,Cdn Hunter Pedigree,Canadian Natural Resources Limited,100.0% - Canadian Natural Resources Limited,,57.74224,-119.99345,Gas Plant Sweet,13-01-101-13W6M
ABGP0001969,Active,Alder Flats 11-33 Gas Plant,GP,Alder Flats,Westbrick Energy Ltd.,100.0% - Westbrick Energy Ltd.,,52.9258,-115.10527,Gas Plant Sweet,11-33-045-08W5M
ABGP0001970,Active,Burlington Sand Creek,GP,Sandcreek,Cenovus Energy Inc.,76.8% - Cenovus Energy Inc.; 6.8% - Bellatrix Exploration Ltd.; 16.4% - Taqa North               ,,52.90581,-115.32434,Gas Plant Acid Gas Flaring < 1 T/D Sulphur,06-25-045-10W5M
ABGP0001971,Suspended,Northrock Barrhead,GP,Barrhead,Blue Sky Resources Ltd.,100.0% - Blue Sky Resources Ltd.,1995-01-01,54.12838,-114.65746,Gas Plant Sweet,08-27-059-05W5M
ABGP0001972,Abandoned,Conoco Akuinu,GP,Akuinu River West,Paramount Resources Ltd.,100.0% - Paramount Resources (Acl) Ltd.,1997-01-01,54.65403,-114.53017,Gas Plant Acid Gas Flaring < 1 T/D Sulphur,05-27-065-04W5M
ABGP0001973,Suspended,Devon Muskwa (Teepee Ck),GP,Teepee,Sequoia Resources Corp.,100.0% - Sequoia Resources Corp.,1996-01-01,56.52735,-114.07012,Gas Plant Acid Gas Injection,06-10-087-01W5M
ABGP0001974,Abandoned,Pedigree,GP,Fontas,Nuvista Energy Ltd.,100.0% - Nuvista Energy Ltd.,1997-01-01,57.87683,-119.73626,Gas Plant Acid Gas Injection,02-28-102-11W6M
ABGP0001975,Suspended,Paramount Bistcho Lake,GP,Bistcho Lake,Tallahassee Exploration Inc.,50.0% - Husky Oil Operations Limited; 50.0% - Tallahassee Exploration Inc.,1997-01-01,59.64067,-118.30659,Gas Plant Sulphur Recovery,06-32-122-02W6M
ABGP0001976,Suspended,Windfall 01-15-062-15W5 Gas Plant,GP,Sakwatamau,Axiom Oil And Gas Inc.,100.0% - Axiom Oil And Gas Inc.,,54.35919,-116.15324,Gas Plant Sweet,01-15-062-15W5M
ABGP0001977,Suspended,Altagas Mosquito Creek,GP,Mosquito Creek,Pivotal Energy Partners Inc.,100.0% - Pivotal Energy Partners Inc.,1998-01-01,50.22728,-113.53774,Gas Plant Sweet,07-05-015-26W4M
ABGP0001978,Abandoned,Ncl Zama,GP,Ncl Zama,Novagas Canada Ltd.,100.0% - Paramount Resources Ltd.,,59.06436,-118.8802,Gas Plant Sulphur Recovery,13-12-116-06W6M
ABGP0001979,Suspended,Keywest Wayne-Rosedale 7-6,GP,Wayne Redland,Harvest Operations Corp.,100.0% - Harvest Operations Corp.,1997-01-01,51.45226,-112.94011,Gas Plant Sweet,07-06-029-21W4M
ABGP0001980,Suspended,Newport Hamelin Creek,GP,Hamelin Creek,Spoke Resources Ltd.,100.0% - Spoke Resources Ltd.,,55.94832,-118.88216,Gas Plant Sweet,05-21-080-06W6M
ABGP0001981,Suspended,New Cache Doris,GP,Doris Plant2,Tidewater Midstream And Infrastructure Ltd.,100.0% - Tidewater Midstream And Infrastructure Ltd.,,54.47366,-114.81034,Gas Plant Acid Gas Flaring < 1 T/D Sulphur,01-27-063-06W5M
ABGP0001982,Active,Corse Huxley,GP,Huxley,Corse Energy Corp.,100.0% - Corse Energy Corp.,,51.94221,-113.24332,Gas Plant Sweet,01-30-034-23W4M
ABGP0001983,Abandoned,Cdn Conquest Thunder Lake West,GP,Thunder Lake West,Taqa North Ltd.,100.0% - West Lake Energy Corp.,,54.22206,-114.7336,Gas Plant Sweet,15-30-060-05W5M
ABGP0001984,Suspended,Mcleod 6-25-56-14W5,GP,Mahaska,Cenovus Energy Inc.,100.0% - Cenovus Energy Inc.,,53.8665,-115.95175,Gas Plant Sweet,06-25-056-14W5M
ABGP0001985,Suspended,Integra Manaska 4-18,GP,Mahaska,Outlier Resources Ltd.,73.0% - Cenovus Energy Inc.; 27.0% - Daylight Energy Ltd.,1995-01-01,53.92016,-115.78183,Gas Plant Sweet,04-18-057-12W5M
ABGP0001986,Abandoned,Celsius Worsley,GP,Celsius Worsley,Enerplus Corporation,100.0% - Journey Energy Inc.,,56.57059,-118.50834,Gas Plant Sweet,08-26-087-04W6M
ABGP0001987,Active,Pembina 13-35-47-10W5,GP,Lodgepole,I3 Energy Canada Ltd.,7.5% - Devon Energy Canada Corporation; 7.5% - Lightstream Resources Ltd.; 14.1% - Sword Energy Limited; 32.5% - Taqa North Ltd.; 38.5% - Cenovus Energy Inc.,1996-01-01,53.10281,-115.36184,Gas Plant Sweet,13-35-047-10W5M
ABGP0001988,Suspended,Tarragon Connorsville,GP,Connorsville,Canadian Natural Resources Limited,100.0% - Canadian Natural Resources Limited,,51.20792,-111.9985,Gas Plant Acid Gas Flaring < 1 T/D Sulphur,11-11-026-15W4M
ABGP0001989,Abandoned,Chinchaga 1-5-96-7W6,GP,Chinchaga,Canadian Natural Resources Limited,100.0% - Canadian Natural Resources Limited,,57.29707,-119.09026,Gas Plant Sweet,01-05-096-07W6M
ABGP0001990,Active,Normandville N 3-36-79-23W5,GP,Normandville North,Canadian Natural Resources Limited,90.0% - Canadian Natural Resources Limited; 10.0% - Obsidian Energy Ltd.,,55.88486,-117.46183,Gas Plant Acid Gas Flaring > 1 T/D Sulphur,03-36-079-23W5M
ABGP0001991,Unknown,Suncor (Gcos),GP,,Suncor Energy Inc.,100.0% - Suncor Energy Inc.,,56.94706,-111.29538,,01-01-092-09W4M
ABGP0001992,Unknown,Syncrude,GP,,Syncrude Canada Ltd.,100.0% - Syncrude Canada Ltd.,,57.03353,-111.45788,,01-01-093-10W4M
ABGP0001993,Suspended,Shell Warburg,GP,Shell Warburg,Shell Canada Limited,100.0% - Shell Canada Limited,,53.16504,-114.32179,Gas Plant Sweet,01-26-048-03W5M
ABGP0001994,Suspended,Viking-Kinsella 1-30-47-9W4,GP,Scovil Lake,Pine Cliff Energy Ltd.,100.0% - Pine Cliff Energy Ltd.,,53.07515,-111.30001,Gas Plant Sweet,01-30-047-09W4M
ABGP0001995,Abandoned,Devon Montag,GP,Montag,Xgen Ventures Inc.,100.0% - Xgen Ventures Inc.,,56.39538,-118.88964,Gas Plant Acid Gas Injection,03-28-085-06W6M
ABGP0001996,Suspended,Compton Montag,GP,Clayhurst,Lexin Resources Ltd.,100.0% - Lexin Resources Ltd.,,56.38429,-118.89788,Gas Plant Sweet,08-20-085-06W6M
ABGP0001997,Active,Cecil North 16-4-85-8W6,GP,Cecil North,Canadian Natural Resources Limited,36.5% - Canadian Natural Resources Limited; 12.7% - Cequence Energy Ltd.; 20.9% - Harvest Operations Corp.; 16.4% - Taqa North Ltd.; 1.9% - Sword Energy Inc.; 2.3% - Ish Energy Ltd.; 9.7% - Terra Energy Corp.,1998-01-01,56.34733,-119.19042,Gas Plant Acid Gas Flaring < 1 T/D Sulphur,16-04-085-08W6M
ABGP0001998,Suspended,Rainbow (Sousa),GP,Sousa,Nuvista Energy Ltd.,100.0% - Nuvista Energy Ltd.,,58.68355,-118.6708,Gas Plant Sweet,12-31-111-04W6M
ABGP0001999,Unknown,Internal Use Only,GP,,Unknown Operator/Address - Used By Field Surveillance,100.0% - Unknown Operator/Address - Used By Field Surveillance,1999-01-01,49.00159,-110.00785,,01-01-001-01W4M
ABGP0075252,Abandoned,Markwest Bantry 12-21-18-13 W4 Plant,GP,Bantry,Cardinal Energy Ltd.,100.0% - Cardinal Energy Ltd.,1999-01-01,50.53687,-111.74431,Gas Plant Sweet,12-21-018-13W4M
ABGP0075650,Active,Joffre Ethane Extraction Plant,GP,Straddle,Altagas Ltd.,100.0% - Altagas Ltd.,2003-01-01,52.29061,-113.54385,Gas Plant Mainline Straddle,03-29-038-25W4M
ABGP0075866,Suspended,Nrk Brewster 03-17-043-14W5,GP,Brewster,Blue Sky Resources Ltd.,100.0% - Tourmaline Oil Corp.,2004-01-01,52.70104,-115.99753,Gas Plant Sweet,03-17-043-14W5M
ABGP0075995,Active,Probe Leduc Gas Processing Facility,GP,Nep Refrig Plant,Aspenleaf Energy Limited,100.0% - Aspenleaf Energy Limited,1998-01-01,53.33103,-113.71952,Gas Plant Sweet,10-22-050-26W4M
ABGP0076045,New,Les And Herman Freadrich,GP,Les And Herman Freadrich,Freadrich; Les And Herman,100.0% - Freadrich  Les And Herman,,52.59159,-112.00077,Gas Plant Acid Gas Flaring < 1 T/D Sulphur,16-06-042-14W4M
ABGP0076120,Active,Astara Energy 1-17 Monitor Gp,GP,Flowing Energy Monitor,Astara Energy Corp.,100.0% - Astara Energy Corp.,,52.00057,-110.38746,Gas Plant Sweet,01-17-035-03W4M
ABGP0076575,Suspended,Irma 12-01-46-9W4,GP,Irma,Pine Cliff Energy Ltd.,100.0% - Pine Cliff Energy Ltd.,,52.93833,-111.1881,Gas Plant Sweet,12-01-046-09W4M
ABGP0076666,Suspended,Wildunn Creek 7-27-029-14W4,GP,Taplow,Canadian Natural Resources Limited,100.0% - Canadian Natural Resources Limited,,51.5075,-111.88682,Gas Plant Sweet,07-27-029-14W4M
ABGP0077070,Active,Rycroft 15-11-76-6W6 Gas Plant,GP,Rycroft,Veren Inc.,50.0% - Birchcliff Energy Ltd.; 50.0% - Spartan Delta Corp.,2003-01-01,55.57441,-118.8098,Gas Plant Sweet,15-11-076-06W6M
ABGP0077266,Suspended,Alderson 13-21-015-11W4 Gas Plant,GP,Alderson East,Torxen Energy Ltd.,100.0% - Ovintiv Canada Ulc,1970-01-01,50.28006,-111.46979,Gas Plant Sweet,13-21-015-11W4M
ABGP0077288,Suspended,Vernon Lake 7-9-47-10W4,GP,Vernon Lake,Pine Cliff Energy Ltd.,100.0% - Pine Cliff Energy Ltd.,,53.03597,-111.40373,Gas Plant Sweet,07-09-047-10W4M
ABGP0077308,Abandoned,Dryden Creek Gas Plant,GP,Dryden Creek,Obsidian Energy Ltd.,100.0% - Obsidian Energy Ltd.,2001-01-01,57.8757,-118.41228,Gas Plant Sweet,01-28-102-03W6M
ABGP0077324,Active,Baytex Wimborne 5-10 Gas Plant,GP,Wimborne,Long Run Exploration Ltd.,100.0% - Long Run Exploration Ltd.,,51.81305,-113.61817,Gas Plant Sweet,05-10-033-26W4M
ABGP0077819,Suspended,Chinchaga 10-20-96-7 Gp,GP,Chinchaga,Kelt Exploration Ltd.,100.0% - Kelt Exploration Ltd.,2003-01-01,57.34681,-119.09177,Gas Plant Sweet,10-20-096-07W6M
ABGP0078091,Suspended,Saddlehills 10-11-75-7 W6,GP,Saddle Hills,Canadian Natural Resources Limited,100.0% - Canadian Natural Resources Limited,1984-01-01,55.48396,-118.96732,Gas Plant Sweet,10-11-075-07W6M
ABGP0078222,Suspended,Berland River W 16-15-59-24W5,GP,Berland River,Canadian Natural Resources Limited,100.0% - Canadian Natural Resources Limited,,54.10598,-117.50635,Gas Plant Sweet,16-15-059-24W5M
ABGP0079061,Active,Smoky 7-36-58-3W6,GP,Smoky,Canadian Natural Resources Limited,100.0% - Canadian Natural Resources Limited,2001-01-01,54.0561,-118.306,Gas Plant Sweet,07-36-058-03W6M
ABGP0079080,Suspended,Altagas  Del Bonita Gas Plant,GP,Del Bonita,Gryphon Petroleum Corp.,100.0% - Gryphon Petroleum Corp.,,49.09045,-112.57739,Gas Plant Acid Gas Flaring < 1 T/D Sulphur,03-02-002-20W4M
ABGP0079260,Active,Red Land South 6-4-27-21W4 Gas Plant,GP,Redland South,Lynx Energy Ulc,100.0% - Lynx Energy Ulc,1994-01-01,51.27482,-112.90113,Gas Plant Sweet,06-04-027-21W4M
ABGP0079548,Abandoned,Evergreen Sour Gas Plant,GP,Evergreen Sour Gas,Aqt Water Management Inc.,100.0% - Aqt Water Management Inc.,,58.54937,-117.41502,Gas Plant Sulphur Recovery,07-15-110-21W5M
ABGP0080025,Suspended,Little Chicago Gas Plant,GP,Little Chicago,Ranahan Resources Limited,100.0% - Ranahan Resources Limited,2004-01-01,50.55606,-114.23573,Gas Plant Sweet,16-29-018-02W5M
ABGP0080187,Active,Peyto Kakwa 02-11-60-04 W6 Sweet Gas,GP,Kakwa,Peyto Exploration & Development Corp.,100.0% - Peyto Exploration & Development Corp.,2005-01-01,54.17001,-118.48198,Gas Plant Sweet,02-11-060-04W6M
ABGP0080688,Active,Wild River 14-20 Gp,GP,Wild River,Tourmaline Oil Corp.,100.0% - Tourmaline Oil Corp.,2004-01-01,53.85815,-117.38469,Gas Plant Sweet,14-20-056-23W5M
ABGP0080799,Suspended,Basset Lake 16-35 Gas Plant,GP,Basset Lake,Veren Inc.,50.0% - Boulder Energy Ltd.; 50.0% - Spartan Delta Corp.,,58.33781,-118.53568,Gas Plant Sweet,16-35-107-04W6M
ABGP0080972,Active,Ante Creek Gas Plant 10-36-065-25W5M,GP,Ante Creek South,Arc Resources Ltd.,100.0% - Arc Resources Ltd.,2004-01-01,54.67099,-117.64096,Gas Plant Sweet,10-36-065-25W5M
ABGP0081174,Suspended,Atco Carbon South,GP,Carbon South,Atco Next Energy Ltd.,100.0% - Atco Next Energy Ltd.,,51.47968,-113.05571,Gas Plant Sweet,08-17-029-22W4M
ABGP0081379,Abandoned,Mazeppa Sweet Gas Gathering,GP,Mazeppa Sweet Gas Gathering,Lexin Resources Ltd.,100.0% - Lexin Resources Ltd.,1986-01-01,50.64675,-113.77165,Gas Plant Fractionation,01-35-019-28W4M
ABGP0081382,Abandoned,Mazeppa Sweet Gas Plant,GP,Mazeppa Sweet,Lexin Resources Ltd.,100.0% - Lexin Resources Ltd.,1986-01-01,50.64675,-113.77165,Gas Plant Sweet,01-35-019-28W4M
ABGP0081833,Active,Worsley 16-36 Gas Plant,GP,Worsley,Enercapita Energy Ltd.,100.0% - Enercapita Energy Ltd.,2004-01-01,56.50638,-119.42964,Gas Plant Sweet,16-36-086-10W6M
ABGP0081848,Suspended,Encana Rosebud 2-1-27-21W4 Gas Plant,GP,Rosebud,Torxen Energy Ltd.,100.0% - Torxen Energy Ltd.,1972-01-01,51.27132,-112.82814,Gas Plant Sweet,02-01-027-21W4M
ABGP0081971,Active,Bso Sf Lk Gp 2-4-19-16W4M,GP,Countess,Astara Energy Corp.,100.0% - Astara Energy Corp.,2004-01-01,50.57252,-112.15942,Gas Plant Sweet,02-04-019-16W4M
ABGP0082137,Suspended,Flowing Wild 9-36 Gp,GP,Flowing Wild,Gear Energy Ltd.,100.0% - Gear Energy Ltd.,,53.27241,-110.59364,Gas Plant Sweet,09-36-049-05W4M
ABGP0082273,Abandoned,Cyries Bilbo 02/16-28-64-6W6,GP,Bilbo,Harvest Operations Corp.,100.0% - Harvest Operations Corp.,,54.57119,-118.83602,Gas Plant Acid Gas Flaring < 1 T/D Sulphur,16-28-064-06W6M
ABGP0082296,Suspended,Princess 13-05 Choke Plant,GP,Princess Choke Plant,Taqa North Ltd.,100.0% - Taqa North Ltd.,,50.76071,-111.64221,Gas Plant Sweet,13-05-021-12W4M
ABGP0082304,Suspended,6-17-25-20W4 Wintering Hills West,GP,Wintering Hills West,Torxen Energy Ltd.,100.0% - Torxen Energy Ltd.,2000-01-01,51.1306,-112.764,Gas Plant Sweet,06-17-025-20W4M
ABGP0082962,Suspended,Albers 8-23-41-7W4 Gas Plant,GP,Albers,Sanling Energy Ltd.,100.0% - Sanling Energy Ltd.,,52.54035,-110.89406,Gas Plant Sweet,08-23-041-07W4M
ABGP0083567,Active,Highpine Joffre Gas Plant 6-17,GP,Vesta Joffre,Parallax Energy Operating Inc.,100.0% - Parallax Energy Operating Inc.,2004-01-01,52.4379,-113.859,Gas Plant Sweet,06-17-040-27W4M
ABGP0083667,Suspended,Corbet Gas Plant 15-10-62-6 W5,GP,Corbet,N7 Energy Ltd.,100.0% - N7 Energy Ltd.,,54.35448,-114.81206,Gas Plant Sweet,15-10-062-06W5M
ABGP0083746,Abandoned,Gentry Princess 1-20 Gas Plant,GP,Gentry Princess,Ipc Canada Ltd.,25.0% - Advantage Energy Ltd.; 8.3% - Enterra Energy Corp.; 66.7% - Cor4 Oil Corp.,,50.6164,-111.482,Gas Plant Sweet,01-20-019-11W4M
ABGP0083873,Abandoned,Bantry 05-15-017-12W4 Gas Plant,GP,Bantry,Cardinal Energy Ltd.,100.0% - Cardinal Energy Ltd.,,50.43344,-111.58307,Gas Plant Sweet,05-15-017-12W4M
ABGP0084058,Active,Tony Creek Gas Plant 10-24-62-22W5,GP,Firenze,I3 Energy Canada Ltd.,100.0% - I3 Energy Canada Ltd.,2005-01-01,54.37891,-117.15879,Gas Plant Sweet,10-24-062-22W5M
ABGP0084179,Active,Peyto Cutbank 04-06-063-09 W6 Gp,GP,Cutbank,Peyto Exploration & Development Corp.,100.0% - Peyto Exploration & Development Corp.,2005-01-01,54.41688,-119.35612,Gas Plant Sweet,04-06-063-09W6M
ABGP0084226,Active,Bigstone 11-9-61-22W5,GP,Bigstone,Canadian Natural Resources Limited,100.0% - Canadian Natural Resources Limited,,54.26182,-117.24197,Gas Plant Sweet,11-09-061-22W5M
ABGP0084455,Active,Cve Energy Bivouac 6-5-109-12W6,GP,Bivouac,Cenovus Energy Inc.,100.0% - Cenovus Energy Inc.,2004-01-01,58.43203,-119.97334,Gas Plant Sweet,06-05-109-12W6M
ABGP0084636,Active,Phoenix 102/07-21-39-10W5,GP,Phoenix,Sansum Energy Inc.,57.0% - Sansum Energy Inc.; 43.0% - Coastal Energy,2005-01-01,52.3686,-115.378,Gas Plant Sweet,07-21-039-10W5M
ABGP0084773,Active,Duvernay 15-4-58-23W5M Gas Plant,GP,Ceceilia,Tourmaline Oil Corp.,100.0% - Tourmaline Oil Corp.,2005-01-01,53.98984,-117.35629,Gas Plant Sweet,15-04-058-23W5M
ABGP0084966,Suspended,Rider Pembina 07-02-048-09W5 Gas Pla,GP,Pembina,Barrel Oil Corp.,100.0% - Barrel Oil Corp.,2005-01-01,53.10987,-115.20366,Gas Plant Sweet,07-02-048-09W5M
ABGP0084973,Suspended,Fet Golden 7-7-87-14W5 Gas Plant,GP,Golden,Journey Energy Inc.,100.0% - Spoke Resources Ltd.,1971-01-01,56.52727,-116.21606,Gas Plant Sweet,07-07-087-14W5M
ABGP0085141,Active,Queenstown 1-2-18-22W4 Gas Plant,GP,Queenstown,Lexin Resources Ltd.,100.0% - Lexin Resources Ltd.,2005-01-01,50.48543,-112.91514,Gas Plant Sweet,01-02-018-22W4M
ABGP0085152,Active,Ferrier West 7-18-40-9W5,GP,Ferrier West,Canadian Natural Resources Limited,100.0% - Canadian Natural Resources Limited,,52.44126,-115.28193,Gas Plant Sweet,07-18-040-09W5M
ABGP0085275,Active,Cessford 02-11-027-16W4,GP,Cessford,Canadian Natural Resources Limited,100.0% - Canadian Natural Resources Limited,2003-01-01,51.2886,-112.15,Gas Plant Sweet,02-11-027-16W4M
ABGP0086281,Suspended,Nuvista Sibbald 5-6 Gp,GP,Sibbald,Nuvista Energy Ltd.,100.0% - Nuvista Energy Ltd.,2011-01-01,51.36425,-110.28552,Gas Plant Sweet,05-06-028-02W4M
ABGP0086283,Abandoned,Acclaim Castor Gp 2-2,GP,Castor,Obsidian Energy Ltd.,100.0% - Obsidian Energy Ltd.,2005-01-01,52.14361,-111.75402,Gas Plant Sweet,02-02-037-13W4M
ABGP0086359,Suspended,Argosy Claresholm Gas Plant,GP,Claresholm,Long Term Asset Management Inc.,100.0% - Long Term Asset Management Inc.,,49.98936,-113.43721,Gas Plant Sweet,16-11-012-26W4M
ABGP0086379,Active,Acl Granum Gas Plt 14-31-11-26 W4,GP,Granum,Long Term Asset Management Inc.,100.0% - Long Term Asset Management Inc.,2005-01-01,49.95967,-113.54339,Gas Plant Sweet,14-31-011-26W4M
ABGP0086427,Active,High Prairie Frac Plant,GP,High Prairie Fractionation Plant,Plains Midstream Canada Ulc,100.0% - Plains Midstream Canada Ulc,,55.4237,-116.41468,Gas Plant Fractionation,08-20-074-16W5M
ABGP0086640,Active,Big Eddy Gas Storage Plant,GP,Big Eddy Gas Storage Plant,Transcanada Energy Ltd.,100.0% - Transcanada Energy Ltd.,2007-01-01,53.67667,-116.78605,Gas Plant Sweet,07-19-054-19W5M
ABGP0086745,Active,Acl Ngl Stewart Plant 7-7-32-27,GP,Acl Ngl Stewart,Ember Resources Inc.,100.0% - Ember Resources Inc.,2005-01-01,51.72748,-113.8187,Gas Plant Sweet,07-07-032-27W4M
ABGP0086768,Abandoned,Kettle River 15-14-083-05W4,GP,Kettle River,Canadian Natural Resources Limited,100.0% - Canadian Natural Resources Limited,,56.1993,-110.674,Gas Plant Acid Gas Flaring < 1 T/D Sulphur,15-14-083-05W4M
ABGP0086769,Abandoned,Cowpar 11-19-80-4W4,GP,Cowpar,Canadian Natural Resources Limited,100.0% - Canadian Natural Resources Limited,,55.94959,-110.62354,Gas Plant Acid Gas Flaring < 1 T/D Sulphur,11-19-080-04W4M
ABGP0086771,Abandoned,Newby 10-2-85-6W4,GP,Newby,Canadian Natural Resources Limited,100.0% - Canadian Natural Resources Limited,,56.33962,-110.832,Gas Plant Acid Gas Flaring < 1 T/D Sulphur,07-02-085-06W4M
ABGP0086803,Active,Husky Jarvie 08-35 Gas Plant,GP,Jarvie,Sequoia Resources Corp.,100.0% - Sequoia Resources Corp.,2005-01-01,54.40613,-113.92931,Gas Plant Sweet,08-35-062-27W4M
ABGP0086883,Suspended,981405 Doris 11-17-63-6W5,GP,Doris Clearwater,Trident Exploration (Alberta) Corp.,100.0% - Trident Exploration (Alberta) Corp.,2006-01-01,54.45227,-114.87496,Gas Plant Sweet,11-17-063-06W5M
ABGP0087651,Active,Acl Ngl Lpt 8-28 Refridge Plant,GP,Acl Ngl Lpt Refridge Plant,Ember Resources Inc.,100.0% - Ember Resources Inc.,2005-01-01,51.77174,-113.62276,Gas Plant Sweet,08-28-032-26W4M
ABGP0087677,Active,Barrel Pem Blue Rapid 04-08-047-09W5,GP,Pembina Blue Rapids,Barrel Oil Corp.,88.2% - Barrel Oil Corp.; 11.8% - Baccalieu Energy Inc.,,53.03525,-115.28977,Gas Plant Sweet,04-08-047-09W5M
ABGP0087898,Active,Apache Cecilia 12-34 Plant,GP,Wild Hay,Peyto Exploration & Development Corp.,100.0% - Peyto Exploration & Development Corp.,2005-01-01,53.88589,-117.19592,Gas Plant Sweet,12-34-056-22W5M
ABGP0088035,Abandoned,Direct Energy Atlee Buffalo,GP,Atlee Buffalo,Scollard Energy Ltd.,100.0% - Area 2 Energy Ltd.,,50.7077,-110.48537,Gas Plant Sweet,05-22-020-04W4M
ABGP0088160,Suspended,Altagas Princess,GP,Princess,Pivotal Energy Partners Inc.,100.0% - Pivotal Energy Partners Inc.,2006-01-01,50.70157,-111.55544,Gas Plant Acid Gas Flaring < 1 T/D Sulphur,16-14-020-12W4M
ABGP0088446,Suspended,Leland Sweetening 14-23-58-26W5,GP,Leland Sweetening Plant,Canadian Natural Resources Limited,8.8% - Semcams Midstream Ulc; 39.0% - Talisman Corporation; 52.2% - Canadian Natural Resources Limited,,54.03393,-117.75675,Gas Plant Acid Gas Flaring > 1 T/D Sulphur,14-23-058-26W5M
ABGP0088508,Abandoned,Clear Prairie,GP,Clear Prairie,Altagas Ltd.,100.0% - Altagas Ltd.,2006-01-01,56.84831,-119.84427,Gas Plant Sweet,07-33-090-12W6M
ABGP0088516,Active,Acl Ngl L.P. South 9-14-30-27 Plant,GP,Acl Ngl L.P. South,Ember Resources Inc.,100.0% - Ember Resources Inc.,2006-01-01,51.57102,-113.68991,Gas Plant Sweet,09-14-030-27W4M
ABGP0088615,Suspended,Iron Creek Gas Plant,GP,Iron Creek,Axiom Oil And Gas Inc.,100.0% - Axiom Oil And Gas Inc.,1999-01-01,52.92976,-111.88885,Gas Plant Sweet,13-31-045-13W4M
ABGP0089018,Active,Peyto Wildhay 04-21-55-23 W5 Gp,GP,Wildhay,Peyto Exploration & Development Corp.,100.0% - Peyto Exploration & Development Corp.,2006-01-01,53.76262,-117.36494,Gas Plant Sweet,04-21-055-23W5M
ABGP0089265,Active,Vermilion Pembina 16-26-047-08W5,GP,Violet Grove,Ricochet Oil Corp.,100.0% - Ricochet Oil Corp.,2006-01-01,53.08845,-115.05512,Gas Plant Sweet,16-26-047-08W5M
ABGP0089314,Suspended,Crooked Creek 2-30-71-26W5,GP,Crooked Creek,Canadian Natural Resources Limited,28.0% - Paramount Resources Ltd.; 72.0% - Canadian Natural Resources Limited,2005-01-01,55.17147,-117.98674,Gas Plant Sweet,02-30-071-26W5M
ABGP0089350,Active,Trilogy Deep Valley 01-15-063-25W5,GP,Deep Valley,Hwn Energy Ltd.,75.0% - Paramount Resources Ltd.; 25.0% - Cequence Energy Ltd.,2006-01-01,54.44584,-117.68771,Gas Plant Sweet,01-15-063-25W5M
ABGP0089584,Active,Sandhills Gas Plant,GP,Sandhills,N7 Energy Ltd.,100.0% - N7 Energy Ltd.,2006-01-01,54.38922,-114.76239,Gas Plant Sweet,07-25-062-06W5M
ABGP0089756,Active,Apache Ngl Lonepine West 2-29-31-28W,GP,Ngl Lonepine West,Ember Resources Inc.,100.0% - Ember Resources Inc.,2006-01-01,51.6799,-113.93317,Gas Plant Sweet,02-29-031-28W4M
ABGP0089914,Active,981405 Wedge Gas Plant,GP,Wedge Gas Plant,Tallahassee Exploration Inc.,100.0% - Tallahassee Exploration Inc.,2006-01-01,54.347,-114.89986,Gas Plant Sweet,05-07-062-06W5M
ABGP0089955,Active,981405 Thunder Gas Plant 9-6-61-5W5,GP,Thunder,N7 Energy Ltd.,100.0% - N7 Energy Ltd.,2006-01-01,54.24797,-114.73306,Gas Plant Sweet,09-06-061-05W5M
ABGP0090067,Suspended,Suffield-13-10-016-09 W4M,GP,Suff Refridge,Harvest Operations Corp.,100.0% - Harvest Operations Corp.,,50.33694,-111.17144,Gas Plant Sweet,13-10-016-09W4M
ABGP0090090,Suspended,Husky Lubicon 7-1 Gas Plant,GP,Lubicon,Surge Energy Inc.,100.0% - Surge Energy Inc.,1984-01-01,56.51275,-115.60796,Gas Plant Sweet,07-01-087-11W5M
ABGP0090092,Abandoned,Clear Hills Gas Plant,GP,Clear Hills,Altagas Ltd.,100.0% - Altagas Ltd.,2006-01-01,56.62428,-119.91177,Gas Plant Acid Gas Flaring < 1 T/D Sulphur,13-07-088-12W6M
ABGP0090355,New,Woking 16-9-75-4W6,GP,Woking,Canadian Natural Resources Limited,100.0% - Canadian Natural Resources Limited,,55.48904,-118.54617,Gas Plant Sweet,16-09-075-04W6M
ABGP0090715,Active,Puskwa 03-03-072-26W5,GP,Puskwa,Canadian Natural Resources Limited,100.0% - Canadian Natural Resources Limited,2006-01-01,55.2,-117.91192,Gas Plant Sweet,03-03-072-26W5M
ABGP0090799,Active,Eaglesham Gp 01-25-76-01W6,GP,Eaglesham,Long Run Exploration Ltd.,100.0% - Long Run Exploration Ltd.,2006-01-01,55.60932,-118.00207,Gas Plant Acid Gas Flaring < 1 T/D Sulphur,01-25-076-01W6M
ABGP0090807,Abandoned,Prairie River Gas Plant,GP,Prairie River,Altagas Ltd.,100.0% - Altagas Ltd.,,55.24829,-116.63321,Gas Plant Sweet,06-24-072-18W5M
ABGP0090927,Active,Win Cowley 13-34-8-2W5 Plant,GP,Cowley,Tuktu Resources Ltd.,100.0% - Tuktu Resources Ltd.,2006-01-01,49.69655,-114.2004,Gas Plant Sweet,13-34-008-02W5M
ABGP0091427,Active,Peyto Nosehill 11-21-55-20 W5 Gas Pl,GP,Nosehill,Peyto Exploration & Development Corp.,100.0% - Peyto Exploration & Development Corp.,2006-01-01,53.76845,-116.91633,Gas Plant Sweet,11-21-055-20W5M
ABGP0091983,Active,Bnp Whitecourt Gas Plant 16-30,GP,Bnp Whitecourt,Outlier Resources Ltd.,100.0% - Outlier Resources Ltd.,2006-01-01,54.22448,-115.93208,Gas Plant Sweet,16-30-060-13W5M
ABGP0092557,Suspended,Corbett 10-03-61-07W5M Gas Plant,GP,Corbett,Veren Inc.,100.0% - Veren Inc.,2005-01-01,54.24787,-114.9605,Gas Plant Sweet,10-03-061-07W5M
ABGP0092867,Abandoned,Eog Halkirk 16-28-38-15W4 Gas Plant,GP,Halkirk,Karve Energy Inc.,100.0% - Karve Energy Inc.,2004-01-01,52.30199,-112.08093,Gas Plant Sweet,16-28-038-15W4M
ABGP0093212,Suspended,Imp West Pembina Acid Gas Inj,GP,Imp West Pembina Acid Gas Inj,Keyera Energy Ltd.,100.0% - Keyera Energy Ltd.,,53.25506,-115.55334,Gas Plant Acid Gas Injection,06-28-049-11W5M
ABGP0093223,Active,Ferintosh 9-16-43-21W4,GP,Ferintosh,Shackleton Exploration Ltd.,50.0% - Shackleton Exploration Ltd.; 50.0% - Taqa North Ltd.,2006-01-01,52.7076,-112.98074,Gas Plant Sweet,09-16-043-21W4M
ABGP0093277,Active,Willesden Green Gas Plant,GP,Faraway,Obsidian Energy Ltd.,90.0% - Obsidian Energy Ltd.; 10.0% - Taqa North Ltd.,2007-01-01,52.5944,-114.879,Gas Plant Sweet,14-01-042-07W5M
ABGP0093647,Suspended,Gibraltar Cutpick 2-21-60-8W6 Gp,GP,Cutpick,Gibraltar Exploration Ltd.,100.0% - Veren Inc.,2007-01-01,54.19665,-119.13656,Gas Plant Sweet,02-21-060-08W6M
ABGP0094071,Suspended,Jupiter Gas Plant 4-36-58-24W5,GP,Berland West,Repsol Oil & Gas Canada Inc.,100.0% - Peyto Exploration & Development Corp.,2007-01-01,54.05268,-117.43994,Gas Plant Sweet,04-36-058-24W5M
ABGP0094290,Suspended,Choice 4-5-041-09W4 Gas Plant,GP,Choice,Sanling Energy Ltd.,100.0% - Sanling Energy Ltd.,,52.49305,-111.27308,Gas Plant Sweet,04-05-041-09W4M
ABGP0094322,Active,Bashaw 12-32-41-20W4 Gas Plant,GP,Bashaw,Long Run Exploration Ltd.,100.0% - Long Run Exploration Ltd.,2007-01-01,52.5746,-112.855,Gas Plant Sweet,12-32-041-20W4M
ABGP0094379,Active,Jupiter Kakwa 01-35-060-05W6 Gp,GP,Kakwa,Tourmaline Oil Corp.,50.0% - Jupiter Resources Inc.; 50.0% - Tourmaline Oil Corp.,2006-01-01,54.22519,-118.62902,Gas Plant Sweet,01-35-060-05W6M
ABGP0094382,Active,7G Lator 01-21-63-02W6 Gas Plant,GP,Scp Lator# 1,Arc Resources Ltd.,100.0% - Arc Resources Ltd.,,54.45889,-118.23162,Gas Plant Sweet,01-21-063-02W6M
ABGP0094954,Active,Resthaven 8-11-60-3W6 Gp,GP,Resthaven Deep Cut Plant,Pembina Gas Infrastructure Inc.,15.0% - Conocophillips Canada Limited; 10.0% - Paramount Resources Ltd.; 5.0% - Canadian Natural Resources Limited; 70.0% - Pembina Gas Services Ltd.,2006-01-01,54.17119,-118.32915,Gas Plant Sweet,08-11-060-03W6M
ABGP0094957,Suspended,Encana Resthaven 7-11-60-3W6 Gp,GP,Resthaven,Tourmaline Oil Corp.,100.0% - Tourmaline Oil Corp.,2005-01-01,54.17123,-118.3345,Gas Plant Sweet,07-11-060-03W6M
ABGP0095425,Suspended,Angle Edson 10-28 Gas Plant,GP,Edson,Tourmaline Oil Corp.,100.0% - Tourmaline Oil Corp.,2007-01-01,53.60818,-116.29352,Gas Plant Sweet,10-28-053-16W5M
ABGP0095721,Active,Gem Gas Plant,GP,Gem,Torxen Energy Ltd.,100.0% - Torxen Energy Ltd.,,50.9791,-112.239,Gas Plant Sweet,16-24-023-17W4M
ABGP0095741,Active,Velvet Edson 12-15-53-15W5 Gas Plant,GP,Edson,Westbrick Energy Ltd.,100.0% - Westbrick Energy Ltd.,2009-01-01,53.5795,-116.138,Gas Plant Sweet,12-15-053-15W5M
ABGP0095750,Active,Bow Island 6-26-11-11W4,GP,Bow Island,Canadian Natural Resources Limited,100.0% - Canadian Natural Resources Limited,1996-01-01,49.93602,-111.40499,Gas Plant Acid Gas Flaring < 1 T/D Sulphur,06-26-011-11W4M
ABGP0096078,Suspended,Altagas Acme,GP,Acme,Altagas Ltd.,100.0% - Ember Resources Inc.,,51.47297,-113.64036,Gas Plant Sweet,16-07-029-26W4M
ABGP0096335,Active,Duvernay Sundance Gas Plant 15-7,GP,Sundance,Tourmaline Oil Corp.,100.0% - Tourmaline Oil Corp.,2006-01-01,53.6538,-117.082,Gas Plant Sweet,15-07-054-21W5M
ABGP0096366,Suspended,Pine Creek 13-9-55-18W5 Gas Plant,GP,Pine Creek,Long Run Exploration Ltd.,100.0% - Long Run Exploration Ltd.,,53.74177,-116.62303,Gas Plant Acid Gas Flaring > 1 T/D Sulphur,13-09-055-18W5M
ABGP0096897,Suspended,Marten Hills 1-26-73-1 W5 Gas Plant,GP,Marten Hills,Spoke Resources Ltd.,100.0% - Spoke Resources Ltd.,2008-01-01,55.34744,-114.02959,Gas Plant Sweet,01-26-073-01W5M
ABGP0096963,Suspended,Sunnynook 13-24-26-12W4,GP,Sunnynook,Canadian Natural Resources Limited,100.0% - Canadian Natural Resources Limited,,51.23947,-111.56216,Gas Plant Sweet,13-24-026-12W4M
ABGP0097389,Active,Trilogy Smoky River 06-16 Gpl,GP,Smoky River,Veren Inc.,100.0% - Veren Inc.,,54.53652,-117.11484,Gas Plant Sweet,06-16-064-21W5M
ABGP0097445,Active,Duvernay Oldman Gas Plant 10-24,GP,Oldman,Tourmaline Oil Corp.,100.0% - Tourmaline Oil Corp.,2006-01-01,53.8556,-116.98366,Gas Plant Sweet,10-24-056-21W5M
ABGP0097476,Active,Bonavista Chinchaga 08-25,GP,Chinchaga,Direct Oil & Gas Inc.,100.0% - Direct Oil & Gas Inc.,2008-01-01,57.35722,-119.46699,Gas Plant Sweet,08-25-096-10W6M
ABGP0097699,Suspended,Galloway 9-34-53-20W5 Gasplant,GP,Galloway,Peyto Exploration & Development Corp.,89.0% - Peyto Exploration & Development Corp.; 11.0% - Sinopec Canada Energy Ltd.,2007-01-01,53.62174,-116.85377,Gas Plant Sweet,09-34-053-20W5M
ABGP0098003,Abandoned,Husky 09-30 Abgp,GP,Callihoo,Cenovus Energy Inc.,100.0% - Cenovus Energy Inc.,2003-01-01,53.69523,-113.96478,Gas Plant Sweet,09-30-054-27W4M
ABGP0098419,New,Golden Rod 6-22-41-26W4,GP,Golden Rod,Goldenrod Resources Inc.,100.0% - Goldenrod Resources Inc.,,52.5426,-113.665,Gas Plant Sweet,06-22-041-26W4M
ABGP0098480,Suspended,Keyera Willesden 5-14 Refridge Plant,GP,Willesden Green,Keyera Energy Ltd.,100.0% - Keyera Energy Ltd.,,52.35375,-114.62299,Gas Plant Sweet,05-14-039-05W5M
ABGP0098678,Suspended,Boundary Lake Central 10-19 Gp,GP,Boundry Hill,Enercapita Energy Ltd.,100.0% - Enercapita Energy Ltd.,2008-01-01,56.47408,-119.7221,Gas Plant Acid Gas Flaring < 1 T/D Sulphur,10-19-086-11W6M
ABGP0098890,Suspended,Vero Pine Creek 16-23-54-17W5 Gp,GP,Pine Creek,Westbrick Energy Ltd.,100.0% - Westbrick Energy Ltd.,,53.68323,-116.39022,Gas Plant Sweet,16-23-054-17W5M
ABGP0099099,Suspended,Endev Eyemore,GP,Eyemore,Houston Oil & Gas Ltd.,100.0% - Houston Oil & Gas Ltd.,1995-01-01,50.49987,-112.45493,Gas Plant Sweet,04-08-018-18W4M
ABGP0099238,Abandoned,Battle 1-24-45-8 W4,GP,Battle River,Cleo Energy Corp.,100.0% - Cleo Energy Corp.,,52.88733,-111.0207,Gas Plant Sweet,01-24-045-08W4M
ABGP0099610,Active,Bindloss North Gas Plant,GP,Bindloss North,Taqa North Ltd.,87.0% - Taqa North Ltd.; 2.1% - Obsidian Energy Ltd.; 7.7% - Sabre Energy Ltd.; 1.8% - Signalta Resources Limited; 1.3% - 868218 Alberta Ltd.,,50.90203,-110.4808,Gas Plant Sweet,11-27-022-04W4M
ABGP0099613,Active,Bindloss South Gas Plant,GP,Bindloss South,Taqa North Ltd.,87.0% - Taqa North Ltd.; 2.1% - Obsidian Energy Ltd.; 7.7% - Sabre Energy Ltd.; 1.3% - 868218 Alberta Ltd.; 1.8% - Signalta Resources Limited,1957-01-01,50.88731,-110.38618,Gas Plant Sweet,11-20-022-03W4M
ABGP0101007,Active,Bonavista Kipp 5-33 Gas Plant,GP,Kipp,Tamarack Valley Energy Ltd.,100.0% - Tamarack Valley Energy Ltd.,1997-01-01,49.69011,-112.93608,Gas Plant Sweet,05-33-008-22W4M
ABGP0102810,Suspended,Eca Wildon Gp 9-29-055-16W4,GP,Willingdon,Sequoia Resources Corp.,100.0% - Sequoia Resources Corp.,2004-01-01,53.78254,-112.33503,Gas Plant Sweet,09-29-055-16W4M
ABGP0103480,Active,Mbog Sawn Lake 12-29-91-12W5 Gp,GP,Sawn Lake,Surge Energy Inc.,100.0% - Surge Energy Inc.,,56.92526,-115.90281,Gas Plant Acid Gas Flaring < 1 T/D Sulphur,12-29-091-12W5M
ABGP0104350,Active,Pennwest Esther,GP,Esther,Obsidian Energy Ltd.,100.0% - Obsidian Energy Ltd.,,51.76393,-110.1452,Gas Plant Sweet,13-19-032-01W4M
ABGP0104557,Active,Sounding Lake 12-30 Gas Plant,GP,Sounding Lake,Surge Energy Inc.,100.0% - Surge Energy Inc.,2009-01-01,52.1232,-110.574,Gas Plant Acid Gas Flaring < 1 T/D Sulphur,12-30-036-04W4M
ABGP0105487,Abandoned,Pennwest Sousa,GP,Sousa,Obsidian Energy Ltd.,100.0% - Obsidian Energy Ltd.,,58.68328,-118.66927,Gas Plant Sweet,11-31-111-04W6M
ABGP0105488,Suspended,Pennwest Haro,GP,Haro,Obsidian Energy Ltd.,100.0% - Obsidian Energy Ltd.,1978-01-01,58.07427,-118.76321,Gas Plant Sweet,11-33-104-05W6M
ABGP0105489,Abandoned,Pennwest Lennard,GP,Lennard,Obsidian Energy Ltd.,100.0% - Obsidian Energy Ltd.,,58.30457,-118.88768,Gas Plant Sweet,12-23-107-06W6M
ABGP0106663,Active,Pcs 03-22-078-12W6 Gp Abgp 0106663,GP,Pouce Coupe,Birchcliff Energy Ltd.,100.0% - Birchcliff Energy Ltd.,,55.7686,-119.775,Gas Plant Acid Gas Injection,03-22-078-12W6M
ABGP0106720,Active,Harmattan Fractionation,GP,Harmattan Fractionation,Altagas Ltd.,100.0% - Altagas Ltd.,,51.68925,-114.47925,Gas Plant Fractionation,09-27-031-04W5M
ABGP0106875,Active,981384 Wimborne 11-21-33-27W4 Gp,GP,Wimborne,Ember Resources Inc.,100.0% - Ember Resources Inc.,,51.84609,-113.77349,Gas Plant Sweet,11-21-033-27W4M
ABGP0107835,Active,Aav Glacier 05-02-076-12W6 Gp,GP,Glacier,Advantage Energy Ltd.,100.0% - Advantage Energy Ltd.,2009-01-01,55.55405,-119.7554,Gas Plant Acid Gas Injection,05-02-076-12W6M
ABGP0110241,Abandoned,Altagas Acadia West Gas Plant,GP,Acadia West,Altagas Ltd.,100.0% - Altagas Ltd.,,51.21324,-110.34114,Gas Plant Sweet,02-15-026-03W4M
ABGP0110251,Suspended,Celtic Utikuma Gp 13-15-81-09W5,GP,Utikuma,Whitecap Resources Inc.,100.0% - Blue Sky Resources Ltd.,,56.02571,-115.3266,Gas Plant Sweet,13-15-081-09W5M
ABGP0110804,Active,Blackpearl Mooney Gas Plant,GP,Mooney,Ipc Canada Ltd.,100.0% - Ipc Canada Ltd.,2005-01-01,55.2344,-115.069,Gas Plant Acid Gas Flaring < 1 T/D Sulphur,06-18-072-07W5M
ABGP0110886,Suspended,Darwin 16-28-94-18 Gp,GP,Darwin,Baytex Energy Ltd.,26.6% - Baytex Energy Ltd.; 73.4% - Perpetual Energy Inc.,1997-01-01,57.19105,-116.82023,Gas Plant Sweet,16-28-094-18W5M
ABGP0111570,Active,Tourmaline Hinton 06-32 Gas Plant,GP,Hinton,Tourmaline Oil Corp.,100.0% - Tourmaline Oil Corp.,,53.443,-117.655,Gas Plant Sweet,06-32-051-25W5M
ABGP0112787,Abandoned,Twin Butte Viking Gp 16-01-48-13W4,GP,Viking,West Lake Energy Corp.,100.0% - Caltex Trilogy Inc.,2003-01-01,53.1143,-111.765,Gas Plant Sweet,16-01-048-13W4M
ABGP0113730,Active,South Brintnell 13-01-81-23W4,GP,South Britnell,Canadian Natural Resources Limited,100.0% - Canadian Natural Resources Limited,,55.99588,-113.47423,Gas Plant Sweet,13-01-081-23W4M
ABGP0113988,Suspended,Hillsdown Lp Gas Gathering System,GP,Hillsdown,Canadian Natural Resources Limited,100.0% - Canadian Natural Resources Limited,,52.15626,-113.5242,Gas Plant Sweet,13-04-037-25W4M
ABGP0113989,Suspended,14-04 Scada Meter Ggs,GP,Scada Meter Ggs,Canadian Natural Resources Limited,100.0% - Canadian Natural Resources Limited,,52.15626,-113.5242,Gas Plant Sweet,13-04-037-25W4M
ABGP0114466,Suspended,Brantfarrow 14-05-019-24W4 Gas Plant,GP,Brantfarrow,Taqa North Ltd.,68.0% - Taqa North Ltd.; 32.0% - Coastal Resources Limited,1999-01-01,50.58371,-113.29502,Gas Plant Sweet,14-05-019-24W4M
ABGP0115041,New,Hamburg 4-30-94-12W6,GP,Hamburg 04-30,Canadian Natural Resources Limited,100.0% - Canadian Natural Resources Limited,,57.18018,-119.92726,Gas Plant Sweet,04-30-094-12W6M
ABGP0115356,Active,Banshee 15-12 Gas Plant,GP,Banshee,Tourmaline Oil Corp.,100.0% - Tourmaline Oil Corp.,2011-01-01,53.30744,-116.93589,Gas Plant Sweet,15-12-050-21W5M
ABGP0115599,Active,Cypress 4-29-14-10W4,GP,Cypress,Canadian Natural Resources Limited,100.0% - Canadian Natural Resources Limited,1994-01-01,50.19674,-111.34448,Gas Plant Acid Gas Flaring < 1 T/D Sulphur,04-29-014-10W4M
ABGP0115771,Active,Marlboro 05-29 Gas Plant,GP,Marlboro,Tourmaline Oil Corp.,41.4% - Bonavista Energy Corporation; 18.6% - Sinopec Canada Energy Ltd.; 40.0% - Tidewater Resources Inc.,,53.7775,-116.79722,Gas Plant Sweet,05-29-055-19W5M
ABGP0116752,Suspended,Angle Rosevear 07-20-053-15W5 Plant,GP,Rosevear,Tourmaline Oil Corp.,100.0% - Tourmaline Oil Corp.,2011-01-01,53.59073,-116.17181,Gas Plant Sweet,07-20-053-15W5M
ABGP0117576,Suspended,Pouce Coupe,GP,Pouce Coupe,Altagas Ltd.,100.0% - Altagas Ltd.,,55.98618,-119.94748,Gas Plant Acid Gas Injection,03-03-081-13W6M
ABGP0117818,Active,Anderson Gp 00/01-09-051-24W5M,GP,Anderson,Tourmaline Oil Corp.,100.0% - Tourmaline Oil Corp.,,53.3845,-117.468,Gas Plant Sweet,01-09-051-24W5M
ABGP0118855,Active,Pgs Kakwa River 08-13,GP,Kakwa River,Pembina Gas Infrastructure Inc.,100.0% - Pembina Gas Services Ltd.,2012-01-01,54.44821,-118.60607,Gas Plant Sweet,08-13-063-05W6M
ABGP0119271,Active,Musreau Gp 02/08-13-062-06W6M,GP,Musreau,Tourmaline Oil Corp.,100.0% - Tourmaline Oil Corp.,2010-01-01,54.36188,-118.75599,Gas Plant Sweet,08-13-062-06W6M
ABGP0119546,Active,Wmar 10-02-077-05W5 Gas Plant,GP,Marten Creek,Tamarack Valley Energy Ltd.,100.0% - Tamarack Valley Energy Ltd.,1995-01-01,55.6437,-114.659,Gas Plant Sweet,10-02-077-05W5M
ABGP0119547,Suspended,Hoole,GP,Hoole,Tidewater Midstream And Infrastructure Ltd.,100.0% - Tidewater Midstream And Infrastructure Ltd.,,55.98225,-113.76648,Gas Plant Sweet,16-36-080-25W4M
ABGP0119690,Suspended,Hoole S 16-36-080-25W4 Gas Plant,GP,Hoole,Tidewater Midstream And Infrastructure Ltd.,100.0% - Tidewater Midstream And Infrastructure Ltd.,,55.98225,-113.76648,Gas Plant Acid Gas Flaring < 1 T/D Sulphur,16-36-080-25W4M
ABGP0119722,Abandoned,12-25-062-04W5 Gas Plant,GP,Vega,Blue Sky Resources Ltd.,100.0% - Blue Sky Resources Ltd.,,54.39274,-114.4759,Gas Plant Sweet,12-25-062-04W5M
ABGP0119754,Active,Cross Alta Gas Plant,GP,Cross Alta,Transcanada Energy Ltd.,100.0% - Transcanada Energy Ltd.,1993-01-01,51.40012,-114.0313,Gas Plant Sweet,15-14-028-01W5M
ABGP0119968,Active,Pennwest Countess,GP,Rosemary,Cardinal Energy Ltd.,100.0% - Cardinal Energy Ltd.,1996-01-01,50.8668,-112.213,Gas Plant Acid Gas Flaring < 1 T/D Sulphur,03-18-022-16W4M
ABGP0119984,Abandoned,Botha 7-16-98-5W6,GP,Botha,Canadian Natural Resources Limited,89.5% - Canadian Natural Resources Limited; 10.5% - Obsidian Energy Ltd.,1994-01-01,57.50165,-118.74042,Gas Plant Acid Gas Flaring < 1 T/D Sulphur,07-16-098-05W6M
ABGP0120344,Active,10-7 Gas Processing Plant,GP,Ante Creek North,Arc Resources Ltd.,100.0% - Arc Resources Ltd.,2012-01-01,54.78669,-117.64872,Gas Plant Sweet,10-07-067-24W5M
ABGP0120365,Active,Sturgeon Lake Gas Plant,GP,Ante Creek,Arc Resources Ltd.,100.0% - Arc Resources Ltd.,,54.9104,-117.69411,Gas Plant Acid Gas Flaring < 1 T/D Sulphur,02-26-068-25W5M
ABGP0121326,Active,Open Range Ansell 12-31 Gas Plant,GP,Swanson,Peyto Exploration & Development Corp.,100.0% - Peyto Exploration & Development Corp.,2012-01-01,53.62197,-116.79682,Gas Plant Sweet,12-31-053-19W5M
ABGP0121540,Abandoned,Altagas Rainbow Lake Gas Plant,GP,Rainbow Lake,Altagas Ltd.,100.0% - Altagas Ltd.,,58.56542,-119.19865,Gas Plant Acid Gas Flaring < 1 T/D Sulphur,12-24-110-08W6M
ABGP0122937,Suspended,Tervita Granada Frac Plant,GP,Granada,Secure Energy Services Inc.,100.0% - Secure Energy Services Inc.,2013-01-01,53.48494,-115.60884,Gas Plant Fractionation,02-18-052-11W5M
ABGP0123090,Active,Gordondale Gas Plant,GP,Gordondale,Birchcliff Energy Ltd.,100.0% - Altagas Ltd.,2012-01-01,55.80851,-119.68319,Gas Plant Acid Gas Injection,16-31-078-11W6M
ABGP0126279,Active,Saturn Gas Plant,GP,Saturn,Pembina Gas Infrastructure Inc.,100.0% - Pembina Gas Services Ltd.,2013-01-01,53.97288,-117.29126,Gas Plant Sweet,12-36-057-23W5M
ABGP0126524,Active,Lookout Butte 04-13,GP,Lookout Butte,Loyal Energy (Canada) Operating Ltd.,100.0% - Loyal Energy (Canada) Operating Ltd.,1963-01-01,49.1192,-113.761,Gas Plant Acid Gas Flaring > 1 T/D Sulphur,04-13-002-29W4M
ABGP0127090,Active,Ramparts 05-17-57-21W4 Gp,GP,Ramparts,Long Run Exploration Ltd.,,,53.92622,-113.09634,Gas Plant Sweet,05-17-057-21W4M
ABGP0128196,Active,Haro #1,GP,Haro # 1,Sanling Energy Ltd.,100.0% - Sanling Energy Ltd.,1970-01-01,58.05973,-118.2853,Gas Plant Sweet,10-29-104-02W6M
ABGP0128197,Suspended,Haro #3,GP,Haro # 3,Tallahassee Exploration Inc.,100.0% - Tallahassee Exploration Inc.,1980-01-01,58.2341,-118.782,Gas Plant Sweet,10-29-106-05W6M
ABGP0128198,Suspended,Haro #4,GP,Haro # 4,Sanling Energy Ltd.,,,57.97168,-118.58443,Gas Plant Sweet,09-28-103-04W6M
ABGP0129178,Active,Peyto Brazeau 06-12-044-13W5 Gas,GP,Brazeau,Peyto Exploration & Development Corp.,100.0% - Peyto Exploration & Development Corp.,2013-01-01,52.77694,-115.75694,Gas Plant Sweet,06-12-044-13W5M
ABGP0129179,Active,Peyto Oldman North 3/14-17-55-21W5Gp,GP,Oldman North,Peyto Exploration & Development Corp.,,,53.75632,-117.09044,Gas Plant Sweet,14-17-055-21W5M
ABGP0129279,Active,Ansell 01-34 Gas Plant,GP,Peoc Ansell,Tourmaline Oil Corp.,100.0% - Tourmaline Oil Corp.,2012-01-01,53.43991,-116.55842,Gas Plant Sweet,01-34-051-18W5M
ABGP0130963,Suspended,Kaybob 15-07 Gas Plant,GP,Kaybob,Whitecap Resources Inc.,,,54.18048,-116.68674,Gas Plant Acid Gas Flaring > 1 T/D Sulphur,15-07-060-18W5M
ABGP0130964,Active,Kaybob 15-07 Gas Plant,GP,Kaybob,Whitecap Resources Inc.,,,54.18048,-116.68674,Gas Plant Acid Gas Flaring > 1 T/D Sulphur,15-07-060-18W5M
ABGP0131384,Suspended,Cenovus Lake Newell 04-22 Gas Plant,GP,Lake Newell,Torxen Energy Ltd.,100.0% - Torxen Energy Ltd.,,50.4416,-111.85952,Gas Plant Acid Gas Flaring < 1 T/D Sulphur,04-22-017-14W4M
ABGP0131712,Active,Iberdrola 15-27 Gas Plant,GP,Iberdrola,Atco Next Energy Ltd.,,,53.69935,-115.97648,Gas Plant Sweet,15-27-054-14W5M
ABGP0132407,Active,Kaybob 5-31 Gas Plant,GP,Kaybob,Kiwetinohk Energy Corp.,,,54.4036,-117.59609,Gas Plant Sweet,05-31-062-24W5M
ABGP0133259,Active,Pcc Simonette 15-31-62-21W5 Gp,GP,Kaybob,Petrochina Duvernay Gas Partnership,,,54.41225,-117.13584,Gas Plant Sweet,15-31-062-21W5M
ABGP0134386,Active,Steen River 9-17 Acid Gas Inj Plant,GP,Steen River,Tallahassee Exploration Inc.,100.0% - Tallahassee Exploration Inc.,1999-01-01,59.59931,-117.39953,Gas Plant Acid Gas Injection,09-17-122-20W5M
ABGP0134471,Active,Spartan Alexander Gas Plant,GP,Alexander,Vermilion Energy Inc.,,,53.8187,-113.86,Gas Plant Acid Gas Flaring < 1 T/D Sulphur,03-07-056-26W4M
ABGP0134628,Active,Musreau Ii  9-26-62-6W6,GP,Musreau,Pembina Gas Infrastructure Inc.,100.0% - Pembina Gas Services Ltd.,2014-01-01,54.39283,-118.77735,Gas Plant Sweet,09-26-062-06W6M
ABGP0134673,Active,Spartan Gold Creek 03-26-069-05W6,GP,Inception,Veren Inc.,,,54.9989,-118.654,Gas Plant Acid Gas Flaring < 1 T/D Sulphur,03-26-069-05W6M
ABGP0134834,Suspended,Bistcho Lake 6-32 Acid Gas Injection,GP,Bistcho Lake,Tallahassee Exploration Inc.,,,59.64067,-118.30659,Gas Plant Acid Gas Injection,06-32-122-02W6M
ABGP0135009,Active,06-01-077-21W5 Donnelly,GP,Girouxville,Long Run Exploration Ltd.,100.0% - Long Run Exploration Ltd.,2005-01-01,55.6411,-117.121,Gas Plant Acid Gas Injection,06-01-077-21W5M
ABGP0135330,Active,Exshaw 03-10-077-07W6 Gas Plant,GP,Exshaw,Tourmaline Oil Corp.,100.0% - Tourmaline Oil Corp.,2014-01-01,55.6523,-118.99925,Gas Plant Acid Gas Flaring > 1 T/D Sulphur,03-10-077-07W6M
ABGP0135716,Active,Bilbo-04-25-065-07 W6M,GP,Bilbo,Harvest Operations Corp.,100.0% - Harvest Operations Corp.,2015-01-01,54.64899,-118.92841,Gas Plant Sweet,04-25-065-07W6M
ABGP0135948,Active,Lre Edson 00/06-16-054-18W5 Gp,GP,Alliance,Long Run Exploration Ltd.,100.0% - Long Run Exploration Ltd.,,53.66257,-116.59721,Gas Plant Sweet,06-16-054-18W5M
ABGP0136119,Active,Smith West 09-01-071-02W5,GP,Smith West,Canadian Natural Resources Limited,100.0% - Canadian Natural Resources Limited,,55.12261,-114.15791,Gas Plant Sweet,09-01-071-02W5M
ABGP0137047,Active,Spartan Alderflats 10-09-045-08W5,GP,Bellatrix 10-09,Spartan Delta Corp.,60.0% - Spartan Delta Corp.; 35.0% - Keyera Energy Ltd.,2015-01-01,52.86789,-115.09976,Gas Plant Sweet,10-09-045-08W5M
ABGP0137118,Active,Interpipeline Rof Facility,GP,Rof,Pembina Pipeline,,,53.81304,-113.12938,Gas Plant Fractionation,09-01-056-22W4M
ABGP0137513,Active,Sylvan Lake 6-20 Gas Plant,GP,Sylvan Lake,Parallax Energy Operating Inc.,100.0% - Parallax Energy Operating Inc.,,52.19469,-114.11034,Gas Plant Sweet,06-20-037-01W5M
ABGP0137899,Active,Saturn 2 Gas Plant,GP,Saturn 2,Pembina Gas Infrastructure Inc.,100.0% - Pembina Gas Services Ltd.,,53.97288,-117.29126,Gas Plant Sweet,12-36-057-23W5M
ABGP0137978,Active,Perpetual W Wolf 10-3-52-17W5,GP,West Wolf,Tourmaline Oil Corp.,100.0% - Tourmaline Oil Corp.,2015-01-01,53.46238,-116.41562,Gas Plant Sweet,10-03-052-17W5M
ABGP0138158,Active,Cenovus Alderson,GP,Alderson,Torxen Energy Ltd.,100.0% - Torxen Energy Ltd.,1979-01-01,50.31663,-111.96773,Gas Plant Acid Gas Flaring < 1 T/D Sulphur,06-02-016-15W4M
ABGP0138191,Active,Swr Windfall Gp 14-24-59-16 W5,GP,Windfall,Outlier Resources Ltd.,100.0% - Outlier Resources Ltd.,2015-01-01,54.12238,-116.26627,Gas Plant Sweet,14-24-059-16W5M
ABGP0138443,Active,Zeta Creek 11-10-49-12W5 Gas Plant,GP,Zeta Creek,Mancal Energy Inc.,,,53.21601,-115.67474,Gas Plant Sweet,11-10-049-12W5M
ABGP0138789,Active,Bonterra 11-17 Sweet Gas Plant,GP,Bonterra Sweet Gas,Bonterra Energy Corp.,,,53.2306,-114.553,Gas Plant Sweet,11-17-049-04W5M
ABGP0138811,Active,7G Lator#2  2/1-21-63-2W6 Gp,GP,7G Lator # 2,Arc Resources Ltd.,100.0% - Arc Resources Ltd.,2015-01-01,54.4587,-118.22935,Gas Plant Sweet,01-21-063-02W6M
ABGP0138891,Active,Ansell 12-31 Gas Plant,GP,Ansell 12-31,Tourmaline Oil Corp.,100.0% - Tourmaline Oil Corp.,2014-01-01,53.36006,-116.48447,Gas Plant Sweet,12-31-050-17W5M
ABGP0139140,Suspended,Ferrier 02-25-038-09W5 Gas Plant,GP,Ferrier,Petrus Resources Corp.,,,52.29114,-115.15197,Gas Plant Fractionation,02-25-038-09W5M
ABGP0139294,Active,Ferrier 02-25-038-9W500 Gp,GP,Ferrier,Petrus Resources Corp.,,,52.29065,-115.153,Gas Plant Sweet,02-25-038-09W5M
ABGP0139501,Active,Tourmaline Edson 04-17 Gas Plant,GP,Edson,Tourmaline Oil Corp.,,,53.39789,-116.62816,Gas Plant Sweet,04-17-051-18W5M
ABGP0140036,Active,Kanata Simonette 13-11 Gas Plant,GP,Simonette,Csv Simonette Corp.,,,54.35542,-117.94996,Gas Plant Sweet,13-11-062-27W5M
ABGP0140178,Active,Elmworth Lng Phase 1,GP,Elmworth,Cryopeak Energy Solutions Corporation,,,55.04353,-119.63279,Gas Plant Sweet,08-08-070-11W6M
ABGP0140267,Active,7G Cutbank 10-10-065-05W6,GP,7G Cutbank,Arc Resources Ltd.,,2016-01-01,54.61256,-118.66433,Gas Plant Sweet,10-10-065-05W6M
ABGP0140277,Active,Pembina Infra. & Logistics Lp Frac 2,GP,Pembina Infa,Pembina Pipeline,,,53.81304,-113.12938,Gas Plant Fractionation,09-01-056-22W4M
ABGP0140439,Active,Simonette 10-29 Gas Plant,GP,Simonette,Kiwetinohk Energy Corp.,,,54.48136,-117.44042,Gas Plant Sweet,10-29-063-23W5M
ABGP0140643,Active,Patterson Creek Gas Plt 11-21-66-3W6,GP,Patterson Creek,Pembina Gas Infrastructure Inc.,100.0% - Pgi Processing Ulc,2016-01-01,54.72934,-118.3932,Gas Plant Sweet,11-21-066-03W6M
ABGP0140842,Active,Columbia 15-36-044-15W5 Gas Plant,GP,Columbia,Tourmaline Oil Corp.,,,52.83987,-116.03868,Gas Plant Sweet,15-36-044-15W5M
ABGP0140979,Active,Modern Kakwa 7-9-62-8W6 Gas Plant,GP,Modern Route,Tourmaline Oil Corp.,,,54.348,-119.13318,Gas Plant Sweet,07-09-062-08W6M
ABGP0142406,Active,Orlen Ferrier 04-13-039-09W5 Gp,GP,Ferrier,Orlen Upstream Canada Ltd.,,,52.3515,-115.17387,Gas Plant Sweet,04-13-039-09W5M
ABGP0142505,Active,Musreau Deep Cut,GP,Musreau Deep Cut,Pembina Gas Infrastructure Inc.,100.0% - Pembina Gas Services Ltd.,2011-01-01,54.38744,-118.77101,Gas Plant Sweet,04-25-062-06W6M
ABGP0143117,Active,Viking 11-16-48-13W4,GP,Viking,Enercapita Energy Ltd.,,,53.14284,-111.84764,Gas Plant Sweet,11-16-048-13W4M
ABGP0143189,Active,Fseep 02-03-055-22W4 Gas Plant,GP,Fseep 02 -03,Tidewater Midstream And Infrastructure Ltd.,,,53.71687,-113.18397,Gas Plant Sweet,02-03-055-22W4M
ABGP0143633,Active,Pembina Infra. & Logistics Lp Frac 3,GP,Pembina Infa & Logistics Frac 3,Pembina Pipeline,,,53.81304,-113.12938,Gas Plant Fractionation,09-01-056-22W4M
ABGP0144505,Active,Orlen Kakwa 16-07-063-05W6 Gas Plant,GP,Kakwa,Orlen Upstream Canada Ltd.,,,54.44324,-118.73649,Gas Plant Acid Gas Flaring < 1 T/D Sulphur,16-07-063-05W6M
ABGP0144581,Suspended,Ae Gp 4/13-21-15-11W4,GP,,Torxen Energy Ltd.,,,50.28006,-111.46979,Gas Plant Acid Gas Flaring < 1 T/D Sulphur,13-21-015-11W4M
ABGP0145129,Active,Duvernay Kaybob Complex,GP,,Pembina Gas Infrastructure Inc.,,,54.39815,-116.94402,Gas Plant Sweet,14-28-062-20W5M
ABGP0145222,Active,Modern Cutpick 1-24-60-8W6 Gas Plant,GP,,Tourmaline Oil Corp.,,,54.19831,-119.05332,Gas Plant Sweet,01-24-060-08W6M
ABGP0145469,Active,Mbog Red Earth 2-23 Gas Plant,GP,,Surge Energy Inc.,,,56.6411,-115.155,Gas Plant Acid Gas Flaring < 1 T/D Sulphur,02-23-088-08W5M
ABGP0146250,Active,Lake Newell Gas Plant 4-22-17-14W4,GP,,Torxen Energy Ltd.,,,50.4416,-111.85952,Gas Plant Sweet,04-22-017-14W4M
ABGP0147725,Suspended,Harmattan Co-Stream Straddle Plant,GP,,Altagas Ltd.,,,51.68925,-114.47925,Gas Plant Mainline Straddle,09-27-031-04W5M
ABGP0147748,Active,Peyto Canada Aurora 11-13-43-13W5 Gp,GP,,Peyto Canada Corp.,,,52.70885,-115.76034,Gas Plant Sweet,11-13-043-13W5M
ABGP0148152,Active,Resthaven 3-16 Gas Plant,GP,,Tourmaline Oil Corp.,,,54.18319,-118.24083,Gas Plant Sweet,03-16-060-02W6M
ABGP0148981,Active,Gold Creek,GP,,Arc Resources Ltd.,,,54.81535,-118.64759,Gas Plant Sweet,10-23-067-05W6M
ABGP0149002,Active,Delphi 02/07-11-60-23W5 Gas Plant,GP,,Kiwetinohk Energy Corp.,,,54.1731,-117.33399,Gas Plant Acid Gas Flaring > 1 T/D Sulphur,07-11-060-23W5M
ABGP0149088,Active,Harmon V 03-18-084-17W5 Gp,GP,,Baytex Energy Ltd.,,,56.27704,-116.68048,Gas Plant Acid Gas Flaring < 1 T/D Sulphur,03-18-084-17W5M
ABGP0150177,Active,Malmo 10-29-043-22W4,GP,,Canadian Natural Resources Limited,,,52.73615,-113.15801,Gas Plant Acid Gas Flaring < 1 T/D Sulphur,10-29-043-22W4M
ABGP0150355,Active,Keyera Wapiti Gas Plant,GP,,Keyera Energy Ltd.,,,54.80878,-119.05899,Gas Plant Acid Gas Injection,03-19-067-07W6M
ABGP0150386,Active,Keyera Pipestone 04-07 Gas Plant,GP,,Keyera Energy Ltd.,,,55.30315,-119.22776,Gas Plant Acid Gas Flaring < 1 T/D Sulphur,04-07-073-08W6M
ABGP0150704,Active,Wapiti Gas Plant,GP,,Pembina Gas Infrastructure Inc.,,,54.8415,-118.9509,Gas Plant Sulphur Recovery,07-35-067-07W6M
ABGP0151188,Active,Brc 04-31-048-12W5 Frac Plant,GP,,Tidewater Midstream And Infrastructure Ltd.,,,53.17952,-115.75348,Gas Plant Fractionation,04-31-048-12W5M
ABGP0152315,Active,Pipestone 12-35-070-09W6 Gas Plant,GP,,Altagas Ltd.,,,55.1064,-119.267,Gas Plant Acid Gas Injection,12-35-070-09W6M
ABGP0153429,Active,Duvernay Sweetening Plant,GP,,Pembina Gas Infrastructure Inc.,,,54.39788,-116.94144,Gas Plant Acid Gas Flaring < 1 T/D Sulphur,14-28-062-20W5M
ABGP0153753,Active,Tangle Creek Waskahigan Gas Plant,GP,,Hwn Energy Ltd.,,,54.5263,-117.477,Gas Plant Sweet,12-07-064-23W5M
ABGP0154540,Active,Hmgp Corser 06-20,GP,,Cenovus Energy Inc.,,,53.24139,-116.6007,Gas Plant Sweet,06-20-049-18W5M
ABGP0154913,Active,Ltam High River 12-31-016-28W4,GP,,Long Term Asset Management Inc.,,,50.39031,-113.84518,Gas Plant Sweet,12-31-016-28W4M
ABGP0155173,Suspended,Sunchild 00/01-04-044-11W5 Gas Plant,GP,,Taqa North Ltd.,,,52.75965,-115.52994,Gas Plant Sweet,01-04-044-11W5M
ABGP0155556,Active,Suncild 01-04-044-11W5 Gas Plant,GP,,Taqa North Ltd.,,,52.75965,-115.52994,Gas Plant Sweet,01-04-044-11W5M
ABGP0156241,Suspended,Csv Karr Gas Plant,GP,,Csv Midstream Solutions Corp.,,,54.71074,-118.59496,Gas Plant Sweet,06-18-066-04W6M
ABGP0156644,Active,Thor Knappen 16-29 Plant,GP,,Thor Resources Inc.,,,49.06951,-111.43605,Gas Plant Sweet,16-29-001-11W4M
ABGP0156929,Active,Brc 04-31-048-12W5 Gas Plant #4,GP,,Tidewater Midstream And Infrastructure Ltd.,,,53.17965,-115.75362,Gas Plant Sweet,04-31-048-12W5M
ABGP0157262,Active,Alexis 03-36-055-05 W5 Gp,GP,,Long Run Exploration Ltd.,,,53.79082,-114.61393,Gas Plant Sweet,03-36-055-05W5M
ABGP0157570,Active,Csv Karr Gas Plant,GP,,Csv Midstream Solutions Corp.,,,54.71098,-118.59769,Gas Plant Acid Gas Flaring > 1 T/D Sulphur,06-18-066-04W6M
ABGP0158090,Active,13-21-015-11W4 Sweet Plant,GP,,Torxen Energy Ltd.,,,50.28006,-111.46979,Gas Plant Sweet,13-21-015-11W4M
ABGP0158167,Active,Tei Delia 01-13-32-19W4,GP,,Tallahassee Exploration Inc.,,,51.739,-112.561,Gas Plant Sweet,01-13-032-19W4M
ABGP0158517,Active,Ante Creek 05-26-066-24W5 Gp,GP,,Journey Energy Inc.,,,54.7381,-117.527,Gas Plant Sweet,05-26-066-24W5M
ABGP0159328,Active,Mart 103/11-04-075-25W4 Gas Plant,GP,,Tamarack Valley Energy Ltd.,,,55.46878,-113.82708,Gas Plant Sweet,11-04-075-25W4M
ABGP0160678,Suspended,Expander 09-21-022-25W4 Gas Plant,GP,,Rocky Mountain Clean Fuels Inc.,,,50.88808,-113.39829,Gas Plant Sweet,09-21-022-25W4M
ABGP0160735,Active,East Crossfield Gas Plant,GP,,Taqa North Ltd.,,,51.39645,-114.02822,Gas Plant Acid Gas Injection,09-14-028-01W5M
ABGP0161844,Active,Bonterra 14-28-046-07W5 Gas Plant,GP,,Bonterra Energy Corp.,,,53.00218,-114.95907,Gas Plant Sweet,14-28-046-07W5M
ABGP0162257,Active,Peyto Chambers Gp 2-15-41-11W5,GP,,Peyto Exploration & Development Corp.,,,52.5237,-115.498,Gas Plant Sweet,02-15-041-11W5M
ABGP0162604,Active,Seol 01-07-020-25W400 Gas Plant,GP,,Seol Energy Inc.,,,50.6748,-113.44568,Gas Plant Sweet,01-07-020-25W4M
ABGP0163662,Active,Campbell Gas Plant 5-27-054-25W4,GP,,Maga Energy Ltd.,,,53.69237,-113.61375,Gas Plant Sweet,05-27-054-25W4M
ABGP0163748,Suspended,Acheson 12-02-053-26W4 Frac Plant,GP,,Tidewater Midstream And Infrastructure Ltd.,,,53.54871,-113.73559,Gas Plant Fractionation,12-02-053-26W4M
ABGP0164870,Active,Wolf Recovery Facility I,GP,,Wolf Ngl Inc.,,2023-02-01,55.97888,-111.97298,Gas Plant Mainline Straddle,10-33-080-13W4M
ABGP0164871,Suspended,Wolf Feedstock Separation,GP,,Wolf Ngl Inc.,,2023-02-01,53.82712,-113.12134,Gas Plant Fractionation,12-07-056-21W4M
ABGP0165073,Active,Txne Cassils 13-24-019-15W4 Gp,GP,,Torxen Energy Ltd.,,2023-03-01,50.62924,-111.96558,Gas Plant Sweet,13-24-019-15W4M
ABGP0165694,Active,Veresen Hythe - 11-18 Sweet Plant,GP,,Pembina Gas Infrastructure Inc.,,2023-05-01,55.4125,-119.83623,Gas Plant Sweet,11-18-074-12W6M
ABGP0165710,Active,Bantry 2-29-019-13W4M Gas Plant,GP,,Astara Energy Corp.,,2023-05-01,50.63339,-111.7697,Gas Plant Sulphur Recovery,02-29-019-13W4M
ABGP0165856,Active,14-28-073-07W6 Gas Plant,GP,,Tamarack Valley Energy Ltd.,,2023-05-01,55.3572,-119.018,Gas Plant Sweet,14-28-073-07W6M
ABGP0165948,Active,Marten Hills 15-29-73-24 Gp,GP,,Spur Petroleum Ltd.,,2023-06-01,55.3564,-113.659,Gas Plant Sweet,15-29-073-24W4M
ABGP0166849,Active,Weil Group 11-03,GP,,Weil Group Canada; Ltd.,,2023-09-01,49.96957,-110.47604,Gas Plant Sweet,11-03-012-04W4M
ABGP0166887,Active,Wcp Valhalla Gp 03-27-075-09W6,GP,,Whitecap Resources Inc.,,2023-10-01,55.52209,-119.30729,Gas Plant Acid Gas Flaring > 1 T/D Sulphur,03-27-075-09W6M
ABGP0167176,Active,Steveville 14-12-20-12 Helium Recov,GP,,Imperial Helium Corp.,,2023-10-01,50.6853,-111.545,Gas Plant Sweet,14-12-020-12W4M
ABGP0168285,Active,Ember Irricana 05-31-027-26W4,GP,,Ember Resources Inc.,,2024-03-01,51.34747,-113.66007,Gas Plant Sweet,05-31-027-26W4M
ABGP0168309,Active,Ember Nightingale 10-31-026-23W4,GP,,Ember Resources Inc.,,2024-03-01,51.26392,-113.19943,Gas Plant Sweet,10-31-026-23W4M
ABGP0168539,Active,Morinville 5-35-056-25W4 Gp,GP,,Bench Creek Resources Ltd.,,2024-04-01,53.88215,-113.61669,Gas Plant Sweet,05-35-056-25W4M
ABGP0168764,Active,Threehills/Ghosthills 11-16-031-23W4,GP,,Ember Resources Inc.,,2024-04-01,51.65908,-113.2085,Gas Plant Sweet,11-16-031-23W4M
ABGP0168803,Active,Pgs Kakwa River 08-13 Shallow Cut,GP,,Pembina Gas Infrastructure Inc.,,2024-05-01,54.44821,-118.60607,Gas Plant Sweet,08-13-063-05W6M
ABGP0168934,Active,Csv Albright 13-34 Sulphur Rec Gp,GP,,Csv Midstream Solutions Corp.,,2024-05-01,55.28504,-119.30459,Gas Plant Sulphur Recovery,13-34-072-09W6M
ABGP0168995,Active,Edson Frac Plant,GP,,Pivotal Energy Partners Inc.,,2024-05-01,53.57568,-116.4307,Gas Plant Fractionation,05-15-053-17W5M
ABGP0169442,Active,Arc Karr 102/10-10-065-05W6 Gp,GP,,Arc Resources Ltd.,,2024-07-01,54.61256,-118.66433,Gas Plant Acid Gas Flaring < 1 T/D Sulphur,10-10-065-05W6M
ABGP0170268,Active,Persist Wayne 01-20-28-21 Gp,GP,,Persist Oil And Gas Inc.,,2024-09-01,51.40324,-112.91416,Gas Plant Sweet,01-20-028-21W4M
ABGP0171028,Active,Linde - Lng Plant; Fort Saskatchewan,GP,,Linde Canada Inc.,,2024-11-01,53.71399,-113.17551,Gas Plant Sweet,16-33-054-22W4M
ABGP0171549,Active,Wembley 06-19-073-08W6,GP,,Nuvista Energy Ltd.,,2025-01-01,55.33594,-119.22119,Gas Plant Acid Gas Injection,06-19-073-08W6M
ABGS0131512,Active,Alexander 3-7-56-26W4 Ggs,GP,,Vermilion Energy Inc.,100.0% - Vermilion Energy Inc.,,53.81854,-113.86064,Gas Gathering System,03-07-056-26W4M
BCGP0000160,Active,Aitken Gas Aitkencreek D-044-L/094-A-13 002,GP,,Aitken Creek Gas Storage Ulc,,,56.95617,-121.91708,,D-044-L 094-A-13
BCGP0000298,Removed,Cnrl Alces 08-34-083-15 001,GP,,Canadian Natural Resources Limited,,,56.23822,-120.26943,,08-34-083-15W6M
BCGP0000303,Active,Pacific Tumbler Ridge A-074-G/093-I-15 003,GP,,Pacific Northern Gas (N.E.) Ltd.,,,54.89373,-120.67088,,A-074-G 093-I-15
BCGP0000317,Active,Canlin Parkland 06-29-081-15 004,GP,,Canlin Energy Corporation,,,56.04954,-120.31279,,06-29-081-15W6M
BCGP0000322,Cancelled,Westcoast Sikanni B-041-I/094-G-03 001,GP,,Westcoast Energy Inc.,,,57.20166,-123.01337,,B-041-I 094-G-03
BCGP0000437,Cancelled,Westcoast Fort Nelson B-084-G/094-J-10 001,GP,,Westcoast Energy Inc.,,,58.65195,-122.67336,,B-084-G 094-J-10
BCGP0000438,Removed,Petronas Mason A-030-G/094-G-07 001,GP,,Petronas Energy Canada Ltd.,,,57.35272,-122.74031,,A-030-G 094-G-07
BCGP0000439,Cancelled,Westcoast Mcmahon 15-25-082-18 001,GP,,Westcoast Energy Inc.,,,56.14341,-120.67228,,15-25-082-18W6M
BCGP0000440,Removed,Canlin Boundarylake 13-10-085-14 001,GP,,Canlin Energy Corporation,,,56.36086,-120.13301,,13-10-085-14W6M
BCGP0000442,Active,Sukunka Pine River C-085-D/093-P-12 001,GP,,Sukunka Natural Resources Inc.,,,55.57194,-121.9424,,C-085-D 093-P-12
BCGP0000445,Active,Whitecap Boundarylake 07-02-085-14 002,GP,,Whitecap Resources Inc.,,,56.3373,-120.08532,,07-02-085-14W6M
BCGP0000457,Removed,Cve Energy Brassey D-013-F/093-P-10 003,GP,,Cenovus Energy Inc.,,,55.59733,-120.78083,,D-013-F 093-P-10
BCGP0000464,Suspended,Cnrl Cypress B-099-C/094-B-16 002,GP,,Canadian Natural Resources Limited,,,56.82619,-122.36161,,B-099-C 094-B-16
BCGP0000465,Suspended,Canlin Boundarylake 11-24-084-15 001,GP,,Canlin Energy Corporation,,,56.30039,-120.23178,,11-24-084-15W6M
BCGP0000558,Removed,Nrm Hold Ltd Buckinghorse A-081-H/094-G-06 002,GP,,Northriver Midstream,,,57.40264,-123.00474,,A-081-H 094-G-06
BCGP0000559,Cancelled,Westcoast Aitkencreek D-044-L/094-A-13 005,GP,,Westcoast Energy Inc.,,,56.95611,-121.91772,,D-044-L 094-A-13
BCGP0000730,Active,Canlin Boundarylake 14-24-084-15 003,GP,,Canlin Energy Corporation,,,56.30108,-120.23189,,14-24-084-15W6M
BCGP0000740,Active,Cnrl Ring C-081-I/094-H-09 002,GP,,Canadian Natural Resources Limited,,,57.74141,-120.01023,,C-081-I 094-H-09
BCGP0000921,Active,Cnrl Ring C-081-I/094-H-09 003,GP,,Canadian Natural Resources Limited,,,57.73894,-120.00826,,C-081-I 094-H-09
BCGP0000932,Active,2354890 Ab Ltd Younger Extraction Plant 01-36-082-18 002,GP,,2354890 Alberta Ltd.,,,56.14837,-120.66747,,01-36-082-18W6M
BCGP0001243,Cancelled,Westcoast Dry Gas 06-07-080-13 001,GP,,Westcoast Energy Inc.,,,55.91033,-120.0269,,06-07-080-13W6M
BCGP0001279,Removed,Keyera Bougie D-031-F/094-G-15 001,GP,,Keyera Energy Ltd.,,,57.86665,-122.75693,,D-031-F 094-G-15
BCGP0001593,Cancelled,Star Pine 07-06-077-25 003,GP,,Domcan,,,55.64059,-121.86229,,07-06-077-25W6M
BCGP0001647,Active,Tourmaline Martin B-002-E/094-H-06 003,GP,,Tourmaline Oil Corp.,,,57.33557,-121.40041,,B-002-E 094-H-06
BCGP0001692,Removed,Cnrl Kahntahriver C-053-D/094-I-02 003,GP,,Canadian Natural Resources Limited,,,58.04632,-120.90847,,C-053-D 094-I-02
BCGP0001726,Cancelled,Obsidian Parkland 06-29-081-15 002,GP,,Obsidian Energy Ltd.,,,56.04944,-120.31263,,06-29-081-15W6M
BCGP0002153,Active,Cnrl Peggo D-083-C/094-P-08 004,GP,,Canadian Natural Resources Limited,,,59.32447,-120.27771,,D-083-C 094-P-08
BCGP0002267,Removed,Northriver Jedney B-088-J/094-G-01 005,GP,,Northriver Midstream,,,57.23368,-122.22183,,B-088-J 094-G-01
BCGP0002268,Cancelled,Para (Acl) Hamburg C-032-H/094-H-08 003,GP,,Paramount Resources Ltd.,,,57.36411,-120.02435,,C-032-H 094-H-08
BCGP0002411,Suspended,Keyera Caribou C-004-G/094-G-07 003,GP,,Keyera Energy Ltd.,,,57.33752,-122.67417,,C-004-G 094-G-07
BCGP0002435,Active,Northriver Jedney B-088-J/094-G-01 007,GP,,Northriver Midstream,,,57.23368,-122.22183,,B-088-J 094-G-01
BCGP0002436,Active,Northriver Highway B-036-I/094-B-16 002,GP,,Northriver Midstream,,,56.94474,-122.07436,,B-036-I 094-B-16
BCGP0002438,Active,Cnrl Tooga B-031-I/094-P-02 001,GP,,Canadian Natural Resources Limited,,,59.1941,-120.5123,,B-031-I 094-P-02
BCGP0002766,Active,Cnrl Ring A-049-B/094-H-16 005,GP,,Canadian Natural Resources Limited,,,57.78618,-120.23016,,A-049-B 094-H-16
BCGP0002787,Cancelled,Novagas Taylor 10-36-082-18 001,GP,,Novagas Canada Ltd.,,,56.15292,-120.67482,,10-36-082-18W6M
BCGP0002889,Suspended,Taqa North Chinchagariver C-032-H/094-H-08 007,GP,,Taqa North Ltd.,,,57.36414,-120.02453,,C-032-H 094-H-08
BCGP0002917,Active,Erikson Helmet D-075-A/094-P-11 003,GP,,Erikson National Energy Inc.,,,59.56454,-121.05774,,D-075-A 094-P-11
BCGP0003164,Active,Cnrl Stoddart 02-34-087-21 001,GP,,Canadian Natural Resources Limited,,,56.5829,-121.25337,,02-34-087-21W6M
BCGP0003479,Active,Shell Sunsetprairie 05-03-081-18 002,GP,,Shell Canada Limited,,,55.99184,-120.73685,,05-03-081-18W6M
BCGP0003548,Suspended,Ecog Maxhamishlake D-036-I/094-O-14 001,GP,,Eog Canada Oil & Gas Inc.,,,59.94757,-123.07026,,D-036-I 094-O-14
BCGP0003738,Active,Nte Canada Sierra A-026-K/094-I-11 002,GP,,Nte Energy Canada Ltd.,,,58.68638,-121.31775,,A-026-K 094-I-11
BCGP0004070,Active,Cnrl Ladyfern B-017-I/094-H-01 002,GP,,Canadian Natural Resources Limited,,,57.17742,-120.08692,,B-017-I 094-H-01
BCGP0004556,Suspended,Cnrl Ring C-081-I/094-H-09 008,GP,,Canadian Natural Resources Limited,,,57.74003,-120.01096,,C-081-I 094-H-09
BCGP0004576,Active,Cnrl Ladyfern B-047-H/094-H-01 001,GP,,Canadian Natural Resources Limited,,,57.1184,-120.08428,,B-047-H 094-H-01
BCGP0004579,Cancelled,Petronas Clarkelake A-076-G/094-J-10 001,GP,,Petronas Energy Canada Ltd.,,,58.64515,-122.68994,,A-076-G 094-J-10
BCGP0007158,Removed,Tidewater Pocketknife B-032-I/094-G-06 002,GP,,Tidewater Midstream And Infrastructure Ltd.,,,57.44405,-123.02123,,B-032-I 094-G-06
BCGP0007192,Cancelled,Westcoast Patry D-057-G/093-P-05 001,GP,,Westcoast Energy Inc.,,,55.38119,-121.70461,,D-057-G 093-P-05
BCGP0007193,Cancelled,Westcoast Cabin A-030-A/094-P-05 001,GP,,Westcoast Energy Inc.,,,59.27054,-121.61619,,A-030-A 094-P-05
BCGP0007286,Active,Shell Groundbirch 04-15-080-19 001,GP,,Shell Canada Limited,,,55.9297,-120.88848,,04-15-080-19W6M
BCGP0007309,Active,Nte Canada Elleh A-019-F/094-I-12 001,GP,,Nte Energy Canada Ltd.,,,58.59428,-121.85633,,A-019-F 094-I-12
BCGP0007346,Suspended,Sukunka Kwoen D-057-G/093-P-05 002,GP,,Sukunka Natural Resources Inc.,,,55.38405,-121.69908,,D-057-G 093-P-05
BCGP0007354,Cancelled,Obsidian Cypress B-075-F/094-B-15 001,GP,,Obsidian Energy Ltd.,,,56.89468,-122.8112,,B-075-F 094-B-15
BCGP0007362,Active,Whitecap Boundarylake 02-25-085-14 005,GP,,Whitecap Resources Inc.,,,56.39476,-120.0697,,02-25-085-14W6M
BCGP0007383,Removed,Cve Energy Brassey D-013-F/093-P-10 004,GP,,Cenovus Energy Inc.,,,55.59733,-120.78083,,D-013-F 093-P-10
BCGP0007435,Active,Cve Energy Fire Creek B-099-H/094-I-08 003,GP,,Cenovus Energy Inc.,,,58.41085,-120.11299,,B-099-H 094-I-08
BCGP0007442,Active,Altagas Blair D-058-F/094-B-16 003,GP,,Altagas Ltd.,,,56.87781,-122.34062,,D-058-F 094-B-16
BCGP0007463,Active,Shell Brassey 07-34-077-19 001,GP,,Shell Canada Limited,,,55.71479,-120.8525,,07-34-077-19W6M
BCGP0007466,Active,Vmgpi Cutbank C-064-A/093-P-08 002,GP,,Veresen Midstream General Partner Inc.,,,55.30539,-120.04914,,C-064-A 093-P-08
BCGP0007472,Suspended,Harvest Shekilie B-046-A/094-I-16 002,GP,,Harvest Operations Corp.,,,58.78448,-120.07327,,B-046-A 094-I-16
BCGP0007473,Suspended,Harvest Shekilie B-024-A/094-I-16 003,GP,,Harvest Operations Corp.,,,58.76876,-120.05018,,B-024-A 094-I-16
BCGP0007633,Active,Harvest Hayriver B-076-H/094-I-09 004,GP,,Harvest Operations Corp.,,,58.64538,-120.06817,,B-076-H 094-I-09
BCGP0007652,Active,Northriver Doe 02-25-080-15 001,GP,,Northriver Midstream,,,55.95721,-120.20351,,02-25-080-15W6M
BCGP0007676,Active,Nrm Gp Tupper Creek A-021-B/093-P-09 001,GP,,Northriver Midstream,,,55.51631,-120.13121,,A-021-B 093-P-09
BCGP0007702,Removed,Ce Portage C-004-A/094-B-01 001,GP,,Canada Energy Partners Inc.,,,56.00735,-122.04725,,C-004-A 094-B-01
BCGP0007717,Suspended,Csri Farrell Creek C-093-H/094-B-01 001,GP,,Canadian Spirit Resources Inc.,,,56.16605,-122.03174,,C-093-H 094-B-01
BCGP0007727,Active,Shell Groundbirch 04-15-080-19 003,GP,,Shell Canada Limited,,,55.92974,-120.89369,,04-15-080-19W6M
BCGP0007743,Active,Arcres Parkland 03-09-081-16 002,GP,,Arc Resources Ltd.,,,56.00333,-120.44409,,03-09-081-16W6M
BCGP0007776,Active,Crew Septimus 12-27-081-18 001,GP,,Crew Energy Inc.,,,56.05295,-120.74031,,12-27-081-18W6M
BCGP0007778,Active,Cnrl Farrell Creek West B-088-I/094-B-01 001,GP,,Canadian Natural Resources Limited,,,56.23321,-122.09661,,B-088-I 094-B-01
BCGP0007795,Active,Strathcona Groundbirch 06-19-080-20 001,GP,,Strathcona Resources Ltd.,,,55.94478,-121.12259,,06-19-080-20W6M
BCGP0007806,Active,Cnrl Septimus 08-22-081-19 001,GP,,Canadian Natural Resources Limited,,,56.03467,-120.87602,,08-22-081-19W6M
BCGP0007808,Active,Nrm Gp Tupper Creek 05-01-077-17 001,GP,,Northriver Midstream,,,55.64176,-120.50632,,05-01-077-17W6M
BCGP0007810,Active,Shell Groundbirch 04-15-080-19 004,GP,,Shell Canada Limited,,,55.92995,-120.89219,,04-15-080-19W6M
BCGP0007812,Suspended,Nrm Gp Cabin D-076-J/094-P-04 002,GP,,Northriver Midstream,,,59.23295,-121.68549,,D-076-J 094-P-04
BCGP0007819,Active,Tourmaline Sunrise 03-18-080-17 001,GP,,Tourmaline Oil Corp.,,,55.92828,-120.6518,,03-18-080-17W6M
BCGP0007830,Cancelled,Para (Acl) Komie B-017-I/094-P-04 004,GP,,Paramount Resources Ltd.,,,59.17718,-121.58423,,B-017-I 094-P-04
BCGP0007834,Active,Pacific Canbriam Altares B-024-H/094-B-08 001,GP,,Pacific Canbriam Energy Limited,,,56.35111,-122.04638,,B-024-H 094-B-08
BCGP0007854,Cancelled,Shell Monias 07-14-078-22 001,GP,,Shell Canada Limited,,,55.75775,-121.29508,,07-14-078-22W6M
BCGP0007858,Active,Arcres Sunrise 13-36-078-18 001,GP,,Arc Resources Ltd.,,,55.80891,-120.66147,,13-36-078-18W6M
BCGP0007868,Active,Shell Saturn 03-28-080-20 001,GP,,Shell Canada Limited,,,55.96174,-121.07539,,03-28-080-20W6M
BCGP0007883,Cancelled,Terra Pintail 15-22-084-25 001,GP,,Terra Energy Corp.,,,56.30278,-121.8586,,15-22-084-25W6M
BCGP0007896,Cancelled,Shell Sunset Prairie 13-08-080-18 001,GP,,Shell Canada Limited,,,55.92345,-120.78964,,13-08-080-18W6M
BCGP0007925,Active,Petronas Lilylake A-029-J/094-G-02 001,GP,,Petronas Energy Canada Ltd.,,,57.18594,-122.7256,,A-029-J 094-G-02
BCGP0007932,Active,Vermilion Doe 13-24-080-15 005,GP,,Vermilion Energy Inc.,,,55.95477,-120.21534,,13-24-080-15W6M
BCGP0007936,Active,Tourmaline Doe 13-25-080-16 001,GP,,Tourmaline Oil Corp.,,,55.96928,-120.37349,,13-25-080-16W6M
BCGP0007966,Active,Petronas Caribou C-016-F/094-G-07 001,GP,,Petronas Energy Canada Ltd.,,,57.3478,-122.82336,,C-016-F 094-G-07
BCGP0007974,Cancelled,Northriver Sunrise 15-26-078-17 002,GP,,Northriver Midstream,,,55.79408,-120.51872,,15-26-078-17W6M
BCGP0008619,Active,Cnrl Narraway A-065-A/093-I-09 003,GP,,Canadian Natural Resources Limited,,,54.55203,-120.05437,,A-065-A 093-I-09
BCGP0008645,Cancelled,Westcoast Dawsoncreek 11-26-078-17 001,GP,,Westcoast Energy Inc.,,,55.79045,-120.52519,,11-26-078-17W6M
BCGP0008649,Cancelled,Cnrl Blair A-079-B/094-B-16 001,GP,,Canadian Natural Resources Limited,,,56.81032,-122.22959,,A-079-B 094-B-16
BCGP0008651,Active,Petronas Altares C-065-G/094-B-08 001,GP,,Petronas Energy Canada Ltd.,,,56.38868,-122.18728,,C-065-G 094-B-08
BCGP0009075,Active,Bench Creek Res Maxhamishlake A-060-I/094-O-11 003,GP,,Bench Creek Resources Ltd.,,,59.71222,-123.11625,,A-060-I 094-O-11
BCGP0009092,Removed,Tidewater Pocketknife A-059-L/094-G-07 002,GP,,Tidewater Midstream And Infrastructure Ltd.,,,57.4618,-122.98144,,A-059-L 094-G-07
BCGP0009132,Removed,Shell Sundown B-037-B/093-P-10 003,GP,,Shell Canada Limited,,,55.52668,-120.7124,,B-037-B 093-P-10
BCGP0017858,Active,Tourmaline Laprise Creek B-024-H/094-G-08 001,GP,,Tourmaline Oil Corp.,,,57.35358,-122.04954,,B-024-H 094-G-08
BCGP0017909,Active,Pacific Canbriam Altares B-072-A/094-B-08 001,GP,,Pacific Canbriam Energy Limited,,,56.31035,-122.02211,,B-072-A 094-B-08
BCGP0017968,Active,Cnrl Blair D-086-E/094-B-16 001,GP,,Canadian Natural Resources Limited,,,56.90626,-122.44064,,D-086-E 094-B-16
BCGP0018016,Active,Cnrl Daiber A-054-C/094-B-16 001,GP,,Canadian Natural Resources Limited,,,56.79387,-122.29162,,A-054-C 094-B-16
BCGP0018051,Active,Ovv Sunrise 04-26-078-17 001,GP,,Ovintiv Canada Ulc,,,55.78487,-120.53114,,04-26-078-17W6M
BCGP0018074,Active,Crew Wilder 10-14-082-20 001,GP,,Crew Energy Inc.,,,56.1121,-121.01444,,10-14-082-20W6M
BCGP0018136,Active,Ovv Tower Lake 03-07-081-17 001,GP,,Ovintiv Canada Ulc,,,56.00199,-120.65378,,03-07-081-17W6M
BCGP0018229,Active,Petronas Town C-072-A/094-B-16 001,GP,,Petronas Energy Canada Ltd.,,,56.81561,-122.02416,,C-072-A 094-B-16
BCGP0018237,Active,Tourmaline Aitken Creek North C-038-C/094-H-04 001,GP,,Tourmaline Oil Corp.,,,57.02959,-121.84896,,C-038-C 094-H-04
BCGP0018246,Active,Altagas Holdings Townsend A-033-J/094-B-09 002,GP,,Altagas Ltd.,,,56.69022,-122.15223,,A-033-J 094-B-09
BCGP0018260,Active,Ovv Saturn 15-27-079-17 003,GP,,Ovintiv Canada Ulc,,,55.88167,-120.56741,,15-27-079-17W6M
BCGP0018270,Active,Arcres Dawson Creek 13-7-80-14 002,GP,,Arc Resources Ltd.,,,55.9254,-120.18327,,13-07-080-14W6M
BCGP0018309,Active,Petronas Town B-089-J/094-B-16 001,GP,,Petronas Energy Canada Ltd.,,,56.98448,-122.23335,,B-089-J 094-B-16
BCGP0024114,Active,Arcres Doe 05-35-079-14 001,GP,,Arc Resources Ltd.,,,55.88706,-120.08595,,05-35-079-14W6M
BCGP0026223,Cancelled,Petronas Julienne Creek C-042-H/094-G-02 001,GP,,Petronas Energy Canada Ltd.,,,57.12281,-122.52336,,C-042-H 094-G-02
BCGP0026229,Active,Tourmaline Doe 02-11-080-16 001,GP,,Tourmaline Oil Corp.,,,55.91418,-120.38348,,02-11-080-16W6M
BCGP0026354,Active,Cnrl Septimus 14-16-081-18 001,GP,,Canadian Natural Resources Limited,,,56.02559,-120.75492,,14-16-081-18W6M
BCGP0026427,Active,Tourmaline Gundy Creek C-060-A/094-B-16 001,GP,,Tourmaline Oil Corp.,,,56.7995,-122.12146,,C-060-A 094-B-16
BCGP0026623,Active,Tourmaline Nig Creek C-046-C/094-H-04 001,GP,,Tourmaline Oil Corp.,,,57.04039,-121.82281,,C-046-C 094-H-04
BCGP0026696,Active,Cop Inga North C-011-K/094-A-12 002,GP,,Conocophillips Canada,,,56.68102,-121.76307,,C-011-K 094-A-12
BCGP0026801,Active,Cnrl Nig Creek B-048-G/094-H-04 001,GP,,Canadian Natural Resources Limited,,,57.11736,-121.72258,,B-048-G 094-H-04
BCGP0026856,Active,Cop Inga 02-10-088-23 002,GP,,Conocophillips Canada,,,56.61365,-121.57292,,02-10-088-23W6M
BCGP0026937,Active,Arcres Attachie 05-20-084-24 002,GP,,Arc Resources Ltd.,,,56.29467,-121.76457,,05-20-084-24W6M
BCGP0026943,Suspended,Northriver Opsgp Sikanni B-041-I/094-G-03 006,GP,,Northriver Midstream,,,57.20116,-123.01442,,B-041-I 094-G-03
BCGP0026945,Active,Northriver Opsgp Fort Nelson Gp C-085-G/094-J-10 002,GP,,Northriver Midstream,,,58.65462,-122.68817,,C-085-G 094-J-10
BCGP0026946,Active,Northriver Opsgp Fort St John Southeast 15-25-082-18 003,GP,,Northriver Midstream,,,56.14845,-120.6717,,15-25-082-18W6M
BCGP0026947,Active,Northriver Opsgp Aitken Creek D-044-L/094-A-13 007,GP,,Northriver Midstream,,,56.95777,-121.91978,,D-044-L 094-A-13
BCGP0026950,Suspended,Northriver Opsgp Fort Nelson North B-047-I/094-P-04 001,GP,,Northriver Midstream,,,59.20199,-121.58281,,B-047-I 094-P-04
BCGP0026951,Active,Northriver Opsgp Dawsoncreek 11-26-078-17 003,GP,,Northriver Midstream,,,55.79354,-120.52433,,11-26-078-17W6M
BCGP0027469,New,Cnrl Septimus 09-13-081-19 001,GP,,Canadian Natural Resources Limited,,,56.02313,-120.82323,,09-13-081-19W6M
BCGP0027707,New,Crew Monias 15-25-081-22 001,GP,,Crew Energy Inc.,,,56.05613,-121.29843,,15-25-081-22W6M
