id,status,name,type,plant_name,current_operator,co-owner,constructed_date,latitude,longitude
ABGP0001001,Active,MAPLE GLEN 15-36-036-16W4,GP,Maple Glen,Canadian Natural Resources Limited,0.0% - Cansearch Resources Ltd.; 0.0% - Canadian Natural Resources Limited,,52.14108,-112.15671
ABGP0001002,Suspended,KEYERA NEVIS GAS PLANT 16-33-38-22W4,GP,Nevis,Keyera Energy Ltd.,100.0% - Keyera Energy Ltd.,1956-01-01,52.31571,-113.07948
ABGP0001003,Suspended,* GULF PINCHER CREEK,GP,Pincher Creek,Gulf Canada Limited,100.0% - Palmer Ranch (1984) Ltd.,,49.30742,-113.79413
ABGP0001004,Active,KEYERA HOMEGLEN-RIMBEY 2-05-44-01W5,GP,Rimbey,Keyera Energy Ltd.,0.0% - Centipede Holdings Ltd.; 0.8% - Bellatrix Exploration Ltd.; 0.1% - Altagas Pipeline Partnership; 98.8% - Keyera Energy Ltd.; 0.1% - Mosaic Energy Ltd.; 0.0% - Canadian Natural Resources Limited; 0.0% - Bonavista Energy Corporation; 1.0% - Green Valley Energy Ltd.,1961-01-01,52.75808,-114.10751
ABGP0001005,Suspended,* GULF GILBY,GP,Gilby,Cenovus Energy Inc.,100.0% - Cenovus Energy Inc.,,52.44144,-114.30466
ABGP0001006,Abandoned,* CHEVRON NEVIS,GP,Nevis,Chevron Canada Limited,100.0% - Chevron Canada Limited,,52.37406,-113.0847
ABGP0001007,Active,MITSUE 16-30-072-04W5,GP,Mitsue,Canadian Natural Resources Limited,90.0% - Canadian Natural Resources Limited; 10.0% - Superman Resources Inc.,1974-01-01,55.27045,-114.59501
ABGP0001008,Suspended,* CHEVRON PRINCESS,GP,Princess,Chevron Canada Limited,100.0% - Chevron Canada Limited,,50.68309,-111.54795
ABGP0001009,Suspended,SEDALIA 9-29-31-5 GP,GP,Sedalia,Baytex Energy Ltd.,100.0% - Baytex Energy Ltd.,1961-01-01,51.68719,-110.66947
ABGP0001010,Suspended,* NORCEN CAMPBELL-NAMAO,GP,Campbell,Canadian Natural Resources Limited,100.0% - Canadian Natural Resources Limited,,53.68898,-113.56889
ABGP0001011,Abandoned,* SHELL INNISFAIL,GP,Innisfail,Shell Canada Limited,100.0% - Enhance Energy Inc.,,51.97168,-114.05239
ABGP0001012,Active,PANCDN COUNTESS,GP,Makepeace,Torxen Energy Ltd.,100.0% - Torxen Energy Ltd.,,50.91588,-112.44847
ABGP0001013,Active,KEYERA GILBY PLANT 15-22-040-03W5,GP,Gilby,Keyera Energy Ltd.,80.2% - Keyera Energy Ltd.; 1.2% - Harvest Operations Corp.; 5.1% - Pengrowth Energy Corporation; 5.1% - Nal Resources Limited; 5.7% - Omers Energy Inc.; 1.3% - Signalta Resources Limited,,52.46301,-114.34679
ABGP0001014,Active,ATCO CARBON,GP,Carbon,Atco Energy Solutions Ltd.,100.0% - Atco Energy Solutions Ltd.,1967-01-01,51.47964,-113.05534
ABGP0001015,Suspended,WARDLOW 2-31-22-11W4,GP,Wardlow,Canadian Natural Resources Limited,100.0% - Canadian Natural Resources Limited,1992-01-01,50.90893,-111.5137
ABGP0001016,Suspended,COMETRA WOOD RIVER,GP,Cometra Wood River,Vintage Petroleum Canada; Inc.,100.0% - Vintage Petroleum Canada  Inc.,,52.69611,-113.29673
ABGP0001017,Suspended,CESSFORD 04-15-027-15W4,GP,Cessford,Canadian Natural Resources Limited,50.0% - Canadian Natural Resources Limited; 50.0% - Arc Resources Ltd.,1960-01-01,51.30157,-112.04131
ABGP0001018,Active,TAURUS CONSORT 7-34-34-6W4 GP,GP,Provost,Tamarack Acquisition Corp.,,1959-01-01,51.95995,-110.76973
ABGP0001019,Suspended,* AMOCO BUCK CREEK,GP,Buck Creek,Bp Canada Energy Group Ulc,100.0% - Bp Canada Energy Group Ulc,,49.00158,-110.00785
ABGP0001020,Suspended,DEVON CARSTAIRS,GP,Carstairs,Bonavista Energy Corporation,20.0% - Bonavista Energy Corporation; 36.0% - Direct Energy Marketing Limited; 18.0% - Exxonmobil Canada Energy; 10.0% - Provident Energy Ltd.; 2.0% - Signalta Resources Limited; 8.0% - Bp Canada Energy Company,1960-01-01,51.53479,-114.20383
ABGP0001021,Active,GARRINGTON OLDS,GP,Garrington,Whitecap Resources Inc.,100.0% - Whitecap Resources Inc.,1964-01-01,51.74229,-114.13455
ABGP0001022,Active,CESSFORD 02-08-024-12W4,GP,Cessford,Canadian Natural Resources Limited,47.0% - Imperial Oil Limited; 52.0% - Canadian Natural Resources Limited,1958-01-01,51.02502,-111.64172
ABGP0001023,Abandoned,IMPERIAL LEDUC-WOODBEND,GP,Leduc Woodbend,Imperial Oil Resources Limited,100.0% - Imperial Oil Resources Limited,,53.35414,-113.71731
ABGP0001024,Active,BOUNDARY LAKE 01-14-085-13W6,GP,Boundary Lake South,Canadian Natural Resources Limited,100.0% - Canadian Natural Resources Limited,,56.36475,-119.92871
ABGP0001025,Reclamation Certified,DEVON NORMANDVILLE,GP,Normandville,Canadian Natural Resources Limited,100.0% - Canadian Natural Resources Limited,,55.83788,-117.39082
ABGP0001026,Abandoned,CESSFORD 7-17-26-14W4,GP,Cessford,Canadian Natural Resources Limited,100.0% - Canadian Natural Resources Limited,,51.21801,-111.92082
ABGP0001027,Suspended,* IMPERIAL GOLDEN SPIKE,GP,Golden Spike,Imperial Oil Resources Limited,100.0% - Imperial Oil Resources Limited,,53.42286,-113.8948
ABGP0001028,Active,ACCEL ENERGY REDWATER GP,GP,Redwater,Accel Canada Holdings Limited,100.0% - Arc Resources Ltd.,1956-01-01,53.95089,-113.07819
ABGP0001029,Suspended,* SAMSON FERRYBANK,GP,Ferrybank,Obsidian Energy Ltd.,100.0% - Obsidian Energy Ltd.,,52.89245,-113.87048
ABGP0001030,Suspended,* TALISMAN TURNER VALLEY,GP,Turner Valley,Repsol Oil & Gas Canada Inc.,100.0% - Repsol Oil & Gas Canada Inc.,,50.67209,-114.27017
ABGP0001031,Suspended,VALHALLA 8-20-76-9W6,GP,Valhalla,Canadian Natural Resources Limited,100.0% - Canadian Natural Resources Limited,,55.59771,-119.3482
ABGP0001032,Abandoned,* SHELL WORSLEY,GP,Worsley,Shell Canada Limited,100.0% - Shell Canada Limited,,56.55739,-119.02205
ABGP0001033,Suspended,CRESTAR THREE HILLS CK,GP,Three Hills Creek,Pine Cliff Energy Ltd.,100.0% - Pine Cliff Energy Ltd.,,52.01016,-113.59672
ABGP0001034,Active,SEMCAMS WEST WHITECOURT (WINDFALL),GP,Windfall,Energy Transfer Canada Ulc,72.8% - Energy Transfer Canada Ulc; 0.1% - Bp Canada Energy Company; 10.4% - Sw Resources Ulc; 16.7% - Sinopec Daylight Energy Ltd.,1959-01-01,54.18694,-116.20467
ABGP0001035,Suspended,* ICG ACHESON,GP,Icg Acheson,Cnooc Petroleum North America Ulc,100.0% - Cnooc Petroleum North America Ulc,,53.54311,-113.73491
ABGP0001036,Active,APACHE PROVOST,GP,Consort,Karve Energy Inc.,100.0% - Karve Energy Inc.,,52.10473,-110.69847
ABGP0001037,Active,SHELL JUMPING POUND,GP,Jumping Pound,Pieridae Alberta Production Ltd.,100.0% - Shell Canada Limited,1951-01-01,51.13772,-114.58008
ABGP0001038,Active,APF ENERGY COUNTESS,GP,Countess,Journey Energy Inc.,24.1% - Cenovus Fccl Ltd.; 22.7% - Enermark Inc.; 53.3% - Journey Energy Inc.,1960-01-01,50.73756,-112.085
ABGP0001039,Suspended,VISTA MIDSTREAM ENCHANT GGS,GP,Enchant,Campus Energy Partners Operations Inc.,100.0% - Campus Energy Partners Operations Inc.,1963-01-01,50.12981,-112.22533
ABGP0001040,Reclamation Certified,* CAN OXY OKOTOKS,GP,Can Oxy Okotoks,Cnooc Petroleum North America Ulc,100.0% - Cnooc Petroleum North America Ulc,,50.71951,-113.94883
ABGP0001041,Abandoned,CESSFORD 3-6-24-10W4,GP,Cessford Plant,Canadian Natural Resources Limited,100.0% - Canadian Natural Resources Limited,,51.01046,-111.39158
ABGP0001042,Active,KARR 10-10-065-02W6,GP,Karr Creek,Canadian Natural Resources Limited,62.0% - Canadian Natural Resources Limited; 10.0% - Devon Canada; 11.5% - Progress Exploration Ltd.; 3.2% - Enerplus Energy Ltd.; 0.5% - Iteration Energy Ltd.; 12.8% - Signalta Resources Limited,1981-01-01,54.6124,-118.21115
ABGP0001043,Active,HUSKY HUSSAR 13-36,GP,Hussar,Torxen Energy Ltd.,25.0% - Husky Oil Operations Limited; 25.0% - Harvard International Resources Ltd.; 50.0% - Torxen Energy Ltd.,1959-01-01,51.0942,-112.81593
ABGP0001044,Active,HUSKY WAYNE-ROSEDALE 12-4,GP,Wayne,Torxen Energy Ltd.,25.0% - Husky Oil Operations Limited; 25.0% - Harvard International Resources Ltd.; 50.0% - Torxen Energy Ltd.,1981-01-01,51.36697,-112.76773
ABGP0001045,Suspended,IMPERIAL BONNIE GLEN,GP,Bonnie Glen Solutions,Imperial Oil Resources Limited,100.0% - Imperial Oil Resources Limited,,53.04881,-113.9239
ABGP0001046,Suspended,* IMPERIAL PEMBINA,GP,Pembina,Whitecap Resources Inc.,100.0% - Whitecap Resources Inc.,,53.25256,-115.39433
ABGP0001047,Active,KEYERA MINNEHIK-BUCK LAKE 10-05,GP,Minnehik,Keyera Energy Ltd.,79.8% - Keyera Energy Ltd.; 10.0% - Canlin Resources Partnership; 8.1% - Enerplus Resources Corporation; 1.7% - Taqa North; 0.5% - Sabre Energy Ltd.,1961-01-01,52.94033,-114.83234
ABGP0001048,Active,ALTANA BLACK BUTTE,GP,Black Butte,Pine Cliff Energy Ltd.,100.0% - Pine Cliff Energy Ltd.,1962-01-01,49.03026,-111.05495
ABGP0001049,Active,PANCDN WAYNE-ROSEDALE,GP,Wayne Dalum,Torxen Energy Ltd.,100.0% - Torxen Energy Ltd.,,51.30522,-112.65054
ABGP0001050,Suspended,WASCANA CROSSFIELD,GP,Crossfield,Cnooc Petroleum North America Ulc,6.3% - Bonavista Petroleum Ltd.; 0.6% - Coastal Resources Limited; 1.4% - Dewpoint Resources Ltd.; 0.0% - Encana Corporation; 2.1% - Enermark Inc.; 33.0% - Exxonmobil Canada Energy; 1.8% - Imperial Oil Limited; 46.7% - Cnooc Petroleum North America Ulc; 0.0% - Pegasus Oil & Gas Inc.; 8.1% - Enerplus Resources Corporation,1961-01-01,51.19259,-113.94389
ABGP0001051,Active,DEVON SAVANNA CREEK,GP,Coleman,Canadian Natural Resources Limited,100.0% - Canadian Natural Resources Limited,1961-01-01,49.62787,-114.56868
ABGP0001052,Suspended,HUSKY FARRELL EXP CHAIN 7-23,GP,Farrell Exp Chain,Husky Oil Operations Limited,100.0% - Husky Oil Operations Limited,,51.84357,-112.16354
ABGP0001053,Suspended,MERIT SIBBALD,GP,Merit Sibbald,Nuvista Energy Ltd.,100.0% - Nuvista Energy Ltd.,,51.36338,-110.28327
ABGP0001054,Active,D ENERGY WILDCAT HILLS 6-16-26-5W5,GP,Wildcat Hills,Canlin Resources Partnership,,1962-01-01,51.21797,-114.64407
ABGP0001055,Suspended,TOM BROWN EDSON,GP,Tom Brown Edson,Ovintiv Canada Ulc,100.0% - Long Run Exploration Ltd.,,53.52123,-116.4921
ABGP0001056,Active,SHELL WATERTON,GP,Waterton,Pieridae Alberta Production Ltd.,100.0% - Shell Canada Limited,1962-01-01,49.30728,-113.99976
ABGP0001057,Active,PENN WEST PEMBINA,GP,Lobstick Glauconite,Obsidian Energy Ltd.,87.3% - Obsidian Energy Ltd.; 10.7% - Arc Resources Ltd.; 0.1% - Bonterra Energy Corp.; 0.3% - Canadian Natural Resources Limited; 0.5% - Laramide Oil & Gas Ltd.; 0.5% - Signalta Resources Limited; 0.5% - Owlco Resources Ltd,1980-01-01,53.31794,-114.97985
ABGP0001058,Active,TRILOGY KAYBOB,GP,Kaybob,Paramount Resources Ltd.,90.0% - Paramount Resources Ltd.,1962-01-01,54.5216,-116.80216
ABGP0001059,Suspended,DRUMHELLER  6-33-30-19W4,GP,Drumheller,Canadian Natural Resources Limited,100.0% - Canadian Natural Resources Limited,,51.61063,-112.6214
ABGP0001060,Active,SOLEX HARMATTAN-ELKTON,GP,Alta Gas Harmattan,Altagas Ltd.,100.0% - Altagas Ltd.,1960-01-01,51.68774,-114.47718
ABGP0001061,Suspended,* GULF GILBY,GP,Gilby,Cenovus Energy Inc.,100.0% - Cenovus Energy Inc.,,52.53958,-114.29278
ABGP0001062,Active,ACCEL ENERGY CARSON CREEK GP,GP,Carson Creek,Accel Canada Holdings Limited,95.0% - Accel Canada Holdings Limited; 5.0% - Journey Energy Inc.,1960-01-01,54.28503,-115.69813
ABGP0001063,Active,APACHE CANADA PROVOST,GP,Kessler,Battle River Energy Ltd.,98.0% - Battle River Energy Ltd.,,52.33036,-111.12946
ABGP0001064,Suspended,* PETRO-CAN GILBY,GP,Gilby,Canlin Resources Partnership,100.0% - Canlin Resources Partnership,,52.47043,-114.34679
ABGP0001065,Suspended,VISTA MIDSTREAM RETLAW,GP,Retlaw,Campus Energy Partners Operations Inc.,83.5% - Campus Energy Partners Operations Inc.; 16.5% - Enermark Inc.,1963-01-01,50.05708,-112.50397
ABGP0001066,Suspended,* POCO KIRKWALL,GP,Poco Kirkwall,Conocophillips Canada Resources Corp.,100.0% - Conocophillips Canada Resources Corp.,,51.33068,-110.66429
ABGP0001067,Suspended,RENAISSANCE SYLVAN LAKE-21,GP,Sylvan Lake,Husky Oil Operations Limited,100.0% - Husky Oil Operations Limited,,52.27729,-114.21904
ABGP0001068,Active,WESTLOCK 07-15-060-02W5,GP,Westlock West,Canadian Natural Resources Limited,100.0% - Canadian Natural Resources Limited,,54.18683,-114.21129
ABGP0001069,Active,CFR JC 15-25-64-11W5 GP,GP,Judy Creek Conservation Plant,Conifer Energy Inc.,51.0% - Conifer Energy Inc.; 24.5% - Obsidian Energy Ltd.; 24.5% - Canadian Natural Resources Limited,1960-01-01,54.57231,-115.52295
ABGP0001070,Active,OCELOT SYLVAN LAKE,GP,Sylvan Lake,Btg Energy Corporation,40.0% - Btg Energy Corporation,1965-01-01,52.22988,-114.39736
ABGP0001071,Suspended,RIGEL GILBY,GP,Rigel Gilby,Talisman Energy Inc.,100.0% - I3 Energy Canada Ltd.,,52.51772,-114.29871
ABGP0001072,Active,REAL RESOURCES WEST PROVOST,GP,Provost West,Karve Energy Inc.,100.0% - Karve Energy Inc.,1964-01-01,52.07935,-111.01382
ABGP0001073,Suspended,ALTAQUEST GILBY,GP,Gilby,Cequel Energy Inc.,100.0% - Manitok Energy Inc.,,52.51768,-114.34659
ABGP0001074,Suspended,IMPERIAL BONNIE GLEN,GP,Bonnie Glen Cycle,Imperial Oil Resources Limited,100.0% - Imperial Oil Resources Limited,,53.04881,-113.91788
ABGP0001075,Active,VERMILION CARROT CREEK,GP,Granada,Vermilion Energy Inc.,52.0% - Vermilion Energy Inc.; 48.0% - Obsidian Energy Ltd.,1972-01-01,53.48488,-115.60766
ABGP0001076,Active,PANCDN WAYNE-ROSEDALE,GP,Redlands High Pressure,Lynx Energy Ulc,100.0% - Lynx Energy Ulc,,51.40332,-112.91469
ABGP0001077,Suspended,* AMOCO GILBY SOUTH,GP,Amoco Gilby South,Bp Canada Energy Group Ulc,100.0% - Bp Canada Energy Group Ulc,,52.47053,-114.31681
ABGP0001078,Suspended,HANDHILLS 10-33-28-15W4,GP,Handhills Coyote,Canadian Natural Resources Limited,100.0% - Canadian Natural Resources Limited,,51.43971,-112.05319
ABGP0001079,Active,PRIMEWEST CROSSFIELD EAST,GP,Crossfield East,Taqa North Ltd.,55.0% - Taqa North Ltd.,1967-01-01,51.39652,-114.02818
ABGP0001080,Active,CALCRUDE CHERHILL,GP,Cherhill,Journey Energy Inc.,90.0% - Journey Energy Inc.; 10.0% - Ridgmar Canada Inc.,1972-01-01,53.84799,-114.61854
ABGP0001081,Suspended,DEVON WIMBORNE,GP,Wimborne,Vantage Point Resources Inc.,99.8% - Vantage Point Resources Inc.,1964-01-01,51.89821,-113.5687
ABGP0001082,Suspended,IMPERIAL WILLESDEN GREEN,GP,Willesden Green,Entrada Resources Inc.,100.0% - Entrada Resources Inc.,1964-01-01,52.61221,-114.82036
ABGP0001083,Suspended,BONAVISTA HARMATTAN-ELKTON PLANT,GP,Harmattan Elkton South Unit 1,Bonavista Energy Corporation,100.0% - Bonavista Energy Corporation,,51.62229,-114.48303
ABGP0001084,Active,EDSON 04-11-053-18W5 GP,GP,Edson,Repsol Oil & Gas Canada Inc.,0.0% - Chair Resources Inc.; 0.0% - Conocophillips Canada Resources Corp.; 0.0% - Crocotta Energy Inc.; 0.0% - Conocophillips Canada (Brc) Ltd.; 0.0% - Daylight Energy Ltd.; 0.0% - Enerplus Oil & Gas Ltd.; 0.0% - Enermark Inc.; 59.0% - Repsol Oil & Gas Canada Inc.; 22.0% - Keyera Energy Ltd.,1965-01-01,53.55751,-116.55334
ABGP0001085,Active,PENN WEST TOMAHAWK 04-02 GP,GP,Berrymoor,Obsidian Energy Ltd.,2.9% - Signalta Resources Limited; 6.2% - Canetic Resources Inc.; 90.9% - Obsidian Energy Ltd.,,53.28161,-114.77261
ABGP0001086,Active,TAMARACK VETERAN 15-20-034-08W4 GP,GP,Veteran,Tamarack Acquisition Corp.,100.0% - Tamarack Acquisition Corp.,,51.93817,-111.10061
ABGP0001087,Suspended,* CRESTAR OYEN,GP,Crestar Oyen,Conocophillips Canada Energy Partnership,100.0% - Conocophillips Canada Energy Partnership,,51.44334,-110.58213
ABGP0001088,Active,BONTERRA 05-35 SWEET GAS PLANT,GP,Keystone,Bonterra Energy Corp.,100.0% - Bonterra Energy Corp.,1965-01-01,53.18327,-114.48599
ABGP0001089,Active,PADDLE RIVER 13-06-057-8W5 GAS PLANT,GP,Paddle River,Tidewater Midstream And Infrastructure Ltd.,100.0% - Tidewater Midstream And Infrastructure Ltd.,1966-01-01,53.90244,-115.18864
ABGP0001090,Suspended,* MOBIL HARMATTAN-ELKTON,GP,Harmattan-Elkton,Exxonmobil Canada Energy,100.0% - Exxonmobil Canada Ltd.,,51.68773,-114.48301
ABGP0001091,Active,PANCDN WINTERING HILLS,GP,Wintering Hills,Torxen Energy Ltd.,100.0% - Torxen Energy Ltd.,,51.12702,-112.35696
ABGP0001092,Suspended,* STEEN CROSSFIELD,GP,Steen Crossfield,Steen Resources Ltd.,100.0% - Steen Resources Ltd.,,51.58207,-114.3797
ABGP0001093,Active,FERRIER 09-22-39-8W5,GP,Ferrier 1,Canadian Natural Resources Limited,100.0% - Canadian Natural Resources Limited,,52.37213,-115.06014
ABGP0001094,Suspended,* AMOCO LONE PINE CREEK,GP,Lone Pine Creek,Bp Canada Energy Group Ulc,100.0% - Taqa North Ltd.,,51.58139,-113.84049
ABGP0001095,Active,CDN 88 TWINING,GP,Three Hills Creek,Artis Exploration Ltd.,100.0% - Artis Exploration Ltd.,,51.69442,-113.21466
ABGP0001096,Active,PETRO-CAN WILSON CREEK,GP,Wilson Creek,Tamarack Acquisition Corp.,52.2% - Tamarack Acquisition Corp.; 47.8% - Taqa North Ltd.,1968-01-01,52.72934,-114.53641
ABGP0001097,Active,CONOCO GHOST PINE,GP,Ghost Pine,Pine Cliff Energy Ltd.,100.0% - Pine Cliff Energy Ltd.,1967-01-01,51.63969,-112.86634
ABGP0001098,Suspended,CRESTAR GILBY N,GP,Crestar Gilby N,Cenovus Energy Inc.,100.0% - Cenovus Energy Inc.,,52.51771,-114.44843
ABGP0001099,Suspended,* ALTANA CAROLINE,GP,Altana Caroline,Altana Exploration Company,100.0% - Altana Exploration Company,,51.96412,-114.73085
ABGP0001100,Suspended,VULCAN 8-24-15-22W4,GP,Vulcan,Canadian Natural Resources Limited,100.0% - Canadian Natural Resources Limited,,50.27185,-112.8941
ABGP0001101,Abandoned,AMOCO BIGSTONE,GP,Bigstone,Bp Canada Energy Group Ulc,100.0% - Paramount Resources Ltd.,,54.2595,-117.21683
ABGP0001102,Suspended,* AMOCO CROSSFIELD,GP,Crossfield,Bp Canada Energy Group Ulc,100.0% - Taqa North Ltd.,,51.39652,-114.02818
ABGP0001103,Active,ENCAL SYLVAN LK,GP,Sylvan Lake,Harvest Operations Corp.,100.0% - Harvest Operations Corp.,1980-01-01,52.25535,-114.2963
ABGP0001104,Suspended,AMOCO SOUTH CAROLINE,GP,Caroline South,Bp Canada Energy Group Ulc,100.0% - Bonavista Energy Corporation,,51.92784,-114.53595
ABGP0001105,Active,HUSKY RAINBOW 10-10,GP,Rainbow,Husky Oil Operations Limited,100.0% - Husky Oil Operations Limited,1967-01-01,58.45072,-119.23832
ABGP0001106,Active,HUSKY ELNORA 5-19,GP,Mikwan,2234873 Alberta Ltd.,25.0% - Encana Corporation; 75.0% - 2234873 Alberta Ltd.,1978-01-01,52.01729,-113.14451
ABGP0001107,Active,SEMCAMS KAYBOB AMALGAMATED,GP,Kaybob South 1 Cycling,Energy Transfer Canada Ulc,56.6% - Energy Transfer Canada Ulc; 22.8% - Husky Oil Operations Limited; 1.5% - Talisman Energy Inc.; 2.0% - Devon Canada Corporation; 1.6% - Taqa North Ltd.; 0.6% - Conocophillips Canada (Brc) Ltd.; 0.1% - Paramount Resources (Acl) Ltd.; 5.5% - Cequence Energy Ltd.; 4.0% - Xto Energy Canada; 5.2% - Long Run Exploration Ltd.,1967-01-01,54.34316,-116.85462
ABGP0001108,Active,KEYERA BRAZEAU EAST 6-12-046-14W5,GP,Brazeau River,Keyera Energy Ltd.,100.0% - Keyera Energy Ltd.,1968-01-01,52.95069,-115.90241
ABGP0001109,Abandoned,VINTAGE WEST DRUMHELLER,GP,Drumheller West,Obsidian Energy Ltd.,100.0% - Sanling Energy Ltd.,,51.54144,-112.83806
ABGP0001110,Active,FERRIER 01-20-039-07W5,GP,Ferrier 2,Canadian Natural Resources Limited,100.0% - Canadian Natural Resources Limited,,52.3649,-114.96431
ABGP0001111,Suspended,NORTHROCK JUDY CREEK,GP,Judy Creek,Point Loma Resources Ltd.,100.0% - Point Loma Resources Ltd.,,54.55408,-115.66133
ABGP0001112,Suspended,STURGEON LAKE S 2-2-69-22W5,GP,Sturgeon Lake South,Canadian Natural Resources Limited,100.0% - Canadian Natural Resources Limited,1969-01-01,54.93963,-117.23958
ABGP0001113,Active,KEYERA SIMONETTE GAS PLANT 09-06,GP,Simonette,Keyera Energy Ltd.,100.0% - Keyera Energy Ltd.,1969-01-01,54.42332,-117.76062
ABGP0001114,Active,CAMPUS BANTRY,GP,Bantry,Campus Energy Partners Operations Inc.,100.0% - Campus Energy Partners Operations Inc.,,50.47198,-111.60535
ABGP0001115,Active,PETRO-CAN WHITECOURT,GP,Whitecourt,Taqa North Ltd.,45.8% - Taqa North Ltd.; 45.3% - Chinook Energy Inc.; 4.2% - Harvest Operations Corp.; 4.7% - Obsidian Energy Ltd.,1968-01-01,54.13233,-115.54818
ABGP0001116,Active,APACHE PROVOST,GP,Brownfield,Karve Energy Inc.,96.1% - Karve Energy Inc.,1969-01-01,52.3196,-111.47757
ABGP0001117,Active,DEVON MARTEN HILLS,GP,Marten Hills Plant 1,Sequoia Resources Corp.,100.0% - Sequoia Resources Corp.,1969-01-01,55.42993,-113.61225
ABGP0001118,Active,AMOCO EAST GARRINGTON,GP,Garrington East,Bonavista Energy Corporation,100.0% - Bonavista Energy Corporation,1975-01-01,51.92067,-114.39439
ABGP0001119,Active,WILLOW 02-05-028-17W4,GP,Drumheller East,Canadian Natural Resources Limited,100.0% - Canadian Natural Resources Limited,1974-01-01,51.35983,-112.35782
ABGP0001120,Suspended,* AMOCO KAYBOB S #2,GP,Kaybob South 1 Cycling,Bp Canada Energy Group Ulc,100.0% - Energy Transfer Canada Ulc,,54.34316,-116.85462
ABGP0001121,Active,KEYERA NORDEGG RIVER 6-10-044-12W5,GP,Nordegg River,Keyera Energy Ltd.,89.3% - Keyera Energy Ltd.,1969-01-01,52.77611,-115.66063
ABGP0001122,Active,PETRO-CAN FERRIER,GP,Ferrier,Canlin Resources Partnership,,1970-01-01,52.49599,-114.98817
ABGP0001123,Active,CHEVRON MITSUE,GP,Mitsue,Cardinal Energy Ltd.,13.0% - Canadian Natural Resources Limited; 85.0% - Cardinal Energy Ltd.,1969-01-01,55.26683,-114.60134
ABGP0001124,Abandoned,BITTERN LK 5-31-45-20W4,GP,Bittern Lake,Canadian Natural Resources Limited,100.0% - Canadian Natural Resources Limited,,52.92156,-112.90355
ABGP0001125,Active,WASKAHIGAN 15-7-064-23W5,GP,Waskahigan,Canadian Natural Resources Limited,94.2% - Canadian Natural Resources Limited,,54.5287,-117.46433
ABGP0001126,Abandoned,* JORDAN PROVOST,GP,Jordan Provost,Enerplus Corporation,100.0% - Taqa North Ltd.,,52.30141,-112.07934
ABGP0001127,Active,GREENCOURT 09-26-059-09W5,GP,Greencourt,Canadian Natural Resources Limited,100.0% - Canadian Natural Resources Limited,1969-01-01,54.13232,-115.22978
ABGP0001128,Suspended,* GULF SWALLWELL,GP,Swallwell,Gulf Canada Limited,100.0% - Gulf Canada Limited,,51.52337,-113.32475
ABGP0001129,Active,GOLD CREEK 13-26-067-05W6,GP,Gold Creek,Canadian Natural Resources Limited,17.0% - Progress Energy Ltd.; 0.8% - Chinook Energy Ltd.; 82.2% - Canadian Natural Resources Limited,1969-01-01,54.83426,-118.658
ABGP0001130,Active,PETRO-CAN GILBY,GP,Gilby,Canlin Resources Partnership,,1970-01-01,52.46681,-114.3468
ABGP0001131,Suspended,SHELL BURNT TIMBER,GP,Burnt Timber,Shell Canada Energy,100.0% - Shell Canada Limited,1972-01-01,51.57117,-114.85391
ABGP0001132,Active,MARTEN HILLS 12-18-076-25W4,GP,Marten Hills,Canadian Natural Resources Limited,100.0% - Canadian Natural Resources Limited,,55.58633,-113.87111
ABGP0001133,Active,KEYERA STRACHAN 11-35-037-09W5,GP,Strachan,Keyera Energy Ltd.,100.0% - Keyera Energy Ltd.,1970-01-01,52.22609,-115.18293
ABGP0001134,Active,CALEDONIAN MIDSTREAM QUIRK CREEK,GP,Quirk Creek,Caledonian Midstream Corporation,98.3% - Caledonian Midstream Corporation; 1.7% - Shell Oil Company,1970-01-01,50.74852,-114.49498
ABGP0001135,Suspended,APACHE VIRGINIA HILL,GP,Hope Creek,Paramount Resources Ltd.,100.0% - Paramount Resources Ltd.,1970-01-01,54.53969,-115.9262
ABGP0001136,Suspended,APACHE PROVOST,GP,Hamilton Lake,Karve Energy Inc.,100.0% - Karve Energy Inc.,1970-01-01,51.9811,-111.17471
ABGP0001137,Abandoned,JOFFRE 11-31-39-26W4,GP,Joffre,Canadian Natural Resources Limited,100.0% - Canadian Natural Resources Limited,,52.39913,-113.7383
ABGP0001138,Active,PENN WEST BIGORAY,GP,Bigoray,Obsidian Energy Ltd.,100.0% - Obsidian Energy Ltd.,1977-01-01,53.43065,-115.12218
ABGP0001139,Abandoned,MOBIL LONE PINE CREEK,GP,Lone Pine Creek,Exxonmobil Canada Energy,100.0% - Exxonmobil Canada Ltd.,1971-01-01,51.50876,-113.86968
ABGP0001140,Active,BAYTEX FERRYBANK PLANT,GP,Ferrybank,Baytex Energy Ltd.,100.0% - Baytex Energy Ltd.,,52.75422,-113.86452
ABGP0001141,Active,RAM RIVER 04-02-037-10W5,GP,Ram River,Tidewater Midstream And Infrastructure Ltd.,85.0% - Tidewater Midstream And Infrastructure Ltd.; 2.1% - Enerplus Resources Corporation; 3.0% - C Group Energy Inc.; 9.8% - Paramount Resources (Acl) Ltd.,1972-01-01,52.14626,-115.33134
ABGP0001143,Active,PSEC LEAFLAND 13-16 GP,GP,Leafland,Prairie Storm Energy Corp.,75.9% - Prairie Storm Energy Corp.,1971-01-01,52.44863,-114.67028
ABGP0001144,Active,SEMCAMS KAYBOB SOUTH #3,GP,Kaybob South 3,Energy Transfer Canada Ulc,85.0% - Energy Transfer Canada Ulc; 10.2% - Exxonmobil Canada Energy; 0.1% - Hamilton Brothers Canadian Gas Company Ltd.; 0.1% - Bp Canada Energy Company; 0.1% - Devon Canada Corporation; 0.1% - Conocophillips Canada Limited; 0.1% - Suncor Energy Inc.; 4.2% - Burlington Resources Canada Ltd.; 0.1% - Paramount Resources (Acl) Ltd.,1972-01-01,54.09609,-116.61698
ABGP0001145,Suspended,* IMPERIAL RAINBOW,GP,Rainbow,Husky Oil Operations Limited,100.0% - Husky Oil Operations Limited,,58.56702,-119.05673
ABGP0001147,Active,VERESEN HYTHE 11-18-074-12W6 GP,GP,Hythe,Veresen Midstream General Partner Inc.,100.0% - Veresen Midstream General Partner Inc.,1981-01-01,55.41237,-119.83645
ABGP0001148,Suspended,SAXON BIGORAY,GP,Bigoray,Obsidian Energy Ltd.,100.0% - Obsidian Energy Ltd.,,53.4197,-115.09146
ABGP0001149,Active,00/06-15-048-03W5 PEMBINA GP,GP,Warburg Keystone,Sinopec Daylight Energy Ltd.,100.0% - Sinopec Daylight Energy Ltd.,,53.13964,-114.35814
ABGP0001150,Active,CRESTAR LITTLE BOW,GP,Little Bow,Zargon Oil & Gas Ltd.,100.0% - Zargon Oil & Gas Ltd.,1981-01-01,50.2208,-112.44151
ABGP0001151,Suspended,RENAISSANCE HUSSAR 2-1,GP,Rosebud,Torxen Energy Ltd.,100.0% - Torxen Energy Ltd.,,51.27248,-112.82641
ABGP0001152,Suspended,ENCAL SIMONETTE,GP,Simonette,Spoke Resources Ltd.,100.0% - Spoke Resources Ltd.,,54.42332,-117.76062
ABGP0001153,Active,FERRYBANK 02-01 GAS PLANT,GP,Ferrybank,Bonavista Energy Corporation,52.0% - Bonavista Energy Corporation; 48.0% - Nal Resources Limited,1977-01-01,52.75804,-113.93103
ABGP0001154,Suspended,* ENCAL SYLVAN LAKE,GP,Sylvan Lake,Taqa North Ltd.,100.0% - Taqa North Ltd.,,52.24095,-114.20113
ABGP0001155,Abandoned,MOBIL RAINBOW,GP,Rainbow Lake Battery 10,Husky Oil Operations Limited,100.0% - Husky Oil Operations Limited,1969-01-01,58.53795,-118.90359
ABGP0001156,Suspended,PETRO-CAN MEDICINE RIVER,GP,Gilby,Obsidian Energy Ltd.,26.0% - Obsidian Energy Ltd.; 26.0% - Certus Oil And Gas Inc.; 23.6% - Keyera Energy Ltd.; 7.2% - Taqa North,1972-01-01,52.41211,-114.40632
ABGP0001157,Suspended,PENN WEST WOKING,GP,Penn West Woking,Kelt Exploration Ltd.,100.0% - Kelt Exploration Ltd.,,55.52872,-118.61131
ABGP0001158,Active,PENNWEST PEMBINA (SUB #1),GP,Pembina Pembalta Stn 1,Arc Resources Ltd.,82.8% - Arc Resources Ltd.; 10.1% - Bonterra Energy Corp.; 5.0% - Obsidian Energy Ltd.; 0.1% - Blaze Energy Ltd.,1958-01-01,53.17242,-114.88244
ABGP0001159,Active,BONTERRA 10-15 SWEET GAS PLANT STN 2,GP,Rose Creek Pembalta Stn 2,Bonterra Energy Corp.,28.1% - Obsidian Energy Ltd.; 38.9% - Bonterra Energy Corp.; 25.7% - Enerplus Corporation; 5.5% - Arc Resources Ltd.; 1.4% - Husky Oil Operations Limited; 0.5% - Freehold Resources Ltd.,1957-01-01,53.05605,-114.93738
ABGP0001160,Suspended,* MOBIL PEMBINA,GP,Pembina,Arc Resources Ltd.,100.0% - Arc Resources Ltd.,,53.23068,-115.10174
ABGP0001161,Active,MOBIL PEMBINA,GP,Pembalta 4,Arc Resources Ltd.,10.0% - Obsidian Energy Ltd.; 88.3% - Arc Resources Ltd.; 0.9% - Bonterra Energy Corp.; 0.8% - Blaze Energy Ltd.,1957-01-01,53.23068,-115.10174
ABGP0001162,Reclamation Exempt,* AMOCO PEMB (SUB #5),GP,Pemb Sub 5,Bp Canada Energy Group Ulc,100.0% - Arc Resources Ltd.,,53.11063,-115.0591
ABGP0001163,Suspended,SPECTRA GORDONDALE WEST GAS PLANT,GP,Gordondale West,Northriver Midstream Inc.,100.0% - Northriver Midstream Inc.,1981-01-01,55.8634,-119.58265
ABGP0001164,Active,AMOCO PEMBINA (SUB #7),GP,Pembina Pembalta Stn 7,Obsidian Energy Ltd.,0.7% - Taqa North Ltd.; 5.1% - Freehold Resources Ltd.; 83.5% - Obsidian Energy Ltd.; 4.5% - Bonterra Energy Corp.; 6.2% - Arc Resources Ltd.,1958-01-01,53.09238,-115.24178
ABGP0001165,Active,AMOCO PEMBINA (SUB #8),GP,Pembina Pembalta Stn 8,Obsidian Energy Ltd.,80.0% - Obsidian Energy Ltd.; 15.0% - Bonterra Energy Corp.,,53.19793,-115.29048
ABGP0001166,Abandoned,ATCO MIDSTREAM 4-20,GP,Cranberry,Atco Energy Solutions Ltd.,100.0% - Atco Energy Solutions Ltd.,,57.33902,-118.45755
ABGP0001167,Active,CRESTAR HUXLEY,GP,Huxley South,Pine Cliff Energy Ltd.,100.0% - Pine Cliff Energy Ltd.,1997-01-01,51.91662,-113.37392
ABGP0001168,Active,HEATHDALE 7-9-30-11W4 STANMORE,GP,Stanmore,Canadian Natural Resources Limited,75.0% - Canadian Natural Resources Limited; 20.0% - Pengrowth Energy Corporation,,51.55253,-111.49048
ABGP0001169,Active,DUNVEGAN 15-3-81-4W6,GP,Dunvegan,Canadian Natural Resources Limited,78.3% - Canadian Natural Resources Limited; 5.1% - Arc Resources Ltd.; 3.9% - Chair Resources Inc.; 1.0% - Signalta Resources Limited; 4.3% - Taqa North Ltd.; 0.9% - 119307 Alberta Corporation; 0.5% - 389592 Alberta Ltd.; 0.6% - Ardee Resources Ltd.; 0.7% - Cumulus Investments Ltd.; 1.6% - Prairie Birch Royalties Ltd.; 3.2% - W. F. Brown Exploration Ltd,1972-01-01,55.99805,-118.5323
ABGP0001170,Abandoned,* NAL RESOURCES JOFFRE,GP,Resources Joffre,Whitecap Resources Inc.,100.0% - Del Canada Gp Ltd.,,52.35915,-113.7082
ABGP0001171,Suspended,MICHICHI 4-8-31-18W4,GP,East Michichi,Canadian Natural Resources Limited,74.9% - Canadian Natural Resources Limited; 1.2% - Encana Corporation; 9.8% - Signalta Resources Limited; 8.4% - Sonde Resources Corp.; 4.7% - Centrica Canada Limited; 1.1% - Celtic Exploration Ulc,1982-01-01,51.63617,-112.52959
ABGP0001172,Active,STAR MIKWAN,GP,Arc Mikwan,Sun Century Petroleum Corporation,18.6% - Cansearch Resources Ltd.; 5.4% - Signalta Resources Limited; 3.6% - Conocophillips Canada Resources Corp.; 1.5% - Advantage Energy Ltd.; 9.1% - Pengrowth Energy Corporation; 54.0% - Sun Century Petroleum Corporation,1971-01-01,52.16661,-113.25196
ABGP0001173,Active,KEYERA RICINUS GAS PLANT 11-30,GP,Ricinus,Keyera Energy Ltd.,70.8% - Keyera Energy Ltd.; 28.7% - Taqa North Ltd.; 0.5% - Cenovus Energy Inc.,1967-01-01,52.03712,-115.13507
ABGP0001174,Active,PANCDN COUNTESS,GP,Countess,Torxen Energy Ltd.,100.0% - Torxen Energy Ltd.,1980-01-01,50.53749,-112.02929
ABGP0001175,Active,ARCHER BRUCE,GP,Bruce/West Holden,Sequoia Resources Corp.,100.0% - Sequoia Resources Corp.,,53.01979,-112.18785
ABGP0001176,Suspended,BONAVISTA ROCKYFORD,GP,Rockyford,Ovintiv Canada Ulc,100.0% - Lynx Energy Ulc,1975-01-01,51.23605,-113.08359
ABGP0001177,Active,PANCDN BASSANO,GP,Bassano Lathom,Torxen Energy Ltd.,100.0% - Torxen Energy Ltd.,1978-01-01,50.8432,-112.46013
ABGP0001178,Suspended,STANMORE 5-1-29-12W4,GP,Stanmore,Canadian Natural Resources Limited,75.5% - Canadian Natural Resources Limited; 24.5% - Nal Resources Limited,1976-01-01,51.45076,-111.57245
ABGP0001179,Abandoned,STROME 13-14-44-17W4,GP,Holmberg,Canadian Natural Resources Limited,100.0% - Canadian Natural Resources Limited,,52.79797,-112.37151
ABGP0001180,Suspended,BONAVISTA OYEN,GP,Oyen,Nuvista Energy Ltd.,100.0% - Nuvista Energy Ltd.,,51.51619,-110.45338
ABGP0001181,Active,CDN FOREST PENHOLD,GP,Penhold,Taqa North Ltd.,100.0% - Taqa North Ltd.,1973-01-01,52.123,-113.8467
ABGP0001182,Suspended,HANNA 08-25-031-14W4,GP,Hanna,Canadian Natural Resources Limited,0.0% - Arc Resources Ltd.; 0.0% - Cansearch Resources Ltd.; 0.0% - Pengrowth Corporation; 0.0% - Great Plains Exploration Inc.; 0.0% - Signalta Resources Limited; 0.0% - Advantage Energy Ltd.; 63.0% - Canadian Natural Resources Limited,,51.68357,-111.85078
ABGP0001183,Suspended,* SCEPTRE MATZIWIN,GP,Matziwin,Canadian Natural Resources Limited,100.0% - Canadian Natural Resources Limited,1975-01-01,50.94141,-111.8802
ABGP0001184,Active,KNOPCIK 9-10-74-11W6,GP,Knopcik,Canadian Natural Resources Limited,43.0% - Canadian Natural Resources Limited; 20.0% - Taqa North Ltd.; 10.0% - Repsol Oil & Gas Canada Inc.; 3.0% - Obsidian Energy Ltd.,,55.39775,-119.59308
ABGP0001185,Active,MARATHON BATTLE CR TWINING,GP,Twining Line 54,Ember Resources Inc.,25.0% - Bumper Development Corporation Ltd.; 75.0% - Ember Resources Inc.,1975-01-01,51.64337,-113.33256
ABGP0001186,Suspended,STAR SYLVAN LAKE,GP,Sylvan Lake,I3 Energy Canada Ltd.,100.0% - I3 Energy Canada Ltd.,1970-01-01,52.28815,-114.12402
ABGP0001187,Abandoned,BONAVISTA SIBBALD,GP,Sibbald,Nuvista Energy Ltd.,100.0% - Nuvista Energy Ltd.,,51.3598,-110.35358
ABGP0001188,Suspended,* NORCEN CORBETT,GP,Norcen Corbett,Canadian Natural Resources Limited,100.0% - Canadian Natural Resources Limited,,54.31031,-115.09841
ABGP0001189,Suspended,STORM SYLVAN LAKE,GP,Sylvan Lake,Whitecap Resources Inc.,100.0% - Whitecap Resources Inc.,1974-01-01,52.2154,-114.30807
ABGP0001190,Suspended,* TALISMAN PEMBINA,GP,Pembina,Repsol Oil & Gas Canada Inc.,100.0% - Repsol Oil & Gas Canada Inc.,,53.09232,-114.46171
ABGP0001191,Active,VISTA MIDSTREAM TURIN,GP,Turin,Campus Energy Partners Operations Inc.,26.7% - Graly Resources Ltd.; 72.3% - Campus Energy Partners Operations Inc.,1974-01-01,50.0133,-112.45846
ABGP0001192,Active,SWAN HILLS,GP,House Mountain,Cardinal Energy Ltd.,100.0% - Cardinal Energy Ltd.,1974-01-01,55.04142,-115.47913
ABGP0001193,Suspended,PENN WEST KILLAM,GP,Hardisty,Cleo Energy Corp.,100.0% - Cleo Energy Corp.,,52.6958,-111.19817
ABGP0001194,Suspended,PENN WEST SEDGEWICK,GP,Sedgewick,Cleo Energy Corp.,100.0% - Cleo Energy Corp.,,52.6106,-111.66919
ABGP0001195,Abandoned,LARIO CESSFORD,GP,Carolside,Husky Oil Operations Limited,50.0% - Lario Oil & Gas Company; 50.0% - Husky Oil Operations Limited,,51.18893,-111.64169
ABGP0001196,Suspended,NUL FAIRYDELL-BON ACCORD,GP,Fairydell Bon Accord,Atco Pipelines (North Tn8263923),100.0% - Atco Gas And Pipelines Ltd.,1981-01-01,53.85993,-113.38152
ABGP0001197,Suspended,NCE PETROFUND PROVOST,GP,Grays Lake,Obsidian Energy Ltd.,100.0% - Obsidian Energy Ltd.,1976-01-01,51.8255,-110.94687
ABGP0001198,Abandoned,MERIT LONG COULEE,GP,Merit Long Coulee,Sanling Energy Ltd.,100.0% - Sanling Energy Ltd.,,50.2865,-112.88254
ABGP0001199,Suspended,* NORCEN WHITECOURT,GP,Norcen Whitecourt,Canadian Natural Resources Limited,100.0% - Canadian Natural Resources Limited,,54.15418,-115.50467
ABGP0001200,Suspended,* AMOCO BRAEBURN,GP,Braeburn,Bp Canada Energy Group Ulc,100.0% - Canadian Natural Resources Limited,,55.69219,-119.52917
ABGP0001201,Active,AEC MCLEOD,GP,Mcleod River,Notine Holdings Inc.,100.0% - Notine Holdings Inc.,1980-01-01,53.7066,-115.97623
ABGP0001202,Suspended,KELT BOUNDARY LAKE SOUTH,GP,Neptune,Kelt Exploration Ltd.,100.0% - Kelt Exploration Ltd.,,56.46277,-119.90889
ABGP0001203,Suspended,HACKETT 11-20-35-17W4,GP,Gough Lake,Canadian Natural Resources Limited,100.0% - Canadian Natural Resources Limited,1975-01-01,52.02104,-112.40072
ABGP0001204,Suspended,ALTAGAS KILLAM,GP,Killam,Altagas Ltd.,100.0% - Altagas Ltd.,,52.61062,-111.83128
ABGP0001205,Suspended,* LANDBANK ALIX,GP,Landbank Alix,Landbank Minerals Ltd,100.0% - Landbank Minerals Ltd,,52.3705,-113.2826
ABGP0001206,Suspended,SUNCOR ROSEVEAR,GP,Suncor Rosevear,Bonavista Energy Corporation,100.0% - Bonavista Energy Corporation,,53.71379,-116.14234
ABGP0001207,Suspended,BEAU GILBY,GP,Gilby,Murphy Oil Company Ltd.,100.0% - Journey Energy Inc.,,52.45596,-114.23266
ABGP0001209,Suspended,* LOCHFAYNE CARSTAIRS,GP,Lochfayne Carstairs,Two Forty Engineering Ltd.,100.0% - Two Forty Engineering Ltd.,,51.56743,-114.15116
ABGP0001210,Suspended,DEVON WIMBORNE,GP,Wimborne North,Vantage Point Resources Inc.,100.0% - Vantage Point Resources Inc.,,51.98117,-113.67433
ABGP0001211,Active,ARCHER KILLAM,GP,Killam,Sequoia Resources Corp.,98.0% - Sequoia Resources Corp.,,52.7215,-111.50038
ABGP0001212,Suspended,* LINDSTROM SAMSON,GP,Lindstrom Samson,Lindstrom Resources Limited,100.0% - Lindstrom Resources Limited,,52.77969,-113.42949
ABGP0001213,Suspended,GARDEN PLAINS 5-15-33-13 GP,GP,Garden Plains,Baytex Energy Ltd.,50.0% - Baytex Energy Ltd.; 50.0% - Canadian Natural Resources Limited,,51.82908,-111.77379
ABGP0001214,Active,POCO PEMBINA,GP,Sunnybrook North,Petrus Resources Corp.,100.0% - Petrus Resources Corp.,1976-01-01,53.16136,-114.20602
ABGP0001215,Active,MANITOK CARSELAND 16-21 GAS PLANT,GP,Carseland,Persist Oil And Gas Inc.,100.0% - Persist Oil And Gas Inc.,1982-01-01,50.89069,-113.40116
ABGP0001216,Active,CONOCO MAJEAU LAKE,GP,Majeau Lake,Long Run Exploration Ltd.,100.0% - Long Run Exploration Ltd.,,53.92843,-114.37731
ABGP0001217,Suspended,CRESTAR LEAMAN,GP,Paddle River West,Cenovus Energy Inc.,100.0% - Cenovus Energy Inc.,,53.82655,-115.55303
ABGP0001218,Suspended,COASTAL SOUNDING,GP,Sounding,Coastal Resources Limited,65.0% - Coastal Resources Limited; 35.0% - Pengrowth Corporation,1986-01-01,51.59985,-111.23854
ABGP0001219,Suspended,APACHE ZAMA,GP,Zama A,Paramount Resources Ltd.,100.0% - Paramount Resources Ltd.,1965-01-01,59.06493,-118.87887
ABGP0001220,Active,APACHE NEVIS,GP,Nevis,Ember Resources Inc.,100.0% - Ember Resources Inc.,,52.51573,-113.16851
ABGP0001221,Active,STETTLER 06-19-039-19W4 GAS PLANT,GP,Leahurst,Baytex Energy Ltd.,75.0% - Baytex Energy Ltd.; 25.0% - Ember Resources Inc.,1996-01-01,52.36677,-112.73067
ABGP0001222,Active,CUTBANK 7-16-62-8W6,GP,Cutbank,Pembina Gas Services Ltd.,100.0% - Pembina Gas Services Ltd.,1982-01-01,54.36141,-119.1342
ABGP0001223,Suspended,* JAYCOR HERCULES,GP,Jaycor Hercules,Jaycor Resources Inc.,100.0% - Jaycor Resources Inc.,2007-01-01,53.44483,-113.3106
ABGP0001224,Suspended,CRESTAR MED RIVER,GP,Medicine River,Cenovus Energy Inc.,100.0% - Cenovus Energy Inc.,1974-01-01,52.26633,-114.51635
ABGP0001225,Active,TRI SEVEN JUDY CREEK,GP,Judy Creek,Crescent Point Energy Corp.,55.0% - Second Wave Petroleum Inc.; 45.0% - Crescent Point Energy Corp.,,54.46315,-115.36558
ABGP0001226,Active,HUSKY DAVEY LAKE 13-35,GP,Davey Lake,Vantage Point Resources Inc.,100.0% - Vantage Point Resources Inc.,1974-01-01,51.96344,-113.72821
ABGP0001227,Abandoned,OPAL GILBY,GP,Gilby,Whitecap Resources Inc.,100.0% - Certus Oil And Gas Inc.,,52.51776,-114.10683
ABGP0001228,Active,HUSKY GARRINGTON 16-21,GP,Netook,Response Energy Corporation,100.0% - Response Energy Corporation,,51.85138,-114.07574
ABGP0001229,Suspended,DEVON MARTEN HILLS,GP,Marten Hills Plant 2,Sequoia Resources Corp.,100.0% - Sequoia Resources Corp.,,55.44454,-113.81737
ABGP0001230,Suspended,ENERMARK BASHAW,GP,Bashaw,Ember Resources Inc.,100.0% - Ember Resources Inc.,1972-01-01,52.59905,-113.07875
ABGP0001231,Active,APACHE GARRINGTON,GP,Garrington,Bonavista Energy Corporation,25.7% - Petrofund Corp.; 10.0% - Viking Holdings Inc.; 2.5% - Addison Energy Inc.; 1.1% - Nal Resources Limited; 15.0% - Primewest Energy Inc.; 45.6% - Bonavista Energy Corporation,1976-01-01,51.89517,-114.40022
ABGP0001232,Suspended,APACHE PROVOST,GP,Choice,Karve Energy Inc.,94.0% - Battle River Energy Ltd.,,52.44676,-111.27331
ABGP0001233,Active,TWINING N 6-31-32-24W4,GP,Twining North Dup Line 44,Pine Cliff Energy Ltd.,100.0% - Pine Cliff Energy Ltd.,1972-01-01,51.78536,-113.39758
ABGP0001234,Suspended,BONAVISTA SEDALIA,GP,Sedalia,Bonavista Energy Corporation,100.0% - Nuvista Energy Ltd.,,51.56351,-110.57053
ABGP0001235,Suspended,* ENRON SWALWELL,GP,Enron Swalwell,Canadian Natural Resources Limited,100.0% - Ember Resources Inc.,,51.53056,-113.27785
ABGP0001236,Suspended,* BUMPER CARBON,GP,Bumper Carbon,Bumper Development Corporation Ltd.,100.0% - Lynx Energy Ulc,,51.45066,-113.16062
ABGP0001237,Suspended,SAMSON HUDSON,GP,Hudson,Nuvista Energy Ltd.,100.0% - Nuvista Energy Ltd.,,51.60706,-110.28319
ABGP0001238,Suspended,TALISMAN HOTCHKISS,GP,Hotchkiss,Repsol Oil & Gas Canada Inc.,100.0% - Repsol Oil & Gas Canada Inc.,,57.19366,-118.21169
ABGP0001239,Abandoned,SEDALIA 5-26-30-4W4,GP,Sedalia,Canadian Natural Resources Limited,85.0% - Canadian Natural Resources Limited; 15.0% - Nuvista Energy,1978-01-01,51.59628,-110.47069
ABGP0001240,Suspended,* RIFE FERINTOSH,GP,Ferintosh,Rife Resources Ltd.,100.0% - Rife Resources Ltd.,,52.77602,-112.90978
ABGP0001241,Suspended,* NORCEN LACOMBE,GP,Norcen Lacombe,Canadian Natural Resources Limited,100.0% - Canadian Natural Resources Limited,,52.4686,-113.68437
ABGP0001242,Active,BEI CHIP LAKE 10-29,GP,Chip Lake,West 5 Resources Inc.,100.0% - West 5 Resources Inc.,,53.60848,-115.43573
ABGP0001243,Suspended,HOTCHKISS 2-35-94-2W6,GP,Hotchkiss North,Canadian Natural Resources Limited,100.0% - Canadian Natural Resources Limited,1980-01-01,57.19365,-118.19853
ABGP0001244,Abandoned,THUNDER HOLMBERG,GP,Holmberg,Crimson Oil & Gas Ltd.,100.0% - Crimson Oil & Gas Ltd.,1997-01-01,52.79428,-112.55883
ABGP0001245,Suspended,PENN WEST TWINING,GP,Three Hills-Verger,Ovintiv Canada Ulc,100.0% - Ember Resources Inc.,,51.65805,-113.20868
ABGP0001246,Suspended,VERMILLION GILBY,GP,Gilby,Vermilion Energy Inc.,100.0% - Vermilion Energy Inc.,,52.48497,-114.3046
ABGP0001247,Suspended,TOM BROWN EDSON,GP,Tom Brown Edson,Ovintiv Canada Ulc,100.0% - Ovintiv Canada Ulc,,53.583,-116.55971
ABGP0001248,Suspended,HIGHLAND MORINVILLE,GP,Riviere Qui Barre,Maga Energy Ltd.,100.0% - Tidewater Midstream And Infrastructure Ltd.,1974-01-01,53.68161,-113.8212
ABGP0001249,Active,NORTHSTAR CYN-PEM,GP,Eta Lake,Vermilion Energy Inc.,73.9% - Vermilion Energy Inc.; 15.2% - Direct Energy Marketing Limited; 9.3% - Obsidian Energy Ltd.; 1.2% - Arc Resources Ltd.; 0.2% - Olympus Resources Ltd.; 0.2% - Heather Oil Ltd.,,53.38654,-115.60774
ABGP0001250,Suspended,* AMERADA GARRINGTON,GP,Amerada Garrington,177293 Canada Ltd.,100.0% - 177293 Canada Ltd.,,51.9279,-114.38855
ABGP0001251,Suspended,CABRE MARTEN HILLS,GP,Fawcett River East,Sequoia Resources Corp.,100.0% - Sequoia Resources Corp.,,55.42632,-113.50968
ABGP0001252,Active,NORCEN PROVOST,GP,Bodo,Goodland Energy Ltd.,100.0% - Goodland Energy Ltd.,1973-01-01,52.22844,-110.26991
ABGP0001253,Suspended,PNRC PROVOST,GP,Pnrc Provost,Taqa North Ltd.,100.0% - Taqa North Ltd.,,52.46859,-111.36921
ABGP0001254,Suspended,PETRO-CAN RICINUS,GP,Bearberry,Taqa North Ltd.,100.0% - Taqa North Ltd.,1991-01-01,51.87309,-114.99057
ABGP0001256,Active,PANCDN ALDERSON,GP,Alderson West,Torxen Energy Ltd.,100.0% - Torxen Energy Ltd.,1976-01-01,50.29005,-112.00649
ABGP0001257,Suspended,AEC ENCHANT (CANCELLED),GP,Aec Enchant,Torxen Energy Ltd.,100.0% - Torxen Energy Ltd.,,50.30453,-112.09803
ABGP0001259,Abandoned,* UNIVERSAL PROVOST,GP,Universal Provost,Primewest Energy Inc.,100.0% - Taqa North Ltd.,,51.81447,-111.13006
ABGP0001260,Suspended,WESTLOCK 13-24-60-26W4,GP,Westlock East,Canadian Natural Resources Limited,100.0% - Canadian Natural Resources Limited,1976-01-01,54.20842,-113.77224
ABGP0001261,Active,ENERMARK WILDMERE,GP,Gilt Edge,Enerplus Corporation,100.0% - Enerplus Corporation,,53.06505,-110.61137
ABGP0001262,Suspended,* AMOCO WINTERING HILLS,GP,Amoco Wintering Hills,Bp Canada Energy Group Ulc,100.0% - Bp Canada Energy Group Ulc,,50.98513,-112.11259
ABGP0001263,Suspended,DEVON FERRYBANK,GP,Ferrybank,Canadian Natural Resources Limited,100.0% - Canadian Natural Resources Limited,,52.83065,-113.91286
ABGP0001264,Suspended,* GULF BASHAW,GP,Gulf Bashaw,Gulf Canada Limited,100.0% - Gulf Canada Limited,,52.58829,-113.15676
ABGP0001265,Abandoned,RIO ALTO PECO,GP,Rio Alto Peco,Canadian Natural Resources Limited,100.0% - Canadian Natural Resources Limited,,53.17243,-116.25946
ABGP0001266,Suspended,ANTE CREEK 4-13-65-24W5,GP,Ante Creek,Canadian Natural Resources Limited,100.0% - Canadian Natural Resources Limited,,54.61983,-117.50191
ABGP0001267,Active,CRESTAR NITON,GP,Niton,Cenovus Energy Inc.,61.4% - Cenovus Energy Inc.; 8.2% - Arc Resources Ltd.; 0.6% - Harvard International Resources Ltd.; 7.9% - Lario Oil & Gas Company; 12.7% - Penn West Petroleum; 0.4% - Vision 2000 Exploration Ltd.; 1.1% - Bonavista Oil & Gas,1977-01-01,53.67021,-115.7616
ABGP0001268,Active,ROSEVEAR 16-11 GAS PLANT,GP,South Rosevear,Bonavista Energy Corporation,60.0% - Bonavista Energy Corporation; 15.0% - Sequoia Resources Corp.; 3.0% - Lexin Resources Ltd.; 22.0% - Canadian Natural Resources Limited,1979-01-01,53.65565,-116.09313
ABGP0001269,Suspended,SUN CENTURY BITTERN LAKE,GP,Bittern Lake,Sun Century Petroleum Corporation,100.0% - Sun Century Petroleum Corporation,1990-01-01,52.99804,-112.97011
ABGP0001270,Suspended,TALISMAN BLUEBERRY,GP,Blueberry,Repsol Oil & Gas Canada Inc.,100.0% - Spartan Delta Corp.,,56.11082,-119.03493
ABGP0001271,Suspended,CRESTAR PROVOST,GP,Crestar Provost,Conocophillips Canada Energy Partnership,100.0% - Battle River Energy Ltd.,,52.33036,-111.12946
ABGP0001272,Active,PENGROWTH  DRAIG HANNA,GP,Hanna,Alphabow Energy Ltd.,100.0% - Alphabow Energy Ltd.,1977-01-01,51.62537,-111.86242
ABGP0001273,Suspended,D ENERGY BASHAW 11-24-41-21W4,GP,Buffalo Lake,Ember Resources Inc.,89.0% - Ember Resources Inc.,1977-01-01,52.54537,-112.89882
ABGP0001274,Abandoned,BERRY 4-30-27-11W4,GP,Sceptre Berry,Canadian Natural Resources Limited,100.0% - Canadian Natural Resources Limited,,51.33065,-111.54901
ABGP0001275,Suspended,* ENCAL KILLAM,GP,Encal Killam,Taqa North Ltd.,100.0% - Taqa North Ltd.,,52.64701,-111.78915
ABGP0001276,Abandoned,MEYER 15-29-70-24W4,GP,Meyer Lake North,Canadian Natural Resources Limited,100.0% - Canadian Natural Resources Limited,1977-01-01,55.09492,-113.62508
ABGP0001277,Active,COMPTON HALKIRK,GP,Halkirk,Marlboro Energy Ltd.,100.0% - Marlboro Energy Ltd.,,52.30497,-112.2044
ABGP0001278,Suspended,JOFFRE 14-36-38-27W4,GP,Joffre,Canadian Natural Resources Limited,100.0% - Canadian Natural Resources Limited,1977-01-01,52.31573,-113.73347
ABGP0001279,Suspended,ARCHEAN KAYBOB SOUTH,GP,Kaybob South,Sinopec Daylight Energy Ltd.,100.0% - Sinopec Daylight Energy Ltd.,,54.2922,-116.91077
ABGP0001280,Active,BELLSHILL-03-28-041-12 W4M,GP,Bellshill Lake,Harvest Operations Corp.,100.0% - Harvest Operations Corp.,1950-01-01,52.55234,-111.67519
ABGP0001281,Active,KILLAM 04-05-044-09W4,GP,Hawkins,Canadian Natural Resources Limited,49.0% - Long Run Exploration Ltd.; 51.0% - Canadian Natural Resources Limited,1972-01-01,52.75795,-111.2827
ABGP0001282,Abandoned,APACHE RED WILLOW,GP,Red Willow,Karve Energy Inc.,100.0% - Karve Energy Inc.,,52.34478,-112.20311
ABGP0001283,Reclamation Certified,* WASCANA LEDUC-WOODBEND,GP,Wascana Leduc Woodbend,Cnooc Petroleum North America Ulc,100.0% - Cnooc Petroleum North America Ulc,,53.24143,-113.6316
ABGP0001284,Abandoned,* VINTAGE PROVOST,GP,Vintage Provost,Obsidian Energy Ltd.,100.0% - Obsidian Energy Ltd.,,52.14487,-111.75189
ABGP0001285,Active,APACHE PROVOST,GP,Castor East,Karve Energy Inc.,100.0% - Karve Energy Inc.,,52.23582,-111.78747
ABGP0001286,Reclamation Certified,* TALISMAN HOTCHKISS,GP,Hotchkiss,Repsol Oil & Gas Canada Inc.,100.0% - Repsol Oil & Gas Canada Inc.,,57.11003,-118.14486
ABGP0001287,Abandoned,STEELE 10-19-66-24W4,GP,Steele,Sinopec Daylight Energy Ltd.,100.0% - Canadian Natural Resources Limited,,54.7272,-113.61964
ABGP0001288,Suspended,* PHILLIPS POUCE COUPE,GP,Phillips Pouce Coupe,Phillips Petroleum Company Western Hemisphere,100.0% - Phillips Petroleum Company Western Hemisphere,,55.91796,-119.83718
ABGP0001289,Suspended,NCE FERRIER,GP,Ferrier,Obsidian Energy Ltd.,100.0% - Orlen Upstream Canada Ltd.,,52.36857,-115.1677
ABGP0001290,Active,CONOCO HOTCHKISS,GP,Lovett Creek 1,Direct Oil & Gas Inc.,100.0% - Direct Oil & Gas Inc.,1993-01-01,57.15374,-118.33272
ABGP0001291,Suspended,* CANTERRA OYEN,GP,Canterra Oyen,Canterra Energy Ltd.,100.0% - Canterra Energy Ltd.,,51.48346,-110.5352
ABGP0001292,Active,WAPITI 16-36-067-09W6,GP,South Wapiti,Canadian Natural Resources Limited,0.2% - Chair Resources Inc.; 0.3% - Superman Resources Inc.; 1.4% - Husky Oil Operations Limited; 3.7% - Nuvista Energy; 4.8% - Omers Energy Inc.; 0.0% - Dorchester Energy Inc.; 24.8% - Conocophillips Canada (Brc) Partnership; 1.4% - Reserve Royalty; 0.4% - Shanghai Energy Corporation; 62.9% - Canadian Natural Resources Limited,1982-01-01,54.84871,-119.22427
ABGP0001293,Active,BIG BEND 13-36-66-27W4,GP,Big Bend,Canadian Natural Resources Limited,100.0% - Canadian Natural Resources Limited,1978-01-01,54.76011,-113.95977
ABGP0001294,Suspended,* NEW JORDAN RED WILLOW,GP,New Jordan Red Willow,Primewest Energy Inc.,100.0% - Primewest Energy Inc.,,52.45397,-112.27507
ABGP0001295,Active,APACHE LEAHURST,GP,Leahurst,Avila Exploration & Development Canada Ltd.,100.0% - Avila Exploration & Development Canada Ltd.,,52.44665,-112.58102
ABGP0001296,Active,TEEPEE CREEK 07-02-074-04W6,GP,Teepee Creek,Canadian Natural Resources Limited,94.5% - Canadian Natural Resources Limited,1977-01-01,55.37972,-118.49694
ABGP0001297,Abandoned,PENN WEST AMISK,GP,Amisk,Cleo Energy Corp.,100.0% - Cleo Energy Corp.,,52.53765,-111.0637
ABGP0001298,Active,APACHE PROVOST,GP,Provost East,Karve Energy Inc.,100.0% - Karve Energy Inc.,1977-01-01,52.20311,-110.28167
ABGP0001299,Active,BAYTEX TWINING,GP,Twining North,Barnwell Of Canada; Limited,100.0% - Barnwell Of Canada  Limited,1977-01-01,51.79641,-113.45064
ABGP0001300,Abandoned,GULF SUNNYNOOK,GP,Sunnynook,Gulf Canada Limited,100.0% - Alphabow Energy Ltd.,,51.25071,-111.43229
ABGP0001301,Suspended,DANOIL JUDY CREEK,GP,Judy Creek,Razor Energy Corp.,100.0% - Razor Energy Corp.,,54.4596,-115.59236
ABGP0001303,Suspended,* SOLEX HARO,GP,Solex Haro,625894 Alberta Inc.,100.0% - Sanling Energy Ltd.,,58.23313,-118.78421
ABGP0001304,Suspended,* SOLEX HARO,GP,Solex Haro,625894 Alberta Inc.,100.0% - Obsidian Energy Ltd.,,58.07313,-118.76341
ABGP0001305,Suspended,GENESIS BAPTISTE,GP,Island Lake,Sinopec Daylight Energy Ltd.,100.0% - Sinopec Daylight Energy Ltd.,1977-01-01,54.88401,-113.49181
ABGP0001306,Abandoned,BIG BEND 5-14-67-2W5,GP,Tieland,Canadian Natural Resources Limited,100.0% - Canadian Natural Resources Limited,,54.79791,-114.20206
ABGP0001307,Suspended,ALTAGAS FERRYBANK,GP,Ferrybank,Altagas Ltd.,100.0% - Altagas Ltd.,,52.8706,-113.81613
ABGP0001308,Suspended,GULF WILDUNN,GP,Richdale,Conocophillips Canada Resources Corp.,96.0% - Canadian Natural Resources Limited,,51.55253,-111.63117
ABGP0001309,Abandoned,DEVON TANGENT,GP,Tangent,Canadian Natural Resources Limited,100.0% - Canadian Natural Resources Limited,,55.95419,-117.71089
ABGP0001310,Abandoned,MARATHON CESSFORD,GP,Marathon Cessford,Husky Oil Operations Limited,100.0% - Canadian Natural Resources Limited,,51.20698,-111.9964
ABGP0001311,Suspended,CONNORSVILLE 9-32-25-15W4,GP,Connorsville,Canadian Natural Resources Limited,100.0% - Canadian Natural Resources Limited,1977-01-01,51.17783,-112.05466
ABGP0001312,Suspended,SAMSON RAINBOW,GP,Basset Lake,Sanling Energy Ltd.,100.0% - Sanling Energy Ltd.,1979-01-01,58.36709,-118.98728
ABGP0001313,Suspended,* PENNZOIL STURGEON LAKE,GP,Pennzoil Sturgeon Lake,Conocophillips Canada Resources Corp.,100.0% - Serinus Energy Inc.,,55.05213,-117.46839
ABGP0001314,Abandoned,CELSIUS HANNA,GP,Celsius Hanna,Enerplus Corporation,100.0% - Canadian Natural Resources Limited,,51.69442,-111.8566
ABGP0001315,Active,VERMILLION MIKWAN,GP,Mikwan,Vermilion Energy Inc.,65.7% - Vermilion Energy Inc.; 13.2% - Canetic Abc Acquisitionco Ltd.; 11.3% - Penn West Ptf Energy Ltd.; 5.1% - Regent Resources Ltd.,,52.18125,-113.07947
ABGP0001316,Active,TALISMAN GEORGE,GP,George,Spartan Delta Corp.,100.0% - Spartan Delta Corp.,1978-01-01,56.0961,-118.76076
ABGP0001317,Suspended,OPAL CLIVE,GP,Clive Refrigeration,Ember Resources Inc.,100.0% - Ember Resources Inc.,1988-01-01,52.45405,-113.33038
ABGP0001318,Suspended,* IMPERIAL PROVOST,GP,Provost,Imperial Oil Resources Limited,100.0% - Imperial Oil Resources Limited,,52.23219,-111.78748
ABGP0001319,Suspended,D ENERGY ABEE 1-32-61-22W4,GP,Abee,Canlin Resources Partnership,,1976-01-01,54.31408,-113.25368
ABGP0001320,Suspended,RANGER HUSSAR,GP,Crawling Valley,Torxen Energy Ltd.,78.0% - Torxen Energy Ltd.; 22.0% - Canadian Natural Resources Limited,,50.99965,-112.46135
ABGP0001321,Abandoned,* IMPERIAL PEMBINA (KNOBHILL),GP,Pembina,Imperial Oil Resources Limited,100.0% - Imperial Oil Resources Limited,,52.97625,-114.18614
ABGP0001322,Suspended,JOSEPHINE 9-1-83-10W6,GP,Josephine,Canadian Natural Resources Limited,62.0% - Canadian Natural Resources Limited; 38.4% - Spyglass Resources Corp.,1973-01-01,56.16918,-119.42774
ABGP0001323,Suspended,HUSKY STEELE 14-34,GP,Steele Lake,Husky Oil Operations Limited,100.0% - Sequoia Resources Corp.,,54.67324,-113.55065
ABGP0001324,Suspended,* TALISMAN SUNDANCE,GP,Sundance,Repsol Oil & Gas Canada Inc.,100.0% - Repsol Oil & Gas Canada Inc.,,53.69209,-116.9646
ABGP0001325,Suspended,* ARCHER INLAND,GP,Archer Inland,1333002 Alberta Ltd.,100.0% - 1333002 Alberta Ltd.,,53.42693,-112.08764
ABGP0001326,Active,SEMCAMS ULC WEST FOX CREEK 11-22,GP,Fox Creek West,Energy Transfer Canada Ulc,75.6% - Energy Transfer Canada Ulc; 13.9% - Taqa North Ltd.; 10.4% - Talisman Energy Inc.; 0.1% - Paramount Resources (Acl) Ltd.,1979-01-01,54.20495,-116.76697
ABGP0001327,Suspended,GLENCOE CHIGWELL,GP,Chigwell,Glencoe Resources Ltd.,100.0% - Glencoe Resources Ltd.,1986-01-01,52.54125,-113.52829
ABGP0001328,Suspended,CRESTAR NITON WEST,GP,Niton West,Cenovus Energy Inc.,100.0% - Cenovus Energy Inc.,,53.75388,-115.86891
ABGP0001329,Suspended,* PANCDN ENTICE,GP,Entice Phase 1,Ovintiv Canada Ulc,100.0% - Ember Resources Inc.,,51.38143,-113.2252
ABGP0001330,Abandoned,BAPTISTE LAKE 5-28-67-22W4,GP,Baptiste,Canadian Natural Resources Limited,100.0% - Canadian Natural Resources Limited,,54.8258,-113.30723
ABGP0001331,Suspended,ALTAGAS ACADIA,GP,Acadia Valley,Altagas Ltd.,100.0% - Altagas Ltd.,1979-01-01,51.21041,-110.16472
ABGP0001332,Suspended,GULF DOBSON,GP,Dobson,Conocophillips Canada Resources Corp.,100.0% - Canadian Natural Resources Limited,,51.49435,-111.20345
ABGP0001333,Suspended,PENN WEST JOFFRE,GP,Joffre,Desoto Resources Limited,100.0% - Desoto Resources Limited,,52.2576,-113.43644
ABGP0001334,Suspended,PENN WEST PROVOST,GP,Monitor,Karve Energy Inc.,100.0% - Karve Energy Inc.,1970-01-01,51.97043,-110.63299
ABGP0001335,Active,DEVON CLOVER 9-34 PLANT #1,GP,Devon Clover Plant 1,Paramount Resources Ltd.,22.2% - Outlier Resources Ltd.; 45.3% - Canadian Natural Resources Limited; 12.2% - Adeco Exploration Company Ltd.; 9.9% - Sinopec Daylight Energy Ltd.; 10.4% - Paramount Resources Ltd.,,54.23406,-116.60467
ABGP0001336,Suspended,TARRAGON GHOST PINE,GP,Ghost Pine,Canadian Natural Resources Limited,100.0% - Canadian Natural Resources Limited,,51.71635,-113.20281
ABGP0001337,Suspended,CRESTAR GOODWIN,GP,Crestar Goodwin,Cenovus Energy Inc.,100.0% - Cenovus Energy Inc.,,54.14679,-115.81082
ABGP0001338,Suspended,ENERMARK VALHALLA,GP,Valhalla,Enerplus Corporation,29.0% - Longshore Resources Ltd.,1983-01-01,55.49961,-119.50961
ABGP0001339,Active,GULF BERRY,GP,Berry,Fairwest Energy Corporation,100.0% - Fairwest Energy Corporation,1975-01-01,51.31961,-111.68377
ABGP0001340,Active,STELLARTON EDSON,GP,Edson,Long Run Exploration Ltd.,100.0% - Long Run Exploration Ltd.,1981-01-01,53.65945,-116.65787
ABGP0001341,Abandoned,* AMOCO KAYBOB SOUTH,GP,Kaybob South,Bp Canada Energy Group Ulc,100.0% - Paramount Resources Ltd.,,54.32877,-117.07955
ABGP0001343,Active,GOODFARE 04-19-072-11W6 GAS PLANT,GP,Goodfare,Tidewater Midstream And Infrastructure Ltd.,76.1% - Cenovus Energy Inc.; 4.8% - Shield Energy Ltd.; 19.1% - Tidewater Midstream And Infrastructure Ltd.,1979-01-01,55.2451,-119.68898
ABGP0001344,Active,EMBER ENTICE 01-24-028-24W4,GP,Entice Phase 2,Ember Resources Inc.,100.0% - Ember Resources Inc.,,51.4033,-113.24283
ABGP0001345,Suspended,RICH 1-19-35-21W4,GP,Rich,Canadian Natural Resources Limited,100.0% - Canadian Natural Resources Limited,,52.01383,-112.98437
ABGP0001346,Suspended,ANTE CREEK 10-18-65-23W5,GP,Ante Creek,Canadian Natural Resources Limited,100.0% - Canadian Natural Resources Limited,,54.62699,-117.46434
ABGP0001347,Abandoned,* CHAUVCO PROVOST,GP,Chauvco Provost,Taqa North Ltd.,100.0% - Taqa North Ltd.,,52.35576,-110.90771
ABGP0001348,Suspended,CDN CONQUEST RICH,GP,Cdn Conquest Rich,Primewest Energy Inc.,100.0% - 2234873 Alberta Ltd.,,52.02442,-112.91315
ABGP0001350,Active,ELMWORTH  4-8-70-11W6,GP,Elmworth Shallow Cut,Cenovus Energy Inc.,100.0% - Cenovus Energy Inc.,1979-01-01,55.0415,-119.63099
ABGP0001351,Active,ELMWORTH 4-8-69-8W6,GP,Wapiti,Canadian Natural Resources Limited,25.5% - Conocophillips Canada Limited; 0.7% - Husky Oil Operations Limited; 2.2% - Nuvista Energy; 2.2% - Omers Energy Inc.; 0.2% - Superman Resources Inc.; 1.2% - Progress Exploration Ltd.; 0.9% - Distinction Energy Corp.; 0.5% - Chair Resources Inc.; 63.4% - Canadian Natural Resources Limited; 0.1% - Dorchester Energy Inc.; 3.1% - Reserve Royalty,1985-01-01,54.95425,-119.19223
ABGP0001352,Suspended,BIG BEND 2-7-67-26W4,GP,Big Bend,Canadian Natural Resources Limited,100.0% - Canadian Natural Resources Limited,,54.77845,-113.95555
ABGP0001353,Active,IMPERIAL FERRIER,GP,Everdell,Whitecap Resources Inc.,100.0% - Whitecap Resources Inc.,,52.28812,-114.9687
ABGP0001354,Suspended,MIRAGE 10-2-79-8W6,GP,Mirage,Canadian Natural Resources Limited,100.0% - Canadian Natural Resources Limited,,55.81983,-119.13263
ABGP0001355,Suspended,DEVON EAGLESHAM,GP,Eaglesham West,Canadian Natural Resources Limited,100.0% - Canadian Natural Resources Limited,,55.67053,-117.9033
ABGP0001356,Suspended,APACHE PROVOST,GP,Provost,Karve Energy Inc.,100.0% - Karve Energy Inc.,,52.45761,-111.23745
ABGP0001357,Suspended,KEYERA BIGORAY PLANT 10-07-051-09W5,GP,Bigoray,Keyera Energy Ltd.,100.0% - Keyera Energy Ltd.,,53.39017,-115.31296
ABGP0001358,Suspended,TARRAGON WINTERING HILLS,GP,Wintering Hills,Canadian Natural Resources Limited,100.0% - Canadian Natural Resources Limited,,51.03598,-112.21745
ABGP0001359,Suspended,CYN-PEM 9-16-51-11W5,GP,Cyn-Pem,Canadian Natural Resources Limited,100.0% - Vermilion Energy Inc.,,53.40482,-115.5525
ABGP0001360,Active,PETRO-CAN HANLAN,GP,Hanlan Robb,Canlin Resources Partnership,,1983-01-01,53.2051,-116.81395
ABGP0001361,Suspended,ENERMARK KAYBOB,GP,Kaybob,Enerplus Corporation,85.0% - Enerplus Corporation,1990-01-01,54.49611,-116.73896
ABGP0001362,Suspended,* PANCDN VERGER,GP,Pancdn Verger,Cenovus Energy Inc.,100.0% - Cenovus Energy Inc.,,50.89782,-112.11386
ABGP0001363,Suspended,DUHAMEL 3-32-45-21W5,GP,Duhamel,Canadian Natural Resources Limited,100.0% - Canadian Natural Resources Limited,,52.91796,-113.01851
ABGP0001364,Suspended,TALISMAN SHANE,GP,Shane,Hanna Oil & Gas Company - Canada Ulc,83.3% - Hanna Oil & Gas Company - Canada Ulc; 2.6% - Signalta Resources Limited; 14.1% - Manitok Energy Inc.,,55.7577,-118.29484
ABGP0001365,Suspended,SIGNALTA FORESTBURG,GP,Forestburg,Signalta Resources Limited,100.0% - Signalta Resources Limited,1984-01-01,52.62149,-112.20891
ABGP0001366,Suspended,* CRESTAR PROVOST,GP,Crestar Provost,Conocophillips Canada Energy Partnership,100.0% - Conocophillips Canada Energy Partnership,,51.82173,-111.08862
ABGP0001367,Suspended,* PANCDN MORLEY,GP,Pancdn Morley,Ovintiv Canada Ulc,100.0% - Ovintiv Canada Ulc,,51.19249,-114.86494
ABGP0001368,Active,ARGONAUTS THORSBY,GP,Thorsby,Petrus Resources Corp.,100.0% - Petrus Resources Corp.,1982-01-01,53.19787,-114.09619
ABGP0001369,Abandoned,JOARCAM 7-14-50-22W4,GP,Joarcam,Canadian Natural Resources Limited,100.0% - Canadian Natural Resources Limited,,53.31414,-113.10809
ABGP0001370,Active,KEYERA BRAZ NORTH PLT 16-35-48-12W5,GP,North Brazeau,Keyera Energy Ltd.,100.0% - Keyera Energy Ltd.,,53.19052,-115.63812
ABGP0001371,Suspended,* NORCEN GIROUX LAKE,GP,Norcen Giroux Lake,Canadian Natural Resources Limited,100.0% - Canadian Natural Resources Limited,,54.69975,-117.21169
ABGP0001372,Suspended,* PETRO-CAN BRAZEAU RIVER,GP,Brazeau River,Tidewater Midstream And Infrastructure Ltd.,100.0% - Tidewater Midstream And Infrastructure Ltd.,,53.17965,-115.7536
ABGP0001373,Abandoned,ASCOT WATELET,GP,Ascot Watelet,Obsidian Energy Ltd.,,,53.05241,-113.69257
ABGP0001374,Suspended,AMOCO CAROLINE N,GP,Caroline North,Bonavista Energy Corporation,100.0% - Bonavista Energy Corporation,,51.98623,-114.74246
ABGP0001375,Suspended,* AMOCO BRAZEAU RIVER,GP,Brazeau River,Bp Canada Energy Group Ulc,100.0% - Bp Canada Energy Group Ulc,,53.0198,-115.75364
ABGP0001376,Suspended,ALTAGAS ALDER FLATS,GP,Pembina,Tidewater Midstream And Infrastructure Ltd.,100.0% - Tidewater Midstream And Infrastructure Ltd.,,52.91075,-115.1712
ABGP0001377,Active,GULF MED RIVER,GP,Medicine River,Cenovus Energy Inc.,100.0% - Cenovus Energy Inc.,1979-01-01,52.3577,-114.32244
ABGP0001378,Suspended,* IMPERIAL PROVOST,GP,Provost,Imperial Oil Resources Limited,100.0% - Imperial Oil Resources Limited,,52.45393,-111.40536
ABGP0001379,Active,FERRIER 1-34-40-9W5,GP,Ferrier,Canadian Natural Resources Limited,100.0% - Canadian Natural Resources Limited,1980-01-01,52.48135,-115.20392
ABGP0001380,Active,CHINCHAGA 1-24-96-5W6,GP,Cranberry,Canadian Natural Resources Limited,100.0% - Canadian Natural Resources Limited,,57.339,-118.6543
ABGP0001381,Active,HIGHVALE GAS PLANT 10-04,GP,Highvale,New Star Energy Ltd.,100.0% - New Star Energy Ltd.,1980-01-01,53.376,-114.52716
ABGP0001382,Suspended,COMPTON BIGORAY GAS PLANT,GP,Compton Bigoray,Lexin Resources Ltd.,100.0% - Tallgrass Energy Corp.,,53.39022,-115.28229
ABGP0001383,Active,VALLHALA 1-29-75-9W6,GP,Valhalla,Canadian Natural Resources Limited,5.5% - Encana Corporation; 0.5% - Doag Energy Ltd.; 32.8% - Trilogy Resources Ltd.; 0.3% - Kelt Exploration Ltd.; 0.6% - Longshore Resources Ltd.; 37.2% - Canadian Natural Resources Limited; 9.6% - Whitecap Resources Inc.; 0.7% - Surge Energy Inc.; 12.8% - Husky Oil Operations Limited,,55.52145,-119.34814
ABGP0001384,Suspended,* CDN SUP KILLAM,GP,Cdn Sup Killam,Exxonmobil Resources Ltd.,100.0% - Exxonmobil Resources Ltd.,,52.7907,-111.77274
ABGP0001385,Suspended,VIRIDIAN CAMPBELL-NAMAO,GP,Viridian Campbell Namao,Agrium Inc.,100.0% - Agrium Inc.,,53.65601,-113.56257
ABGP0001386,Active,AMOCO WILLESDEN GREEN,GP,Crimson Lake,Obsidian Energy Ltd.,100.0% - Obsidian Energy Ltd.,1980-01-01,52.6523,-115.07786
ABGP0001387,Active,SEIU LAKE 14-12-26-19W4,GP,Sieu Lake,Canadian Natural Resources Limited,100.0% - Canadian Natural Resources Limited,,51.21063,-112.53117
ABGP0001389,Suspended,* RANGER LEAHURST,GP,Ranger Leahurst,Canadian Natural Resources Limited,100.0% - Ember Resources Inc.,,52.35227,-112.68275
ABGP0001390,Abandoned,ESTHER 6-9-31-1W4,GP,Esther,Canadian Natural Resources Limited,100.0% - Canadian Natural Resources Limited,,51.63988,-110.0906
ABGP0001391,Abandoned,ATCO MIDSTREAM PEMBINA CRANBERRY,GP,Slave Point,Atco Energy Solutions Ltd.,100.0% - Atco Energy Solutions Ltd.,,57.33902,-118.45755
ABGP0001392,Active,CONOCO PECO,GP,Peco,Cenovus Energy Inc.,100.0% - Cenovus Energy Inc.,,53.20152,-116.21667
ABGP0001393,Suspended,* POCO REDWATER,GP,Poco Redwater,Conocophillips Canada Resources Corp.,100.0% - Conocophillips Canada Resources Corp.,,53.7508,-112.72465
ABGP0001394,Active,D ENERGY CARROT CREEK 10-16-53-13W5,GP,Carrot Creek,Vermilion Energy Inc.,100.0% - Vermilion Energy Inc.,,53.57939,-115.85348
ABGP0001396,Suspended,BORDER MIDSTREAM GLADYS,GP,Gladys,Lexin Resources Ltd.,100.0% - Lexin Resources Ltd.,,50.69418,-113.66633
ABGP0001397,Active,CALLING LAKE S 1-20-70-22W4,GP,Calling Lake South,Canadian Natural Resources Limited,100.0% - Canadian Natural Resources Limited,1978-01-01,55.06939,-113.31382
ABGP0001398,Suspended,ANADARKO BEAVERHILL LAKE,GP,Anadarko Beaverhill Lake,Canadian Natural Resources Limited,100.0% - Canadian Natural Resources Limited,,53.48511,-112.62836
ABGP0001399,Abandoned,IMPERIAL WILSON CREEK,GP,Wilson Creek,I3 Energy Canada Ltd.,100.0% - I3 Energy Canada Ltd.,,52.66337,-114.63473
ABGP0001400,Suspended,* CLEARPORT GUNN,GP,Clearport Gunn,Clearport Holdings Ltd,100.0% - Clearport Holdings Ltd,,53.74278,-114.41355
ABGP0001401,Active,OPAL REDWATER 1-25-57-23 GP,GP,Opal,Baytex Energy Ltd.,100.0% - Baytex Energy Ltd.,1981-01-01,53.95095,-113.27638
ABGP0001402,Active,KEYERA PEMBINA GAS PLANT 11-22,GP,North Pembina,Keyera Energy Ltd.,100.0% - Keyera Energy Ltd.,1981-01-01,53.24511,-115.67457
ABGP0001403,Suspended,TONY CREEK NORTH 7-16-64-21W5,GP,Waskahigan,Canadian Natural Resources Limited,100.0% - Canadian Natural Resources Limited,,54.53626,-117.11086
ABGP0001404,Suspended,EAGLESHAM SOUTH 2-24-77-25W5,GP,Eaglesham South,Canadian Natural Resources Limited,100.0% - Canadian Natural Resources Limited,,55.66695,-117.76159
ABGP0001405,Suspended,* TALISMAN SUNDANCE,GP,Old Man,Repsol Oil & Gas Canada Inc.,100.0% - Repsol Oil & Gas Canada Inc.,,53.64835,-117.03236
ABGP0001406,Abandoned,ALBERTA SELECTA CORP. SEDGEWICK,GP,Bellshill Lake,Ovintiv Canada Ulc,100.0% - Ovintiv Canada Ulc,,52.6288,-111.66922
ABGP0001407,Suspended,AAV JOFFRE 13-12-038-27W4 GP,GP,Joffre,Advantage Energy Ltd.,54.7% - Advantage Energy Ltd.; 40.8% - Obsidian Energy Ltd.; 0.8% - Bonavista Energy Lp; 0.8% - Signalta Resources Limited; 2.4% - Devon Canada Corporation,1981-01-01,52.2575,-113.73949
ABGP0001408,Suspended,DEVON LEO,GP,Leo,Canadian Natural Resources Limited,100.0% - Canadian Natural Resources Limited,,52.11196,-112.3055
ABGP0001409,Suspended,* PANCDN BASHAW,GP,Pancdn Bashaw,Ovintiv Canada Ulc,100.0% - Ovintiv Canada Ulc,,52.64708,-112.89842
ABGP0001410,Suspended,* ENRON BLACKFOOT,GP,Enron Blackfoot,Lynx Energy Ulc,100.0% - Lynx Energy Ulc,,50.8944,-113.03709
ABGP0001411,Suspended,PARAMOUNT SALESKI,GP,Saleski,Sequoia Resources Corp.,100.0% - Sequoia Resources Corp.,1982-01-01,56.49893,-112.85353
ABGP0001412,Active,ENDIANG 6-28-34-15W4,GP,Spiers,Canadian Natural Resources Limited,86.5% - Canadian Natural Resources Limited,1981-01-01,51.94548,-112.07497
ABGP0001413,Active,SUCCESS BERRY GAS PLANT,GP,Berry,Success Resources Ltd.,100.0% - Success Resources Ltd.,1983-01-01,51.27252,-111.77171
ABGP0001414,Active,CAMPUS PARKLAND,GP,Parkland,Campus Energy Partners Operations Inc.,100.0% - Campus Energy Partners Operations Inc.,1983-01-01,50.2426,-113.60711
ABGP0001415,Abandoned,* CIMARRON MANYBERRIES,GP,Manyberries,Hunt Oil Company Of Canada; Inc.,100.0% - Cenovus Energy Inc.,,49.47044,-110.80455
ABGP0001416,Suspended,* ROAN MED HAT,GP,Roan Med Hat,7246366 Canada Ltd.,100.0% - Ovintiv Canada Ulc,,49.71864,-110.73571
ABGP0001417,Active,GALLOWAY 14-14-53-20W5,GP,Galloway,Canadian Natural Resources Limited,100.0% - Canadian Natural Resources Limited,,53.58303,-116.84201
ABGP0001418,Active,ANTE CREEK 10-4-66-23W5,GP,Dunvegan,Canadian Natural Resources Limited,100.0% - Canadian Natural Resources Limited,,54.68518,-117.41393
ABGP0001419,Active,KILLAM N 04-05-045-12W4 GAS PLANT,GP,Killam North,Axiom Oil And Gas Inc.,20.0% - Long Run Exploration Ltd.; 20.0% - Altagas Ltd.; 60.0% - Axiom Oil And Gas Inc.,1973-01-01,52.84523,-111.7181
ABGP0001420,Suspended,* STEALTH BIG COULEE,GP,Stealth Big Coulee,Encana Corporation,100.0% - Encana Corporation,,54.81483,-113.54907
ABGP0001421,Abandoned,BONAVISTA BLOOD,GP,Magrath,Tamarack Acquisition Corp.,100.0% - Tamarack Acquisition Corp.,,49.45587,-112.92824
ABGP0001422,Suspended,* CHEVRON HOUSE,GP,House,Chevron Canada Limited,100.0% - Canadian Natural Resources Limited,,56.08433,-112.51474
ABGP0001423,Active,STAR SWAN HILLS,GP,House Mountain,Acquisition Oil Corp.,100.0% - Acquisition Oil Corp.,,55.0051,-115.45999
ABGP0001424,Active,BOUNDARY LAKE CENTRAL 10-33 PLANT,GP,Hill,Enercapita Energy Ltd.,100.0% - Enercapita Energy Ltd.,1982-01-01,56.41539,-119.67162
ABGP0001425,Active,PENGROWTH MKWAN 102/09-21-038-23W4,GP,Ardley,Alphabow Energy Ltd.,100.0% - Alphabow Energy Ltd.,,52.28312,-113.22236
ABGP0001426,Active,SHININGBANK BERRYMOOR PEMBINA,GP,Berrymoor,Arc Resources Ltd.,98.4% - Arc Resources Ltd.; 0.9% - Freehold Resources Ltd.; 0.2% - Obsidian Energy Ltd.,,53.27418,-114.72386
ABGP0001427,Suspended,KEYERA CHINCHAGA NORTH 05-32-98-7W6,GP,Chinchaga North,Keyera Energy Ltd.,100.0% - Keyera Energy Ltd.,1983-01-01,57.54618,-119.10769
ABGP0001428,Abandoned,STAR BOUNDARY LAKE SOUTH,GP,Star Boundary Lake South,Enercapita Energy Ltd.,100.0% - Enercapita Energy Ltd.,,56.26998,-119.80348
ABGP0001429,Active,TARRAGON SWALWELL,GP,Swalwell,Ember Resources Inc.,25.0% - Bumper Development Corporation Ltd.; 75.0% - Ember Resources Inc.,1980-01-01,51.53056,-113.27785
ABGP0001430,Suspended,* TARRAGON TWINING,GP,Twining,Husky Oil Operations Limited,100.0% - Tidewater Midstream And Infrastructure Ltd.,,52.80444,-112.19595
ABGP0001431,Suspended,C STAR SULLIVAN LAKE,GP,C Star Sullivan Lake,Arc Resources Ltd.,100.0% - Arc Resources Ltd.,,52.02839,-111.86504
ABGP0001432,Suspended,* CABRE STROM,GP,Cabre Strom,Enermark Inc.,100.0% - Tidewater Midstream And Infrastructure Ltd.,,52.80444,-112.19595
ABGP0001433,Suspended,DONNELLY 6-1-77-21W5,GP,Girouxville Kenzie,Long Run Exploration Ltd.,100.0% - Long Run Exploration Ltd.,2006-01-01,55.64146,-117.1216
ABGP0001434,Active,PANCDN HUSSAR,GP,Crowfoot,Lynx Energy Ulc,100.0% - Lynx Energy Ulc,1983-01-01,51.02146,-112.94975
ABGP0001435,Abandoned,* PENNZOIL ROXANA,GP,Pennzoil Roxana,625894 Alberta Inc.,100.0% - Obsidian Energy Ltd.,,55.79054,-116.8565
ABGP0001436,Abandoned,CONOCO JOARVIE,GP,Jarvie,Paramount Resources Ltd.,84.0% - Paramount Resources Ltd.; 14.0% - Canadian Natural Resources Limited; 1.0% - Husky Oil Operations Limited,1981-01-01,54.33961,-114.11131
ABGP0001437,Active,CASCADE CAROLINE,GP,Sundre,Taqa North Ltd.,100.0% - Taqa North Ltd.,1993-01-01,51.85515,-114.74864
ABGP0001438,Suspended,STANMORE 11-16-30-10W4,GP,Scotfield,Canadian Natural Resources Limited,100.0% - Canadian Natural Resources Limited,,51.57081,-111.35569
ABGP0001439,Suspended,THUNDER FENN BIG VALLEY,GP,Fenn-Big Valley,Ember Resources Inc.,100.0% - Ember Resources Inc.,1983-01-01,52.03199,-112.62715
ABGP0001440,Suspended,ENERMARK CHIGWELL,GP,Chigwell Magee,Ember Resources Inc.,100.0% - Ember Resources Inc.,1993-01-01,52.63215,-113.57056
ABGP0001441,Suspended,PANCDN ALDERSON,GP,Alderson West,Torxen Energy Ltd.,100.0% - Torxen Energy Ltd.,,50.31553,-111.96634
ABGP0001442,Suspended,BURLINGTON FORESTBURG S/D 88,GP,Forestburg,Conocophillips Canada Resources Corp.,100.0% - Conocophillips Canada Resources Corp.,,52.55237,-112.20905
ABGP0001443,Suspended,CONOCO WESTLOCK,GP,Clyde,Paramount Resources Ltd.,100.0% - Paramount Resources Ltd.,1980-01-01,54.09185,-113.63487
ABGP0001444,Suspended,APACHE MONITOR,GP,Monitor,Karve Energy Inc.,100.0% - Karve Energy Inc.,2004-01-01,51.97743,-110.4901
ABGP0001445,Active,PENN WEST PEMBINA,GP,Sun Creek,Tamarack Acquisition Corp.,100.0% - Tamarack Acquisition Corp.,1980-01-01,52.89301,-114.86249
ABGP0001446,Suspended,HUSKY ERSKINE 9-31,GP,Husky Erskine,Husky Oil Operations Limited,100.0% - Husky Oil Operations Limited,,52.39945,-112.86307
ABGP0001447,Suspended,FOREST DEANNE,GP,Forest Deanne,Forest Oil Corporation,100.0% - Taqa North Ltd.,,52.30981,-115.44457
ABGP0001448,Suspended,* STRIKE CRYSTAL,GP,Strike Crystal,Husky Oil Operations Limited,100.0% - Husky Oil Operations Limited,,52.92912,-114.43976
ABGP0001449,Suspended,APF ENERGY JOARCAM,GP,Joarcam,Enerplus Corporation,100.0% - Enerplus Corporation,,53.13242,-112.82753
ABGP0001450,Suspended,ORION BAPTISTE,GP,Orion Baptiste,Arc Resources Ltd.,100.0% - Canadian Natural Resources Limited,,54.79666,-113.35813
ABGP0001451,Abandoned,CORKER LIEGE,GP,Mackay,Bonavista Energy Corporation,53.0% - Bonavista Energy Corporation; 47.0% - Avenir Oil & Gas Corp.,1982-01-01,56.73876,-113.29167
ABGP0001452,Suspended,HUSKY REDWATER 15-16,GP,Redwater,Tamarack Acquisition Corp.,100.0% - Tamarack Acquisition Corp.,,53.84529,-112.91079
ABGP0001453,Abandoned,PENN WEST COMPEER,GP,Penn West Compeer,Obsidian Energy Ltd.,100.0% - Obsidian Energy Ltd.,,51.8726,-110.16142
ABGP0001454,Suspended,00/14-36-053-26W4 ST ALBERT GP,GP,Big Lake,Sinopec Daylight Energy Ltd.,100.0% - Sinopec Daylight Energy Ltd.,1960-01-01,53.62692,-113.70437
ABGP0001455,Reclamation Certified,* PAZ FENN-BIG VALLEY,GP,Paz Fenn Big Valley,Journey Energy Inc.,100.0% - Strathcona Resources Ltd.,,51.97051,-112.63304
ABGP0001456,Suspended,GILBY-10-34-040-04 W5M,GP,Gilby,Harvest Operations Corp.,100.0% - Harvest Operations Corp.,,52.48859,-114.49053
ABGP0001457,Suspended,KANEX GRAND PRIX SCANDIA,GP,Scandia,Success Resources Ltd.,100.0% - Success Resources Ltd.,,50.39552,-112.09234
ABGP0001458,Suspended,KEYERA WEST PEMBINA 10-10-047-14W5,GP,West Pembina,Keyera Energy Ltd.,83.1% - Keyera Energy Ltd.; 4.2% - Paramount Resources Ltd.; 3.2% - Canlin Resources Partnership; 2.9% - Canadian Natural Resources Limited; 3.2% - Boulder Energy Ltd.; 2.6% - Baytex Energy Ltd.; 0.7% - Canadian Natural Resources; 0.1% - Tourmaline Oil Corp.; 0.1% - Vermilion Energy Inc.,1984-01-01,53.0414,-115.96101
ABGP0001459,Reclamation Certified,CONOCO CLARESHOLM,GP,Claresholm,Canadian Natural Resources Limited,100.0% - Conocophillips Canada Resources Corp.,,50.02474,-113.40474
ABGP0001460,Suspended,* KAN ENERGY GLEICHEN,GP,Kan Energy Gleichen,Kanamera Texas Sentry Operating Partnership.,100.0% - Lynx Energy Ulc,,50.83619,-112.79454
ABGP0001461,Suspended,PARAMOUNT LEGEND,GP,Liege,Athabasca Oil Corporation,100.0% - Athabasca Oil Corporation,1964-01-01,57.20067,-112.90001
ABGP0001462,Abandoned,AMOCO BIGSTONE DUNVEGAN,GP,Bigstone Dunvegan,Bp Canada Energy Group Ulc,100.0% - Paramount Resources Ltd.,,54.2595,-117.21683
ABGP0001463,Active,WESTROCK POUCE COUPE SOUTH,GP,Pouce Coupe South,Longshore Resources Ltd.,99.3% - Longshore Resources Ltd.; 0.7% - Freehold Resources Ltd.,1985-01-01,55.77223,-119.82001
ABGP0001464,Active,PROVIDENT CRAIGMYLE,GP,Craigmyle,Prairie Provident Resources Canada Ltd.,100.0% - Prairie Provident Resources Canada Ltd.,1984-01-01,51.71994,-112.38787
ABGP0001465,Abandoned,BAYTEX KNELLER,GP,Kneller,Baytex Energy Ltd.,100.0% - Alphabow Energy Ltd.,,53.23058,-113.30276
ABGP0001466,Suspended,HUSKY RUMSEY 8-36,GP,Rumsey,Trident Exploration (Alberta) Corp.,100.0% - Westdrum Energy Ltd.,,51.87268,-112.84273
ABGP0001467,Suspended,SURGE WILLESDEN GR 08-29-040-06W5 GP,GP,Willesden Green,Surge Energy Inc.,100.0% - Surge Energy Inc.,1982-01-01,52.47052,-114.82035
ABGP0001468,Active,MUNDARE 09-28-053-18W4 GAS PLANT,GP,Mundare,Axiom Oil And Gas Inc.,100.0% - Axiom Oil And Gas Inc.,1980-01-01,53.60896,-112.58547
ABGP0001469,Suspended,* CRESTAR BANTRY,GP,Crestar Bantry,Strathcona Resources Ltd.,100.0% - Cardinal Energy Ltd.,,50.54091,-111.79457
ABGP0001470,Suspended,* NORCEN FORT SASK,GP,Norcen Fort Sask,Canadian Natural Resources Limited,100.0% - Canadian Natural Resources Limited,,53.71781,-113.1769
ABGP0001471,Suspended,* AEC SUFFIELD,GP,AEC Suffield,Ipc Canada Ltd.,100.0% - Ipc Canada Ltd.,,50.57398,-111.17874
ABGP0001472,Active,NIPISI 2-11-80-8W5,GP,Nipisi,Canadian Natural Resources Limited,90.0% - Canadian Natural Resources Limited; 0.0% - Superman Resources Inc.,,55.91441,-115.13273
ABGP0001473,Abandoned,PROVOST 15-7-36-15W4,GP,Provost,Canadian Natural Resources Limited,100.0% - Canadian Natural Resources Limited,,52.08288,-112.1329
ABGP0001474,Abandoned,CRESTAR RUMSEY,GP,Crestar Rumsey,Conocophillips Canada Energy Partnership,100.0% - Pine Cliff Energy Ltd.,,51.9018,-112.84273
ABGP0001475,Active,CRESTAR JENNER,GP,Jenner,Cor4 Oil Corp.,4.6% - Enermark Inc.; 1.4% - Canoil Inc.; 93.9% - Cor4 Oil Corp.,,50.65412,-111.16728
ABGP0001476,Suspended,APACHE WILLESDEN GREEN,GP,Bingley,Bonavista Energy Corporation,100.0% - Bonavista Energy Corporation,1983-01-01,52.48129,-114.87421
ABGP0001477,Active,APACHE WILLESDEN GREEN,GP,Leafland,Paramount Resources Ltd.,69.5% - Paramount Resources Ltd.; 17.4% - Obsidian Energy Ltd.; 11.8% - Signalta Resources Limited,1985-01-01,52.40485,-114.70654
ABGP0001478,Suspended,* IMPERIAL INJECTION,GP,Injection,Imperial Oil Resources Limited,100.0% - Imperial Oil Resources Limited,,53.04881,-113.91788
ABGP0001479,Suspended,PENGROWTH SWAN HILLS,GP,Swan Hills,Accel Canada Holdings Limited,100.0% - Canadian Natural Resources Limited,,54.79431,-115.51708
ABGP0001480,Active,EYREMORE 1-18-17-18W4,GP,Armada,Canadian Natural Resources Limited,100.0% - Canadian Natural Resources Limited,,50.42844,-112.45886
ABGP0001481,Suspended,* CHAUVCO NOSEHILL,GP,Chauvco Nosehill,Taqa North Ltd.,100.0% - Taqa North Ltd.,,53.76832,-116.96498
ABGP0001482,Active,BRC 04-31-048-12W5 GAS PLANT,GP,Brazeau River,Tidewater Midstream And Infrastructure Ltd.,100.0% - Tidewater Midstream And Infrastructure Ltd.,1979-01-01,53.17965,-115.7536
ABGP0001483,Suspended,HUSKY MICHICHI 16-32,GP,Michichi,Husky Oil Operations Limited,100.0% - Husky Oil Operations Limited,,51.61792,-112.35224
ABGP0001484,Abandoned,BAPTISTE 1-18-68-23W4,GP,Island Lake,Canadian Natural Resources Limited,100.0% - Canadian Natural Resources Limited,,54.8804,-113.49181
ABGP0001485,Abandoned,MORINVILLE 11-15-55-25W4,GP,Morinville,Canadian Natural Resources Limited,100.0% - Signalta Resources Limited,,53.75449,-113.63554
ABGP0001486,Suspended,KETCH TANGENT,GP,Tangent,Obsidian Energy Ltd.,100.0% - Obsidian Energy Ltd.,1984-01-01,55.96887,-117.57362
ABGP0001487,Abandoned,ENRON SANGUDO,GP,Enron Sangudo,Canadian Natural Resources Limited,100.0% - Canadian Natural Resources Limited,,53.88422,-114.87291
ABGP0001488,Abandoned,* TALISMAN TURNER VALLEY,GP,Turner Valley,Repsol Oil & Gas Canada Inc.,100.0% - Repsol Oil & Gas Canada Inc.,,50.59553,-114.14899
ABGP0001489,Suspended,* AMOCO HOTCHKISS,GP,Hotchkiss,Bp Canada Energy Group Ulc,100.0% - Surge Energy Inc.,,57.12468,-118.15147
ABGP0001490,Suspended,BLACKSPUR BANTRY GP 15-23-018-14W4,GP,Delta Bantry,Delta Consultants (1973) Ltd.,100.0% - Blackspur Oil Corp.,,50.54105,-111.82294
ABGP0001491,Suspended,* AVORD CHAUVIN S,GP,Avord Chauvin S,Avord Oil & Gas Ltd,100.0% - Surge Energy Inc.,,52.66163,-110.182
ABGP0001492,Suspended,* MOBIL TWINING,GP,Twining,Bumper Development Corporation Ltd.,100.0% - Barnwell Of Canada  Limited,,51.6761,-113.36228
ABGP0001493,Abandoned,* ANDERSON RYCROFT,GP,Anderson Rycroft,Canadian Natural Resources Limited,100.0% - Canadian Natural Resources Limited,,55.61239,-118.58545
ABGP0001494,Suspended,CABRE JOARCAM,GP,Joarcam,Enerplus Corporation,100.0% - Enerplus Corporation,,53.20153,-112.99202
ABGP0001495,Suspended,SIGNALTA PEMBINA,GP,Lobstick 2,Signalta Resources Limited,100.0% - Signalta Resources Limited,,53.35794,-114.89448
ABGP0001496,Suspended,* ALTEX SULLIVAN LAKE,GP,Altex Sullivan Lake,Repsol Oil & Gas Canada Inc.,100.0% - Repsol Oil & Gas Canada Inc.,,52.02841,-111.84126
ABGP0001497,Active,MEDLODGE 10-33-052-21W5 GP,GP,Medicine Lodge,Repsol Oil & Gas Canada Inc.,100.0% - Repsol Oil & Gas Canada Inc.,1989-01-01,53.53564,-117.03241
ABGP0001498,Reclamation Certified,BONAVISTA BENTON,GP,Benton,Nuvista Energy Ltd.,100.0% - Nuvista Energy Ltd.,,51.42525,-110.36546
ABGP0001499,Active,CYPRESS FARROW,GP,Farrow,Taqa North Ltd.,68.0% - Taqa North Ltd.; 32.0% - Coastal Resources Limited,1984-01-01,50.73791,-113.32012
ABGP0001500,Abandoned,* GRAD & WALKER HUXLEY,GP,Grad and Walker Huxley,Conocophillips Canada Energy Partnership,100.0% - Pine Cliff Energy Ltd.,,51.97395,-113.41853
ABGP0001501,Abandoned,MALMO 6-3-44-22W4,GP,Malmo,Canadian Natural Resources Limited,100.0% - Canadian Natural Resources Limited,,52.76159,-113.11517
ABGP0001502,Reclamation Certified,* TRITON KNELLER,GP,Triton Kneller,Primewest Energy Inc.,100.0% - Altagas Ltd.,,53.24863,-113.2844
ABGP0001503,Suspended,* POCO WATTS,GP,Poco Watts,Conocophillips Canada Resources Corp.,100.0% - Conocophillips Canada Resources Corp.,,51.62177,-112.06911
ABGP0001504,Suspended,APL EDSON,GP,Edson,Canadian Oil & Gas International Inc.,100.0% - Arrow Point Oil & Gas Ltd.,1990-01-01,53.60839,-116.46145
ABGP0001505,Abandoned,CRESTAR TROCHU TWINING,GP,Crestar Trochu Twining,Conocophillips Canada Energy Partnership,100.0% - Conocophillips Canada Resources Corp.,,51.78175,-113.26167
ABGP0001506,Active,PROGRESS 1-1-78-10W6,GP,Progress,Canadian Natural Resources Limited,50.0% - Canadian Natural Resources Limited,1984-01-01,55.72513,-119.39986
ABGP0001507,Suspended,BYEMOOR 8-32-34-17W4,GP,Byemoor,Canadian Natural Resources Limited,100.0% - Canadian Natural Resources Limited,,51.96012,-112.37051
ABGP0001508,Suspended,BEAU ALDERSON,GP,Beau Alderson,Murphy Oil Company Ltd.,100.0% - Canadian Natural Resources Limited,,50.51186,-111.29054
ABGP0001509,Suspended,GRAND FORKS 8-7-12-13W4,GP,Grand Forks,Canadian Natural Resources Limited,100.0% - Canadian Natural Resources Limited,,49.98059,-111.75891
ABGP0001510,Abandoned,ALTAGAS KILLAM,GP,Sedgewick,Altagas Ltd.,100.0% - Altagas Ltd.,1982-01-01,52.55599,-111.79515
ABGP0001511,Active,EDSON WEST 1-24-52-20W5,GP,Edson West,Canadian Natural Resources Limited,100.0% - Canadian Natural Resources Limited,1985-01-01,53.4993,-116.80532
ABGP0001512,Abandoned,* BOW VALLEY BASHAW,GP,Bow Valley Bashaw,Repsol Oil & Gas Canada Inc.,100.0% - Repsol Oil & Gas Canada Inc.,,52.51579,-113.2825
ABGP0001513,Suspended,APACHE NEVIS,GP,Nevis,Ember Resources Inc.,100.0% - Ember Resources Inc.,,52.38137,-113.17468
ABGP0001514,Abandoned,CARDIFF 16-15-54-02W5,GP,Cardiff,Conocophillips Canada Resources Corp.,100.0% - Conocophillips Canada Resources Corp.,,53.67027,-114.20138
ABGP0001515,Suspended,KAYBOB 7-32-63-20W5,GP,Kaybob,Canadian Natural Resources Limited,100.0% - Canadian Natural Resources Limited,,54.49252,-116.98482
ABGP0001516,Active,PENN WEST CRYSTAL,GP,Crystal,Journey Energy Inc.,100.0% - Journey Energy Inc.,1982-01-01,52.94008,-114.41545
ABGP0001517,Active,ORLEN LOCHEND 05-11-029-04W5 GP,GP,Lochend,Orlen Upstream Canada Ltd.,99.0% - Orlen Upstream Canada Ltd.,1987-01-01,51.46564,-114.46731
ABGP0001518,Suspended,CRAIGMYLE 13-32-31-17W4,GP,Michichi,Canadian Natural Resources Limited,100.0% - Canadian Natural Resources Limited,1987-01-01,51.70529,-112.38787
ABGP0001519,Suspended,GHOST PINE 4-18-32-22W4,GP,Ghost Pine,Canadian Natural Resources Limited,100.0% - Canadian Natural Resources Limited,1986-01-01,51.73817,-113.11998
ABGP0001520,Active,WEMBLEY 06-19-073-08W6,GP,Wembley,Nuvista Energy Ltd.,0.2% - Kelt Exploration Ltd.; 0.1% - Enerplus Corporation; 37.0% - Canadian Natural Resources Limited; 22.3% - Encana Oil & Gas Co. Ltd.; 1.6% - Wembley Resources Ltd.; 38.8% - Nuvista Energy Ltd.,1986-01-01,55.33594,-119.22119
ABGP0001521,Suspended,GRIMSHAW 11-23-83-23W5,GP,Grimshaw,Canadian Natural Resources Limited,100.0% - Canamax Energy Ltd.,,56.21296,-117.52142
ABGP0001522,Suspended,HAMBURG 12-29-096-11W6,GP,Hamburg,Canadian Natural Resources Limited,100.0% - Canadian Natural Resources Limited,1985-01-01,57.36084,-119.75787
ABGP0001523,Suspended,ENDIANG GAS PLANT,GP,Provost,Obsidian Energy Ltd.,100.0% - Obsidian Energy Ltd.,,52.05376,-112.1508
ABGP0001524,Active,MCLEOD RIVER 16-36 GAS PLANT,GP,Mcleod River,Velvet Energy Ltd.,55.1% - Velvet Energy Ltd.; 44.9% - Ish Energy Ltd.,,53.80102,-116.08598
ABGP0001525,Active,JOURNEY PEMBINA BERRYMOOR,GP,Genesee,Journey Energy Inc.,30.1% - Chinook Energy Inc.; 69.9% - Journey Energy Inc.,1981-01-01,53.256,-114.43724
ABGP0001526,Suspended,* POCO SULLIVAN LAKE,GP,Poco Sullivan Lake,Conocophillips Canada Resources Corp.,100.0% - Conocophillips Canada Resources Corp.,,51.99549,-111.84716
ABGP0001527,Active,SYLVAN 05-01-039-01W5 GAS PLANT,GP,Sylvan Lake,Tidewater Midstream And Infrastructure Ltd.,100.0% - Tidewater Midstream And Infrastructure Ltd.,1986-01-01,52.32503,-114.02264
ABGP0001528,Suspended,* POCO MICHICHI,GP,Poco Michichi,Conocophillips Canada Resources Corp.,100.0% - Canadian Natural Resources Limited,,51.63269,-112.2994
ABGP0001529,Suspended,* ENCAL SINCLAIR,GP,Encal Sinclair,Taqa North Ltd.,100.0% - Taqa North Ltd.,,55.23066,-119.72758
ABGP0001530,Active,BORDER MIDSTREAM MAZEPPA,GP,Mazeppa,Lexin Resources Ltd.,100.0% - Lexin Resources Ltd.,1986-01-01,50.64675,-113.77029
ABGP0001531,Active,MARATHON KAKWA,GP,Kakwa,Husky Oil Operations Limited,42.0% - Husky Oil Operations Limited; 37.0% - Imperial Oil Limited,1980-01-01,54.43794,-118.73967
ABGP0001532,Suspended,HADRIAN BERRY,GP,Berry,Bonavista Energy Corporation,100.0% - Bonavista Energy Corporation,,51.41418,-111.76606
ABGP0001533,Suspended,* ISH ENERGY MCLEOD,GP,Mcleod,Amber Energy Inc.,100.0% - Amber Energy Inc.,,53.75753,-116.03613
ABGP0001534,Active,GLENCOE CHIGWELL,GP,Morningside,Alphabow Energy Ltd.,100.0% - Alphabow Energy Ltd.,1986-01-01,52.62142,-113.61825
ABGP0001535,Suspended,MAJORVILLE 4-31-18-19W4,GP,Majorville,Canadian Natural Resources Limited,40.0% - Canadian Natural Resources Limited; 20.0% - Husky Oil Operations Limited; 40.0% - Harvest Operations Corp.,,50.55929,-112.6132
ABGP0001536,Active,MANOLA 11-18-059-02W5 GAS PLANT,GP,Manola,Axiom Oil And Gas Inc.,100.0% - Axiom Oil And Gas Inc.,1996-01-01,54.10314,-114.29243
ABGP0001537,Active,STAR POUCE COUPE,GP,Pouce Coupe,Arc Resources Ltd.,50.0% - Arc Resources Ltd.; 50.0% - Canadian Natural Resources Limited,,55.8925,-119.79141
ABGP0001538,Suspended,* ENERGY PROCESSORS PHOENIX,GP,Energy Processors Phoenix,Energy Processors Leasing Ltd.,100.0% - Baytex Energy Ltd.,,52.36856,-115.37771
ABGP0001539,Suspended,HUSKY OIL PROVOST 6-27 (RESCINDED),GP,Provost,Husky Oil Operations Limited,100.0% - Husky Oil Operations Limited,,52.46858,-110.93159
ABGP0001540,Abandoned,BONAVISTA CHIGWELL,GP,Chigwell,Signalta Resources Limited,100.0% - Signalta Resources Limited,,52.574,-113.45036
ABGP0001541,Active,D ENERGY CRAIGMYLE MICHI 13-28-31-16,GP,Craigmyle East,Prairie Provident Resources Canada Ltd.,100.0% - Prairie Provident Resources Canada Ltd.,1985-01-01,51.69091,-112.22251
ABGP0001542,Active,STELLARTON ROWLEY,GP,Rumsey,Ember Resources Inc.,100.0% - Ember Resources Inc.,1986-01-01,51.87991,-112.78938
ABGP0001543,Abandoned,THUNDER LAKE,GP,Thunder Lake,Altagas Ltd.,100.0% - Altagas Ltd.,,54.11746,-114.85506
ABGP0001544,Suspended,ENCAL TINDASTOLL,GP,Tindastoll,Summerland Energy Inc.,100.0% - Summerland Energy Inc.,,52.0844,-114.06418
ABGP0001545,Active,WLE  THUNDER,GP,Thunder Lake East,Axiom Oil And Gas Inc.,54.0% - Axiom Oil And Gas Inc.,1982-01-01,54.25941,-114.58003
ABGP0001546,Suspended,PROVIDENT CESSFORD,GP,Cessford,Sanling Energy Ltd.,100.0% - Sanling Energy Ltd.,,51.05416,-111.68821
ABGP0001547,Suspended,ATCO GOLDEN SPIKE,GP,Golden Spike,Tidewater Midstream And Infrastructure Ltd.,100.0% - Tidewater Midstream And Infrastructure Ltd.,1999-01-01,53.43029,-113.88863
ABGP0001548,Suspended,KNOPCIK 16-21 GAS PLANT,GP,Acheson,Repsol Oil & Gas Canada Inc.,100.0% - Canadian Natural Resources Limited,,55.3432,-119.46491
ABGP0001549,Active,BONNIE GLEN 09-19-043-25W4 GAS PLANT,GP,Bonnie Glen,Axiom Oil And Gas Inc.,100.0% - Axiom Oil And Gas Inc.,1986-01-01,52.72147,-113.61093
ABGP0001550,Suspended,DEVON POUCE COUPE,GP,Bonanza,Birchcliff Energy Ltd.,100.0% - Birchcliff Energy Ltd.,1987-01-01,55.91796,-119.83718
ABGP0001551,Abandoned,TRIQUEST LEIGE,GP,Triquest Leige,Bonavista Energy Corporation,100.0% - Bonavista Energy Corporation,,56.80435,-113.15219
ABGP0001552,Suspended,* PARAMOUNT LIEGE,GP,Liege,Paramount Resources Ltd.,100.0% - Paramount Resources Ltd.,,56.84063,-113.01927
ABGP0001553,Suspended,TALISMAN SUNDANCE,GP,Sundance,Repsol Oil & Gas Canada Inc.,100.0% - Repsol Oil & Gas Canada Inc.,,53.7065,-116.95254
ABGP0001554,Suspended,* AMOCO BIGORAY,GP,Bigoray,Bp Canada Energy Group Ulc,100.0% - Bp Canada Energy Group Ulc,,53.48139,-115.12835
ABGP0001555,Suspended,CRESTAR ELNORA,GP,Crestar Elnora,Pine Cliff Energy Ltd.,100.0% - Pine Cliff Energy Ltd.,,51.94224,-113.23806
ABGP0001556,Active,PANCDN HALKIRK,GP,Halkirk,Logic Energy Ltd.,100.0% - Logic Energy Ltd.,1986-01-01,52.21759,-112.3055
ABGP0001557,Suspended,* STAR POUCE COUPE,GP,Star Pouce Coupe,Rising Star Resources Ltd.,100.0% - Rising Star Resources Ltd.,,55.8744,-119.71321
ABGP0001558,Abandoned,CRESTAR CROSSFIELD,GP,Crestar Crossfield,Conocophillips Canada Energy Partnership,100.0% - Conocophillips Canada Resources Corp.,,51.48385,-114.32094
ABGP0001559,Suspended,CRESTAR CROSSFIELD,GP,Crossfield,Bonavista Energy Corporation,100.0% - Bonavista Energy Corporation,,51.53483,-114.32674
ABGP0001560,Active,BONAVISTA SPIRIT RIVER,GP,Spirit River,Rising Star Resources Ltd.,50.0% - Rising Star Resources Ltd.,1988-01-01,55.71391,-118.83107
ABGP0001561,Suspended,MCLEOD 16-12-56-14W5,GP,Mcleod River,Cenovus Energy Inc.,43.8% - Ish Energy Ltd.,,53.83016,-115.9371
ABGP0001562,Active,KAYBOB S. 11-19-60-19W5,GP,Pass Creek,Canadian Natural Resources Limited,100.0% - Canadian Natural Resources Limited,,54.20493,-116.84195
ABGP0001563,Suspended,TALISMAN EDSON,GP,Edson,Repsol Oil & Gas Canada Inc.,100.0% - Repsol Oil & Gas Canada Inc.,,53.65565,-116.78081
ABGP0001564,Abandoned,* SABRE BRAZEAU RIVER,GP,Sabre Brazeau River,Sabre Energy Ltd.,100.0% - Boulder Energy Ltd.,,53.0089,-115.97494
ABGP0001565,Suspended,SHININGBANK NITON,GP,Niton,Taqa North Ltd.,100.0% - Taqa North Ltd.,1987-01-01,53.69211,-115.71228
ABGP0001566,Active,LEEDALE 9-21 GAS PLANT,GP,Leedale West,I3 Energy Canada Ltd.,100.0% - I3 Energy Canada Ltd.,1986-01-01,52.72188,-114.51231
ABGP0001567,Suspended,SUNDANCE 03-29-054-19W5,GP,Sundance,Canadian Natural Resources Limited,100.0% - Canadian Natural Resources Limited,1986-01-01,53.68848,-116.76856
ABGP0001568,Suspended,* PLACER CEGO ELNORA,GP,Placer Cego Elnora,Conocophillips Canada Resources Corp.,100.0% - Trident Exploration (Alberta) Corp.,,51.92366,-113.02546
ABGP0001569,Abandoned,CRYSTAL 15-35-46-3W5,GP,Crystal,Response Energy Corporation,100.0% - Response Energy Corporation,,53.01599,-114.32487
ABGP0001570,Active,EMBER KELSEY,GP,Kelsey,Ember Resources Inc.,100.0% - Ember Resources Inc.,,52.7907,-112.48632
ABGP0001571,Active,BONAVISTA RYCROFT SYS 2,GP,Rycroft,Rising Star Resources Ltd.,56.0% - Rising Star Resources Ltd.,1987-01-01,55.6995,-118.77933
ABGP0001572,Suspended,NIPISI 12-28-80-9W5,GP,Nipisi,Canadian Natural Resources Limited,31.8% - Canadian Natural Resources Limited; 21.9% - Harvard International Resources Ltd.; 11.6% - Summerland Energy Inc.; 34.7% - Cardinal Energy Ltd.,,55.96536,-115.35437
ABGP0001573,Active,HUSKY DRUMHELLER 4-9  C,GP,Ghost Pine/Rowley,Apogee Petroleum Inc.,100.0% - Apogee Petroleum Inc.,1986-01-01,51.63606,-112.78937
ABGP0001574,Suspended,PENN WEST COMPEER,GP,Compeer,Obsidian Energy Ltd.,100.0% - Obsidian Energy Ltd.,,51.86897,-110.14362
ABGP0001575,Suspended,POUCE COUPE 11-19-79-11W6,GP,Pouce Coupe,Canadian Natural Resources Limited,100.0% - Canadian Natural Resources Limited,,55.86335,-119.71319
ABGP0001576,Active,APL NITON,GP,Niton Junction,Journey Energy Inc.,100.0% - Journey Energy Inc.,1987-01-01,53.72838,-115.60247
ABGP0001577,Active,PINE CREEK 10-23 GAS PLANT,GP,Pine Creek,Bonavista Energy Corporation,39.9% - Enerplus Energy Ltd.; 60.1% - Bonavista Energy Corporation,1987-01-01,53.94292,-116.71096
ABGP0001578,Suspended,SHOULDICE 02-11-020-23W4,GP,Shouldice,Canadian Natural Resources Limited,20.0% - Journey Energy Inc.; 35.0% - Lexin Resources Ltd.; 40.0% - Canadian Natural Resources Limited,1987-01-01,50.6761,-113.08353
ABGP0001579,Suspended,HUSKY MITSUE,GP,Mitsue,Cardinal Energy Ltd.,100.0% - Cardinal Energy Ltd.,2004-01-01,54.9398,-114.34201
ABGP0001580,Abandoned,CYPRESS THORSBY,GP,Thorsby 2,Taqa North Ltd.,100.0% - Petrus Resources Corp.,,53.25248,-114.07187
ABGP0001581,Abandoned,ROWLEY 04-02-34-20W4,GP,Rowley,Conocophillips Canada Resources Corp.,100.0% - Pine Cliff Energy Ltd.,,51.88368,-112.74214
ABGP0001582,Active,NORTHROCK CARROT CREEK 2-26-52-12W5,GP,Carrot Creek,Tahoe Energy Ltd.,78.0% - Tahoe Energy Ltd.,1982-01-01,53.51397,-115.65683
ABGP0001583,Suspended,GILBY  11-20-41-4W5,GP,Gilby,Cenovus Energy Inc.,100.0% - Cenovus Energy Inc.,1987-01-01,52.54676,-114.54441
ABGP0001584,Active,BELAIR PENHOLD,GP,Outlook/Penhold,Del Canada Gp Ltd.,100.0% - Del Canada Gp Ltd.,1988-01-01,52.06139,-113.8822
ABGP0001585,Active,HAYS 11-31-013-14W4,GP,Hays,Canadian Natural Resources Limited,96.0% - Canadian Natural Resources Limited,1988-01-01,50.12981,-111.9066
ABGP0001586,Suspended,TARRAGON GHOST PINE,GP,Trochu,Canstone Energy Ltd.,50.0% - Bumper Development Corporation Ltd.; 50.0% - Trident Exploration (Alberta) Corp.,,51.77816,-113.19082
ABGP0001587,Suspended,VALHALLA 8-30-75-9W6,GP,Valhalla,Surge Energy Inc.,100.0% - Surge Energy Inc.,1987-01-01,55.52505,-119.37403
ABGP0001588,Active,BONAVISTA MANYBERRIES,GP,Manyberries,Lgx Oil + Gas Inc.,89.0% - Lgx Oil + Gas Inc.,,49.41224,-110.61972
ABGP0001589,Suspended,LIEGE 3-29-92-20W4,GP,Liege,Canadian Natural Resources Limited,88.7% - Canadian Natural Resources Limited; 11.3% - Advantage Energy Ltd.,1982-01-01,57.00457,-113.1887
ABGP0001590,Active,BIGSTONE 1-17-26-10W4,GP,Big Stone,Canadian Natural Resources Limited,100.0% - Canadian Natural Resources Limited,1983-01-01,51.21435,-111.35675
ABGP0001591,Abandoned,MEYER 12-2-70-25W4,GP,Meyer Lake South,Canadian Natural Resources Limited,100.0% - Canadian Natural Resources Limited,1986-01-01,55.03308,-113.71382
ABGP0001592,Active,BURLINGTON GARRINGTON,GP,Garrington,Cenovus Energy Inc.,100.0% - Cenovus Energy Inc.,1989-01-01,52.18637,-114.73635
ABGP0001593,Suspended,HUSKY RUMSEY 5-35,GP,Rumsey,Westdrum Energy Ltd.,100.0% - Westdrum Energy Ltd.,1988-01-01,51.87268,-112.88377
ABGP0001594,Suspended,* PRECAMBRIAN CHERHILL,GP,Precambrian Cherhill,Enermark Inc.,100.0% - Enermark Inc.,,53.86623,-114.58759
ABGP0001595,Suspended,HUSKY FENN WEST 3-16,GP,Fenn West,Trident Exploration (Alberta) Corp.,100.0% - 2234873 Alberta Ltd.,,52.08668,-112.94835
ABGP0001596,Abandoned,SAMSON RAINBOW LAKE,GP,Basset Lake West,Sanling Energy Ltd.,100.0% - Sanling Energy Ltd.,,58.37453,-119.04307
ABGP0001597,Suspended,DRUMHELLER 4-1-28-18W4,GP,Drumheller East Coulee Plant,Canadian Natural Resources Limited,100.0% - Canadian Natural Resources Limited,1988-01-01,51.35983,-112.41619
ABGP0001598,Suspended,PEMBINA 5-35-49-6W5,GP,Berrymoor,Harvest Operations Corp.,100.0% - Spoke Resources Ltd.,,53.27054,-114.7786
ABGP0001599,Suspended,* PARAMOUNT SALESKI,GP,Paramount Saleski,Sequoia Resources Corp.,100.0% - Sequoia Resources Corp.,,56.49893,-112.85353
ABGP0001600,Abandoned,GARDEN PLAINS 16-6-32-12W4,GP,Sorenson,Canadian Natural Resources Limited,70.0% - Canadian Natural Resources Limited; 30.0% - Celtic Exploration Ulc,,51.73442,-111.63814
ABGP0001601,Suspended,* AMOCO ELSPETH TERMINAL,GP,Elspeth Terminal,Bp Canada Energy Group Ulc,100.0% - Bp Canada Energy Group Ulc,,49.00158,-110.00785
ABGP0001602,Suspended,* IMPERIAL REDWATER,GP,Redwater,Imperial Oil Resources Limited,100.0% - Imperial Oil Resources Limited,,53.95451,-113.08431
ABGP0001603,Suspended,NCE PEMBINA,GP,Pembina,Obsidian Energy Ltd.,100.0% - Obsidian Energy Ltd.,,53.09245,-115.41874
ABGP0001604,Abandoned,VIRIDIAN SUNDANCE,GP,Viridian Sundance,Repsol Oil & Gas Canada Inc.,100.0% - Repsol Oil & Gas Canada Inc.,,53.68106,-117.01379
ABGP0001605,Suspended,HUSKY EDSON 3-29,GP,Edson,Husky Oil Operations Limited,100.0% - Husky Oil Operations Limited,,53.68848,-116.76856
ABGP0001606,Suspended,SIGNALTA IRON SPRINGS,GP,Iron Springs,Houston Oil & Gas Ltd.,100.0% - Houston Oil & Gas Ltd.,1985-01-01,49.88236,-112.73144
ABGP0001607,Suspended,CHEVRON MEDICINE LODGE,GP,Medicine Lodge,Chevron Canada Limited,100.0% - Sinopec Daylight Energy Ltd.,,53.47746,-117.02635
ABGP0001608,Active,SUN CENTURY FENN WEST 14-18 GP,GP,Fenn West,Sun Century Petroleum Corporation,74.0% - Sun Century Petroleum Corporation; 20.0% - Storm Energy Inc.; 6.0% - Bearspaw Petroleum Ltd.,1987-01-01,52.09748,-112.85318
ABGP0001609,Suspended,VALHALLA 6-22-75-11W6,GP,Valhalla,Canadian Natural Resources Limited,100.0% - Canadian Natural Resources Limited,,55.51047,-119.61948
ABGP0001610,Active,LYNX CARBON,GP,Carbon,Lynx Energy Ulc,100.0% - Lynx Energy Ulc,1988-01-01,51.52327,-113.00844
ABGP0001611,Suspended,PARAMOUNT LIEGE N,GP,Liege Northre,Athabasca Oil Corporation,100.0% - Athabasca Oil Corporation,1988-01-01,57.13528,-113.28283
ABGP0001612,Suspended,HUSKY VALHALLA PLANT 1-12,GP,Valhalla,Tidewater Midstream And Infrastructure Ltd.,100.0% - Tidewater Midstream And Infrastructure Ltd.,,55.47772,-119.2447
ABGP0001613,Active,ARCHER VIKING,GP,Hattie Lake North,Sequoia Resources Corp.,100.0% - Sequoia Resources Corp.,,53.03953,-111.6779
ABGP0001614,Active,MAGIN THREE HILLS CREEK,GP,Three Hills Creek,Vantage Point Resources Inc.,100.0% - Vantage Point Resources Inc.,2005-01-01,52.043,-113.67426
ABGP0001615,Suspended,AEC HOOLE,GP,Hoole North,Ovintiv Canada Ulc,100.0% - Tidewater Midstream And Infrastructure Ltd.,,56.03697,-113.77396
ABGP0001616,Suspended,BURLINGTON BONANZA,GP,Bonanza,Conocophillips Canada Resources Corp.,100.0% - Shoreline Energy Corp.,,56.03793,-119.63486
ABGP0001617,Active,GILBY 01-04-042-03W5 GAS PLANT,GP,Gilby,Tidewater Midstream And Infrastructure Ltd.,50.0% - Tidewater Midstream And Infrastructure Ltd.; 38.0% - Mosaic Energy Ltd.; 12.0% - Nal Resources Limited,1988-01-01,52.58331,-114.36471
ABGP0001618,Reclamation Exempt,* ANADARKO BURDETT,GP,Burdett,Repsol Oil & Gas Canada Inc.,100.0% - Repsol Oil & Gas Canada Inc.,,49.74784,-111.23791
ABGP0001619,Suspended,JOFFRE 10-18-38-26W4,GP,Joffre,Canadian Natural Resources Limited,100.0% - Canadian Natural Resources Limited,,52.26853,-113.70386
ABGP0001620,Active,PANCDN BADGER,GP,Badger,Razor Energy Corp.,100.0% - Razor Energy Corp.,,50.36639,-112.33842
ABGP0001621,Abandoned,BURLINGTON FERRYBANK,GP,Ferrybank,Cenovus Energy Inc.,100.0% - Cenovus Energy Inc.,,52.92518,-113.82215
ABGP0001622,Active,CELSIUS WHITECOURT,GP,Carson Creek East,Enerplus Corporation,100.0% - Enerplus Corporation,1987-01-01,54.24148,-115.5609
ABGP0001623,Active,MOSAIC JAYAR 6-8-62-3 W6,GP,Jayar,Strathcona Resources Ltd.,100.0% - Strathcona Resources Ltd.,1982-01-01,54.3468,-118.41559
ABGP0001624,Suspended,HUSKY ANSELL 7-27,GP,Ansell,Husky Oil Operations Limited,80.0% - Husky Oil Operations Limited; 15.0% - Ish Energy Ltd.; 5.0% - Arc Resources Ltd.,,53.43031,-116.71311
ABGP0001625,Active,KEYERA CYNTHIA 6-28 GAS PLANT,GP,Cynthia Gas Plant,Keyera Energy Ltd.,94.0% - Keyera Energy Ltd.; 5.0% - Whitecap Resources Inc.; 0.5% - Enerplus Energy Ltd.; 0.5% - Vermilion Energy Inc.,,53.25607,-115.55272
ABGP0001626,Suspended,PEMBINA 9-16-49-8W5,GP,Pembina West,Canadian Natural Resources Limited,100.0% - Canadian Natural Resources Limited,1991-01-01,53.23068,-115.10174
ABGP0001627,Suspended,COASTAL CESSFORD,GP,Cessford,Success Resources Ltd.,100.0% - Success Resources Ltd.,,51.28328,-111.85968
ABGP0001628,Active,ACHESON 05-02-052-26W4 GAS PLANT,GP,Acheson,Tidewater Midstream And Infrastructure Ltd.,100.0% - Tidewater Midstream And Infrastructure Ltd.,1982-01-01,53.54673,-113.73491
ABGP0001629,Active,KSITUAN 7-22-78-9W6,GP,Progress,Canadian Natural Resources Limited,100.0% - Canadian Natural Resources Limited,1990-01-01,55.77222,-119.30289
ABGP0001630,Suspended,MCLEOD VALLEY 7-26-55-14W5,GP,Mcleod Valley,Cenovus Energy Inc.,54.6% - Cenovus Energy Inc.,,53.77948,-115.96781
ABGP0001631,Active,WORSLEY 14-28-87-7W6,GP,Worsley,Canadian Natural Resources Limited,100.0% - Canadian Natural Resources Limited,1990-01-01,56.57923,-119.05523
ABGP0001632,Abandoned,APACHE PROVOST,GP,Sour Goose,Karve Energy Inc.,100.0% - Battle River Energy Ltd.,,52.07928,-110.63878
ABGP0001633,Suspended,CLARESHOLM 15-36-12-27W4,GP,Claresholm,Canadian Natural Resources Limited,100.0% - Canadian Natural Resources Limited,1990-01-01,50.04646,-113.55845
ABGP0001634,Suspended,GIBSON POUCE COUPE,GP,Mica,Altagas Ltd.,100.0% - Altagas Ltd.,,55.98713,-119.94802
ABGP0001635,Active,ADANAC TOMAHAWK,GP,Tomahawk,Adanac Oil & Gas Limited,100.0% - Adanac Oil & Gas Limited,,53.52499,-114.87677
ABGP0001636,Abandoned,* CRESTAR VALHALLA,GP,Crestar Valhalla,Conocophillips Canada Energy Partnership,100.0% - Canadian Natural Resources Limited,,55.55782,-119.15409
ABGP0001637,Suspended,CABRE JOARCAM,GP,Joarcam,Enerplus Corporation,100.0% - Enerplus Corporation,,53.24144,-112.97357
ABGP0001638,Abandoned,ATCO CAMPBELL-NAMAO,GP,Carbondale,Atco Energy Solutions Ltd.,100.0% - Atco Energy Solutions Ltd.,1991-01-01,53.72172,-113.58593
ABGP0001639,Suspended,BONAVISTA WORSLEY,GP,Worsley,Bonavista Energy Corporation,100.0% - Direct Oil & Gas Inc.,,56.58283,-118.44252
ABGP0001640,Abandoned,* CABRE MCGREGOR,GP,Cabre Mcgregor,Enermark Inc.,100.0% - Ipc Canada Ltd.,,50.48666,-112.71082
ABGP0001641,Active,BELLOY 16-36-79-3W6,GP,Belloy Northwest,Canadian Natural Resources Limited,1.5% - Arc Resources Ltd.; 3.8% - Barnwell Of Canada  Limited; 0.6% - Chair Resources Inc.; 2.9% - Pengrowth Energy Corporation; 0.3% - Signalta Resources Limited; 4.2% - Taqa North; 86.4% - Canadian Natural Resources Limited,1980-01-01,55.8965,-118.31707
ABGP0001642,Active,CYPRESS THORSBY,GP,Thorsby 1,Petrus Resources Corp.,100.0% - Petrus Resources Corp.,,53.22696,-114.03539
ABGP0001643,Abandoned,* SHELL CAROLINE,GP,Caroline,Shell Canada Limited,100.0% - Shell Canada Limited,,51.8842,-114.80783
ABGP0001644,Suspended,NEWPORT POUCE COUPE,GP,Pouce Coupe South,Kelt Exploration Ltd.,62.7% - Kelt Exploration Ltd.,1991-01-01,55.75036,-119.68433
ABGP0001645,Suspended,BELLOY 13-16-78-1W6,GP,Belloy,Canadian Natural Resources Limited,100.0% - Canadian Natural Resources Limited,,55.76511,-118.10054
ABGP0001646,Active,PEMBINA-SUNNYBROOK 15-22-48-2W5,GP,Sunnybrook South,Petrus Resources Corp.,100.0% - Petrus Resources Corp.,1990-01-01,53.16136,-114.20602
ABGP0001647,Abandoned,RIFE FERINTOSH,GP,Ferintosh,Rife Resources Ltd.,65.0% - Rife Resources Ltd.; 35.0% - Baytex Energy Ltd.,1981-01-01,52.77602,-112.90978
ABGP0001648,Suspended,* BLUE RANGE JOFFRE,GP,Blue Range Joffre,Blue Range Resource Corporation,100.0% - Blue Range Resource Corporation,,52.2359,-113.37683
ABGP0001649,Active,CECIL 08-15-084-08W6,GP,Cecil,Canadian Natural Resources Limited,100.0% - Canadian Natural Resources Limited,1990-01-01,56.28201,-119.16432
ABGP0001650,Suspended,HUSKY BOLLOQUE 16-2,GP,Bolloque,Husky Oil Operations Limited,100.0% - Husky Oil Operations Limited,,54.59994,-113.66365
ABGP0001651,Active,ALDER 10-9-45-8W5,GP,Alder Flats,Cenovus Energy Inc.,9.0% - Taqa North Ltd.; 20.0% - Bellatrix Exploration Ltd.; 70.0% - Cenovus Energy Inc.,1991-01-01,52.86763,-115.0982
ABGP0001652,Suspended,* DEMINEX CHERHILL,GP,Deminex Cherhill,2349507 Canada Inc.,100.0% - 2349507 Canada Inc.,,53.92075,-114.71779
ABGP0001653,Abandoned,CYPRESS THORSBY,GP,Cypressthorsby,Taqa North Ltd.,100.0% - Petrus Resources Corp.,,53.2123,-113.99118
ABGP0001654,Suspended,KEYWEST SWALWELL 10-15,GP,Swalwell,Taqa North Ltd.,100.0% - Taqa North Ltd.,,51.48342,-113.2955
ABGP0001655,Suspended,AEC HOOLE,GP,Wabasca,Tidewater Midstream And Infrastructure Ltd.,100.0% - Tidewater Midstream And Infrastructure Ltd.,1980-01-01,55.98242,-113.76757
ABGP0001656,Suspended,ATCO RIVIERE,GP,Riviere,Atco Energy Solutions Ltd.,100.0% - Husky Oil Operations Limited,,53.69575,-113.96227
ABGP0001657,Reclamation Certified,ALTAGAS KNELLER,GP,Kneller,Altagas Ltd.,100.0% - Altagas Ltd.,,53.24863,-113.2844
ABGP0001658,Abandoned,GIBSON RAINBOW LAKE,GP,Rainbow,Altagas Ltd.,100.0% - Altagas Ltd.,1991-01-01,58.56701,-119.19621
ABGP0001659,Abandoned,* TALISMAN FERRIER,GP,Ferrier,Repsol Oil & Gas Canada Inc.,100.0% - Enerplus Corporation,,52.39767,-115.11392
ABGP0001660,Suspended,REGCO OLDMAN,GP,Regco Oldman,Regco Petroleums Ltd.,100.0% - Regco Petroleums Ltd.,,53.8301,-116.99583
ABGP0001661,Active,HAMBURG NORTH 11-14-97-11W6,GP,Hamburg 11-14,Canadian Natural Resources Limited,100.0% - Canadian Natural Resources Limited,1992-01-01,57.41901,-119.67
ABGP0001662,Active,SHELL CAROLINE,GP,Caroline Complex,Pieridae Alberta Production Ltd.,14.4% - Husky Oil (Alberta) Ltd; 8.2% - Harvest Operations Corp.; 3.1% - Devon Energy Canada Corporation; 0.2% - Clearview Resources Ltd.; 0.1% - Bonavista Energy Corporation; 73.9% - Shell Canada Limited,1992-01-01,51.96409,-114.75452
ABGP0001663,Active,PANCDN COUNTESS,GP,Rosemary,Torxen Energy Ltd.,100.0% - Torxen Energy Ltd.,,50.79585,-112.01577
ABGP0001664,Active,KEYSPAN WORSLEY,GP,Worsley,Direct Oil & Gas Inc.,100.0% - Direct Oil & Gas Inc.,1992-01-01,56.561,-119.02862
ABGP0001665,Abandoned,* CRESTAR LONG COULEE,GP,Crestar Long Coulee,Conocophillips Canada Energy Partnership,100.0% - Surge Energy Inc.,,50.19896,-113.01019
ABGP0001666,Active,CECILIA 14-36-57-23W5,GP,Cecilia,Canadian Natural Resources Limited,100.0% - Canadian Natural Resources Limited,,53.97558,-117.28705
ABGP0001667,Suspended,SHANE GAS PLANT,GP,Shane Gas Plant,Repsol Oil & Gas Canada Inc.,100.0% - Hanna Oil & Gas Company - Canada Ulc,,55.7577,-118.29484
ABGP0001668,Active,SPECTRA GORDONDALE EAST GAS PLANT,GP,Gordondale East,Northriver Midstream Inc.,100.0% - Northriver Midstream Inc.,1991-01-01,55.87804,-119.29542
ABGP0001669,Active,WOLF SOUTH 5-1-51-15W5,GP,Wolf South,Cenovus Energy Inc.,100.0% - Cenovus Energy Inc.,1993-01-01,53.37212,-116.08649
ABGP0001670,Abandoned,ALTAGAS ANTELOPE,GP,Antelope,Campus Energy Partners Operations Inc.,100.0% - Altagas Ltd.,,51.57441,-110.00797
ABGP0001671,Suspended,KERECO BILAWCHUK,GP,Mulligan,Kelt Exploration Ltd.,100.0% - Kelt Exploration Ltd.,,56.00883,-119.07393
ABGP0001672,Active,D ENERGY WATELET 8-18-48-26W4,GP,Watelet,Canlin Resources Partnership,,1995-01-01,53.13968,-113.78411
ABGP0001673,Active,QUEENSTOWN 4-22-19-21W4,GP,Queenstown,Canadian Natural Resources Limited,100.0% - Canadian Natural Resources Limited,1993-01-01,50.61775,-112.84104
ABGP0001674,Active,JOURNEY HERRONTON,GP,Herronton,Journey Energy Inc.,100.0% - Journey Energy Inc.,1992-01-01,50.60336,-113.3779
ABGP0001675,Suspended,HUSKY STEWART LAKE 1-23,GP,Stewart Lake,Ember Resources Inc.,10.0% - Bumper Development Corporation Ltd.; 18.0% - Eog Resources Canada Inc.; 72.0% - Ember Resources Inc.,1993-01-01,51.75285,-113.85835
ABGP0001676,Active,MIDWEST LEDUC-WOODBEND,GP,Calmar,Nep Canada Ulc,100.0% - Nep Canada Ulc,1997-01-01,53.24139,-113.83897
ABGP0001677,Suspended,BONAVISTA CESSFORD,GP,Cessford,Journey Energy Inc.,100.0% - Journey Energy Inc.,1970-01-01,50.98873,-111.74052
ABGP0001678,Active,KAKUT 14-12-75-3W6,GP,Kakut,Long Run Exploration Ltd.,100.0% - Long Run Exploration Ltd.,,55.48862,-118.32679
ABGP0001679,Active,BONAVISTA CHERHILL,GP,Cherhill Solution Gas Conservation,Long Run Exploration Ltd.,100.0% - Long Run Exploration Ltd.,,53.86254,-114.75504
ABGP0001680,Suspended,SURGE HOTCHKISS,GP,Stowe Creek,Surge Energy Inc.,100.0% - Surge Energy Inc.,1994-01-01,57.06653,-118.03088
ABGP0001681,Active,NORTHROCK DEANNE 5-4,GP,Deane,Taqa North Ltd.,85.4% - Taqa North Ltd.; 14.6% - Westbow Energy Inc.,,52.32488,-115.53337
ABGP0001682,Active,SALESKI 5-8,GP,Thickwood,Sequoia Resources Corp.,62.0% - Sequoia Resources Corp.; 30.0% - Harvest Operations Corp.; 8.0% - Progress Energy Resources Corp.,1985-01-01,56.6152,-112.8462
ABGP0001683,Suspended,DEVON CULP,GP,Culp,Canadian Natural Resources Limited,100.0% - Canadian Natural Resources Limited,,55.82337,-117.6326
ABGP0001684,Active,APACHE PROVOST,GP,Provost,Battle River Energy Ltd.,30.0% - Paramount Resources (Acl) Ltd.; 60.0% - Battle River Energy Ltd.; 10.0% - Provident Energy Ltd.,1990-01-01,52.334,-111.35742
ABGP0001685,Suspended,HUSKY CADOTTE 10-34,GP,Simons Lake,Obsidian Energy Ltd.,100.0% - Obsidian Energy Ltd.,1989-01-01,56.50279,-116.7522
ABGP0001686,Suspended,WASKAHIGAN WEST  11-14-63-22W5,GP,Waskahigan,Ridgeback Resources Inc.,100.0% - Arc Resources Ltd.,,54.45259,-117.21786
ABGP0001687,Active,D ENERGY WOODRIVER 1-28-43-23W4,GP,Wood River,Ember Resources Inc.,100.0% - Ember Resources Inc.,,52.72873,-113.27246
ABGP0001688,Active,STETTLER 8-24-38-19W4,GP,Beltz Lake,Canadian Natural Resources Limited,100.0% - Canadian Natural Resources Limited,1993-01-01,52.27983,-112.57945
ABGP0001689,Abandoned,KEYSPAN NORTHSTAR,GP,Northstar,Bonavista Energy Corporation,100.0% - Sydco Energy Inc.,,56.81552,-117.58774
ABGP0001690,Active,HUSKY GALAHAD 1-14,GP,Hastings Coulee,Alphabow Energy Ltd.,100.0% - Alphabow Energy Ltd.,1994-01-01,52.52325,-112.04727
ABGP0001691,Suspended,HUSKY TABER SOUTH,GP,Taber South,Husky Oil Operations Limited,100.0% - Husky Oil Operations Limited,,49.69665,-112.28802
ABGP0001692,Suspended,PARAMOUNT KAYBOB,GP,Kaybob North,Paramount Resources Ltd.,100.0% - Paramount Resources Ltd.,,54.50712,-116.44261
ABGP0001693,Active,PENGROWTH MCLEOD,GP,Mcleod,Pine Cliff Energy Ltd.,70.0% - Pine Cliff Energy Ltd.,,53.83016,-115.9371
ABGP0001694,Active,SUMMIT CRAIGMYLE,GP,Chain,Tallahassee Exploration Inc.,100.0% - Tallahassee Exploration Inc.,,51.81451,-112.45292
ABGP0001695,Suspended,PANCDN PROVOST,GP,Thompson Lake,Husky Oil Operations Limited,100.0% - Alphabow Energy Ltd.,1993-01-01,52.4758,-111.44118
ABGP0001696,Suspended,BEAR CANYON 1-18-84-12W6,GP,Boundary Lake South,Canadian Natural Resources Limited,100.0% - Canadian Natural Resources Limited,,56.2774,-119.87603
ABGP0001697,Active,SHINNING BANK GAS PLANT,GP,Shiningbank,Ish Energy Ltd.,100.0% - Ish Energy Ltd.,1994-01-01,53.82654,-116.38911
ABGP0001698,Active,MIDCOAST PROVOST,GP,Hansman North,Surge Energy Inc.,100.0% - Surge Energy Inc.,1994-01-01,52.43952,-110.31998
ABGP0001699,Suspended,WESTERN FACILITY MANAGMENTFENN-BIG VALLEY,GP,Western Facility Management Fenn-Big Valley,Keyera Energy Ltd.,100.0% - Keyera Energy Ltd.,,52.09024,-112.76383
ABGP0001700,Active,BUCK CREEK FRAC PLANT,GP,Buck Creek Fractionation Plant,Plains Midstream Canada Ulc,100.0% - Plains Midstream Canada Ulc,1958-01-01,53.16142,-114.90048
ABGP0001701,Active,KEYERA FORT SASK FRAC PLANT,GP,Fort Saskatchewan Fractionation Facility,Keyera Energy Ltd.,76.7% - Keyera Energy Ltd.; 21.3% - Plains Midstream Canada Ulc; 2.0% - Exxonmobil Canada Energy,1972-01-01,53.74681,-113.15836
ABGP0001702,Active,GIBSON HARDISTY,GP,Hardisty Liquids Fractionation Plant,Gibson Energy Ulc,100.0% - Gibson Energy Ulc,1982-01-01,52.63257,-111.26761
ABGP0001703,Active,PLAINS FORT SASK FRAC PLANT,GP,Fort Saskatchewan Liquids Storage And Fractionation Plant,Plains Midstream Canada Ulc,100.0% - Plains Midstream Canada Ulc,1972-01-01,53.76145,-113.15822
ABGP0001704,Abandoned,STITTCO KEMP,GP,Kemp River Fractionation Plant,Stittco Energy Limited,100.0% - Nottingham Midstream Limited,,57.5575,-117.5337
ABGP0001705,Suspended,TRISOL CAROLINE,GP,Trisol Caroline,Enerchem International Inc.,100.0% - Taqa North Ltd.,,51.85515,-114.74864
ABGP0001706,Active,DOW FORT SASKATCHEWAN,GP,Fort Saskatchewan De-Ethanization And Fractionation Facility,Dow Chemical Canada Ulc,100.0% - Dow Chemical Canada Ulc,,53.74704,-113.12746
ABGP0001707,Active,PEMBINA INFRA. & LOGISTICS LP FRAC 1,GP,Redwater Fractionation And Storage Facility,Pembina Ngl Corporation,100.0% - Pembina Ngl Corporation,1998-01-01,53.81249,-113.12761
ABGP0001713,Active,VIKING-KINSELLA 13-31-48-12W4,GP,Viking,Pine Cliff Energy Ltd.,100.0% - Pine Cliff Energy Ltd.,,53.18848,-111.75698
ABGP0001714,Suspended,HUSKY GALLOWAY GP SUNDANCE 12-05,GP,Galloway,Husky Oil Operations Limited,100.0% - Husky Oil Operations Limited,,53.63759,-116.9217
ABGP0001715,Active,HUSKY DENY KISKIU SMOKY RIVER 14-09,GP,Kiskiu,Briko Energy Corp.,100.0% - Briko Energy Corp.,2002-01-01,54.00488,-118.24458
ABGP0001716,Suspended,ENCANA PEORIA AND SHANE 06-20,GP,Peoria Shane,Verity Energy Ltd.,100.0% - Topanga Resources Ltd.,,55.59777,-118.27515
ABGP0001717,Suspended,00/05-36-061-18W5 FOX CREEK,GP,Fox Creek,Sinopec Daylight Energy Ltd.,100.0% - Sinopec Daylight Energy Ltd.,,54.31771,-116.5731
ABGP0001718,Active,BERLAND RIVER WEST 14-23-58-26W5,GP,Horse Leland,Canadian Natural Resources Limited,10.0% - Conocophillips Canada Limited; 10.0% - Encana Corporation; 80.0% - Canadian Natural Resources Limited,1999-01-01,54.03376,-117.75789
ABGP0001719,Suspended,ENCANA VERGER 16-07,GP,Verger,Torxen Energy Ltd.,100.0% - Torxen Energy Ltd.,,50.77394,-111.78487
ABGP0001720,Active,TALISMAN BENSON PEMBINA 08-30,GP,Knob Hill,Inplay Oil Corp.,100.0% - Inplay Oil Corp.,,52.99446,-114.12572
ABGP0001727,Suspended,HUSKY DELIA 1-13,GP,Mckee Lake,Trident Exploration (Alberta) Corp.,100.0% - Tallahassee Exploration Inc.,1984-01-01,51.73815,-112.55936
ABGP0001728,Suspended,PERCY LAKE 4-28-48-10W4,GP,Viking,Pine Cliff Energy Ltd.,100.0% - Pine Cliff Energy Ltd.,,53.16336,-111.4157
ABGP0001729,Abandoned,CALVALLEY RAINBOW,GP,Calvalley Rainbow,Links Northern Resources Ltd.,100.0% - Winter Petroleum Ltd.,,58.59968,-118.61046
ABGP0001730,Active,CARVEL 15-28 GAS PLANT,GP,Carvel,Nep Canada Ulc,100.0% - Nep Canada Ulc,1998-01-01,53.61211,-114.23204
ABGP0001731,Active,BEARSPAW EAST DRUMHELLER 4-30,GP,Drumheller East,Bearspaw Petroleum Ltd.,100.0% - Bearspaw Petroleum Ltd.,,51.50513,-112.67405
ABGP0001732,Active,BONAVISTA TEES,GP,Chigwell,Ember Resources Inc.,100.0% - Ember Resources Inc.,1998-01-01,52.51577,-113.3604
ABGP0001733,Suspended,PENN WEST ESTHER 6-36,GP,Esther,Obsidian Energy Ltd.,100.0% - Obsidian Energy Ltd.,,51.65452,-110.09059
ABGP0001734,Suspended,EYREMORE 16-7-17-18W4,GP,Badger Eyemoor,Sanling Energy Ltd.,100.0% - Sanling Energy Ltd.,,50.42464,-112.45886
ABGP0001735,Suspended,GEORGE 6-32-82-5W6,GP,George,Canadian Natural Resources Limited,100.0% - Canadian Natural Resources Limited,,56.15067,-118.74761
ABGP0001736,Abandoned,WORSLEY 4-23-87-5W6,GP,Worsley,Canadian Natural Resources Limited,100.0% - Canadian Natural Resources Limited,,56.55376,-118.68884
ABGP0001737,Active,APACHE NEVIS 6-24,GP,Alix,Ember Resources Inc.,100.0% - Ember Resources Inc.,,52.36675,-113.18653
ABGP0001738,Suspended,GULF STEEN RIVER 9-17,GP,Steen River,Tallahassee Exploration Inc.,100.0% - Tallahassee Exploration Inc.,1999-01-01,59.59975,-117.39773
ABGP0001739,Active,PCR BANTRY NORTH 1-8,GP,Bantry North,Torxen Energy Ltd.,100.0% - Torxen Energy Ltd.,,50.67574,-111.76175
ABGP0001740,Active,MUSREAU 4-25-62-6W6,GP,Musreau,Pembina Gas Services Ltd.,100.0% - Pembina Gas Services Ltd.,,54.38698,-118.77154
ABGP0001741,Suspended,SHIININGBANK BLUERIDGE 6-33,GP,Blue Ridge,Taqa North Ltd.,100.0% - Taqa North Ltd.,1999-01-01,54.23044,-115.29208
ABGP0001742,Suspended,ANG ET AL PEMBINA 11-17,GP,Pembina Sweetening Facility,Bonterra Energy Corp.,62.5% - Bonterra Energy Corp.; 25.0% - Signalta Resources Limited; 12.5% - Primewest Energy Inc.,1998-01-01,53.23071,-114.55308
ABGP0001743,Suspended,HUSKY PROVOST 2-31,GP,Provost,Husky Oil Operations Limited,100.0% - Altagas Ltd.,,51.69442,-111.54945
ABGP0001744,Suspended,COPAREX CLAYHURST GAS PLANT,GP,Clayhurst,Distinction Energy Corp.,100.0% - Tidewater Midstream And Infrastructure Ltd.,1996-01-01,56.19828,-118.65631
ABGP0001745,Suspended,00/11-02-056-02W5 CARDIFF GP,GP,Alexander,Sinopec Daylight Energy Ltd.,100.0% - Sinopec Daylight Energy Ltd.,,53.81212,-114.19085
ABGP0001746,Active,SPECTRA POUCE COUPE 5-23 GAS PLANT,GP,Pouce Coupe,Northriver Midstream Inc.,100.0% - Northriver Midstream Inc.,,55.94703,-119.92836
ABGP0001747,Active,PENGROWTH BRENT 5-11 GAS PLANT,GP,Brent,Alphabow Energy Ltd.,100.0% - Alphabow Energy Ltd.,1999-01-01,51.90176,-111.60852
ABGP0001748,Suspended,CROOKED LAKE 6-5-63-22W5,GP,Crooked Lake,Canadian Natural Resources Limited,100.0% - Canadian Natural Resources Limited,1999-01-01,54.41986,-117.29377
ABGP0001749,Suspended,NORTHROCK GIROUXVILLE 12-28,GP,Girouxville East,Taqa North Ltd.,100.0% - Long Run Exploration Ltd.,1999-01-01,55.61599,-117.36081
ABGP0001750,Suspended,* IMPERIAL INJECTION,GP,Imperial Injection,Imperial Oil Resources Limited,100.0% - Imperial Oil Resources Limited,,53.04881,-113.91788
ABGP0001751,Active,DEANNE 03-06-039-11W5,GP,Strachan Deanne,Tidewater Midstream And Infrastructure Ltd.,100.0% - Tidewater Midstream And Infrastructure Ltd.,1999-01-01,52.32115,-115.57545
ABGP0001752,Suspended,FALHER 4-21-78-23W5,GP,Falher,Long Run Exploration Ltd.,100.0% - Long Run Exploration Ltd.,,55.76863,-117.51574
ABGP0001753,Active,HUSKY STEELE BOLLOQUE 4-26,GP,Steel Bolloque,Sequoia Resources Corp.,100.0% - Sequoia Resources Corp.,1987-01-01,54.56002,-113.83349
ABGP0001754,Reclamation Certified,TERRAQUEST TWOG BOW ISLAND 9-5,GP,Terraquest Twog Bow Island,Zargon Oil & Gas Ltd.,100.0% - Novus Energy Inc.,,49.79461,-111.45249
ABGP0001755,Suspended,DEVON BERWYN GAS PLANT,GP,Berwyn,Long Run Exploration Ltd.,75.0% - Long Run Exploration Ltd.; 25.0% - Masters Energy Inc.,2000-01-01,56.15061,-117.91934
ABGP0001756,Suspended,AEC WEST HYTHE 14-18,GP,Aec West Hythe,Encana Western Resources Ltd.,100.0% - Veresen Midstream General Partner Inc.,,55.41237,-119.83645
ABGP0001757,Suspended,HUSKY GALLOWAY 12-5,GP,Husky Galloway,Husky Oil Operations Limited,100.0% - Husky Oil Operations Limited,,53.63759,-116.9217
ABGP0001758,Active,WORSLEY GAS PLANT 8-21,GP,Worsley,Enercapita Energy Ltd.,100.0% - Enercapita Energy Ltd.,,56.55738,-119.36149
ABGP0001759,Active,ANSELL 7-27-51-19W5,GP,Ansell,Canadian Natural Resources Limited,100.0% - Canadian Natural Resources Limited,1988-01-01,53.43031,-116.71311
ABGP0001760,Suspended,AEC EAST CYPRESS 8-3,GP,Aec East Cypress,Ovintiv Canada Ulc,100.0% - Spartan Delta Corp.,,49.52929,-110.05307
ABGP0001761,Active,LOUIS BULL 03-18-045-25W4 GAS PLANT,GP,Louis Bull,Axiom Oil And Gas Inc.,100.0% - Axiom Oil And Gas Inc.,1999-01-01,52.87437,-113.62292
ABGP0001764,Suspended,OLYMPIA WILDCAT HILLS,GP,Olympia Wildcat Hills,Manitok Energy Inc.,100.0% - Persist Oil And Gas Inc.,,51.21796,-114.63832
ABGP0001765,Suspended,BEARSPAW MARLOWE 1-28,GP,Marlowe,Tallahassee Exploration Inc.,100.0% - Tallahassee Exploration Inc.,1999-01-01,59.62166,-117.71396
ABGP0001766,Active,PEYTO OLDMAN 11-17,GP,Oldman,Peyto Exploration & Development Corp.,100.0% - Peyto Exploration & Development Corp.,1999-01-01,53.75393,-117.08878
ABGP0001767,Suspended,PARAMOUNT SOUTH LIEGE GAS PLANT,GP,Liege South,Athabasca Oil Corporation,100.0% - Athabasca Oil Corporation,1985-01-01,56.83344,-113.10558
ABGP0001768,Active,NAL STURGEON LAKE GAS PLANT,GP,Sturgeon Lake South,Whitecap Resources Inc.,50.0% - Whitecap Resources Inc.; 50.0% - Conocophillips Canada Resources Corp.,1985-01-01,54.96489,-117.65894
ABGP0001769,Suspended,ENCOUNTER KEHO GAS PLANT,GP,Iron Springs,Tamarack Acquisition Corp.,100.0% - Tamarack Acquisition Corp.,2000-01-01,49.81276,-112.83786
ABGP0001770,Suspended,ALTAGAS KIRKPATRICK LAKE GAS PLANT,GP,Kirkpatrick Lake,Altagas Ltd.,100.0% - Altagas Ltd.,,51.77087,-111.41942
ABGP0001771,Suspended,MCLEAN CREEK 11-5-76-22W5 PLANT,GP,Girouxville East,Long Run Exploration Ltd.,100.0% - Long Run Exploration Ltd.,,55.5578,-117.3803
ABGP0001772,Suspended,VICTORIA MULLIGAN 16-6 GAS PLANT,GP,Victoria Mulligan,Victoria Gas Ltd.,100.0% - Victoria Gas Ltd.,,55.99795,-119.23056
ABGP0001773,Suspended,PENGROWTH NIPISI 4-8,GP,Nipisi,Anterra Energy Inc.,100.0% - Summerland Energy Inc.,,55.82714,-115.22382
ABGP0001774,Active,CABRE JOARCAM 6-29,GP,Joarcam,Enerplus Corporation,100.0% - Enerplus Corporation,2000-01-01,53.25608,-113.04063
ABGP0001775,Active,WEST CULP 5-34-78-25W5,GP,West Culp,Canadian Natural Resources Limited,100.0% - Canadian Natural Resources Limited,,55.80139,-117.79997
ABGP0001776,Active,DEFIANT ENERGY SUNSET PLANT 6-22,GP,Sunset B,Enercapita Energy Ltd.,100.0% - Enercapita Energy Ltd.,1999-01-01,55.07408,-116.96612
ABGP0001777,Active,BURLINGTON RESTHAVEN 1-36,GP,Resthaven,Cenovus Energy Inc.,50.0% - Cenovus Energy Inc.; 50.0% - Paramount Resources Ltd.,2000-01-01,54.22681,-118.30331
ABGP0001778,Suspended,ATCO WIDEWATER GAS PLANT 6-8,GP,Widewater,Ipc Canada Ltd.,100.0% - Ipc Canada Ltd.,2001-01-01,55.30692,-115.04347
ABGP0001779,Suspended,CAMPUS ESTHER,GP,Esther,Campus Energy Partners Operations Inc.,100.0% - Campus Energy Partners Operations Inc.,2000-01-01,51.65089,-110.19089
ABGP0001780,Suspended,KELT COPTON GP 11-25,GP,Grande Cache,Kelt Exploration Ltd.,100.0% - Kelt Exploration Ltd.,2000-01-01,54.13224,-119.21528
ABGP0001781,Suspended,CONCO SUTTON 03-31,GP,Sutton,Bonavista Energy Corporation,100.0% - Sydco Energy Inc.,,56.93193,-118.15145
ABGP0001782,Active,PCP COUNTESS,GP,Scandia,Torxen Energy Ltd.,100.0% - Torxen Energy Ltd.,1997-01-01,50.5011,-112.22379
ABGP0001783,Suspended,DOMINION EAST BRUCE 10-01,GP,Bruce East,1333002 Alberta Ltd.,100.0% - Sequoia Resources Corp.,,53.11422,-112.05992
ABGP0001784,Suspended,MONOLITH RED WILLOW 7-26,GP,Red Willow,Obsidian Energy Ltd.,25.0% - Crew Energy Inc.; 75.0% - Obsidian Energy Ltd.,1995-01-01,52.3813,-112.19718
ABGP0001785,Suspended,AEC OIL & GAS MARTAIN HILLS,GP,Marten Creek,Axiom Oil And Gas Inc.,100.0% - Axiom Oil And Gas Inc.,,55.64488,-114.65784
ABGP0001786,Active,BP CANADA CALLUM CREEK 2-24,GP,Callum Creek,Lexin Resources Ltd.,100.0% - Lexin Resources Ltd.,2001-01-01,50.00702,-114.14606
ABGP0001787,Suspended,NCE PEMBINA 10-14,GP,Warburg,Bonavista Energy Corporation,100.0% - Bonavista Energy Corporation,2001-01-01,53.14326,-114.32777
ABGP0001788,Active,WATTS EAST 2-4-31-15W4,GP,Watts East,Canadian Natural Resources Limited,85.0% - Canadian Natural Resources Limited; 15.0% - Nal Resources Limited,,51.62177,-112.06911
ABGP0001789,Suspended,HADRIAN HIGHVALE 7-14,GP,Hadrian Highvale,Nep Canada Ulc,30.0% - Zargon Oil & Gas Ltd.; 70.0% - Nep Canada Ulc,2001-01-01,53.48866,-114.47773
ABGP0001790,Suspended,AEC HARO 13-17,GP,Haro 2,Long Run Exploration Ltd.,100.0% - Long Run Exploration Ltd.,2000-01-01,57.85878,-118.29785
ABGP0001791,Active,TRILOGY CLOVER 9-34 PLANT #2,GP,Para Clover Plant 2,Paramount Resources Ltd.,21.8% - Canadian Natural Resources Limited; 78.2% - Paramount Resources Ltd.,2001-01-01,54.23406,-116.60467
ABGP0001792,Suspended,VERMILION PEORIA 6-20,GP,Peoria,Advantage Energy Ltd.,100.0% - Questfire Energy Corp.,,55.59777,-118.27515
ABGP0001793,Suspended,BIRCHCLIFF RYCROFT 07-02,GP,Rycroft,Birchcliff Energy Ltd.,100.0% - Birchcliff Energy Ltd.,,55.64148,-118.50149
ABGP0001794,Active,EVI 1 -04-36-086-11 W5M,GP,Evi,Spoke Resources Ltd.,100.0% - Spoke Resources Ltd.,1994-01-01,56.49556,-115.60551
ABGP0001795,Suspended,00/16-31-052-21W5 MED LODGE GP,GP,Medicine Lodge,Sinopec Daylight Energy Ltd.,100.0% - Sinopec Daylight Energy Ltd.,,53.53924,-117.0755
ABGP0001796,Suspended,AEC PELICAN GRANOR NEZZ 07-09,GP,Granor Nezz,Cenovus Energy Inc.,100.0% - Canadian Natural Resources Limited,,56.17903,-112.78101
ABGP0001797,Active,SHAMAN FENN BIG VALLEY GAS PLANT 15-22,GP,Fenn-Big Valley,2234873 Alberta Ltd.,100.0% - 2234873 Alberta Ltd.,1991-01-01,52.02457,-112.77599
ABGP0001798,Active,NARRAWAY 10-08-062-10W6,GP,Narraway,Canadian Natural Resources Limited,81.0% - Canadian Natural Resources Limited,2001-01-01,54.35029,-119.45935
ABGP0001799,Abandoned,HUSKY OVERCHEM MITSUE 11-32,GP,Overlea,Husky Oil Operations Limited,100.0% - Husky Oil Operations Limited,1998-01-01,55.28129,-114.42819
ABGP0001800,Active,AEC SUFFEILD A2 SOLUTION GAS PLANT FACILITY 16-15,GP,Suffield A2 Station,Ipc Canada Ltd.,100.0% - Ipc Canada Ltd.,1980-01-01,50.70148,-111.02323
ABGP0001801,Suspended,DEVON ELMWORTH 4-8,GP,Wapiti Deep Cut,Canadian Natural Resources Limited,28.5% - Devon Canada Corporation; 34.9% - Canadian Natural Resources Limited; 25.5% - Conocophillips Canada (Brc) Ltd.; 3.1% - Enermark Inc.; 0.7% - Husky Oil Operations Limited; 0.7% - Petro-Canada; 6.7% - Talisman Energy Inc.,1985-01-01,54.95425,-119.19223
ABGP0001802,Suspended,ELMWORTH 4-8-70-11W6,GP,Elmworth Deep Cut,Cenovus Energy Inc.,87.0% - Conocophillips Canada Resources Corp.,1978-01-01,55.0415,-119.63099
ABGP0001803,Suspended,PENGROWTH JUDY CREEK,GP,Judy Creek Ethane Stripping Plant,Accel Canada Holdings Limited,43.1% - Conifer Energy Inc.,1985-01-01,54.57231,-115.52295
ABGP0001804,Suspended,* SHELL WATERTON,GP,Shell Waterton,Shell Canada Limited,100.0% - Shell Canada Limited,,49.30728,-113.99976
ABGP0001805,Suspended,CRESTAR WEMBLEY EXPANDER,GP,Wembley Ethane Stripping,Cenovus Energy Inc.,100.0% - Conocophillips Canada Resources Corp.,,55.33594,-119.22119
ABGP0001806,Suspended,CHEVRON KAYBOB,GP,Chevron Kaybob,Bp Canada Energy Group Ulc,100.0% - Energy Transfer Canada Ulc,,54.09609,-116.61698
ABGP0001807,Suspended,* CONOCO PECO,GP,Peco,Cenovus Energy Inc.,100.0% - Cenovus Energy Inc.,,53.20152,-116.21667
ABGP0001808,Suspended,* CHEVRON BRAZEAU RIVER,GP,Chevron Brazeau River,Keyera Energy Ltd.,100.0% - Keyera Energy Ltd.,,53.19052,-115.63812
ABGP0001809,Suspended,* AMOCO ELLERSLIE,GP,Amoco Ellerslie,Bp Canada Energy Group Ulc,100.0% - Altagas Ltd.,,53.4559,-113.48868
ABGP0001810,Abandoned,* CHEVRON ACHESON,GP,Chevron Acheson,Chevron Canada Limited,100.0% - Tidewater Midstream And Infrastructure Ltd.,,53.54673,-113.73491
ABGP0001811,Suspended,SOLEX HARMATTAN-ELKTON,GP,Solex Harmattan-Elkton,Taylor Processing Inc.,100.0% - Altagas Ltd.,,51.68774,-114.47718
ABGP0001831,Suspended,HUSKY BOYER HAIG RIVER STEEN 01-17,GP,Haig River,Husky Oil Operations Limited,100.0% - Husky Oil Operations Limited,1980-01-01,58.10967,-118.11463
ABGP0001832,Suspended,DAWSON 8-26-79-16W5,GP,Dawson,Canadian Natural Resources Limited,76.9% - Canadian Natural Resources Limited,2001-01-01,55.8746,-116.37949
ABGP0001833,Suspended,ALTAGAS BALCKFOOT 13-29,GP,Blackfoot,Altagas Ltd.,100.0% - Altagas Ltd.,,50.90522,-113.30271
ABGP0001834,Suspended,SPIRE OYEN 08-04,GP,Oyen,Canlin Resources Partnership,,,51.45076,-110.64085
ABGP0001836,Active,D ENERGY BENTON 10-18-29-3W4,GP,Benton,Canlin Resources Partnership,,,51.48345,-110.41231
ABGP0001837,Suspended,ALTAGAS NAMAKA BLACKFOOT #2 13-29,GP,Namaka Blackfoot 2 South,Altagas Ltd.,100.0% - Altagas Ltd.,,50.90522,-113.30271
ABGP0001838,Suspended,MBOG RED EARTH 2-23-88-8W5 GAS PLANT,GP,Red Earth,Surge Energy Inc.,100.0% - Surge Energy Inc.,1984-01-01,56.64099,-115.155
ABGP0001839,Suspended,PANCANADIAN VERGER 16-20,GP,Verger,Torxen Energy Ltd.,100.0% - Torxen Energy Ltd.,,50.80303,-111.90029
ABGP0001840,Active,PENN WEST VISTA CREEK 15-10,GP,Vista Creek,Direct Oil & Gas Inc.,100.0% - Direct Oil & Gas Inc.,2001-01-01,57.32079,-118.06499
ABGP0001841,Active,BERLAND SWEET PLANT  14-15-59-24W5,GP,Berland Sweet Plant,Tourmaline Oil Corp.,44.0% - Tourmaline Oil Corp.; 56.0% - Cenovus Energy Inc.,2002-01-01,54.10681,-117.51672
ABGP0001842,Suspended,WILLIAMS EXTRACTION PLANT 1-1-92-9W4,GP,Williams Extraction Plant,Inter Pipeline Offgas Ltd.,100.0% - Inter Pipeline Offgas Ltd.,,56.9464,-111.29688
ABGP0001843,Abandoned,DENISON KNAPPEN 15-29,GP,Denison Knappen,Journey Energy Inc.,100.0% - Crimson Oil & Gas Ltd.,,49.07011,-111.43908
ABGP0001844,Suspended,KNAPPEN16-29,GP,Knappen,Journey Energy Inc.,100.0% - Journey Energy Inc.,,49.0701,-111.4336
ABGP0001845,Active,00/01-16-075-01W6 KAKUT GP SWEET,GP,Kakut,Sinopec Daylight Energy Ltd.,100.0% - Sinopec Daylight Energy Ltd.,2000-01-01,55.49245,-118.08133
ABGP0001846,Suspended,CONOCO ATLEE-BUFFALO 09-13,GP,Atlee Buffalo,West Lake Energy Corp.,100.0% - West Lake Energy Corp.,2000-01-01,50.78517,-110.83855
ABGP0001847,Abandoned,VERMILLION EAGLESHAM 102/10-01,GP,Vermillion Eaglesham,Vermilion Energy Inc.,100.0% - Vermilion Energy Inc.,,55.64507,-117.73583
ABGP0001848,Suspended,HUSKY RAINBOW 14-03,GP,Rainbow,Winter Petroleum Ltd.,100.0% - Winter Petroleum Ltd.,,58.52712,-118.40844
ABGP0001849,Active,ROCHESTER 11-9-62-24W4,GP,Armstrong Lake,Canadian Natural Resources Limited,100.0% - Canadian Natural Resources Limited,1996-01-01,54.35026,-113.54101
ABGP0001850,Suspended,ATLEE-BUFFALO 4-23-20-9W4,GP,Jenner,Canadian Natural Resources Limited,100.0% - Canadian Natural Resources Limited,,50.70509,-111.15564
ABGP0001851,Suspended,GRANUM 12-19-11-25W4,GP,Granum,Conocophillips Canada Resources Corp.,100.0% - Canadian Natural Resources Limited,,49.92628,-113.41032
ABGP0001852,Suspended,BERKLEY PUSKWASKAU,GP,Berkley Puskwaskau,Canadian Natural Resources Limited,100.0% - Canadian Natural Resources Limited,,55.33962,-118.11246
ABGP0001853,Active,BIGSTONE PLANT 100/14-28-059-22W5 GP,GP,Bigstone,Repsol Oil & Gas Canada Inc.,64.2% - Repsol Oil & Gas Canada Inc.; 26.4% - Distinction Energy Corp.; 7.9% - Conocophillips Canada Limited; 1.5% - Canadian Natural Resources Limited,1996-01-01,54.1359,-117.24181
ABGP0001854,Active,TRILOGY TWO CREEK,GP,Two Creeks,Paramount Resources Ltd.,100.0% - Paramount Resources Ltd.,1996-01-01,54.41981,-116.35464
ABGP0001855,Active,SEAL 09-15-084-14W5 GAS PLANT,GP,Slave,Tidewater Midstream And Infrastructure Ltd.,100.0% - Tidewater Midstream And Infrastructure Ltd.,,56.28473,-116.11304
ABGP0001856,Suspended,* PANCDN PROVOST-DAVID,GP,Provost-David,Cenovus Energy Inc.,100.0% - West Lake Energy Corp.,,52.42486,-110.36801
ABGP0001857,Active,RENAISSANCE BLOOD NORTH 16-35,GP,Blood North,Tamarack Acquisition Corp.,100.0% - Tamarack Acquisition Corp.,1994-01-01,49.52128,-112.85553
ABGP0001858,Active,WILDRIVER 10-20-56-23W5 GP,GP,Wild River,Repsol Oil & Gas Canada Inc.,84.0% - Repsol Oil & Gas Canada Inc.; 16.0% - Canadian Natural Resources Limited,1994-01-01,53.8556,-117.38009
ABGP0001859,Active,HILLSDOWN 13-4-37-25W4,GP,Hillsdown,Canadian Natural Resources Limited,98.0% - Canadian Natural Resources Limited; 2.0% - Apex Energy (Canada) Inc.,1981-01-01,52.15576,-113.5253
ABGP0001860,Suspended,ENCAL WORSLEY,GP,Encal Worsley,Taqa North Ltd.,100.0% - Taqa North Ltd.,,56.56099,-119.3545
ABGP0001861,Suspended,NEW CACHE DORIS,GP,Doris Plant1,Tidewater Midstream And Infrastructure Ltd.,54.0% - Tidewater Midstream And Infrastructure Ltd.,,54.54686,-114.79252
ABGP0001862,Suspended,PETRO-CAN BEZANSON,GP,Bezanson,Birchcliff Energy Ltd.,100.0% - Birchcliff Energy Ltd.,1994-01-01,55.14341,-118.43933
ABGP0001863,Suspended,VALHALLA 1-3-77-7W6,GP,Saddle Hills,Canadian Natural Resources Limited,100.0% - Canadian Natural Resources Limited,1996-01-01,55.63785,-118.98628
ABGP0001864,Active,PANCDN CAVALIER,GP,Cavalier,Lynx Energy Ulc,100.0% - Lynx Energy Ulc,1994-01-01,51.00682,-113.17071
ABGP0001865,Abandoned,ANDERSON WOKING,GP,Anderson Woking,Canadian Natural Resources Limited,100.0% - Devon Canada Corporation,,55.48864,-118.54674
ABGP0001866,Suspended,GODIN 15-19-81-1W5,GP,Godin Lake,Canadian Natural Resources Limited,100.0% - Canadian Natural Resources Limited,,56.04153,-114.14176
ABGP0001867,Suspended,* SERENPET CRANBERRY,GP,Serenpet Cranberry,Canadian Natural Resources Limited,100.0% - Canadian Natural Resources Limited,,57.27006,-118.55263
ABGP0001868,Active,KAISER NEGUS,GP,Negus,Distinction Energy Corp.,100.0% - Distinction Energy Corp.,1995-01-01,54.16137,-117.66668
ABGP0001869,Reclamation Certified,KEYSPAN BLUEBERRY,GP,Keyspan Blueberry,Keyera Energy Ltd.,100.0% - Keyera Energy Ltd.,,56.15802,-119.07421
ABGP0001870,Suspended,PENN WEST ESTHER,GP,Penn West Esther,Campus Energy Partners Operations Inc.,100.0% - Campus Energy Partners Operations Inc.,,51.65089,-110.19089
ABGP0001871,Abandoned,PANCANADIAN WEMBLEY,GP,Pancanadian Wembley,Ovintiv Canada Ulc,100.0% - Canadian Natural Resources Limited,,55.2379,-119.11865
ABGP0001872,Suspended,NCE PETROFUND PROVOST,GP,Hansman Lake,Obsidian Energy Ltd.,100.0% - West Lake Energy Corp.,,52.43206,-110.43992
ABGP0001873,Suspended,APACHE PROVOST,GP,Provost,Karve Energy Inc.,100.0% - Battle River Energy Ltd.,,52.34123,-111.05735
ABGP0001874,Active,CHINCHAGA 11-33-96-8W6,GP,Hamburg 11-33,Canadian Natural Resources Limited,100.0% - Canadian Natural Resources Limited,1995-01-01,57.37531,-119.23652
ABGP0001875,Active,SAKWATAMAU 06-12 GAS PLANT,GP,Sakwatamau,Enercapita Energy Ltd.,100.0% - Enercapita Energy Ltd.,1992-01-01,54.43421,-116.13399
ABGP0001876,Abandoned,SIGNALTA BIGORAY,GP,Bigoray,Obsidian Energy Ltd.,100.0% - Obsidian Energy Ltd.,,53.43418,-115.1653
ABGP0001877,Abandoned,INVASION BISON LAKE,GP,Bison Lake,Prairie Provident Resources Canada Ltd.,100.0% - Prairie Provident Resources Canada Ltd.,,57.21929,-116.39587
ABGP0001878,Suspended,APACHE ZAMA,GP,Zama,Paramount Resources Ltd.,100.0% - Paramount Resources Ltd.,1976-01-01,59.06493,-118.87887
ABGP0001879,Suspended,MARATHON SEAL 7-20 PLANT,GP,Marathon Seal,Summerland Energy Inc.,100.0% - Summerland Energy Inc.,,56.12164,-115.99429
ABGP0001880,Active,CLEAR HILLS BNDYLKS 16-11-88-13W6,GP,Clear Hills,Canadian Natural Resources Limited,100.0% - Canadian Natural Resources Limited,,56.62271,-119.94652
ABGP0001881,Suspended,HUSKY WAYNE-ROSEDALE 11-27,GP,Wayne North,Torxen Energy Ltd.,100.0% - Torxen Energy Ltd.,1995-01-01,51.4252,-112.73862
ABGP0001882,Suspended,* ENCAL GRANLEA,GP,Encal Granlea,Taqa North Ltd.,100.0% - Taqa North Ltd.,,49.67504,-111.32264
ABGP0001883,Suspended,CONOCO HOTCHKISS,GP,Conoco Hotchkiss,Conocophillips Canada Resources Corp.,100.0% - Direct Oil & Gas Inc.,,57.15374,-118.33272
ABGP0001884,Suspended,LIGHTSTREAM JUMPBUSH,GP,Jumpbush,Ridgeback Resources Inc.,70.0% - Ridgeback Resources Inc.; 30.0% - Siksika Energy Resources Corporation,1992-01-01,50.72338,-112.789
ABGP0001885,Active,GRANUM 13-31-11-26W4,GP,Granum,Canadian Natural Resources Limited,100.0% - Canadian Natural Resources Limited,1995-01-01,49.95911,-113.54702
ABGP0001886,Suspended,BONANZA 11-25 GAS PLANT,GP,Silver Valley,Repsol Oil & Gas Canada Inc.,41.0% - Canadian Natural Resources Limited,,56.05254,-119.58264
ABGP0001887,Suspended,STURGEON LK GAS PLANT,GP,Ante Creek,Altagas Ltd.,100.0% - Arc Resources Ltd.,,54.9106,-117.6972
ABGP0001888,Active,PANCDN WAYNE-ROSEDALE,GP,Wayne Rosedale,Persist Oil And Gas Inc.,100.0% - Persist Oil And Gas Inc.,1993-01-01,51.40332,-112.91469
ABGP0001889,Suspended,CRESTAR PROVOST,GP,Crestar Provost,Conocophillips Canada Energy Partnership,100.0% - Harvest Operations Corp.,,52.44308,-111.08148
ABGP0001890,Suspended,ENERGY PROCESSORS PEMBINA,GP,Kitto Lake,Axiom Oil And Gas Inc.,100.0% - Axiom Oil And Gas Inc.,,53.34703,-114.74223
ABGP0001891,Suspended,ROZSA KEHO,GP,Keho,Houston Oil & Gas Ltd.,100.0% - Houston Oil & Gas Ltd.,1995-01-01,50.00242,-112.87387
ABGP0001892,Active,AEC SADDLE HILLS,GP,Sexsmith,Ovintiv Canada Ulc,100.0% - Ovintiv Canada Ulc,1995-01-01,55.47783,-119.05714
ABGP0001893,Abandoned,SUMMIT MIRAGE,GP,Summit Mirage,Rising Star Resources Ltd.,100.0% - Rising Star Resources Ltd.,,55.85617,-119.06717
ABGP0001894,Suspended,NCE PETROFUND  PROVOST,GP,Monitor Creek West,Obsidian Energy Ltd.,100.0% - Obsidian Energy Ltd.,1996-01-01,51.79257,-110.81121
ABGP0001895,Active,FOURTH CREEK GAS PLANT,GP,Fourth Creek,Northriver Midstream Inc.,100.0% - Northriver Midstream Inc.,1991-01-01,56.09971,-119.2827
ABGP0001896,Abandoned,CHEVRON MEDICINE LODGE,GP,Chevron Medicine Lodge,Vermilion Energy Inc.,100.0% - Vermilion Energy Inc.,,53.47746,-117.02635
ABGP0001897,Active,GOODFISH 3-32-91-8W5,GP,Goodfish,Canadian Natural Resources Limited,30.0% - Baytex Energy Ltd.; 70.0% - Canadian Natural Resources Limited,1996-01-01,56.93206,-115.25311
ABGP0001898,Suspended,HUSKY GOODLOW 2-33,GP,Muskwa,Husky Oil Operations Limited,100.0% - Husky Oil Operations Limited,,56.23351,-113.88729
ABGP0001899,Abandoned,TARRAGON HECTOR,GP,Badger,Husky Oil Operations Limited,100.0% - Canadian Natural Resources Limited,,50.39933,-112.30984
ABGP0001901,Active,EMPRESS 6,GP,Empress Straddle Plant,Plains Midstream Canada Ulc,100.0% - Plains Midstream Canada Ulc,1962-01-01,50.6829,-110.03676
ABGP0001902,Active,EMPRESS GAS PLANT,GP,Empress Straddle Plant,Plains Midstream Canada Ulc,100.0% - Plains Midstream Canada Ulc,1971-01-01,50.67563,-110.02507
ABGP0001903,Active,COCHRANE EXTRACTION PLANT,GP,Cochrane Straddle Plant,Inter Pipeline Extraction Ltd.,100.0% - Inter Pipeline Ltd.,1970-01-01,51.22509,-114.49303
ABGP0001906,Active,AMOCO ELLERSLIE,GP,Edmonton Ethane Extraction,Altagas Ltd.,100.0% - Altagas Ltd.,1978-01-01,53.4559,-113.48868
ABGP0001907,Abandoned,ATCO MIDSTREAM EMPRESS (3),GP,Empress Gas Liquids Joint Venture Straddle Plant,Atco Energy Solutions Ltd.,,1983-01-01,50.67571,-110.05414
ABGP0001908,Suspended,ATCO FORT SASKATCHEWAN,GP,Fort Saskatchewan Straddle Plant,Tidewater Midstream And Infrastructure Ltd.,100.0% - Tidewater Midstream And Infrastructure Ltd.,1984-01-01,53.71782,-113.18306
ABGP0001909,Active,PANCDN EMPRESS,GP,Empress Straddle Plant,Pembina Gas Services Ltd.,100.0% - 2354890 Alberta Ltd.,1996-01-01,50.67204,-110.03106
ABGP0001910,Active,VEEP 08-05-054-26W4 GAS PLANT,GP,Villeneuve Straddle Plant,Tidewater Midstream And Infrastructure Ltd.,100.0% - Tidewater Midstream And Infrastructure Ltd.,1997-01-01,53.63444,-113.79054
ABGP0001935,Suspended,HUSKY WINDFALL,GP,Windfall,Husky Oil Operations Limited,100.0% - Energy Transfer Canada Ulc,1965-01-01,54.18694,-116.20467
ABGP0001936,Unknown,* SUNCOR (NOW 1991),GP,,Suncor Energy Inc.,100.0% - Suncor Energy Inc.,,56.9464,-111.29688
ABGP0001937,Unknown,* PROCOR LYNTON SULPHUR FORMING,GP,,Procor Lpg Storage Inc.,100.0% - Procor Lpg Storage Inc.,,49.00158,-110.00785
ABGP0001938,Unknown,* SULMAR REDWATER,GP,,Unknown Operator/Address - Used By Field Surveillance,100.0% - Unknown Operator/Address - Used By Field Surveillance,,49.00158,-110.00785
ABGP0001939,Unknown,* BURZA LYNTON,GP,,Unknown Operator/Address - Used By Field Surveillance,100.0% - Unknown Operator/Address - Used By Field Surveillance,,49.00158,-110.00785
ABGP0001940,Unknown,* SYNCRUDE,GP,,Syncrude Canada Ltd.,100.0% - Syncrude Canada Ltd.,,49.00158,-110.00785
ABGP0001941,Suspended,* CHEVRON FT SASK,GP,Chevron Ft Sask,Chevron Canada Limited,100.0% - Chevron Canada Limited,,53.74681,-113.15836
ABGP0001942,Suspended,GIBSON FORT SASK,GP,Gibson Fort Sask,Gibson Energy Ulc,100.0% - Gibson Energy Ulc,,53.7178,-113.12752
ABGP0001943,Suspended,MOBIL PROCOR GX,GP,Procor Gx,Exxonmobil Canada Energy,100.0% - Exxonmobil Canada Energy,,49.00158,-110.00785
ABGP0001944,Suspended,IMPERIAL EAST EDMONTON LPG,GP,East Edmonton Lpg,Imperial Oil Resources Limited,100.0% - Imperial Oil Resources Limited,,49.00158,-110.00785
ABGP0001945,Suspended,AMOCO PEMBINA,GP,Pembina,Bp Canada Energy Group Ulc,100.0% - Bp Canada Energy Group Ulc,,53.16142,-114.90048
ABGP0001946,Suspended,AMOCO CRANBERRY(KEMP RIVER),GP,Chinchaga,Canadian Natural Resources Limited,100.0% - Canadian Natural Resources Limited,1960-01-01,57.339,-118.6543
ABGP0001947,Suspended,* VOYAGER BRUCE,GP,Voyager Bruce,Conocophillips Canada Resources Corp.,100.0% - Conocophillips Canada Resources Corp.,,49.00158,-110.00785
ABGP0001950,Suspended,* GIBSON HARDISTY,GP,Gibson Hardisty,Gibson Energy Ulc,100.0% - Gibson Energy Ulc,,52.63257,-111.26761
ABGP0001951,Suspended,IMPERIAL DEVON 1&2,GP,1 and 2,Imperial Oil Resources Limited,100.0% - Conifer Energy Inc.,,54.57231,-115.52295
ABGP0001960,Active,KANATA VALHALLA 13-21 SOUR GAS PLANT,GP,Valhalla,Kanata Energy Group Ltd.,100.0% - Kanata Energy Group Ltd.,1985-01-01,55.60494,-119.3414
ABGP0001961,Suspended,CELSIUS WORSLEY,GP,Celsius Worsley,Enerplus Corporation,100.0% - Enerplus Corporation,,56.55736,-118.77585
ABGP0001962,Suspended,AEC SADDLE HILLS,GP,Saddle Hills,Ovintiv Canada Ulc,100.0% - Ovintiv Canada Ulc,,55.47783,-119.06383
ABGP0001963,Suspended,NEWPORT LATHOM,GP,Lathom,Harvest Operations Corp.,100.0% - Harvest Operations Corp.,,50.75945,-112.49465
ABGP0001964,Suspended,PUSKWASKAU 3-26-74-1W6,GP,Puskwaskau,Long Run Exploration Ltd.,100.0% - Long Run Exploration Ltd.,1995-01-01,55.43429,-118.04182
ABGP0001965,Active,PANCDN VERGER,GP,Verger A,Torxen Energy Ltd.,87.5% - Torxen Energy Ltd.; 12.5% - Harvard International Resources Ltd.,,50.89423,-112.17142
ABGP0001966,Active,MIKWAN 05-22-036-22W4 GAS PLANT,GP,Mikwan,Axiom Oil And Gas Inc.,100.0% - Axiom Oil And Gas Inc.,1993-01-01,52.1048,-113.07322
ABGP0001967,Suspended,CDN 88 CROSSFIELD EAST,GP,Cdn 88 Crossfield East,Whitecap Resources Inc.,100.0% - Whitecap Resources Inc.,,51.61836,-114.07504
ABGP0001968,Suspended,CDN HUNTER PEDIGREE,GP,Cdn Hunter Pedigree,Conocophillips Canada Resources Corp.,100.0% - Canadian Natural Resources Limited,,57.74245,-119.99342
ABGP0001969,Active,ALDER FLATS 11-33 GAS PLANT,GP,Alder Flats,Tidewater Midstream And Infrastructure Ltd.,100.0% - Tidewater Midstream And Infrastructure Ltd.,,52.92583,-115.10422
ABGP0001970,Active,BURLINGTON SAND CREEK,GP,Sandcreek,Cenovus Energy Inc.,76.8% - Cenovus Energy Inc.; 6.8% - Bellatrix Exploration Ltd.; 16.4% - Taqa North,,52.90716,-115.32221
ABGP0001971,Suspended,NORTHROCK BARRHEAD,GP,Barrhead,Taqa North Ltd.,100.0% - Taqa North Ltd.,1995-01-01,54.12853,-114.65509
ABGP0001972,Abandoned,CONOCO AKUINU,GP,Akuinu River West,Paramount Resources Ltd.,100.0% - Paramount Resources Ltd.,1997-01-01,54.65245,-114.52788
ABGP0001973,Suspended,DEVON MUSKWA (TEEPEE CK),GP,Teepee,Sequoia Resources Corp.,100.0% - Sequoia Resources Corp.,1996-01-01,56.52824,-114.07162
ABGP0001974,Abandoned,PEDIGREE,GP,Fontas,Nuvista Energy Ltd.,100.0% - Nuvista Energy Ltd.,1997-01-01,57.87709,-119.73392
ABGP0001975,Suspended,PARAMOUNT BISTCHO LAKE,GP,Bistcho Lake,Tallahassee Exploration Inc.,50.0% - Husky Oil Operations Limited; 50.0% - Tallahassee Exploration Inc.,1997-01-01,59.63916,-118.30596
ABGP0001976,Active,WINDFALL 01-15-062-15W5 GAS PLANT,GP,Sakwatamau,Axiom Oil And Gas Inc.,100.0% - Axiom Oil And Gas Inc.,,54.35792,-116.15468
ABGP0001977,Suspended,ALTAGAS MOSQUITO CREEK,GP,Mosquito Creek,Campus Energy Partners Operations Inc.,100.0% - Campus Energy Partners Operations Inc.,1998-01-01,50.22822,-113.53824
ABGP0001978,Suspended,NCL ZAMA,GP,Ncl Zama,Novagas Canada Ltd.,100.0% - Paramount Resources Ltd.,,59.06493,-118.87887
ABGP0001979,Suspended,KEYWEST WAYNE-ROSEDALE 7-6,GP,Wayne Redland,Harvest Operations Corp.,100.0% - Harvest Operations Corp.,1997-01-01,51.45061,-112.94397
ABGP0001980,Suspended,NEWPORT HAMELIN CREEK,GP,Hamelin Creek,Spoke Resources Ltd.,100.0% - Spoke Resources Ltd.,,55.94707,-118.88442
ABGP0001981,Suspended,NEW CACHE DORIS,GP,Doris Plant2,Tidewater Midstream And Infrastructure Ltd.,100.0% - Tidewater Midstream And Infrastructure Ltd.,,54.47425,-114.81144
ABGP0001982,Active,CORSE HUXLEY,GP,Huxley,Corse Energy Corp.,100.0% - Corse Energy Corp.,,51.94225,-113.24419
ABGP0001983,Suspended,CDN CONQUEST THUNDER LAKE WEST,GP,Thunder Lake West,Taqa North Ltd.,100.0% - West Lake Energy Corp.,,54.22304,-114.73623
ABGP0001984,Suspended,MCLEOD 6-25-56-14W5,GP,Mahaska,Cenovus Energy Inc.,100.0% - Cenovus Energy Inc.,,53.86666,-115.94936
ABGP0001985,Suspended,INTEGRA MANASKA 4-18,GP,Mahaska,Cenovus Energy Inc.,73.0% - Cenovus Energy Inc.; 27.0% - Daylight Energy Ltd.,1995-01-01,53.92123,-115.78208
ABGP0001986,Abandoned,CELSIUS WORSLEY,GP,Celsius Worsley,Enerplus Corporation,100.0% - Enerplus Corporation,,56.57201,-118.50932
ABGP0001987,Active,PEMBINA 13-35-47-10W5,GP,Lodgepole,Cenovus Energy Inc.,7.5% - Devon Energy Canada Corporation; 7.5% - Lightstream Resources Ltd.; 14.1% - Sword Energy Limited; 32.5% - Taqa North Ltd.; 38.5% - Cenovus Energy Inc.,1996-01-01,53.10328,-115.36363
ABGP0001988,Suspended,TARRAGON CONNORSVILLE,GP,Connorsville,Canadian Natural Resources Limited,100.0% - Canadian Natural Resources Limited,,51.20698,-111.9964
ABGP0001989,Abandoned,CHINCHAGA 1-5-96-7W6,GP,Chinchaga,Canadian Natural Resources Limited,100.0% - Canadian Natural Resources Limited,,57.29556,-119.08771
ABGP0001990,Active,NORMANDVILLE N 3-36-79-23W5,GP,Normandville North,Canadian Natural Resources Limited,90.0% - Canadian Natural Resources Limited; 10.0% - Obsidian Energy Ltd.,,55.8852,-117.46268
ABGP0001991,Unknown,SUNCOR (GCOS),GP,,Suncor Energy Inc.,100.0% - Suncor Energy Inc.,,56.9464,-111.29688
ABGP0001992,Unknown,SYNCRUDE,GP,,Syncrude Canada Ltd.,100.0% - Syncrude Canada Ltd.,,57.03362,-111.45788
ABGP0001993,Suspended,* SHELL WARBURG,GP,Shell Warburg,Shell Canada Limited,100.0% - Shell Canada Limited,,53.16513,-114.32179
ABGP0001994,Suspended,VIKING-KINSELLA 1-30-47-9W4,GP,Scovil Lake,Pine Cliff Energy Ltd.,100.0% - Pine Cliff Energy Ltd.,,53.0761,-111.30021
ABGP0001995,Active,DEVON MONTAG,GP,Montag,Xgen Ventures Inc.,100.0% - Xgen Ventures Inc.,,56.39466,-118.88716
ABGP0001996,Suspended,COMPTON MONTAG,GP,Clayhurst,Lexin Resources Ltd.,100.0% - Lexin Resources Ltd.,,56.38365,-118.90051
ABGP0001997,Active,CECIL NORTH 16-4-85-8W6,GP,Cecil North,Canadian Natural Resources Limited,36.5% - Canadian Natural Resources Limited; 12.7% - Cequence Energy Ltd.; 20.9% - Harvest Operations Corp.; 16.4% - Taqa North Ltd.; 1.9% - Sword Energy Inc.; 2.3% - Ish Energy Ltd.; 9.7% - Terra Energy Corp.,1998-01-01,56.34736,-119.19071
ABGP0001998,Suspended,RAINBOW (SOUSA),GP,Sousa,Nuvista Energy Ltd.,100.0% - Nuvista Energy Ltd.,,58.68335,-118.67292
ABGP0001999,Unknown,* INTERNAL USE ONLY,GP,,Unknown Operator/Address - Used By Field Surveillance,100.0% - Unknown Operator/Address - Used By Field Surveillance,1999-01-01,49.00158,-110.00785
ABGP0075252,Suspended,MARKWEST BANTRY 12-21-18-13 W4 PLANT,GP,Bantry,Cardinal Energy Ltd.,100.0% - Cardinal Energy Ltd.,1999-01-01,50.53739,-111.74281
ABGP0075650,Active,JOFFRE ETHANE EXTRACTION PLANT,GP,Straddle,Altagas Ltd.,100.0% - Altagas Ltd.,2003-01-01,52.2904,-113.54333
ABGP0075866,Suspended,NRK BREWSTER 03-17-043-14W5,GP,Brewster,Taqa North Ltd.,100.0% - Taqa North Ltd.,2004-01-01,52.69988,-115.9991
ABGP0075995,Active,PROBE LEDUC GAS PROCESSING FACILITY,GP,NEP Refrig Plant,Nep Canada Ulc,100.0% - Nep Canada Ulc,1998-01-01,53.33226,-113.7172
ABGP0076045,New,LES AND HERMAN FREADRICH,GP,Les And Herman Freadrich,Freadrich; Les And Herman,100.0% - Freadrich  Les And Herman,,52.59243,-111.99933
ABGP0076120,Active,PENGROWTH FLOWING ENERGY MONITOR GP,GP,Flowing Energy Monitor,Rolling Hills Energy Ltd.,100.0% - Rolling Hills Energy Ltd.,,51.9993,-110.38896
ABGP0076575,Suspended,IRMA 12-01-46-9W4,GP,Irma,Pine Cliff Energy Ltd.,100.0% - Pine Cliff Energy Ltd.,,52.93978,-111.18597
ABGP0076666,Suspended,WILDUNN CREEK 7-27-029-14W4,GP,Taplow,Conocophillips Canada Resources Corp.,100.0% - Canadian Natural Resources Limited,,51.50899,-111.88914
ABGP0077070,Active,RYCROFT 15-11-76-6W6 GAS PLANT,GP,Rycroft,Spartan Delta Corp.,50.0% - Birchcliff Energy Ltd.; 50.0% - Spartan Delta Corp.,2003-01-01,55.57589,-118.81172
ABGP0077266,Suspended,ALDERSON 13-21-015-11W4 GAS PLANT,GP,Alderson East,Torxen Energy Ltd.,100.0% - Ovintiv Canada Ulc,1970-01-01,50.27893,-111.46795
ABGP0077288,Suspended,VERNON LAKE 7-9-47-10W4,GP,Vernon Lake,Pine Cliff Energy Ltd.,100.0% - Pine Cliff Energy Ltd.,,53.03597,-111.40373
ABGP0077308,Active,DRYDEN CREEK GAS PLANT,GP,Dryden Creek,Obsidian Energy Ltd.,100.0% - Obsidian Energy Ltd.,2001-01-01,57.8771,-118.41444
ABGP0077324,Active,BAYTEX WIMBORNE 5-10 GAS PLANT,GP,Wimborne,Long Run Exploration Ltd.,100.0% - Long Run Exploration Ltd.,,51.81448,-113.61594
ABGP0077819,Suspended,CHINCHAGA 10-20-96-7 GP,GP,Chinchaga,Kelt Exploration Ltd.,100.0% - Kelt Exploration Ltd.,2003-01-01,57.34624,-119.0944
ABGP0078091,Suspended,SADDLEHILLS 10-11-75-7 W6,GP,Saddle Hills,Canadian Natural Resources Limited,100.0% - Canadian Natural Resources Limited,1984-01-01,55.48507,-118.9671
ABGP0078222,Suspended,BERLAND RIVER W 16-15-59-24W5,GP,Berland River,Canadian Natural Resources Limited,100.0% - Canadian Natural Resources Limited,,54.1068,-117.5044
ABGP0079061,Active,SMOKY 7-36-58-3W6,GP,Smoky,Canadian Natural Resources Limited,100.0% - Canadian Natural Resources Limited,2001-01-01,54.05581,-118.30677
ABGP0079080,Suspended,ALTAGAS  DEL BONITA GAS PLANT,GP,Del Bonita,Gryphon Petroleum Corp.,100.0% - Gryphon Petroleum Corp.,,49.08875,-112.57927
ABGP0079260,Active,RED LAND SOUTH 6-4-27-21W4 GAS PLANT,GP,Redland South,Lynx Energy Ulc,100.0% - Lynx Energy Ulc,1994-01-01,51.27609,-112.9028
ABGP0079548,Abandoned,EVERGREEN SOUR GAS PLANT,GP,Evergreen Sour Gas,Aqt Water Management Inc.,100.0% - Aqt Water Management Inc.,,58.54937,-117.41545
ABGP0080025,Suspended,LITTLE CHICAGO GAS PLANT,GP,Little Chicago,Crescent Point Energy Corp.,100.0% - Crescent Point Energy Corp.,2004-01-01,50.55555,-114.23395
ABGP0080187,Active,PEYTO KAKWA 02-11-60-04 W6 SWEET GAS,GP,Kakwa,Peyto Exploration & Development Corp.,100.0% - Peyto Exploration & Development Corp.,2005-01-01,54.16866,-118.48437
ABGP0080688,Active,WILD RIVER 14-20 GP,GP,Wild River,Tourmaline Oil Corp.,100.0% - Tourmaline Oil Corp.,2004-01-01,53.85921,-117.38619
ABGP0080799,Suspended,BASSET LAKE 16-35 GAS PLANT,GP,Basset Lake,Spartan Delta Corp.,50.0% - Boulder Energy Ltd.; 50.0% - Spartan Delta Corp.,,58.33803,-118.53412
ABGP0080972,Active,ANTE CREEK GAS PLANT 10-36-065-25W5M,GP,Ante Creek South,Arc Resources Ltd.,100.0% - Arc Resources Ltd.,2004-01-01,54.67052,-117.64081
ABGP0081174,Active,ATCO CARBON SOUTH,GP,Carbon South,Atco Energy Solutions Ltd.,100.0% - Atco Energy Solutions Ltd.,,51.47964,-113.05534
ABGP0081379,Suspended,MAZEPPA SWEET GAS GATHERING,GP,Mazeppa Sweet Gas Gathering,Lexin Resources Ltd.,100.0% - Lexin Resources Ltd.,1986-01-01,50.64675,-113.77029
ABGP0081382,Suspended,MAZEPPA SWEET GAS PLANT,GP,Mazeppa Sweet,Lexin Resources Ltd.,100.0% - Lexin Resources Ltd.,1986-01-01,50.64675,-113.77029
ABGP0081833,Active,WORSLEY 16-36 GAS PLANT,GP,Worsley,Enercapita Energy Ltd.,100.0% - Enercapita Energy Ltd.,2004-01-01,56.50626,-119.42786
ABGP0081848,Suspended,ENCANA ROSEBUD 2-1-27-21W4 GAS PLANT,GP,Rosebud,Torxen Energy Ltd.,100.0% - Torxen Energy Ltd.,1972-01-01,51.27248,-112.82641
ABGP0081971,Active,BSO SF LK GP 2-4-19-16W4M,GP,Countess,Blackspur Oil Corp.,100.0% - Blackspur Oil Corp.,2004-01-01,50.57399,-112.15999
ABGP0082137,Suspended,FLOWING WILD 9-36 GP,GP,Flowing Wild,Gear Energy Ltd.,100.0% - Gear Energy Ltd.,,53.27241,-110.59364
ABGP0082273,Suspended,CYRIES BILBO 02/16-28-64-6W6,GP,Bilbo,Harvest Operations Corp.,100.0% - Harvest Operations Corp.,,54.57258,-118.83418
ABGP0082296,Suspended,PRINCESS 13-05 CHOKE PLANT,GP,Princess Choke Plant,Taqa North Ltd.,100.0% - Taqa North Ltd.,,50.75945,-111.64037
ABGP0082304,Active,6-17-25-20W4 WINTERING HILLS WEST,GP,Wintering Hills West,Torxen Energy Ltd.,100.0% - Torxen Energy Ltd.,2000-01-01,51.13074,-112.76367
ABGP0082962,Suspended,ALBERS 8-23-41-7W4 GAS PLANT,GP,Albers,Ovintiv Canada Ulc,100.0% - Sanling Energy Ltd.,,52.54129,-110.89575
ABGP0083567,Active,HIGHPINE JOFFRE GAS PLANT 6-17,GP,Vesta Joffre,Vesta Energy Ltd.,100.0% - Vesta Energy Ltd.,2004-01-01,52.43954,-113.85854
ABGP0083667,Suspended,CORBET GAS PLANT 15-10-62-6 W5,GP,Corbet,N7 Energy Ltd.,100.0% - N7 Energy Ltd.,,54.35381,-114.81112
ABGP0083746,Abandoned,GENTRY PRINCESS 1-20 GAS PLANT,GP,Gentry Princess,Cor4 Oil Corp.,25.0% - Advantage Energy Ltd.; 8.3% - Enterra Energy Corp.; 66.7% - Cor4 Oil Corp.,,50.61758,-111.4843
ABGP0083873,Abandoned,BANTRY 05-15-017-12W4 GAS PLANT,GP,Bantry,Cardinal Energy Ltd.,100.0% - Cardinal Energy Ltd.,,50.43208,-111.58244
ABGP0084058,Active,TONY CREEK GAS PLANT 10-24-62-22W5,GP,Firenze,I3 Energy Canada Ltd.,100.0% - I3 Energy Canada Ltd.,2005-01-01,54.37945,-117.16071
ABGP0084179,Active,PEYTO CUTBANK 04-06-063-09 W6 GP,GP,Cutbank,Peyto Exploration & Development Corp.,100.0% - Peyto Exploration & Development Corp.,2005-01-01,54.41616,-119.35651
ABGP0084226,Active,BIGSTONE 11-9-61-22W5,GP,Bigstone,Canadian Natural Resources Limited,100.0% - Canadian Natural Resources Limited,,54.26311,-117.24182
ABGP0084455,Active,HUSKY BIVOUAC,GP,Bivouac,Husky Oil Operations Limited,100.0% - Husky Oil Operations Limited,2004-01-01,58.43262,-119.97036
ABGP0084636,Active,PHOENIX 102/07-21-39-10W5,GP,Phoenix,Sansum Energy Inc.,57.0% - Sansum Energy Inc.; 43.0% - Coastal Energy,2005-01-01,52.36856,-115.37771
ABGP0084773,Active,DUVERNAY 15-4-58-23W5M GAS PLANT,GP,Ceceilia,Tourmaline Oil Corp.,100.0% - Tourmaline Oil Corp.,2005-01-01,53.99023,-117.3553
ABGP0084966,Suspended,RIDER PEMBINA 07-02-048-09W5 GAS PLA,GP,Pembina,Taqa North Ltd.,100.0% - Taqa North Ltd.,2005-01-01,53.11064,-115.20539
ABGP0084973,Suspended,FET GOLDEN 7-7-87-14W5 GAS PLANT,GP,Golden,Enerplus Corporation,100.0% - Spoke Resources Ltd.,1971-01-01,56.52828,-116.2185
ABGP0085141,Active,QUEENSTOWN 1-2-18-22W4 GAS PLANT,GP,Queenstown,Lexin Resources Ltd.,100.0% - Lexin Resources Ltd.,2005-01-01,50.48666,-112.91701
ABGP0085152,Active,FERRIER WEST 7-18-40-9W5,GP,Ferrier West,Canadian Natural Resources Limited,100.0% - Canadian Natural Resources Limited,,52.44136,-115.28181
ABGP0085275,Active,CESSFORD 02-11-027-16W4,GP,Cessford,Canadian Natural Resources Limited,100.0% - Canadian Natural Resources Limited,2003-01-01,51.2869,-112.14713
ABGP0086281,Suspended,NUVISTA SIBBALD 5-6 GP,GP,Sibbald,Nuvista Energy Ltd.,100.0% - Nuvista Energy Ltd.,2011-01-01,51.36338,-110.28327
ABGP0086283,Suspended,ACCLAIM CASTOR GP 2-2,GP,Castor,Obsidian Energy Ltd.,100.0% - Obsidian Energy Ltd.,2005-01-01,52.14487,-111.75189
ABGP0086359,Suspended,ARGOSY CLARESHOLM GAS PLANT,GP,Claresholm,Long Term Asset Management Inc.,100.0% - Long Term Asset Management Inc.,,49.98818,-113.43904
ABGP0086379,Active,ACL GRANUM GAS PLT 14-31-11-26 W4,GP,Granum,Long Term Asset Management Inc.,100.0% - Long Term Asset Management Inc.,2005-01-01,49.95911,-113.54139
ABGP0086427,Active,HIGH PRAIRIE FRAC PLANT,GP,High Prairie Fractionation Plant,Plains Midstream Canada Ulc,100.0% - Plains Midstream Canada Ulc,,55.42374,-116.41498
ABGP0086640,Suspended,BIG EDDY GAS STORAGE PLANT,GP,Big Eddy Gas Storage Plant,Transcanada Energy Ltd.,100.0% - Transcanada Energy Ltd.,2007-01-01,53.67751,-116.78688
ABGP0086745,Active,ACL NGL STEWART PLANT 7-7-32-27,GP,Acl Ngl Stewart,Ember Resources Inc.,100.0% - Ember Resources Inc.,2005-01-01,51.72752,-113.81689
ABGP0086768,Active,KETTLE RIVER 15-14-083-05W4,GP,Kettle River,Canadian Natural Resources Limited,100.0% - Canadian Natural Resources Limited,,56.20088,-110.67419
ABGP0086769,Suspended,COWPAR 11-19-80-4W4,GP,Cowpar,Canadian Natural Resources Limited,100.0% - Canadian Natural Resources Limited,,55.94982,-110.62205
ABGP0086771,Suspended,NEWBY 10-2-85-6W4,GP,Newby,Canadian Natural Resources Limited,100.0% - Canadian Natural Resources Limited,,56.33909,-110.83225
ABGP0086803,Active,HUSKY JARVIE 08-35 GAS PLANT,GP,Jarvie,Sequoia Resources Corp.,100.0% - Sequoia Resources Corp.,2005-01-01,54.40494,-113.92838
ABGP0086883,Suspended,981405 DORIS 11-17-63-6W5,GP,Doris Clearwater,Trident Exploration (Alberta) Corp.,100.0% - Trident Exploration (Alberta) Corp.,2006-01-01,54.45235,-114.87417
ABGP0087651,Suspended,ACL NGL LPT 8-28 REFRIDGE PLANT,GP,Acl Ngl Lpt Refridge Plant,Ember Resources Inc.,100.0% - Ember Resources Inc.,2005-01-01,51.77093,-113.6221
ABGP0087677,Active,PEMBINA BLUE RAPIDS 04-08-047-09W5,GP,Pembina Blue Rapids,Taqa North Ltd.,88.2% - Taqa North Ltd.; 11.8% - Baccalieu Energy Inc.,,53.03416,-115.29044
ABGP0087898,Active,APACHE CECILIA 12-34 PLANT,GP,Wild Hay,Peyto Exploration & Development Corp.,100.0% - Peyto Exploration & Development Corp.,2005-01-01,53.8847,-117.19405
ABGP0088035,Suspended,DIRECT ENERGY ATLEE BUFFALO,GP,Atlee Buffalo,Scollard Energy Ltd.,100.0% - Area 2 Energy Ltd.,,50.70859,-110.48649
ABGP0088160,Suspended,ALTAGAS PRINCESS,GP,Princess,Campus Energy Partners Operations Inc.,100.0% - Campus Energy Partners Operations Inc.,2006-01-01,50.70135,-111.55396
ABGP0088446,Suspended,LELAND SWEETENING 14-23-58-26W5,GP,Leland Sweetening Plant,Canadian Natural Resources Limited,8.8% - Semcams Midstream Ulc; 39.0% - Talisman Corporation; 52.2% - Canadian Natural Resources Limited,,54.03376,-117.75789
ABGP0088508,Suspended,CLEAR PRAIRIE,GP,Clear Prairie,Altagas Ltd.,100.0% - Altagas Ltd.,2006-01-01,56.84815,-119.84674
ABGP0088516,Active,ACL NGL L.P. SOUTH 9-14-30-27 PLANT,GP,Acl Ngl L.P. South,Ember Resources Inc.,100.0% - Ember Resources Inc.,2006-01-01,51.57064,-113.68812
ABGP0088615,Suspended,IRON CREEK GAS PLANT,GP,Iron Creek,Axiom Oil And Gas Inc.,100.0% - Axiom Oil And Gas Inc.,1999-01-01,52.92885,-111.88746
ABGP0089018,Active,PEYTO WILDHAY 04-21-55-23 W5 GP,GP,Wildhay,Peyto Exploration & Development Corp.,100.0% - Peyto Exploration & Development Corp.,2006-01-01,53.76109,-117.36744
ABGP0089265,Active,VERMILION PEMBINA 16-26-047-08W5,GP,Violet Grove,Arc Resources Ltd.,100.0% - Arc Resources Ltd.,2006-01-01,53.08875,-115.05317
ABGP0089314,Suspended,CROOKED CREEK 2-30-71-26W5,GP,Crooked Creek,Canadian Natural Resources Limited,28.0% - Paramount Resources Ltd.; 72.0% - Canadian Natural Resources Limited,2005-01-01,55.17252,-117.98554
ABGP0089350,Active,TRILOGY DEEP VALLEY 01-15-063-25W5,GP,Deep Valley,Paramount Resources Ltd.,75.0% - Paramount Resources Ltd.; 25.0% - Cequence Energy Ltd.,2006-01-01,54.44527,-117.685
ABGP0089584,Active,SANDHILLS GAS PLANT,GP,Sandhills,N7 Energy Ltd.,100.0% - N7 Energy Ltd.,2006-01-01,54.39034,-114.76114
ABGP0089756,Active,APACHE NGL LONEPINE WEST 2-29-31-28W,GP,NGL Lonepine West,Ember Resources Inc.,100.0% - Ember Resources Inc.,2006-01-01,51.68027,-113.93499
ABGP0089914,Active,981405 WEDGE GAS PLANT,GP,Wedge Gas Plant,Tallahassee Exploration Inc.,100.0% - Tallahassee Exploration Inc.,2006-01-01,54.34654,-114.89833
ABGP0089955,Active,981405 THUNDER GAS PLANT 9-6-61-5W5,GP,Thunder,N7 Energy Ltd.,100.0% - N7 Energy Ltd.,2006-01-01,54.24852,-114.73002
ABGP0090067,Active,SUFFIELD-13-10-016-09 W4M,GP,Suff Refridge,Harvest Operations Corp.,100.0% - Harvest Operations Corp.,,50.33719,-111.17008
ABGP0090090,Suspended,HUSKY LUBICON 7-1 GAS PLANT,GP,Lubicon,Surge Energy Inc.,100.0% - Surge Energy Inc.,1984-01-01,56.51381,-115.607
ABGP0090092,Active,CLEAR HILLS GAS PLANT,GP,Clear Hills,Altagas Ltd.,100.0% - Altagas Ltd.,2006-01-01,56.62268,-119.91295
ABGP0090355,New,WOKING 16-9-75-4W6,GP,Woking,Canadian Natural Resources Limited,100.0% - Canadian Natural Resources Limited,,55.48864,-118.54674
ABGP0090715,Active,PUSKWA 03-03-072-26W5,GP,Puskwa,Canadian Natural Resources Limited,100.0% - Canadian Natural Resources Limited,2006-01-01,55.20179,-117.9149
ABGP0090799,Active,EAGLESHAM GP 01-25-76-01W6,GP,Eaglesham,Long Run Exploration Ltd.,100.0% - Long Run Exploration Ltd.,2006-01-01,55.60879,-118.00369
ABGP0090807,Suspended,PRAIRIE RIVER GAS PLANT,GP,Prairie River,Altagas Ltd.,100.0% - Altagas Ltd.,,55.24914,-116.6328
ABGP0090927,Active,WIN COWLEY 13-34-8-2W5 PLANT,GP,Cowley,Tamarack Acquisition Corp.,100.0% - Tamarack Acquisition Corp.,2006-01-01,49.69688,-114.20135
ABGP0091427,Active,PEYTO NOSEHILL 11-21-55-20 W5 GAS PL,GP,Nosehill,Peyto Exploration & Development Corp.,100.0% - Peyto Exploration & Development Corp.,2006-01-01,53.76827,-116.91545
ABGP0091983,Active,BNP WHITECOURT GAS PLANT 16-30,GP,Bnp Whitecourt,Outlier Resources Ltd.,100.0% - Outlier Resources Ltd.,2006-01-01,54.22327,-115.92961
ABGP0092557,Suspended,CORBETT 10-03-61-07W5M GAS PLANT,GP,Corbett,Velvet Energy Ltd.,100.0% - Velvet Energy Ltd.,2005-01-01,54.24852,-114.96101
ABGP0092867,Suspended,EOG HALKIRK 16-28-38-15W4 GAS PLANT,GP,Halkirk,Karve Energy Inc.,100.0% - Karve Energy Inc.,2004-01-01,52.30141,-112.07934
ABGP0093212,Suspended,IMP WEST PEMBINA ACID GAS INJ,GP,Imp West Pembina Acid Gas Inj,Keyera Energy Ltd.,100.0% - Keyera Energy Ltd.,,53.25607,-115.55272
ABGP0093223,Active,FERINTOSH 9-16-43-21W4,GP,Ferintosh,Shackleton Exploration Ltd.,50.0% - Shackleton Exploration Ltd.; 50.0% - Taqa North Ltd.,2006-01-01,52.70698,-112.98224
ABGP0093277,Active,WILLESDEN GREEN GAS PLANT,GP,Faraway,Obsidian Energy Ltd.,90.0% - Obsidian Energy Ltd.; 10.0% - Taqa North Ltd.,2007-01-01,52.59412,-114.88004
ABGP0093647,Suspended,GIBRALTAR CUTPICK 2-21-60-8W6 GP,GP,Cutpick,Gibraltar Exploration Ltd.,100.0% - Crescent Point Energy Corp.,2007-01-01,54.19768,-119.13417
ABGP0094071,Suspended,JUPITER GAS PLANT 4-36-58-24W5,GP,Berland West,Repsol Oil & Gas Canada Inc.,100.0% - Repsol Oil & Gas Canada Inc.,2007-01-01,54.05202,-117.44182
ABGP0094290,Suspended,CHOICE 4-5-041-09W4 GAS PLANT,GP,Choice,Ovintiv Canada Ulc,100.0% - Sanling Energy Ltd.,,52.49407,-111.27331
ABGP0094322,Active,BASHAW 12-32-41-20W4 GAS PLANT,GP,Bashaw,Long Run Exploration Ltd.,100.0% - Long Run Exploration Ltd.,2007-01-01,52.57445,-112.85641
ABGP0094379,Active,JUPITER KAKWA 01-35-060-05W6 GP,GP,Kakwa,Tourmaline Oil Corp.,50.0% - Jupiter Resources Inc.; 50.0% - Tourmaline Oil Corp.,2006-01-01,54.22684,-118.62814
ABGP0094382,Active,7G LATOR 01-21-63-02W6 GAS PLANT,GP,SCP Lator# 1,Arc Resources Ltd.,100.0% - Arc Resources Ltd.,,54.45974,-118.23009
ABGP0094954,Active,RESTHAVEN 8-11-60-3W6 GP,GP,Resthaven Deep Cut Plant,Pembina Gas Services Ltd.,15.0% - Conocophillips Canada Limited; 10.0% - Paramount Resources Ltd.; 5.0% - Canadian Natural Resources Limited; 70.0% - Pembina Gas Services Ltd.,2006-01-01,54.17226,-118.32829
ABGP0094957,Suspended,ENCANA RESTHAVEN 7-11-60-3W6 GP,GP,Resthaven,Tourmaline Oil Corp.,100.0% - Tourmaline Oil Corp.,2005-01-01,54.17227,-118.33446
ABGP0095425,Suspended,ANGLE EDSON 10-28 GAS PLANT,GP,Edson,Bonavista Energy Corporation,100.0% - Bonavista Energy Corporation,2007-01-01,53.60839,-116.29534
ABGP0095721,Active,GEM GAS PLANT,GP,Gem,Torxen Energy Ltd.,100.0% - Torxen Energy Ltd.,,50.97779,-112.24066
ABGP0095741,Active,VELVET EDSON 12-15-53-15W5 GAS PLANT,GP,Edson,Velvet Energy Ltd.,100.0% - Velvet Energy Ltd.,2009-01-01,53.57945,-116.13579
ABGP0095750,Active,BOW ISLAND 6-26-11-11W4,GP,Bow Island,Canadian Natural Resources Limited,100.0% - Canadian Natural Resources Limited,1996-01-01,49.93704,-111.40637
ABGP0096078,Suspended,ALTAGAS ACME,GP,Acme,Altagas Ltd.,100.0% - Ember Resources Inc.,,51.47237,-113.64132
ABGP0096335,Active,DUVERNAY SUNDANCE GAS PLANT 15-7,GP,Sundance,Tourmaline Oil Corp.,100.0% - Tourmaline Oil Corp.,2006-01-01,53.65556,-117.08161
ABGP0096366,Suspended,PINE CREEK 13-9-55-18W5 GAS PLANT,GP,Pine Creek,Long Run Exploration Ltd.,100.0% - Long Run Exploration Ltd.,,53.74286,-116.62421
ABGP0096897,Suspended,MARTEN HILLS 1-26-73-1 W5 GAS PLANT,GP,Marten Hills,Spoke Resources Ltd.,100.0% - Spoke Resources Ltd.,2008-01-01,55.34696,-114.03096
ABGP0096963,Suspended,SUNNYNOOK 13-24-26-12W4,GP,Sunnynook,Canadian Natural Resources Limited,100.0% - Canadian Natural Resources Limited,,51.23969,-111.56019
ABGP0097389,Active,TRILOGY SMOKY RIVER 06-16 GPL,GP,Smoky River,Paramount Resources Ltd.,100.0% - Paramount Resources Ltd.,,54.53626,-117.11706
ABGP0097445,Active,DUVERNAY OLDMAN GAS PLANT 10-24,GP,Oldman,Tourmaline Oil Corp.,100.0% - Tourmaline Oil Corp.,2006-01-01,53.8556,-116.98349
ABGP0097476,Active,BONAVISTA CHINCHAGA 08-25,GP,Chinchaga,Direct Oil & Gas Inc.,100.0% - Direct Oil & Gas Inc.,2008-01-01,57.35724,-119.46699
ABGP0097699,Suspended,GALLOWAY 9-34-53-20W5 GASPLANT,GP,Galloway,Peyto Exploration & Development Corp.,89.0% - Peyto Exploration & Development Corp.; 11.0% - Sinopec Daylight Energy Ltd.,2007-01-01,53.62298,-116.85439
ABGP0098003,Suspended,HUSKY 09-30 ABGP,GP,Callihoo,Husky Oil Operations Limited,100.0% - Husky Oil Operations Limited,2003-01-01,53.69575,-113.96227
ABGP0098419,New,GOLDEN ROD 6-22-41-26W4,GP,GOLDEN ROD,Goldenrod Resources Inc.,100.0% - Goldenrod Resources Inc.,,52.54131,-113.66634
ABGP0098480,Suspended,KEYERA WILLESDEN 5-14 REFRIDGE PLANT,GP,Willesden Green,Keyera Energy Ltd.,100.0% - Keyera Energy Ltd.,,52.35401,-114.62232
ABGP0098678,Active,BOUNDARY LAKE CENTRAL 10-19 GP,GP,Boundry Hill,Enercapita Energy Ltd.,100.0% - Enercapita Energy Ltd.,2008-01-01,56.47357,-119.72428
ABGP0098890,Suspended,VERO PINE CREEK 16-23-54-17W5 GP,GP,Pine Creek,Velvet Energy Ltd.,100.0% - Velvet Energy Ltd.,,53.68454,-116.38791
ABGP0099099,Suspended,ENDEV EYEMORE,GP,Eyemore,Houston Oil & Gas Ltd.,100.0% - Houston Oil & Gas Ltd.,1995-01-01,50.50115,-112.45292
ABGP0099238,Abandoned,BATTLE 1-24-45-8 W4,GP,Battle River,Cleo Energy Corp.,100.0% - Cleo Energy Corp.,,52.88882,-111.0229
ABGP0099610,Active,BINDLOSS NORTH GAS PLANT,GP,Bindloss North,Taqa North Ltd.,87.0% - Taqa North Ltd.; 2.1% - Obsidian Energy Ltd.; 7.7% - Sabre Energy Ltd.; 1.8% - Signalta Resources Limited; 1.3% - 868218 Alberta Ltd.,,50.90169,-110.48071
ABGP0099613,Active,BINDLOSS SOUTH GAS PLANT,GP,Bindloss South,Taqa North Ltd.,87.0% - Taqa North Ltd.; 2.1% - Obsidian Energy Ltd.; 7.7% - Sabre Energy Ltd.; 1.3% - 868218 Alberta Ltd.; 1.8% - Signalta Resources Limited,1957-01-01,50.88676,-110.38826
ABGP0101007,Active,BONAVISTA KIPP 5-33 GAS PLANT,GP,Kipp,Tamarack Acquisition Corp.,100.0% - Tamarack Acquisition Corp.,1997-01-01,49.68933,-112.93414
ABGP0102810,Suspended,ECA WILDON GP 9-29-055-16W4,GP,Willingdon,Sequoia Resources Corp.,100.0% - Sequoia Resources Corp.,2004-01-01,53.78254,-112.33503
ABGP0103480,Active,MBOG SAWN LAKE 12-29-91-12W5 GP,GP,Sawn Lake,Surge Energy Inc.,100.0% - Surge Energy Inc.,,56.92484,-115.90367
ABGP0104350,Active,PENNWEST ESTHER,GP,Esther,Obsidian Energy Ltd.,100.0% - Obsidian Energy Ltd.,,51.76348,-110.14363
ABGP0104557,Active,SOUNDING LAKE 12-30 GAS PLANT,GP,Sounding Lake,Surge Energy Inc.,100.0% - Surge Energy Inc.,2009-01-01,52.12298,-110.57333
ABGP0105487,Suspended,PENNWEST SOUSA,GP,Sousa,Obsidian Energy Ltd.,100.0% - Obsidian Energy Ltd.,,58.68336,-118.66605
ABGP0105488,Suspended,PENNWEST HARO,GP,Haro,Obsidian Energy Ltd.,100.0% - Obsidian Energy Ltd.,1978-01-01,58.07313,-118.76341
ABGP0105489,Suspended,PENNWEST LENNARD,GP,Lennard,Obsidian Energy Ltd.,100.0% - Obsidian Energy Ltd.,,58.30534,-118.88937
ABGP0106663,Active,PCS 03-22-078-12W6 GP ABGP 0106663,GP,Pouce Coupe,Birchcliff Energy Ltd.,100.0% - Birchcliff Energy Ltd.,,55.76862,-119.77468
ABGP0106720,Active,HARMATTAN FRACTIONATION,GP,HARMATTAN FRACTIONATION,Altagas Ltd.,100.0% - Altagas Ltd.,,51.68774,-114.47718
ABGP0106875,Active,981384 WIMBORNE 11-21-33-27W4 GP,GP,Wimborne,Ember Resources Inc.,100.0% - Ember Resources Inc.,,51.84721,-113.77549
ABGP0107835,Active,AAV GLACIER 05-02-076-12W6 GP,GP,Glacier,Advantage Energy Ltd.,100.0% - Advantage Energy Ltd.,2009-01-01,55.55419,-119.75506
ABGP0110241,Suspended,ALTAGAS ACADIA WEST GAS PLANT,GP,Acadia West,Altagas Ltd.,100.0% - Altagas Ltd.,,51.21424,-110.33931
ABGP0110251,Suspended,CELTIC UTIKUMA GP 13-15-81-09W5,GP,Utikuma,Xto Energy Canada,100.0% - Xto Energy Canada Ulc,,56.02715,-115.32827
ABGP0110804,Active,BLACKPEARL MOONEY GAS PLANT,GP,Mooney,Ipc Canada Ltd.,100.0% - Ipc Canada Ltd.,2005-01-01,55.23429,-115.06894
ABGP0110886,Suspended,DARWIN 16-28-94-18 GP,GP,Darwin,Baytex Energy Ltd.,26.6% - Baytex Energy Ltd.; 73.4% - Perpetual Energy Inc.,1997-01-01,57.18998,-116.8232
ABGP0111570,Active,TOURMALINE HINTON 06-32 GAS PLANT,GP,Hinton,Tourmaline Oil Corp.,100.0% - Tourmaline Oil Corp.,,53.44472,-117.65256
ABGP0112787,Active,TWIN BUTTE VIKING GP 16-01-48-13W4,GP,Viking,West Lake Energy Corp.,100.0% - West Lake Energy Corp.,2003-01-01,53.1159,-111.7633
ABGP0113730,Suspended,SOUTH BRINTNELL 13-01-81-23W4,GP,South Britnell,Canadian Natural Resources Limited,100.0% - Canadian Natural Resources Limited,,55.99706,-113.4736
ABGP0113988,Suspended,HILLSDOWN LP GAS GATHERING SYSTEM,GP,Hillsdown,Canadian Natural Resources Limited,100.0% - Canadian Natural Resources Limited,,52.15576,-113.5253
ABGP0113989,Suspended,14-04 SCADA METER GGS,GP,Scada Meter GGS,Canadian Natural Resources Limited,100.0% - Canadian Natural Resources Limited,,52.15576,-113.5253
ABGP0114466,Suspended,BRANTFARROW 14-05-019-24W4 GAS PLANT,GP,Brantfarrow,Taqa North Ltd.,68.0% - Taqa North Ltd.; 32.0% - Coastal Resources Limited,1999-01-01,50.58502,-113.29692
ABGP0115041,New,HAMBURG 4-30-94-12W6,GP,Hamburg 04-30,Canadian Natural Resources Limited,100.0% - Canadian Natural Resources Limited,,57.17919,-119.92916
ABGP0115356,Active,BANSHEE 15-12 GAS PLANT,GP,Banshee,Tourmaline Oil Corp.,100.0% - Tourmaline Oil Corp.,2011-01-01,53.30685,-116.93577
ABGP0115599,Active,CYPRESS 4-29-14-10W4,GP,Cypress,Canadian Natural Resources Limited,100.0% - Canadian Natural Resources Limited,1994-01-01,50.19556,-111.34372
ABGP0115771,Active,MARLBORO 05-29 GAS PLANT,GP,Marlboro,Bonavista Energy Corporation,41.4% - Bonavista Energy Corporation; 18.6% - Sinopec Daylight Energy Ltd.; 40.0% - Tidewater Resources Inc.,,53.7793,-116.79752
ABGP0116752,Suspended,ANGLE ROSEVEAR 07-20-053-15W5 PLANT,GP,Rosevear,Bonavista Energy Corporation,100.0% - Bonavista Energy Corporation,2011-01-01,53.59027,-116.1728
ABGP0117576,Active,POUCE COUPE,GP,Pouce Coupe,Altagas Ltd.,100.0% - Altagas Ltd.,,55.98713,-119.94802
ABGP0117818,Active,ANDERSON GP 00/01-09-051-24W5M,GP,Anderson,Tourmaline Oil Corp.,100.0% - Tourmaline Oil Corp.,,53.38309,-117.46844
ABGP0118855,Active,PGS KAKWA RIVER 08-13,GP,Kakwa River,Pembina Gas Services Ltd.,100.0% - Pembina Gas Services Ltd.,2012-01-01,54.44895,-118.60768
ABGP0119271,Active,MUSREAU GP 02/08-13-062-06W6M,GP,Musreau,Tourmaline Oil Corp.,100.0% - Tourmaline Oil Corp.,2010-01-01,54.36146,-118.75311
ABGP0119546,Active,MARTEN CK 10-02-077-05W5 GAS PLANT,GP,Marten Creek,Axiom Oil And Gas Inc.,100.0% - Axiom Oil And Gas Inc.,1995-01-01,55.64488,-114.65784
ABGP0119547,Suspended,HOOLE,GP,Hoole,Tidewater Midstream And Infrastructure Ltd.,100.0% - Tidewater Midstream And Infrastructure Ltd.,,55.98242,-113.76757
ABGP0119690,Suspended,HOOLE S 16-36-080-25W4 GAS PLANT,GP,Hoole,Tidewater Midstream And Infrastructure Ltd.,100.0% - Tidewater Midstream And Infrastructure Ltd.,,55.98242,-113.76757
ABGP0119722,Suspended,12-25-062-04W5 GAS PLANT,GP,Vega,Taqa North Ltd.,100.0% - Taqa North Ltd.,,54.39407,-114.47354
ABGP0119754,Active,CROSS ALTA GAS PLANT,GP,Cross Alta,Transcanada Energy Ltd.,100.0% - Transcanada Energy Ltd.,1993-01-01,51.40014,-114.03397
ABGP0119968,Active,PENNWEST COUNTESS,GP,Rosemary,Cardinal Energy Ltd.,100.0% - Cardinal Energy Ltd.,1996-01-01,50.86511,-112.21187
ABGP0119984,Suspended,BOTHA 7-16-98-5W6,GP,Botha,Canadian Natural Resources Limited,89.5% - Canadian Natural Resources Limited; 10.5% - Obsidian Energy Ltd.,1994-01-01,57.50268,-118.74226
ABGP0120344,Active,10-7 GAS PROCESSING PLANT,GP,Ante Creek North,Arc Resources Ltd.,100.0% - Arc Resources Ltd.,2012-01-01,54.78675,-117.64635
ABGP0120365,Active,STURGEON LAKE GAS PLANT,GP,Ante Creek,Arc Resources Ltd.,100.0% - Arc Resources Ltd.,,54.9106,-117.6972
ABGP0121326,Active,OPEN RANGE ANSELL 12-31 GAS PLANT,GP,Swanson,Peyto Exploration & Development Corp.,100.0% - Peyto Exploration & Development Corp.,2012-01-01,53.62293,-116.79894
ABGP0121540,Abandoned,ALTAGAS RAINBOW LAKE GAS PLANT,GP,Rainbow Lake,Altagas Ltd.,100.0% - Altagas Ltd.,,58.56701,-119.19621
ABGP0122937,Suspended,TERVITA GRANADA FRAC PLANT,GP,Granada,Secure Energy Services Inc.,100.0% - Secure Energy Services Inc.,2013-01-01,53.48488,-115.60766
ABGP0123090,Active,GORDONDALE GAS PLANT,GP,Gordondale,Altagas Ltd.,100.0% - Altagas Ltd.,2012-01-01,55.80863,-119.68441
ABGP0126279,Active,SATURN GAS PLANT,GP,Saturn,Pembina Gas Services Ltd.,100.0% - Pembina Gas Services Ltd.,2013-01-01,53.97197,-117.29309
ABGP0126524,Active,LOOKOUT BUTTE 04-13,GP,Lookout Butte,Loyal Energy (Canada) Operating Ltd.,100.0% - Loyal Energy (Canada) Operating Ltd.,1963-01-01,49.11919,-113.76139
ABGP0127090,Active,RAMPARTS 05-17-57-21W4 GP,GP,Ramparts,Long Run Exploration Ltd.,,,53.92542,-113.09648
ABGP0128196,Active,HARO #1,GP,Haro # 1,Sanling Energy Ltd.,100.0% - Sanling Energy Ltd.,1970-01-01,58.05868,-118.28714
ABGP0128197,Suspended,HARO #3,GP,Haro # 3,Sanling Energy Ltd.,100.0% - Sanling Energy Ltd.,1980-01-01,58.23313,-118.78421
ABGP0128198,Suspended,HARO #4,GP,Haro # 4,Sanling Energy Ltd.,,,57.97145,-118.5841
ABGP0129178,Active,PEYTO BRAZEAU 06-12-044-13W5 GAS,GP,Brazeau,Peyto Exploration & Development Corp.,100.0% - Peyto Exploration & Development Corp.,2013-01-01,52.77609,-115.75734
ABGP0129179,Active,PEYTO OLDMAN NORTH 3/14-17-55-21W5GP,GP,Oldman North,Peyto Exploration & Development Corp.,,,53.75754,-117.08879
ABGP0129279,Active,ANSELL 01-34 GAS PLANT,GP,Peoc Ansell,Tourmaline Oil Corp.,100.0% - Tourmaline Oil Corp.,2012-01-01,53.44113,-116.55962
ABGP0130963,New,KAYBOB 15-07 GAS PLANT,GP,Kaybob,Xto Energy Canada Ulc,,,54.17947,-116.68584
ABGP0130964,Active,KAYBOB 15-07 GAS PLANT,GP,Kaybob,Xto Energy Canada,,,54.17947,-116.68584
ABGP0131384,Suspended,CENOVUS LAKE NEWELL 04-22 GAS PLANT,GP,Lake Newell,Torxen Energy Ltd.,100.0% - Torxen Energy Ltd.,,50.44293,-111.85737
ABGP0131712,Active,IBERDROLA 15-27 GAS PLANT,GP,Iberdrola,Iberdrola Canada Energy Services Ltd.,,,53.69938,-115.97623
ABGP0132407,Active,KAYBOB 5-31 GAS PLANT,GP,Kaybob,Kiwetinohk Resources Corp.,,,54.40491,-117.59784
ABGP0133259,Active,ECA KAYBOB 15-31 GAS PLANT,GP,Kaybob,Ovintiv Canada Ulc,,,54.41224,-117.13572
ABGP0134386,Active,STEEN RIVER 9-17 ACID GAS INJ PLANT,GP,Steen River,Tallahassee Exploration Inc.,100.0% - Tallahassee Exploration Inc.,1999-01-01,59.59975,-117.39773
ABGP0134471,Active,SPARTAN ALEXANDER GAS PLANT,GP,Alexander,Vermilion Energy Inc.,,,53.81987,-113.85883
ABGP0134628,Active,MUSREAU II  9-26-62-6W6,GP,Musreau,Pembina Gas Services Ltd.,100.0% - Pembina Gas Services Ltd.,2014-01-01,54.39414,-118.7781
ABGP0134673,Active,INCEPTION 03-26-069-05W6 PLANT,GP,Inception,Spartan Delta Corp.,,,54.99801,-118.65182
ABGP0134834,Suspended,BISTCHO LAKE 6-32 ACID GAS INJECTION,GP,Bistcho Lake,Tallahassee Exploration Inc.,,,59.63916,-118.30596
ABGP0135009,Active,06-01-077-21W5 DONNELLY,GP,Girouxville,Long Run Exploration Ltd.,100.0% - Long Run Exploration Ltd.,2005-01-01,55.64146,-117.1216
ABGP0135330,Active,EXSHAW 03-10-077-07W6 GAS PLANT,GP,Exshaw,Tourmaline Oil Corp.,100.0% - Tourmaline Oil Corp.,2014-01-01,55.65231,-118.99905
ABGP0135716,Active,BILBO-04-25-065-07 W6M,GP,Bilbo,Harvest Operations Corp.,100.0% - Harvest Operations Corp.,2015-01-01,54.64908,-118.92828
ABGP0135948,Active,LRE EDSON 00/06-16-054-18W5 GP,GP,Alliance,Long Run Exploration Ltd.,100.0% - Long Run Exploration Ltd.,,53.66297,-116.59653
ABGP0136119,Active,SMITH WEST 09-01-071-02W5,GP,Smith West,Canadian Natural Resources Limited,100.0% - Canadian Natural Resources Limited,,55.12145,-114.1592
ABGP0137047,Active,SPARTAN ALDERFLATS 10-09-045-08W5,GP,Bellatrix 10-09,Spartan Delta Corp.,60.0% - Spartan Delta Corp.; 35.0% - Keyera Energy Ltd.,2015-01-01,52.86763,-115.0982
ABGP0137118,Active,INTERPIPELINE ROF FACILITY,GP,Rof,Pembina Ngl Corporation,,,53.81249,-113.12761
ABGP0137513,Active,SYLVAN LAKE 6-20 GAS PLANT,GP,Sylvan Lake,Vesta Energy Ltd.,100.0% - Vesta Energy Ltd.,,52.19358,-114.11177
ABGP0137899,Active,SATURN 2 GAS PLANT,GP,Saturn 2,Pembina Gas Services Ltd.,100.0% - Pembina Gas Services Ltd.,,53.97197,-117.29309
ABGP0137978,Active,PERPETUAL W WOLF 10-3-52-17W5,GP,West Wolf,Tourmaline Oil Corp.,100.0% - Tourmaline Oil Corp.,2015-01-01,53.46305,-116.41851
ABGP0138158,Active,CENOVUS ALDERSON,GP,Alderson,Torxen Energy Ltd.,100.0% - Torxen Energy Ltd.,1979-01-01,50.31553,-111.96634
ABGP0138191,Active,SWR WINDFALL GP 14-24-59-16 W5,GP,Windfall,Outlier Resources Ltd.,100.0% - Outlier Resources Ltd.,2015-01-01,54.12132,-116.26699
ABGP0138443,Active,ZETA CREEK 11-10-49-12W5 GAS PLANT,GP,Zeta Creek,Keyera Energy Ltd.,,,53.21601,-115.67455
ABGP0138789,Active,BONTERRA 11-17 SWEET GAS PLANT,GP,Bonterra Sweet Gas,Bonterra Energy Corp.,,,53.23071,-114.55308
ABGP0138811,Active,7G LATOR#2  2/1-21-63-2W6 GP,GP,7g Lator # 2,Arc Resources Ltd.,100.0% - Arc Resources Ltd.,2015-01-01,54.45974,-118.23009
ABGP0138891,Active,ANSELL 12-31 GAS PLANT,GP,Ansell 12-31,Bonavista Energy Corporation,100.0% - Bonavista Energy Corporation,2014-01-01,53.3614,-116.48494
ABGP0139140,Suspended,FERRIER 02-25-038-09W5 GAS PLANT,GP,Ferrier,Petrus Resources Corp.,,,52.29171,-115.1533
ABGP0139294,Active,FERRIER 02-25-038-9W500 GP,GP,Ferrier,Petrus Resources Corp.,,,52.29171,-115.1533
ABGP0139501,Active,TOURMALINE EDSON 04-17 GAS PLANT,GP,Edson,Tourmaline Oil Corp.,,,53.39761,-116.62699
ABGP0140036,Active,KANATA SIMONETTE 13-11 GAS PLANT,GP,Simonette,Kanata Energy Group Ltd.,,,54.35405,-117.94769
ABGP0140178,Active,ELMWORTH LNG PHASE 1,GP,Elmworth,Ferus Natural Gas Fuels Inc.,,,55.04512,-119.63098
ABGP0140267,Active,7G CUTBANK 10-10-065-05W6,GP,7g Cutbank,Arc Resources Ltd.,,2016-01-01,54.61249,-118.66427
ABGP0140277,Active,PEMBINA INFRA. & LOGISTICS LP FRAC 2,GP,Pembina Infa,Pembina Ngl Corporation,,,53.81249,-113.12761
ABGP0140439,Active,SIMONETTE 10-29 GAS PLANT,GP,Simonette,Kiwetinohk Resources Corp.,,,54.48156,-117.43911
ABGP0140643,Active,PATTERSON CREEK GAS PLT 11-21-66-3W6,GP,Patterson Creek,Energy Transfer Canada Ulc,100.0% - Energy Transfer Canada Ulc,2016-01-01,54.72881,-118.39357
ABGP0140842,Active,COLUMBIA 15-36-044-15W5 GAS PLANT,GP,Columbia,Tourmaline Oil Corp.,,,52.84154,-116.04149
ABGP0140979,Active,MODERN KAKWA 7-9-62-8W6 GAS PLANT,GP,Modern Route,Tourmaline Oil Corp.,,,54.34675,-119.1342
ABGP0142406,Active,ORLEN FERRIER 04-13-039-09W5 GP,GP,Ferrier,Orlen Upstream Canada Ltd.,,,52.35051,-115.1736
ABGP0142505,Active,MUSREAU DEEP CUT,GP,Musreau Deep Cut,Pembina Gas Services Ltd.,100.0% - Pembina Gas Services Ltd.,2011-01-01,54.38698,-118.77154
ABGP0143117,Active,VIKING 11-16-48-13W4,GP,Viking,Enercapita Energy Ltd.,,,53.14136,-111.84848
ABGP0143189,Active,FSEEP 02-03-055-22W4 GAS PLANT,GP,Fseep 02 -03,Tidewater Midstream And Infrastructure Ltd.,,,53.71782,-113.18306
ABGP0143633,Active,PEMBINA INFRA. & LOGISTICS LP FRAC 3,GP,Pembina Infa & Logistics Frac 3,Pembina Ngl Corporation,,,53.81249,-113.12761
ABGP0144505,Active,ORLEN KAKWA 16-07-063-05W6 GAS PLANT,GP,Kakwa,Orlen Upstream Canada Ltd.,,,54.44155,-118.73346
ABGP0144581,Suspended,AE GP 4/13-21-15-11W4,GP,,Torxen Energy Ltd.,,,50.27893,-111.46795
ABGP0145129,Active,DUVERNAY KAYBOB COMPLEX,GP,,Pembina Gas Services Ltd.,,,54.39772,-116.94194
ABGP0145222,Active,MODERN CUTPICK 1-24-60-8W6 GAS PLANT,GP,,Tourmaline Oil Corp.,,,54.19767,-119.05305
ABGP0145469,Active,MBOG RED EARTH 2-23 GAS PLANT,GP,,Surge Energy Inc.,,,56.64099,-115.155
ABGP0146250,Active,LAKE NEWELL GAS PLANT 4-22-17-14W4,GP,,Torxen Energy Ltd.,,,50.44293,-111.85737
ABGP0147725,Suspended,HARMATTAN CO-STREAM STRADDLE PLANT,GP,,Altagas Ltd.,,,51.68774,-114.47718
ABGP0147748,Active,BRAZEAU RIVER 11-13-43-13W5 GP,GP,,Birchill Canada Corp.,,,52.70705,-115.75733
ABGP0148152,Active,RESTHAVEN 3-16 GAS PLANT,GP,,Tourmaline Oil Corp.,,,54.18336,-118.24067
ABGP0148981,Active,GOLD CREEK,GP,,Arc Resources Ltd.,,,54.81601,-118.64555
ABGP0149002,Active,DELPHI 02/07-11-60-23W5 GAS PLANT,GP,,Distinction Energy Corp.,,,54.17222,-117.33563
ABGP0149088,Active,BYTX HARMON VALLEY GAS PLANT,GP,,Baytex Energy Ltd.,,,56.27752,-116.67963
ABGP0150177,Active,MALMO 10-29-043-22W4,GP,,Canadian Natural Resources Limited,,,52.73597,-113.15758
ABGP0150355,Active,KEYERA WAPITI GAS PLANT,GP,,Keyera Energy Ltd.,,,54.80878,-119.05877
ABGP0150386,Active,KEYERA PIPESTONE 04-07 GAS PLANT,GP,,Keyera Energy Ltd.,,,55.30326,-119.22752
ABGP0150704,Active,WAPITI GAS PLANT,GP,,Energy Transfer Canada Ulc,,,54.8415,-118.95078
ABGP0151188,Active,BRC 04-31-048-12W5 FRAC PLANT,GP,,Tidewater Midstream And Infrastructure Ltd.,,,53.17965,-115.7536
ABGP0152315,Active,PIPESTONE 12-35-070-09W6 GAS PLANT,GP,,Tidewater Midstream And Infrastructure Ltd.,,,55.10689,-119.26852
ABGP0153429,Active,DUVERNAY SWEETENING PLANT,GP,,Pembina Gas Services Ltd.,,,54.39772,-116.94194
ABGP0153753,Active,TANGLE CREEK WASKAHIGAN GAS PLANT,GP,,Tangle Creek Energy Ltd.,,,54.52509,-117.47668
ABGP0154540,Active,HMGP CORSER 06-20,GP,,Husky Oil Operations Limited,,,53.24139,-116.6007
ABGP0154913,Active,LTAM HIGH RIVER 12-31-016-28W4,GP,,Long Term Asset Management Inc.,,,50.39171,-113.84776
ABGP0155173,Suspended,SUNCHILD 00/01-04-044-11W5 GAS PLANT,GP,,Taqa North Ltd.,,,52.75809,-115.52785
ABGP0155556,Active,01-04 SUNCHILD GAS PLANT,GP,,Taqa North Ltd.,,,52.75809,-115.52785
ABGP0156241,Suspended,CSV KARR GAS PLANT,GP,,Csv Midstream Solutions Corp.,,,54.71076,-118.59496
ABGP0156644,Active,THOR KNAPPEN 16-29 PLANT,GP,,Thor Resources Inc.,,,49.0701,-111.4336
ABGP0156929,Active,BRC 04-31-048-12W5 GAS PLANT #4,GP,,Tidewater Midstream And Infrastructure Ltd.,,,53.17965,-115.7536
ABGP0157262,Active,ALEXIS 03-36-055-05 W5 GP,GP,,Long Run Exploration Ltd.,,,53.78969,-114.61235
ABGP0157570,Active,CSV KARR GAS PLANT,GP,,Csv Midstream Solutions Corp.,,,54.71076,-118.59496
ABGP0158090,Active,13-21-015-11W4 SWEET PLANT,GP,,Torxen Energy Ltd.,,,50.27893,-111.46795
ABGP0158167,Active,TEI DELIA 01-13-32-19W4,GP,,Tallahassee Exploration Inc.,,,51.73815,-112.55936
ABGP0158517,Active,ANTE CREEK 05-26-066-24W5 GP,GP,,Enerplus Corporation,,,54.73977,-117.52713
ABGS0131512,Active,ALEXANDER 3-7-56-26W4 GGS,GP,,Vermilion Energy Inc.,100.0% - Vermilion Energy Inc.,,53.81987,-113.85883
F10154,Unknown,,GP,,,,,53.04881,-113.9239
F10347,Unknown,,GP,,,,,53.04887,-115.07754
F10587,Unknown,,GP,,,,,53.16336,-111.4157
F10656,Unknown,,GP,,,,,53.16136,-114.20602
F1075,Unknown,,GP,,,,,53.48488,-115.60766
F11440,Unknown,,GP,,,,,53.24876,-115.38801
F11503,Unknown,,GP,,,,,53.20871,-116.80792
F11719,Unknown,,GP,,,,,53.29255,-115.21132
F12192,Unknown,,GP,,,,,53.52123,-116.4921
F12196,Unknown,,GP,,,,,53.47746,-117.02635
F12453,Unknown,,GP,,,,,53.65203,-116.09918
F12763,Unknown,,GP,,,,,53.74278,-114.41355
F13681,Unknown,,GP,,,,,54.22681,-118.30331
F14143,Unknown,,GP,,,,,54.55408,-115.66133
F14148,Unknown,,GP,,,,,54.57231,-115.52295
F15561,Unknown,,GP,,,,,55.47783,-119.06383
F15562,Unknown,,GP,,,,,55.47783,-119.05714
F15818,Unknown,,GP,,,,,55.61599,-117.36081
F1585,Abandoned,,GP,,,,,50.28268,-110.14516
F16239,Unknown,,GP,,,,,55.77222,-119.30289
F16248,Unknown,,GP,,,,,55.72514,-119.40624
F16616,Unknown,,GP,,,,,55.96529,-119.96763
F17063,Unknown,,GP,,,,,56.33921,-119.85616
F17656,Operating,,GP,,,,,57.30294,-114.97319
F17768,Unknown,,GP,,,,,57.87709,-119.73392
F18647,Unknown,,GP,,,,,59.5926,-117.18895
F1910,Unknown,,GP,,,,,50.31902,-111.51375
F20262,Unknown,,GP,,,,,53.38654,-115.60774
F20554,Unknown,,GP,,,,,55.22672,-114.49243
F21213,Unknown,,GP,,,,,53.38654,-115.60774
F21349,Unknown,,GP,,,,,52.574,-113.45036
F21521,Unknown,,GP,,,,,52.28452,-114.9924
F21708,Unknown,,GP,,,,,56.93206,-115.25311
F21809,Unknown,,GP,,,,,50.99965,-112.46135
F21978,Operating,,GP,,,,,50.90169,-110.48071
F21988,Operating,,GP,,,,,50.88676,-110.38826
F22204,Abandoned,,GP,,,,,55.81902,-110.80477
F22293,Unknown,,GP,,,,,51.48342,-113.2955
F22391,Unknown,,GP,,,,,52.14626,-115.33134
F22473,Operating,,GP,,,,,55.62683,-119.02488
F22636,Unknown,,GP,,,,,55.87765,-114.03131
F22646,Unknown,,GP,,,,,58.10967,-118.11463
F22649,Unknown,,GP,,,,,58.10967,-118.11463
F22753,Unknown,,GP,,,,,56.23351,-113.88729
F23308,Unknown,,GP,,,,,51.26505,-113.19982
F23325,Unknown,,GP,,,,,57.6661,-111.56168
F23365,Unknown,,GP,,,,,54.10314,-114.29243
F23426,Unknown,,GP,,,,,53.45977,-111.78052
F23641,Unknown,,GP,,,,,52.49599,-114.98817
F23715,Abandoned,,GP,,,,,52.03209,-112.16255
F23758,Abandoned,,GP,,,,,54.34304,-113.50986
F25129,Abandoned,,GP,,,,,50.63239,-111.02323
F25270,Abandoned,,GP,,,,,54.17943,-117.29179
F25751,Unknown,,GP,,,,,58.68335,-118.67292
F25762,Abandoned,,GP,,,,,57.17536,-119.98282
F26055,Unknown,,GP,,,,,51.11608,-112.78118
F26094,Unknown,,GP,,,,,54.51414,-115.50398
F26215,Unknown,,GP,,,,,51.87679,-114.81366
F26605,Unknown,,GP,,,,,56.13983,-119.58897
F26916,Abandoned,,GP,,,,,58.62517,-118.35619
F27398,Unknown,,GP,,,,,51.51621,-111.22688
F27499,Unknown,,GP,,,,,54.28143,-116.16084
F28030,Unknown,,GP,,,,,50.70135,-111.55396
F2819,Unknown,,GP,,,,,50.7412,-112.5407
F28630,Operating,,GP,,,,,52.88882,-111.0229
F28885,Unknown,,GP,,,,,50.75568,-111.54806
F29476,Operating,,GP,,,,,51.95636,-111.84459
F30364,Unknown,,GP,,,,,50.64675,-113.77029
F31447,Unknown,,GP,,,,,50.68288,-110.03105
F32021,Operating,,GP,,,,,55.0415,-119.63099
F32236,Unknown,,GP,,,,,54.41616,-119.35651
F33103,Unknown,,GP,,,,,54.93237,-119.23054
F33308,Unknown,,GP,,,,,51.8255,-110.94687
F33770,Unknown,,GP,,,,,54.05219,-114.10438
F33788,Abandoned,,GP,,,,,52.46858,-111.0095
F34295,Operating,,GP,,,,,51.23969,-111.56019
F34651,Unknown,,GP,,,,,54.40494,-113.92838
F34660,Unknown,,GP,,,,,54.40494,-113.92838
F34667,Abandoned,,GP,,,,,54.31031,-115.09841
F34775,Unknown,,GP,,,,,52.63221,-113.67215
F35633,Operating,,GP,,,,,56.21939,-116.24475
F3576,Unknown,,GP,,,,,51.13772,-114.58008
F35792,Unknown,,GP,,,,,51.95315,-113.98806
F36067,Unknown,,GP,,,,,53.76138,-113.14575
F36770,Unknown,,GP,,,,,56.48206,-117.96313
F36921,Unknown,,GP,,,,,53.77239,-113.13351
F37475,Unknown,,GP,,,,,54.60152,-117.57753
F3803,Unknown,,GP,,,,,51.05416,-111.68821
F38601,Operating,,GP,,,,,56.92484,-115.90367
F38618,Unknown,,GP,,,,,57.35724,-119.46699
F38695,Unknown,,GP,,,,,52.54131,-113.66634
F38961,Unknown,,GP,,,,,54.53626,-117.11706
F39494,Unknown,,GP,,,,,56.47357,-119.72428
F39544,Unknown,,GP,,,,,52.35401,-114.62232
F39978,Unknown,,GP,,,,,55.51408,-116.99857
F40715,Unknown,,GP,,,,,52.12298,-110.57333
F41364,Abandoned,,GP,,,,,53.65601,-113.56257
F41472,Unknown,,GP,,,,,50.59204,-111.48986
F42647,Unknown,,GP,,,,,53.66295,-117.08767
F4277,Unknown,,GP,,,,,51.62229,-114.48303
F44349,Unknown,,GP,,,,,54.36505,-118.75311
F44452,Unknown,,GP,,,,,53.17603,-115.76002
F44540,Unknown,,GP,,,,,51.14495,-114.58006
F45791,Unknown,,GP,,,,,52.32861,-115.04806
F46093,Unknown,,GP,,,,,53.81983,-113.13378
F4696,Unknown,,GP,,,,,51.95642,-112.52374
F48440,Unknown,,GP,,,,,54.44898,-118.74587
F48558,Unknown,,GP,,,,,55.6088,-119.3414
F48869,Unknown,,GP,,,,,54.41224,-117.13572
F48977,Unknown,,GP,,,,,54.39772,-116.94194
F49125,Unknown,,GP,,,,,54.64154,-118.38736
F49491,Unknown,,GP,,,,,52.7797,-115.75734
F49927,Unknown,,GP,,,,,50.88706,-113.40114
F50344,Unknown,,GP,,,,,51.97042,-110.62712
F50809,Unknown,,GP,,,,,54.35038,-116.87961
F50893,Unknown,,GP,,,,,53.55034,-113.73492
F51046,Unknown,,GP,,,,,55.06338,-119.19232
F5138,Unknown,,GP,,,,,52.05156,-114.42112
F51486,Unknown,,GP,,,,,54.41621,-119.02286
F51503,Unknown,,GP,,,,,54.78331,-118.88073
F51712,Unknown,,GP,,,,,54.88528,-119.31924
F52071,Unknown,,GP,,,,,55.97888,-111.97298
F52081,Unknown,,GP,,,,,55.46999,-113.82571
F52084,Unknown,,GP,,,,,53.82712,-113.12119
F52217,Unknown,,GP,,,,,50.67599,-113.44719
F52228,Unknown,,GP,,,,,49.96959,-110.47401
F52235,Unknown,,GP,,,,,55.28504,-119.30443
F5659,Unknown,,GP,,,,,52.06999,-114.55807
F6011,Operating,,GP,,,,,52.14487,-111.75189
F7444,Unknown,,GP,,,,,52.32115,-115.57545
F8929,Unknown,,GP,,,,,52.64728,-111.28563
F8965,Unknown,,GP,,,,,52.62149,-112.20891
F9688,Unknown,,GP,,,,,52.87437,-113.62292
BCGP0000160,Active,AITKEN GAS AITKENCREEK D-044-L/094-A-13 002,GP,Aitken Creek Gas Storage,Aitken Creek Gas Storage Ulc,100.0% - Aitken Creek Gas Storage Ulc,1987-01-01,56.95407,-121.92022
BCGP0000298,Active,CNRL ALCES 08-34-083-15 001,GP,Alces,Canadian Natural Resources Limited,100.0% - Canadian Natural Resources Limited,1989-04-01,56.2373,-120.27111
BCGP0000303,Active,PACIFIC TUMBLER RIDGE A-074-G/093-I-15 003,GP,Tumbler Ridge,Pacific Northern Gas (N.E.) Ltd.,100.0% - Pacific Northern Gas (N.E.) Ltd.,1989-04-01,54.89578,-120.67018
BCGP0000317,Active,CANLIN PARKLAND 06-29-081-15 004,GP,Parkland Plant 1 & 2,Canlin Energy Corporation,100.0% - Canlin Energy Corporation,1989-04-01,56.04887,-120.3134
BCGP0000322,Cancelled,WESTCOAST SIKANNI B-041-I/094-G-03 001,GP,Sikanni,Westcoast Energy Inc.,100.0% - Westcoast Energy Inc.,,57.20406,-123.00773
BCGP0000437,Cancelled,WESTCOAST FORT NELSON B-084-G/094-J-10 001,GP,Fort Nelson,Westcoast Energy Inc.,100.0% - Westcoast Energy Inc.,,58.65403,-122.67023
BCGP0000438,Discontinued,PETRONAS MASON A-030-G/094-G-07 001,GP,Mason,Petronas Energy Canada Ltd.,100.0% - Petronas Energy Canada Ltd.,1989-04-01,57.35406,-122.74523
BCGP0000439,Cancelled,WESTCOAST MCMAHON 15-25-082-18 001,GP,McMahon,Westcoast Energy Inc.,100.0% - Westcoast Energy Inc.,,56.1434,-120.67217
BCGP0000440,Discontinued,CANLIN BOUNDARYLAKE 13-10-085-14 001,GP,Boundary,Canlin Energy Corporation,100.0% - Canlin Energy Corporation,1989-04-01,56.36084,-120.13294
BCGP0000442,Active,SUKUNKA PINE RIVER C-085-D/093-P-12 001,GP,Pine River,Sukunka Natural Resources Inc.,100.0% - Sukunka Natural Resources Inc.,1989-04-01,55.57077,-121.93273
BCGP0000445,Active,WHITECAP BOUNDARYLAKE 07-02-085-14 002,GP,Boundary Lake,Whitecap Resources Inc.,100.0% - Whitecap Resources Inc.,1989-04-01,56.33902,-120.09341
BCGP0000457,Discontinued,CVE ENERGY BRASSEY D-013-F/093-P-10 003,GP,Brassey,Cenovus Energy Inc.,100.0% - Cenovus Energy Inc.,1989-04-01,55.59578,-120.7827
BCGP0000464,Active,CNRL CYPRESS B-099-C/094-B-16 002,GP,Cypress,Canadian Natural Resources Limited,100.0% - Canadian Natural Resources Limited,1989-04-01,56.82907,-122.35771
BCGP0000465,Suspended,CANLIN BOUNDARYLAKE 11-24-084-15 001,GP,Boundary Lake Sweet Gas Plant,Canlin Energy Corporation,100.0% - Canlin Energy Corporation,1989-04-01,56.2991,-120.23166
BCGP0000558,Discontinued,NRM HOLD LTD BUCKINGHORSE A-081-H/094-G-06 002,GP,Buchinghorse,Northriver Midstream Energy Holdings Limited,100.0% - Northriver Midstream Energy Holdings Limited,1989-11-01,57.40405,-123.00774
BCGP0000559,Cancelled,WESTCOAST AITKENCREEK D-044-L/094-A-13 005,GP,Aitken Creek Gas Storage,Westcoast Energy Inc.,100.0% - Westcoast Energy Inc.,,56.95407,-121.92022
BCGP0000730,Active,CANLIN BOUNDARYLAKE 14-24-084-15 003,GP,Boundary Lake Sour Gas Plant,Canlin Energy Corporation,62.5% - Canlin Energy Corporation,1991-08-01,56.30274,-120.23166
BCGP0000740,Active,CNRL RING C-081-I/094-H-09 002,GP,Ring Border Main,Canadian Natural Resources Limited,69.7% - Canadian Natural Resources Limited; 30.3% - Conocophillips Canada Operations Ulc,1991-10-01,57.73748,-120.00774
BCGP0000921,Active,CNRL RING C-081-I/094-H-09 003,GP,,Canadian Natural Resources Limited,,1991-10-01,57.73748,-120.00774
BCGP0000932,Active,PENGL FORT ST JOHN 01-36-082-18 002,GP,Younger Extraction Plant,1195714 Alberta Ltd.,100.0% - 1195714 Alberta Ltd.,1989-04-01,56.14703,-120.66564
BCGP0001243,Active,WESTCOAST DRY GAS 06-07-080-13 001,GP,Wei,Westcoast Energy Inc.,100.0% - Westcoast Energy Inc.,1993-06-01,55.91795,-120.02632
BCGP0001279,Discontinued,KEYERA BOUGIE D-031-F/094-G-15 001,GP,Bougie,Keyera Energy Ltd.,100.0% - Keyera Energy Ltd.,1994-03-01,57.86238,-122.75776
BCGP0001593,Cancelled, STAR PINE 07-06-077-25 003,GP,Star Pine,Domcan,100.0% - Domcan,,55.64142,-121.86434
BCGP0001647,Active,TOURMALINE MARTIN B-002-E/094-H-06 003,GP,Martin Creek,Tourmaline Oil Corp.,100.0% - Tourmaline Oil Corp.,1995-02-01,57.3374,-121.39521
BCGP0001692,Discontinued,CNRL KAHNTAHRIVER C-053-D/094-I-02 003,GP,Kahntah,Canadian Natural Resources Limited,100.0% - Canadian Natural Resources Limited,1995-03-15,58.04574,-120.90764
BCGP0001726,Cancelled,OBSIDIAN PARKLAND 06-29-081-15 002,GP,Interaction Parkland,Obsidian Energy Ltd.,100.0% - Obsidian Energy Ltd.,,56.04887,-120.3134
BCGP0002153,Active,CNRL PEGGO D-083-C/094-P-08 004,GP,Peggo,Canadian Natural Resources Limited,100.0% - Canadian Natural Resources Limited,1996-04-30,59.32087,-120.28275
BCGP0002267,Discontinued,NORTHRIVER JEDNEY B-088-J/094-G-01 005,GP,Jedney Phase 1,Northriver Midstream Inc.,100.0% - Northriver Midstream Inc.,1996-12-01,57.2374,-122.22023
BCGP0002268,Cancelled,PARA (ACL) HAMBURG C-032-H/094-H-08 003,GP,Hamburg,Paramount Resources Ltd.,100.0% - Paramount Resources Ltd.,,57.36244,-120.02026
BCGP0002411,Suspended,KEYERA CARIBOU C-004-G/094-G-07 003,GP,Caribou,Keyera Energy Ltd.,100.0% - Keyera Energy Ltd.,1997-04-24,57.33739,-122.67024
BCGP0002435,Active,NORTHRIVER JEDNEY B-088-J/094-G-01 007,GP,Jedney Phase 2,Northriver Midstream Inc.,100.0% - Northriver Midstream Inc.,1997-07-15,57.2374,-122.22023
BCGP0002436,Active,NORTHRIVER HIGHWAY B-036-I/094-B-16 002,GP,Highway,Northriver Midstream Inc.,100.0% - Northriver Midstream Inc.,1997-07-23,56.94573,-122.07022
BCGP0002438,Active,CNRL TOOGA B-031-I/094-P-02 001,GP,Tooga,Canadian Natural Resources Limited,100.0% - Canadian Natural Resources Limited,1997-04-01,59.19585,-120.50775
BCGP0002766,Active,CNRL RING A-049-B/094-H-16 005,GP,Ring Border Slave Point,Canadian Natural Resources Limited,100.0% - Canadian Natural Resources Limited,1998-02-01,57.7874,-120.23265
BCGP0002787,Cancelled,NOVAGAS TAYLOR 10-36-082-18 001,GP,Taylor,Novagas Canada Ltd.,100.0% - Novagas Canada Ltd.,,56.15425,-120.67218
BCGP0002889,Suspended,TAQA NORTH CHINCHAGARIVER C-032-H/094-H-08 007,GP,Chinchaga,Taqa North Ltd.,100.0% - Taqa North Ltd.,1998-04-01,57.36244,-120.02026
BCGP0002917,Active,ERIKSON HELMET D-075-A/094-P-11 003,GP,Wildboy,Erikson National Energy Inc.,100.0% - Erikson National Energy Inc.,1998-03-18,59.56249,-121.05783
BCGP0003164,Active,CNRL STODDART 02-34-087-21 001,GP,Stoddart West,Canadian Natural Resources Limited,100.0% - Canadian Natural Resources Limited,1998-10-30,56.58337,-121.25594
BCGP0003479,Active,SHELL SUNSETPRAIRIE 05-03-081-18 002,GP,Sunset,Shell Canada Limited,100.0% - Shell Canada Limited,1999-03-23,55.9907,-120.73743
BCGP0003548,Suspended,ECOG MAXHAMISHLAKE D-036-I/094-O-14 001,GP,Maxhamish,Eog Canada Oil & Gas Inc.,100.0% - Eog Canada Oil & Gas Inc.,2000-04-22,59.94585,-123.07038
BCGP0003738,Active,SEC SIERRA A-026-K/094-I-11 002,GP,Sierra,Shanghai Energy Corporation,100.0% - Shanghai Energy Corporation,1999-10-07,58.68745,-121.32021
BCGP0004070,Active,CNRL LADYFERN B-017-I/094-H-01 002,GP,Ladyfern,Canadian Natural Resources Limited,,2000-04-19,57.17911,-120.08277
BCGP0004556,Suspended,CNRL RING C-081-I/094-H-09 008,GP,South Ring Border,Canadian Natural Resources Limited,100.0% - Canadian Natural Resources Limited,2001-05-01,57.73748,-120.00774
BCGP0004576,Active,CNRL LADYFERN B-047-H/094-H-01 001,GP,Ladyfern,Canadian Natural Resources Limited,,2001-05-17,57.12077,-120.08277
BCGP0004579,Cancelled,PETRONAS CLARKELAKE A-076-G/094-J-10 001,GP,Clarke,Petronas Energy Canada Ltd.,100.0% - Petronas Energy Canada Ltd.,,58.6457,-122.69524
BCGP0007158,Discontinued,TIDEWATER POCKETKNIFE B-032-I/094-G-06 002,GP,Pocketknife,Tidewater Midstream And Infrastructure Ltd.,100.0% - Tidewater Midstream And Infrastructure Ltd.,2001-01-01,57.44572,-123.02024
BCGP0007192,Cancelled,WESTCOAST PATRY D-057-G/093-P-05 001,GP,Patry,Westcoast Energy Inc.,100.0% - Westcoast Energy Inc.,,55.3791,-121.70773
BCGP0007193,Cancelled,WESTCOAST CABIN A-030-A/094-P-05 001,GP,Cabin,Westcoast Energy Inc.,100.0% - Westcoast Energy Inc.,,59.27079,-121.6203
BCGP0007286,Active,SHELL GROUNDBIRCH 04-15-080-19 001,GP,Groundbirch,Shell Canada Limited,100.0% - Shell Canada Limited,2003-10-01,55.92888,-120.89399
BCGP0007309,Active,SEC ELLEH A-019-F/094-I-12 001,GP,,Shanghai Energy Corporation,,2004-06-01,58.59575,-121.8577
BCGP0007346,Suspended,SUKUNKA KWOEN D-057-G/093-P-05 002,GP,Kwoen Sour Gas Upgrader,Sukunka Natural Resources Inc.,100.0% - Sukunka Natural Resources Inc.,2002-09-01,55.3791,-121.70773
BCGP0007354,Cancelled,OBSIDIAN CYPRESS B-075-F/094-B-15 001,GP,Cypress,Obsidian Energy Ltd.,100.0% - Obsidian Energy Ltd.,,56.89573,-122.80774
BCGP0007362,Active,WHITECAP BOUNDARYLAKE 02-25-085-14 005,GP,Chinook Boundary,Whitecap Resources Inc.,100.0% - Whitecap Resources Inc.,2004-09-01,56.3936,-120.06696
BCGP0007383,Discontinued,CVE ENERGY BRASSEY D-013-F/093-P-10 004,GP,Brassey,Cenovus Energy Inc.,100.0% - Cenovus Energy Inc.,2004-10-28,55.59578,-120.7827
BCGP0007435,Active,HUSKY FIRE CREEK B-099-H/094-I-08 003,GP,Fire Creek,Husky Oil Operations Limited,100.0% - Husky Oil Operations Limited,2005-04-16,58.41245,-120.10762
BCGP0007442,Active,ALTAGAS BLAIR D-058-F/094-B-16 003,GP,Blair,Altagas Ltd.,100.0% - Altagas Ltd.,2005-10-01,56.87907,-122.34521
BCGP0007463,Active,SHELL BRASSEY 07-34-077-19 001,GP,Brassey,Shell Canada Limited,100.0% - Shell Canada Limited,2006-05-01,55.71409,-120.85513
BCGP0007466,Active,VMGPI CUTBANK C-064-A/093-P-08 002,GP,Steeprock,Veresen Midstream General Partner Inc.,100.0% - Veresen Midstream General Partner Inc.,2006-10-01,55.30412,-120.04516
BCGP0007472,Active,HARVEST SHEKILIE B-046-A/094-I-16 002,GP,Shekilie,Harvest Operations Corp.,50.0% - Enerplus Resources Corporation; 50.0% - Harvest Operations Corp.,2006-05-01,58.78754,-120.07023
BCGP0007473,Active,HARVEST SHEKILIE B-024-A/094-I-16 003,GP,Shekilie,Harvest Operations Corp.,50.0% - Enermark Inc.; 50.0% - Harvest Operations Corp.,2006-01-24,58.77087,-120.04523
BCGP0007633,Active,HARVEST HAYRIVER B-076-H/094-I-09 004,GP,Hay River,Harvest Operations Corp.,100.0% - Harvest Operations Corp.,2008-02-01,58.64585,-120.0702
BCGP0007652,Active,NORTHRIVER DOE 02-25-080-15 001,GP,West Doe,Northriver Midstream Inc.,100.0% - Northriver Midstream Inc.,2007-08-01,55.95796,-120.20245
BCGP0007676,Active,NRM GP TUPPER CREEK A-021-B/093-P-09 001,GP,Tupper Main,Northriver Midstream G And P Canada Inc.,100.0% - Northriver Midstream G And P Canada Inc.,2008-12-23,55.52079,-120.13267
BCGP0007702,Discontinued,CE PORTAGE C-004-A/094-B-01 001,GP,HHG Portage,Canada Energy Partners Inc.,100.0% - Canada Energy Partners Inc.,2008-12-31,56.00412,-122.04528
BCGP0007717,Suspended,CSRI FARRELL CREEK C-093-H/094-B-01 001,GP,Farrell Creek,Canadian Spirit Resources Inc.,100.0% - Canadian Spirit Resources Inc.,2009-06-01,56.16244,-122.03276
BCGP0007727,Active,SHELL GROUNDBIRCH 04-15-080-19 003,GP,Ground Birch 2,Shell Canada Limited,100.0% - Shell Canada Limited,2009-01-29,55.92888,-120.89399
BCGP0007743,Active,ARCRES PARKLAND 03-09-081-16 002,GP,Parkland,Arc Resources Ltd.,100.0% - Arc Resources Ltd.,2009-01-01,56.00161,-120.44386
BCGP0007776,Active,CREW SEPTIMUS 12-27-081-18 001,GP,Septimus,Crew Energy Inc.,100.0% - Crew Energy Inc.,2009-09-25,56.05252,-120.73743
BCGP0007778,Active,PETRONAS FARRELLCREEKWEST B-088-I/094-B-01 001,GP,Farell Creek,Petronas Energy Canada Ltd.,50.0% - Petronas Energy Canada Ltd.; 50.0% - Sasol Canada,2009-11-01,56.23743,-122.09526
BCGP0007795,Active,STRATHCONA GROUNDBIRCH 06-19-080-20 001,GP,Groundbirch,Strathcona Resources Ltd.,100.0% - Strathcona Resources Ltd.,2010-10-18,55.94705,-121.12231
BCGP0007806,Active,CNRL SEPTIMUS 08-22-081-19 001,GP,Septimus,Canadian Natural Resources Limited,100.0% - Canadian Natural Resources Limited,2010-11-01,56.03433,-120.87441
BCGP0007808,Active,NRM GP TUPPER CREEK 05-01-077-17 001,GP,Tupper West,Northriver Midstream G And P Canada Inc.,100.0% - Northriver Midstream G And P Canada Inc.,2011-02-21,55.64135,-120.50578
BCGP0007810,Active,SHELL GROUNDBIRCH 04-15-080-19 004,GP,Montney,Shell Canada Limited,100.0% - Shell Canada Limited,2011-04-01,55.92888,-120.89399
BCGP0007812,Active,NRM GP CABIN D-076-J/094-P-04 002,GP,Cabin Lake,Northriver Midstream G And P Canada Inc.,100.0% - Northriver Midstream G And P Canada Inc.,2013-04-23,59.22911,-121.69529
BCGP0007819,Active,TOURMALINE SUNRISE 03-18-080-17 001,GP,Sunrise,Tourmaline Oil Corp.,100.0% - Tourmaline Oil Corp.,2010-08-01,55.92887,-120.65261
BCGP0007830,Cancelled,PARA (ACL) KOMIE B-017-I/094-P-04 004,GP,Komie,Paramount Resources Ltd.,100.0% - Paramount Resources Ltd.,,59.17912,-121.58278
BCGP0007834,Active,PACIFIC CANBRIAM ALTARES B-024-H/094-B-08 001,GP,Altares,Pacific Canbriam Energy Limited,,2011-04-01,56.3541,-122.04526
BCGP0007854,Cancelled,SHELL MONIAS 07-14-078-22 001,GP,Monias,Shell Canada Limited,100.0% - Shell Canada Limited,,55.75775,-121.29508
BCGP0007858,Active,ARCRES SUNRISE 13-36-078-18 001,GP,Sunrise,Arc Resources Ltd.,100.0% - Arc Resources Ltd.,2015-07-14,55.8088,-120.66106
BCGP0007868,Active,SHELL SATURN 03-28-080-20 001,GP,Saturn,Shell Canada Limited,100.0% - Shell Canada Limited,2013-08-21,55.95797,-121.07014
BCGP0007883,Cancelled,TERRA PINTAIL 15-22-084-25 001,GP,Pintail,Terra Energy Corp.,100.0% - Terra Energy Corp.,,56.30278,-121.8586
BCGP0007896,To Be Constructed,SHELL SUNSET PRAIRIE 13-08-080-18 001,GP,Sunset,Shell Canada Limited,100.0% - Shell Canada Limited,,55.92524,-120.78964
BCGP0007925,Active,PETRONAS LILYLAKE A-029-J/094-G-02 001,GP,Lily,Petronas Energy Canada Ltd.,100.0% - Petronas Energy Canada Ltd.,2013-10-05,57.18739,-122.73273
BCGP0007932,Active,LEUCROTTA DOE 13-24-080-15 005,GP,Doe,Leucrotta Exploration Inc.,100.0% - Leucrotta Exploration Inc.,2013-09-04,55.95433,-120.2155
BCGP0007936,Active,TOURMALINE DOE 13-25-080-16 001,GP,West Doe,Tourmaline Oil Corp.,100.0% - Tourmaline Oil Corp.,2013-03-01,55.96887,-120.37206
BCGP0007966,Active,PETRONAS CARIBOU C-016-F/094-G-07 001,GP,Caribou,Petronas Energy Canada Ltd.,,2014-03-18,57.34572,-122.82023
BCGP0007974,Cancelled,NORTHRIVER SUNRISE 15-26-078-17 002,GP,,Northriver Midstream Inc.,,,55.79408,-120.51872
BCGP0008619,Active,CNRL NARRAWAY A-065-A/093-I-09 003,GP,Narraway ( West Pipeline ),Canadian Natural Resources Limited,100.0% - Canadian Natural Resources Limited,2008-09-01,54.55413,-120.05765
BCGP0008645,Cancelled,WESTCOAST DAWSONCREEK 11-26-078-17 001,GP,Dawson Processing Plant,Westcoast Energy Inc.,100.0% - Westcoast Energy Inc.,,55.79045,-120.52519
BCGP0008649,Cancelled,CNRL BLAIR A-079-B/094-B-16 001,GP,Blair Creek,Canadian Natural Resources Limited,100.0% - Canadian Natural Resources Limited,,56.8124,-122.23271
BCGP0008651,Active,PETRONAS ALTARES C-065-G/094-B-08 001,GP,Altares,Petronas Energy Canada Ltd.,100.0% - Petronas Energy Canada Ltd.,2012-11-14,56.38743,-122.18276
BCGP0009075,Active,GSENR MAXHAMISHLAKE A-060-I/094-O-11 003,GP,Maxhamish,Gs E&R Canada Inc.,100.0% - Gs E&R Canada Inc.,1999-03-09,59.71235,-123.12042
BCGP0009092,Suspended,TIDEWATER POCKETKNIFE A-059-L/094-G-07 002,GP,Pocketknife,Tidewater Midstream And Infrastructure Ltd.,100.0% - Tidewater Midstream And Infrastructure Ltd.,2001-12-09,57.46239,-122.98274
BCGP0009132,Suspended,SHELL SUNDOWN B-037-B/093-P-10 003,GP,Sundown,Shell Canada Limited,83.0% - Shell Canada Limited; 17.0% - Devon Canada Corporation,2004-10-07,55.52911,-120.7077
BCGP0017858,Active,TOURMALINE LAPRISE CREEK B-024-H/094-G-08 001,GP,Laprise Creek,Tourmaline Oil Corp.,,2014-01-02,57.35406,-122.04522
BCGP0017909,Active,PACIFIC CANBRIAM ALTARES B-072-A/094-B-08 001,GP,Altares,Pacific Canbriam Energy Limited,100.0% - Pacific Canbriam Energy Limited,2015-02-13,56.31244,-122.02025
BCGP0018016,Active,KANATA DAIBER A-054-C/094-B-16 001,GP,Daiber,Kanata Energy Group Ltd.,100.0% - Kanata Energy Group Ltd.,2015-01-09,56.79574,-122.29521
BCGP0018051,Active,OVV SUNRISE 04-26-078-17 001,GP,,Ovintiv Canada Ulc,,2017-09-05,55.78318,-120.53166
BCGP0018074,Active,CREW WILDER 10-14-082-20 001,GP,Wilder,Crew Energy Inc.,,2015-08-07,56.11068,-121.01141
BCGP0018136,Active,OVV TOWER LAKE 03-07-081-17 001,GP,,Ovintiv Canada Ulc,,2017-09-17,56.00159,-120.65261
BCGP0018229,Active,PETRONAS TOWN C-072-A/094-B-16 001,GP,Progress Town,Petronas Energy Canada Ltd.,,2019-11-24,56.8124,-122.02021
BCGP0018237,Active,BLACK SWAN AITKEN CREEK NORTH C-038-C/094-H-04 001,GP,Black Swan Aitken Creek,Black Swan Energy Ltd.,,2016-01-01,57.02907,-121.84521
BCGP0018246,Active,ALTAGAS HOLDINGS TOWNSEND A-033-J/094-B-09 002,GP,Townsend,Altagas Holdings Inc.,,2016-07-07,56.69574,-122.15772
BCGP0018260,Active,OVV SATURN 15-27-079-17 003,GP,Saturn,Ovintiv Canada Ulc,,2017-11-01,55.88162,-120.5678
BCGP0018270,Active,ARCRES DAWSON CREEK 13-07-080-14 002,GP,Arcres,Arc Resources Ltd.,,2017-06-14,55.92523,-120.1894
BCGP0018309,Active,PETRONAS TOWN B-089-J/094-B-16 001,GP,Town,Petronas Energy Canada Ltd.,,2020-11-29,56.9874,-122.23272
BCGP0024114,Active,ARCRES DOE 05-35-079-14 001,GP,,Arc Resources Ltd.,,2010-07-02,55.88889,-120.08504
BCGP0026223,Cancelled,PETRONAS JULIENNE CREEK C-042-H/094-G-02 001,GP,Julienne Creek,Petronas Energy Canada Ltd.,,,57.12073,-122.52023
BCGP0026229,Active,TOURMALINE DOE 02-11-080-16 001,GP,TOURMALINE DOE 02-11-080-16 001,Tourmaline Oil Corp.,100.0% - Tourmaline Oil Corp.,2016-07-26,55.91433,-120.38512
BCGP0026427,Active,TOURMALINE GUNDY CREEK C-060-A/094-B-16 001,GP,,Tourmaline Oil Corp.,,2019-05-05,56.79574,-122.12021
BCGP0026623,Active,BLACK SWAN NIG CREEK C-046-C/094-H-04 001,GP,,Black Swan Energy Ltd.,,2019-09-04,57.03741,-121.82021
BCGP0026696,Active,COP INGA NORTH C-011-K/094-A-12 002,GP,,Conocophillips Canada Resources Corp.,,2019-08-13,56.67908,-121.75772
BCGP0026801,Active,SRL NIG CREEK B-048-G/094-H-04 001,GP,,Storm Resources Ltd.,,2020-02-19,57.12074,-121.72021
BCGP0026856,Active,COP INGA 02-10-088-23 002,GP,,Conocophillips Canada Resources Corp.,,2020-07-04,56.61245,-121.57505
BCGP0026937,New,ARCRES ATTACHIE 05-20-084-24 002,GP,,Arc Resources Ltd.,,,56.2955,-121.76635
BCGP0026943,Suspended,NORTHRIVER OPSGP SIKANNI B-041-I/094-G-03 006,GP,,Northriver Midstream Operations Gp Inc.,,1986-01-01,57.20406,-123.00773
BCGP0026945,Active,NORTHRIVER OPSGP FORT NELSON GP C-085-G/094-J-10 002,GP,,Northriver Midstream Operations Gp Inc.,,2000-01-01,58.65403,-122.68273
BCGP0026946,Active,NORTHRIVER OPSGP MCMAHON 15-25-082-18 002,GP,,Northriver Midstream Operations Gp Inc.,,1957-01-01,56.1434,-120.67217
BCGP0026947,Active,NORTHRIVER OPSGP AITKEN CREEK D-044-L/094-A-13 007,GP,,Northriver Midstream Operations Gp Inc.,,1996-01-01,56.95407,-121.92022
BCGP0026950,Suspended,NORTHRIVER OPSGP FORT NELSON NORTH B-047-I/094-P-04 001,GP,,Northriver Midstream Operations Gp Inc.,,2000-01-01,59.20412,-121.58278
BCGP0026951,Active,NORTHRIVER OPSGP DAWSONCREEK 11-26-078-17 003,GP,,Northriver Midstream Operations Gp Inc.,,2000-01-01,55.79045,-120.52519
NEB8039,Active,,GP,,Northriver Midstream Energy Limited,,,,
NEB8041,Active,,GP,,Northriver Midstream Energy Limited,,,,
BCNF0026230,Active,ALTAGAS HOLDINGS NORTH PINE 06-29-087-20 001,NF,,Altagas Holdings Inc.,,,56.57191,-121.15624
